==== rein.log session ====
00:58:09.364  [ReinBridge] stage: 正在准备启动
00:58:09.389  [ReinBridge] stage: 正在准备系统数据
00:58:09.389  [ReinBridge] running DarkSword chain off-main-thread
00:58:09.500  [ReinBridge] stage: 正在初始化 DarkSword
00:58:09.504  [ReinBridge] starting darksword
00:58:09.505  [ReinBridge] offsets: inpcb.icmp6filt=0x148 socket.usecount=0x254 socket.proto=0x20 protosw.input=0x28
00:58:09.505  [ReinBridge] device: iPhone13,4
00:58:09.505  [ReinBridge] ispac: yes
00:58:09.505  [ReinBridge] running on non-a18 device
00:58:09.506  [ReinBridge] read_fd: 0x8
00:58:09.506  [ReinBridge] write_fd: 0x9
00:58:09.506  [ReinBridge] executable_path:       /private/var/containers/Bundle/Application/61FB6892-50DB-4BBE-A5D5-9CBD942D2CE2/Rein.app/Rein
00:58:09.507  [ReinBridge] host_executable_path:  /private/var/containers/Bundle/Application/61FB6892-50DB-4BBE-A5D5-9CBD942D2CE2/Rein.app/Rein
00:58:09.507  [ReinBridge] guest_executable_name: Rein
00:58:09.507  [ReinBridge] host_executable_name:  Rein
00:58:09.507  [ReinBridge] kernel_process_name:   Rein
00:58:09.507  [ReinBridge] livecontainer_bundle:  no
00:58:09.507  [ReinBridge] livecontainer_guest:   no
00:58:09.507  [ReinBridge] rehosted_process:      no
00:58:09.507  [ReinBridge] process_marker 0: Rein
00:58:09.507  [ReinBridge] executable_name: Rein
00:58:09.507  [ReinBridge] free_thread_arg: 0x106dfc000
00:58:09.508  [ReinBridge] physical_mapping_address: 0x102ff4000
00:58:09.508  [ReinBridge] pc_object: 0x9203
00:58:09.508  [ReinBridge] pc_address: 0x4996ac000
00:58:09.646  [ReinBridge] spraying 22528 sockets...
00:58:09.914  [ReinBridge] socket_ports_count: 0x5800
00:58:09.914  [ReinBridge] start_pcb_id: 0xf1ff4
00:58:09.914  [ReinBridge] end_pcb_id: 0xfcff2
00:58:09.914  [ReinBridge] looking in search mapping: 0 / 8
00:58:12.326  [ReinBridge] matched PCB via process marker: Rein
00:58:12.327  [ReinBridge] pcb_start_offset: 0x0
00:58:12.327  [ReinBridge] target_inp_gencnt: 0xf5092
00:58:12.327  [ReinBridge] inp_list_next_pointer: 0xffffffede4040400
00:58:12.327  [ReinBridge] icmp6filter: 0xffffffeffee6c620
00:58:12.328  [ReinBridge] corrupting icmp6filter pointer...
00:58:12.329  [ReinBridge] corrupt attempt 0: write target=0xcb8248 value=0xffffffede4040548
00:58:12.332  [ReinBridge] corrupt attempt 0: write returned
00:58:12.385  [ReinBridge] corrupt attempt 0: read new_icmp6filter=0xffffffede4040548
00:58:12.385  [ReinBridge] target corrupted: 0xffffffede4040548
00:58:12.385  [ReinBridge] found control_socket at idx: 0x184f
00:58:12.417  [ReinBridge] highest_success_idx: 499
00:58:12.417  [ReinBridge] success_read_count: 173
00:58:12.417  [ReinBridge] walking kernel structures...
00:58:12.417  [ReinBridge] control_socket_pcb: 0xffffffede4040000
00:58:12.417  [ReinBridge] pcbinfo_pointer: 0xfffffff0240f3d80
00:58:12.417  [ReinBridge] ipi_zone: 0xfffffff02154f800
00:58:12.417  [ReinBridge] zv_name: 0xfffffff020b0f30b
00:58:12.418  [ReinBridge] searching for kernel mach-o header from 0xfffffff020b0c000...
00:58:12.418  [ReinBridge] candidate mach-o at 0xfffffff020aa0000: filetype=2 cpuinfo=0x2c0000002 (iter=27)
00:58:12.418  [ReinBridge] candidate mach-o at 0xfffffff020a98000: filetype=12 cpuinfo=0xc00000002 (iter=29)
00:58:12.418  [ReinBridge] found mh_fileset header at 0xfffffff020a98000
00:58:12.418  [ReinBridge] t1sz_boot: 0xffffffffffffffff
00:58:12.418  [ReinBridge] kernel_base:  0xfffffff020a98000
00:58:12.418  [ReinBridge] kernel_slide: 0x19a94000
00:58:12.418  [ReinBridge] krw leak: control_socket_pcb=0xffffffede4040000 rw_socket_pcb=0xffffffede4040400
00:58:12.418  [ReinBridge] krw leak: control_socket_addr=0xffffffeec9cd4500 rw_socket_addr=0xffffffeec9cd48d8
00:58:12.418  [ReinBridge] krw leak: control_socket_so_count=0x1 rw_socket_so_count=0x2
00:58:12.419  [ReinBridge] kernel r/w is ready!
00:58:12.419  [ReinBridge] our_proc: 0xffffffec1879d240
00:58:12.420  [ReinBridge] our_task: 0xffffffec1879d980
00:58:12.420  [ReinBridge] stage: DarkSword 初始化完成
00:58:12.420  [ReinBridge] DarkSword ready
00:58:12.420  [ReinBridge] stage: DarkSword 内核就绪
00:58:13.515  [ReinBridge] stage: 正在定位 SpringBoard
00:58:13.518  [ReinBridge] SpringBoard proc=0xffffffec18d9b248 self=0xffffffec1879d240 — starting RemoteCall
00:58:13.518  [ReinBridge] stage: 正在连接 SpringBoard
00:58:13.519  [RemoteCall] (rc) RemoteCall init [20260907-l] process=SpringBoard
00:58:13.532  [RemoteCall] (exc) excport=0x9507 qlimit set kr=0, readback kr=0 qlimit=1024 [20260907-k]
00:58:13.532  [RemoteCall] (exc) excport=0x56f007 qlimit set kr=0, readback kr=0 qlimit=1024 [20260907-k]
00:58:15.293  [RemoteCall] (exc) excport=0x58f00f qlimit set kr=0, readback kr=0 qlimit=1024 [20260907-k]
00:58:15.294  [RemoteCall] (exc) excport=0x58f107 qlimit set kr=0, readback kr=0 qlimit=1024 [20260907-k]
00:58:15.296  [RemoteCall] exc-port probe calibration FAILED (port 0xffffffede539b700 not found in thread structs) ‚Äî verification disabled
00:58:15.723  [ReinBridge] stage: RemoteCall 已连接
00:58:15.723  [ReinBridge] RemoteCall active (SpringBoard pid=1391)
00:58:17.570  [ReinBridge] stage: 游戏进程已找到（pid 1628）
00:58:19.072  [PE] === start (build 20260907-l, probe fix + capsule z + w2s diag) ===（Console.app 过滤 subsystem: com.rein.peaceesp）
00:58:19.074  [PE] page_size=16384 shift=14
00:58:19.075  [PE] 内核基址=0xfffffff020a98000 VM_MIN_KERNEL_ADDRESS=0xffffffdc00000000 VM_MAX_KERNEL_ADDRESS=0xfffffffbffffffff
00:58:19.076  [PE] proc=0xffffffec18783248
00:58:19.076  [PE] vm_map=0xffffffeae6552b60 (off_task_map=0x28)
00:58:19.078  [PE] vm_map 窗口内候选条目 64 个
00:58:19.078  [PE]   entry[0] [0x100984000,0x103f60000) size=55152KB
00:58:19.078  [PE]   entry[1] [0x103f60000,0x103f64000) size=16KB
00:58:19.078  [PE]   entry[2] [0x103f64000,0x10e6c4000) size=171392KB
00:58:19.079  [PE]   entry[3] [0x10e6c4000,0x10e6cc000) size=32KB
00:58:19.079  [PE]   entry[4] [0x10e6cc000,0x111a2c000) size=52608KB
00:58:19.079  [PE]   entry[5] [0x111a2c000,0x112a64000) size=16608KB
00:58:19.079  [PE]   entry[6] [0x112a64000,0x11365c000) size=12256KB
00:58:19.079  [PE]   entry[7] [0x11365c000,0x113828000) size=1840KB
00:58:19.079  [PE]   entry[8] [0x113828000,0x113830000) size=32KB
00:58:19.080  [PE]   entry[9] [0x113830000,0x113834000) size=16KB
00:58:19.080  [PE]   entry[10] [0x113834000,0x113840000) size=48KB
00:58:19.080  [PE]   entry[11] [0x113840000,0x113858000) size=96KB
00:58:19.080  [PE]   entry[12] [0x113858000,0x11385c000) size=16KB
00:58:19.080  [PE]   entry[13] [0x11385c000,0x1138a0000) size=272KB
00:58:19.081  [PE]   entry[14] [0x1138a0000,0x1138ac000) size=48KB
00:58:19.081  [PE]   entry[15] [0x1138ac000,0x1138b0000) size=16KB
00:58:19.081  [PE]   entry[16] [0x1138b0000,0x1138cc000) size=112KB
00:58:19.081  [PE]   entry[17] [0x1138cc000,0x1138d8000) size=48KB
00:58:19.081  [PE]   entry[18] [0x1138d8000,0x1138dc000) size=16KB
00:58:19.082  [PE]   entry[19] [0x1138dc000,0x1138ec000) size=64KB
00:58:19.082  [PE]   entry[20] [0x1138ec000,0x1138f8000) size=48KB
00:58:19.082  [PE]   entry[21] [0x1138f8000,0x1138fc000) size=16KB
00:58:19.082  [PE]   entry[22] [0x1138fc000,0x113914000) size=96KB
00:58:19.082  [PE]   entry[23] [0x113914000,0x1139b0000) size=624KB
00:58:19.082  [PE]   entry[24] [0x1139b0000,0x1139b8000) size=32KB
00:58:19.083  [PE]   entry[25] [0x1139b8000,0x1139c0000) size=32KB
00:58:19.083  [PE]   entry[26] [0x1139c0000,0x1139e4000) size=144KB
00:58:19.083  [PE]   entry[27] [0x1139e4000,0x113a4c000) size=416KB
00:58:19.083  [PE]   entry[28] [0x113a4c000,0x113b44000) size=992KB
00:58:19.083  [PE]   entry[29] [0x113b44000,0x113b48000) size=16KB
00:58:19.084  [PE]   entry[30] [0x113b48000,0x113b8c000) size=272KB
00:58:19.084  [PE]   entry[31] [0x113b8c000,0x113c3c000) size=704KB
00:58:19.084  [PE]   entry[32] [0x113c3c000,0x114fac000) size=19904KB
00:58:19.084  [PE]   entry[33] [0x114fac000,0x114fb0000) size=16KB
00:58:19.084  [PE]   entry[34] [0x114fb0000,0x115030000) size=512KB
00:58:19.084  [PE]   entry[35] [0x115030000,0x11503c000) size=48KB
00:58:19.084  [PE]   entry[36] [0x11503c000,0x115108000) size=816KB
00:58:19.085  [PE]   entry[37] [0x115108000,0x1151b0000) size=672KB
00:58:19.085  [PE]   entry[38] [0x1151b0000,0x1151b4000) size=16KB
00:58:19.085  [PE]   entry[39] [0x1151b4000,0x1151c0000) size=48KB
00:58:19.085  [PE]   entry[40] [0x1151c0000,0x1152f0000) size=1216KB
00:58:19.085  [PE]   entry[41] [0x1152f0000,0x1155a4000) size=2768KB
00:58:19.086  [PE]   entry[42] [0x1155a4000,0x1155a8000) size=16KB
00:58:19.086  [PE]   entry[43] [0x1155a8000,0x1155c0000) size=96KB
00:58:19.086  [PE]   entry[44] [0x1155c0000,0x1155d0000) size=64KB
00:58:19.086  [PE]   entry[45] [0x1155d0000,0x1155f4000) size=144KB
00:58:19.086  [PE]   entry[46] [0x1155f4000,0x115974000) size=3584KB
00:58:19.086  [PE]   entry[47] [0x115974000,0x115978000) size=16KB
00:58:19.087  [PE]   entry[48] [0x115978000,0x115994000) size=112KB
00:58:19.087  [PE]   entry[49] [0x115994000,0x115c28000) size=2640KB
00:58:19.087  [PE]   entry[50] [0x115c28000,0x115cd0000) size=672KB
00:58:19.087  [PE]   entry[51] [0x115cd0000,0x115cd8000) size=32KB
00:58:19.087  [PE]   entry[52] [0x115cd8000,0x115cdc000) size=16KB
00:58:19.087  [PE]   entry[53] [0x115cdc000,0x115d2c000) size=320KB
00:58:19.088  [PE]   entry[54] [0x115d2c000,0x116040000) size=3152KB
00:58:19.088  [PE]   entry[55] [0x116040000,0x11608c000) size=304KB
00:58:19.088  [PE]   entry[56] [0x11608c000,0x116210000) size=1552KB
00:58:19.088  [PE]   entry[57] [0x116210000,0x1163e8000) size=1888KB
00:58:19.088  [PE]   entry[58] [0x1163e8000,0x116400000) size=96KB
00:58:19.089  [PE]   entry[59] [0x116400000,0x116410000) size=64KB
00:58:19.089  [PE]   entry[60] [0x116410000,0x116414000) size=16KB
00:58:19.089  [PE]   entry[61] [0x116414000,0x116420000) size=48KB
00:58:19.089  [PE]   entry[62] [0x116420000,0x1167a4000) size=3600KB
00:58:19.089  [PE]   entry[63] [0x1167a4000,0x1167a8000) size=16KB
00:58:19.151  [PE] base=0x100984000（entry [0x100984000,0x103f60000) size=55152KB；GWorld=0x17c4f1990 +0xc0=0x17e684000 双重校验通过）
00:58:19.151  [PE] GWorld=0x17c4f1990
00:58:19.151  [PE] screen 926x428（横屏；原始 bounds=926x428）
00:58:20.239  [PE] 持久化 invocation 360 个（label 随 box autoresize，运行期零对象创建/销毁）
00:58:20.243  [PE] overlay 926x428 60 slots
00:58:20.243  [PE] running
00:58:20.344  [PE] 自身坐标：pawn=0x127fc0000 loc=(355963.2, 467034.7, 2294.4) [Root+0x200]
00:58:20.354  [PE] 相机就绪：loc=(356138.3,466911.5,2440.7) rot=(-14.8,151.6,-0.0) fov=90.0 [POV@相机+0x650]
00:58:20.525  [PE] Actor坐标：0x139e792a0 -> (403200.0, 403200.0, 2000.0) [+0x200]
00:58:20.550  [PE] Actor坐标：0x139e7f240 -> (349673.2, 486852.3, 1000.0) [+0x200]
00:58:20.582  [PE] Actor坐标：0x139e7d260 -> (354920.6, 466226.8, 2085.2) [+0x200]
00:58:20.807  [PE] Actor坐标指针异常：actor=0x167337280 +0x260 -> 0x0
00:58:21.592  [ReinBridge] backgrounding: keepalive playing=1 preference=1 espRunning=1 -> keep session
00:58:25.121  [PE] 帧数据：敌人数=38 my=(355963,467035,2294) cam=(356138,466912,2441) rot=(-15,152,-0) fov=90（敌人数 0 且无报错 = Actor 过滤全灭，偏移可疑）
[PT] tick 0 enemies=38
00:58:25.122  [PE] 投影自检：中心=(463,214) 前方点->(463,214) 自身->(511,380)（前方点须≈中心；自身应在中下方——偏差方向告诉我即可修）
[PT] bx0 frame A 908,135 2x5
[PT] bx0 frame I
[PT] bx0 show A
[PT] nm0 text A BOT
[PT] nm0 text I
[PT] nm0 show A
[PT] ds0 text A 208m
[PT] ds0 text I
[PT] ds0 show A
[PT] bx1 frame A 672,114 8x21
[PT] bx1 frame I
[PT] bx1 show A
[PT] nm1 text A Player
[PT] nm1 text I
[PT] nm1 show A
[PT] ds1 text A 41m
[PT] ds1 text I
[PT] ds1 show A
[PT] bx2 frame A 652,113 8x20
[PT] bx2 frame I
[PT] bx2 show A
[PT] nm2 text A Player
[PT] nm2 text I
[PT] nm2 show A
[PT] ds2 text A 43m
[PT] ds2 text I
[PT] ds2 show A
[PT] bx3 frame A 617,111 7x19
[PT] bx3 frame I
[PT] bx3 show A
[PT] nm3 text A Player
[PT] nm3 text I
[PT] nm3 show A
[PT] ds3 text A 45m
[PT] ds3 text I
[PT] ds3 show A
[PT] bx4 frame A 617,109 7x17
[PT] bx4 frame I
[PT] bx4 show A
[PT] nm4 text A Player
[PT] nm4 text I
[PT] nm4 show A
[PT] ds4 text A 51m
[PT] ds4 text I
[PT] ds4 show A
[PT] bx5 frame A 685,159 40x100
[PT] bx5 frame I
[PT] bx5 show A
[PT] nm5 text A Player
[PT] nm5 text I
[PT] nm5 show A
[PT] ds5 text A 7m
[PT] ds5 text I
[PT] ds5 show A
[PT] bx6 frame A 559,77 3x6
[PT] bx6 frame I
[PT] bx6 show A
[PT] nm6 text A Player
[PT] nm6 text I
[PT] nm6 show A
[PT] ds6 text A 140m
[PT] ds6 text I
[PT] ds6 show A
[PT] bx7 frame A 591,76 3x7
[PT] bx7 frame I
[PT] bx7 show A
[PT] nm7 text A Player
[PT] nm7 text I
[PT] nm7 show A
[PT] ds7 text A 131m
[PT] ds7 text I
[PT] ds7 show A
[PT] bx8 frame A 434,122 8x20
[PT] bx8 frame I
[PT] bx8 show A
[PT] nm8 text A Player
[PT] nm8 text I
[PT] nm8 show A
[PT] ds8 text A 39m
[PT] ds8 text I
[PT] ds8 show A
[PT] bx9 frame A 31,9 3x8
[PT] bx9 frame I
[PT] bx9 show A
[PT] nm9 text A Player
[PT] nm9 text I
[PT] nm9 show A
[PT] ds9 text A 162m
[PT] ds9 text I
[PT] ds9 show A
[PT] bx10 frame A 645,111 8x21
[PT] bx10 frame I
[PT] bx10 show A
[PT] nm10 text A Player
[PT] nm10 text I
[PT] nm10 show A
[PT] ds10 text A 41m
[PT] ds10 text I
[PT] ds10 show A
[PT] bx11 frame A 701,103 9x22
[PT] bx11 frame I
[PT] bx11 show A
[PT] nm11 text A Player
[PT] nm11 text I
[PT] nm11 show A
[PT] ds11 text A 40m
[PT] ds11 text I
[PT] ds11 show A
00:58:25.179  [PE] 绘制诊断：actors=38 w2s=26 onscreen=12 visibleViews=12
00:58:25.234  [PE] Actor坐标指针异常：actor=0x167337280 +0x260 -> 0x0
00:58:26.623  [PE] 帧数据：敌人数=50 my=(356087,466995,2276) cam=(356299,467032,2417) rot=(-13,-164,0) fov=90（敌人数 0 且无报错 = Actor 过滤全灭，偏移可疑）
[PT] tick 1 enemies=50
00:58:26.623  [PE] 投影自检：中心=(463,214) 前方点->(463,214) 自身->(511,382)（前方点须≈中心；自身应在中下方——偏差方向告诉我即可修）
[PT] bx0 frame A 340,178 20x50
[PT] bx0 frame I
[PT] ds0 text A 14m
[PT] ds0 text I
[PT] bx1 frame A 406,128 7x18
[PT] bx1 frame I
[PT] ds1 text A 44m
[PT] ds1 text I
[PT] bx2 frame A 319,153 39x97
[PT] bx2 frame I
[PT] ds2 text A 6m
[PT] ds2 text I
[PT] bx3 frame A 87,98 16x40
[PT] bx3 frame I
[PT] ds3 text A 25m
[PT] ds3 text I
[PT] bx4 frame A 412,118 5x13
[PT] bx4 frame I
[PT] nm4 text A BOT
[PT] nm4 text I
[PT] ds4 text A 64m
[PT] ds4 text I
[PT] bx5 frame A 843,138 10x25
[PT] bx5 frame I
[PT] ds5 text A 40m
[PT] ds5 text I
[PT] bx6 frame A 497,46 2x6
[PT] bx6 frame I
[PT] ds6 text A 162m
[PT] ds6 text I
[PT] bx7 frame A 695,-6 3x6
[PT] bx7 frame I
[PT] ds7 text A 163m
[PT] ds7 text I
[PT] bx8 frame A 414,121 14x36
[PT] bx8 frame I
[PT] ds8 text A 21m
[PT] ds8 text I
[PT] bx9 frame A 645,127 11x28
[PT] bx9 frame I
[PT] ds9 text A 30m
[PT] ds9 text I
[PT] bx10 frame A 445,121 15x37
[PT] bx10 frame I
[PT] ds10 text A 20m
[PT] ds10 text I
[PT] bx11 frame A 191,126 19x47
[PT] bx11 frame I
[PT] ds11 text A 18m
[PT] ds11 text I
[PT] bx12 frame A 460,124 17x42
[PT] bx12 frame I
[PT] bx12 show A
[PT] nm12 text A Player
[PT] nm12 text I
[PT] nm12 show A
[PT] ds12 text A 17m
[PT] ds12 text I
[PT] ds12 show A
[PT] bx13 frame A 96,142 31x77
[PT] bx13 frame I
[PT] bx13 show A
[PT] nm13 text A Player
[PT] nm13 text I
[PT] nm13 show A
[PT] ds13 text A 11m
[PT] ds13 text I
[PT] ds13 show A
00:58:26.655  [PE] 绘制诊断：actors=50 w2s=32 onscreen=14 visibleViews=14
00:58:26.710  [PE] Actor坐标指针异常：actor=0x167337280 +0x260 -> 0x0
00:58:26.805  [PE] 帧数据：敌人数=50 my=(356087,466995,2276) cam=(356301,467018,2415) rot=(-13,-167,-0) fov=90（敌人数 0 且无报错 = Actor 过滤全灭，偏移可疑）
[PT] tick 2 enemies=50
00:58:26.806  [PE] 投影自检：中心=(463,214) 前方点->(463,214) 自身->(511,383)（前方点须≈中心；自身应在中下方——偏差方向告诉我即可修）
[PT] bx0 frame A 312,182 20x51
[PT] bx0 frame I
[PT] bx1 frame A 377,132 7x18
[PT] bx1 frame I
[PT] bx2 frame A 294,157 40x99
[PT] bx2 frame I
[PT] bx3 frame A 46,112 15x37
[PT] bx3 frame I
[PT] ds3 text A 28m
[PT] ds3 text I
[PT] bx4 frame A 382,122 5x13
[PT] bx4 frame I
[PT] bx5 frame A 797,140 10x24
[PT] bx5 frame I
[PT] bx6 frame A 471,56 2x5
[PT] bx6 frame I
[PT] bx7 frame A 386,124 15x36
[PT] bx7 frame I
[PT] ds7 text A 21m
[PT] ds7 text I
[PT] bx8 frame A 613,130 11x27
[PT] bx8 frame I
[PT] ds8 text A 30m
[PT] ds8 text I
[PT] bx9 frame A 417,112 15x37
[PT] bx9 frame I
[PT] ds9 text A 20m
[PT] ds9 text I
[PT] bx10 frame A -22,146 31x79
[PT] bx10 frame I
[PT] ds10 text A 13m
[PT] ds10 text I
[PT] bx11 frame A 154,130 19x48
[PT] bx11 frame I
[PT] bx12 frame A 433,127 17x42
[PT] bx12 frame I
[PT] bx13 frame A 54,147 32x81
[PT] bx13 frame I
00:58:26.821  [PE] 绘制诊断：actors=50 w2s=32 onscreen=14 visibleViews=14
[PT] tick 3 enemies=50
[PT] bx0 frame A 314,180 20x51
[PT] bx0 frame I
[PT] bx1 frame A 379,130 7x18
[PT] bx1 frame I
[PT] bx2 frame A 296,155 40x99
[PT] bx2 frame I
[PT] bx3 frame A 55,107 15x38
[PT] bx3 frame I
[PT] ds3 text A 27m
[PT] ds3 text I
[PT] bx4 frame A 384,120 5x13
[PT] bx4 frame I
[PT] bx5 frame A 800,138 10x24
[PT] bx5 frame I
[PT] bx6 frame A 473,55 2x5
[PT] bx6 frame I
[PT] bx7 frame A 388,122 15x36
[PT] bx7 frame I
[PT] bx8 frame A 615,128 11x27
[PT] bx8 frame I
[PT] bx9 frame A 420,123 15x37
[PT] bx9 frame I
[PT] bx10 frame A -26,146 33x83
[PT] bx10 frame I
[PT] ds10 text A 12m
[PT] ds10 text I
[PT] bx11 frame A 156,128 19x48
[PT] bx11 frame I
[PT] bx12 frame A 435,125 17x42
[PT] bx12 frame I
[PT] bx13 frame A 56,145 32x81
[PT] bx13 frame I
[PT] tick 4 enemies=50
[PT] bx3 frame A 58,107 15x39
[PT] bx3 frame I
[PT] bx10 frame A 156,128 19x48
[PT] bx10 frame I
[PT] ds10 text A 18m
[PT] ds10 text I
[PT] bx11 frame A 435,125 17x42
[PT] bx11 frame I
[PT] ds11 text A 17m
[PT] ds11 text I
[PT] bx12 frame A 56,145 32x81
[PT] bx12 frame I
[PT] ds12 text A 11m
[PT] ds12 text I
[PT] bx13 hide A
[PT] nm13 hide A
[PT] ds13 hide A
[PT] tick 5 enemies=50
[PT] bx0 frame A 313,180 20x51
[PT] bx0 frame I
[PT] bx1 frame A 378,129 7x18
[PT] bx1 frame I
[PT] bx2 frame A 295,155 40x99
[PT] bx2 frame I
[PT] bx3 frame A 60,109 16x39
[PT] bx3 frame I
[PT] ds3 text A 26m
[PT] ds3 text I
[PT] bx4 frame A 383,119 5x13
[PT] bx4 frame I
[PT] bx5 frame A 799,137 10x24
[PT] bx5 frame I
[PT] bx7 frame A 387,122 15x36
[PT] bx7 frame I
[PT] bx8 frame A 614,127 11x27
[PT] bx8 frame I
[PT] bx9 frame A 418,122 15x37
[PT] bx9 frame I
[PT] bx10 frame A 154,128 19x48
[PT] bx10 frame I
[PT] bx11 frame A 434,125 17x42
[PT] bx11 frame I
[PT] bx12 frame A 54,145 32x81
[PT] bx12 frame I
[PT] tick 6 enemies=50
[PT] bx0 frame A 311,179 20x51
[PT] bx0 frame I
[PT] bx1 frame A 376,128 7x18
[PT] bx1 frame I
[PT] bx2 frame A 293,154 40x99
[PT] bx2 frame I
[PT] bx4 frame A 381,118 5x13
[PT] bx4 frame I
[PT] bx5 frame A 796,136 10x24
[PT] bx5 frame I
[PT] bx6 frame A 471,54 2x5
[PT] bx6 frame I
[PT] bx7 frame A 385,121 15x36
[PT] bx7 frame I
[PT] bx8 frame A 612,126 11x27
[PT] bx8 frame I
[PT] bx9 frame A 417,121 15x37
[PT] bx9 frame I
[PT] bx10 frame A 152,127 19x49
[PT] bx10 frame I
[PT] bx11 frame A 432,124 17x42
[PT] bx11 frame I
[PT] bx12 frame A 51,144 33x81
[PT] bx12 frame I
[PT] tick 7 enemies=50
[PT] bx3 frame A 65,114 16x40
[PT] bx3 frame I
[PT] ds3 text A 25m
[PT] ds3 text I
[PT] tick 8 enemies=50
[PT] bx0 frame A 310,179 20x51
[PT] bx0 frame I
[PT] bx1 frame A 374,128 7x18
[PT] bx1 frame I
[PT] bx2 frame A 292,154 40x99
[PT] bx2 frame I
[PT] bx3 frame A 64,112 16x40
[PT] bx3 frame I
[PT] bx4 frame A 379,118 5x13
[PT] bx4 frame I
[PT] bx5 frame A 794,136 10x24
[PT] bx5 frame I
[PT] bx6 frame A 470,55 2x5
[PT] bx6 frame I
[PT] bx7 frame A 384,121 15x36
[PT] bx7 frame I
[PT] bx8 frame A 611,126 11x27
[PT] bx8 frame I
[PT] bx9 frame A 415,121 15x37
[PT] bx9 frame I
[PT] bx10 frame A 150,127 19x49
[PT] bx10 frame I
[PT] bx11 frame A 431,124 17x42
[PT] bx11 frame I
[PT] bx12 frame A 49,145 33x81
[PT] bx12 frame I
[PT] tick 9 enemies=50
[PT] bx3 frame A 74,111 16x41
[PT] bx3 frame I
[PT] bx5 frame A 795,136 10x24
[PT] bx5 frame I
[PT] bx6 frame A 471,55 2x5
[PT] bx6 frame I
[PT] bx10 frame A 151,127 19x49
[PT] bx10 frame I
[PT] bx12 frame A 50,144 33x81
[PT] bx12 frame I
[PT] tick 10 enemies=50
[PT] bx0 frame A 308,180 20x51
[PT] bx0 frame I
[PT] bx1 frame A 372,129 7x18
[PT] bx1 frame I
[PT] bx2 frame A 290,155 40x99
[PT] bx2 frame I
[PT] bx3 frame A 85,111 16x40
[PT] bx3 frame I
[PT] bx4 frame A 377,119 5x13
[PT] bx4 frame I
[PT] bx5 frame A 791,137 10x24
[PT] bx5 frame I
[PT] bx6 frame A 468,56 2x5
[PT] bx6 frame I
[PT] bx7 frame A 382,121 15x36
[PT] bx7 frame I
[PT] bx8 frame A 608,127 11x27
[PT] bx8 frame I
[PT] bx9 frame A 413,122 15x37
[PT] bx9 frame I
[PT] bx10 frame A 147,128 20x49
[PT] bx10 frame I
[PT] bx11 frame A 429,124 17x42
[PT] bx11 frame I
[PT] bx12 frame A 46,145 33x82
[PT] bx12 frame I
[PT] tick 11 enemies=50
[PT] bx0 frame A 304,180 20x51
[PT] bx0 frame I
[PT] bx1 frame A 368,129 7x18
[PT] bx1 frame I
[PT] bx2 frame A 286,155 40x100
[PT] bx2 frame I
[PT] bx3 frame A 88,112 16x40
[PT] bx3 frame I
[PT] bx4 frame A 372,119 5x13
[PT] bx4 frame I
[PT] bx5 frame A 784,137 9x24
[PT] bx5 frame I
[PT] bx6 frame A 463,56 2x5
[PT] bx6 frame I
[PT] bx7 frame A 377,122 15x37
[PT] bx7 frame I
[PT] bx8 frame A 604,127 11x27
[PT] bx8 frame I
[PT] bx9 frame A 409,122 15x37
[PT] bx9 frame I
[PT] bx10 frame A 141,128 20x49
[PT] bx10 frame I
[PT] bx11 frame A 425,125 17x42
[PT] bx11 frame I
[PT] bx12 frame A 39,146 33x82
[PT] bx12 frame I
[PT] tick 12 enemies=50
[PT] bx3 frame A 91,113 16x39
[PT] bx3 frame I
[PT] bx6 frame A 463,57 2x5
[PT] bx6 frame I
[PT] tick 13 enemies=50
[PT] bx0 frame A 306,182 20x51
[PT] bx0 frame I
[PT] bx1 frame A 370,132 7x18
[PT] bx1 frame I
[PT] bx2 frame A 289,157 40x100
[PT] bx2 frame I
[PT] bx3 frame A 97,112 15x38
[PT] bx3 frame I
[PT] ds3 text A 26m
[PT] ds3 text I
[PT] bx4 frame A 375,121 5x13
[PT] bx4 frame I
[PT] bx5 frame A 788,139 9x24
[PT] bx5 frame I
[PT] bx6 frame A 466,59 2x5
[PT] bx6 frame I
[PT] bx7 frame A 380,124 15x36
[PT] bx7 frame I
[PT] bx8 frame A 606,129 11x27
[PT] bx8 frame I
[PT] bx9 frame A 411,122 15x37
[PT] bx9 frame I
[PT] bx10 frame A 145,130 20x49
[PT] bx10 frame I
[PT] bx11 frame A 427,127 17x42
[PT] bx11 frame I
[PT] bx12 frame A 43,147 33x82
[PT] bx12 frame I
[PT] tick 14 enemies=50
[PT] bx0 frame A 307,182 20x51
[PT] bx0 frame I
[PT] bx1 frame A 372,132 7x18
[PT] bx1 frame I
[PT] bx2 frame A 290,157 40x100
[PT] bx2 frame I
[PT] bx3 frame A 101,108 15x38
[PT] bx3 frame I
[PT] bx4 frame A 377,122 5x13
[PT] bx4 frame I
[PT] bx5 frame A 790,140 9x24
[PT] bx5 frame I
[PT] bx6 frame A 468,60 2x5
[PT] bx6 frame I
[PT] bx7 frame A 381,124 15x36
[PT] bx7 frame I
[PT] bx8 frame A 608,130 11x27
[PT] bx8 frame I
[PT] bx9 frame A 413,116 15x37
[PT] bx9 frame I
[PT] bx10 frame A 147,131 20x49
[PT] bx10 frame I
[PT] bx11 frame A 429,127 17x42
[PT] bx11 frame I
[PT] bx12 frame A 46,148 33x82
[PT] bx12 frame I
[PT] tick 15 enemies=50
[PT] bx3 frame A 103,102 15x37
[PT] bx3 frame I
[PT] ds3 text A 27m
[PT] ds3 text I
[PT] bx9 frame A 413,112 15x37
[PT] bx9 frame I
[PT] tick 16 enemies=50
[PT] bx0 frame A 310,183 20x51
[PT] bx0 frame I
[PT] bx1 frame A 375,133 7x18
[PT] bx1 frame I
[PT] bx2 frame A 292,157 40x99
[PT] bx2 frame I
[PT] bx3 frame A 109,99 15x36
[PT] bx3 frame I
[PT] bx4 frame A 380,122 5x13
[PT] bx4 frame I
[PT] bx5 frame A 794,140 10x24
[PT] bx5 frame I
[PT] bx6 frame A 472,61 2x5
[PT] bx6 frame I
[PT] bx7 frame A 384,125 15x36
[PT] bx7 frame I
[PT] bx8 frame A 611,130 11x27
[PT] bx8 frame I
[PT] bx9 frame A 415,109 15x37
[PT] bx9 frame I
[PT] bx10 frame A 151,131 19x49
[PT] bx10 frame I
[PT] bx11 frame A 431,128 17x42
[PT] bx11 frame I
[PT] bx12 frame A 50,148 33x81
[PT] bx12 frame I
[PT] tick 17 enemies=50
[PT] bx3 frame A 110,95 14x36
[PT] bx3 frame I
[PT] ds3 text A 28m
[PT] ds3 text I
[PT] bx9 frame A 415,105 15x38
[PT] bx9 frame I
[PT] tick 18 enemies=50
[PT] bx3 frame A 113,94 14x35
[PT] bx3 frame I
[PT] ds6 text A 161m
[PT] ds6 text I
[PT] bx9 frame A 415,103 15x38
[PT] bx9 frame I
[PT] tick 19 enemies=50
[PT] bx3 frame A 116,95 14x34
[PT] bx3 frame I
[PT] ds3 text A 29m
[PT] ds3 text I
[PT] bx6 frame A 473,62 2x5
[PT] bx6 frame I
[PT] tick 20 enemies=50
[PT] bx3 frame A 117,96 14x34
[PT] bx3 frame I
[PT] bx9 frame A 415,104 15x38
[PT] bx9 frame I
[PT] tick 21 enemies=50
[PT] bx0 frame A 307,183 20x51
[PT] bx0 frame I
[PT] bx1 frame A 371,132 7x18
[PT] bx1 frame I
[PT] bx2 frame A 290,157 40x100
[PT] bx2 frame I
[PT] bx3 frame A 115,96 13x34
[PT] bx3 frame I
[PT] bx4 frame A 376,122 5x13
[PT] bx4 frame I
[PT] bx5 frame A 789,140 9x24
[PT] bx5 frame I
[PT] bx6 frame A 470,62 2x5
[PT] bx6 frame I
[PT] bx7 frame A 381,125 15x36
[PT] bx7 frame I
[PT] bx8 frame A 607,130 11x27
[PT] bx8 frame I
[PT] bx9 frame A 412,106 15x38
[PT] bx9 frame I
[PT] bx10 frame A 146,131 20x49
[PT] bx10 frame I
[PT] bx11 frame A 428,128 17x42
[PT] bx11 frame I
[PT] bx12 frame A 45,148 33x82
[PT] bx12 frame I
[PT] tick 22 enemies=50
[PT] bx0 frame A 302,183 20x51
[PT] bx0 frame I
[PT] bx1 frame A 366,133 7x18
[PT] bx1 frame I
[PT] bx2 frame A 285,158 40x100
[PT] bx2 frame I
[PT] bx3 frame A 111,99 13x33
[PT] bx3 frame I
[PT] ds3 text A 30m
[PT] ds3 text I
[PT] bx4 frame A 371,122 5x13
[PT] bx4 frame I
[PT] bx5 frame A 782,140 9x24
[PT] bx5 frame I
[PT] bx6 frame A 464,63 2x5
[PT] bx6 frame I
[PT] bx7 frame A 376,125 15x36
[PT] bx7 frame I
[PT] bx8 frame A 602,130 11x27
[PT] bx8 frame I
[PT] bx9 frame A 407,108 15x38
[PT] bx9 frame I
[PT] bx10 frame A 139,131 20x49
[PT] bx10 frame I
[PT] bx11 frame A 424,128 17x42
[PT] bx11 frame I
[PT] bx12 frame A 37,148 33x83
[PT] bx12 frame I
[PT] tick 23 enemies=50
[PT] bx0 frame A 297,183 21x51
[PT] bx0 frame I
[PT] bx1 frame A 361,132 7x18
[PT] bx1 frame I
[PT] bx2 frame A 281,158 40x100
[PT] bx2 frame I
[PT] bx3 frame A 107,102 13x33
[PT] bx3 frame I
[PT] bx4 frame A 366,122 5x13
[PT] bx4 frame I
[PT] bx5 frame A 774,139 9x23
[PT] bx5 frame I
[PT] bx6 frame A 459,63 2x5
[PT] bx6 frame I
[PT] bx7 frame A 371,125 15x37
[PT] bx7 frame I
[PT] bx8 frame A 597,130 11x27
[PT] bx8 frame I
[PT] bx9 frame A 402,111 15x38
[PT] bx9 frame I
[PT] bx10 frame A 132,131 20x50
[PT] bx10 frame I
[PT] bx11 frame A 419,127 17x42
[PT] bx11 frame I
[PT] bx12 frame A 28,149 33x83
[PT] bx12 frame I
[PT] tick 24 enemies=50
[PT] bx0 frame A 294,184 21x52
[PT] bx0 frame I
[PT] bx1 frame A 358,133 7x18
[PT] bx1 frame I
[PT] bx2 frame A 278,158 40x101
[PT] bx2 frame I
[PT] bx3 frame A 106,106 13x33
[PT] bx3 frame I
[PT] ds3 text A 31m
[PT] ds3 text I
[PT] bx4 frame A 362,122 5x13
[PT] bx4 frame I
[PT] bx5 frame A 770,139 9x23
[PT] bx5 frame I
[PT] bx6 frame A 456,63 2x5
[PT] bx6 frame I
[PT] bx7 frame A 368,125 15x37
[PT] bx7 frame I
[PT] bx8 frame A 593,130 11x27
[PT] bx8 frame I
[PT] bx9 frame A 400,117 15x37
[PT] bx9 frame I
[PT] bx10 frame A 128,132 20x50
[PT] bx10 frame I
[PT] bx11 frame A 416,128 17x42
[PT] bx11 frame I
[PT] bx12 frame A 23,149 34x84
[PT] bx12 frame I
[PT] tick 25 enemies=50
[PT] bx0 frame A 290,184 21x52
[PT] bx0 frame I
[PT] bx1 frame A 354,133 7x18
[PT] bx1 frame I
[PT] bx2 frame A 274,158 40x101
[PT] bx2 frame I
[PT] bx3 frame A 104,110 13x32
[PT] bx3 frame I
[PT] bx4 frame A 358,123 5x13
[PT] bx4 frame I
[PT] bx5 frame A 765,140 9x23
[PT] bx5 frame I
[PT] bx6 frame A 452,64 2x5
[PT] bx6 frame I
[PT] bx7 frame A 364,125 15x37
[PT] bx7 frame I
[PT] bx8 frame A 589,130 11x27
[PT] bx8 frame I
[PT] bx9 frame A 396,121 15x37
[PT] bx9 frame I
[PT] bx10 frame A 122,132 20x50
[PT] bx10 frame I
[PT] bx11 frame A 412,128 17x42
[PT] bx11 frame I
[PT] bx12 frame A 17,150 34x84
[PT] bx12 frame I
[PT] tick 26 enemies=50
[PT] bx0 frame A 286,185 21x52
[PT] bx0 frame I
[PT] bx1 frame A 349,134 7x18
[PT] bx1 frame I
[PT] bx2 frame A 270,159 40x101
[PT] bx2 frame I
[PT] bx3 frame A 105,121 13x31
[PT] bx3 frame I
[PT] ds3 text A 32m
[PT] ds3 text I
[PT] bx4 frame A 354,124 5x13
[PT] bx4 frame I
[PT] bx5 frame A 758,141 9x23
[PT] bx5 frame I
[PT] bx6 frame A 448,65 2x5
[PT] bx6 frame I
[PT] bx7 frame A 360,126 15x37
[PT] bx7 frame I
[PT] bx8 frame A 585,131 11x27
[PT] bx8 frame I
[PT] bx9 frame A 392,127 15x37
[PT] bx9 frame I
[PT] bx10 frame A 116,133 20x50
[PT] bx10 frame I
[PT] bx11 frame A 408,129 17x42
[PT] bx11 frame I
[PT] bx12 frame A 9,151 34x85
[PT] bx12 frame I
[PT] tick 27 enemies=50
[PT] bx0 frame A 278,186 21x52
[PT] bx0 frame I
[PT] bx1 frame A 341,135 7x18
[PT] bx1 frame I
[PT] bx2 frame A 264,160 41x102
[PT] bx2 frame I
[PT] bx3 frame A 98,126 12x31
[PT] bx3 frame I
[PT] bx4 frame A 346,125 5x13
[PT] bx4 frame I
[PT] bx5 frame A 748,141 9x23
[PT] bx5 frame I
[PT] bx6 frame A 441,66 2x5
[PT] bx6 frame I
[PT] bx7 frame A 353,127 15x37
[PT] bx7 frame I
[PT] bx8 frame A 577,132 11x27
[PT] bx8 frame I
[PT] bx9 frame A 385,127 15x37
[PT] bx9 frame I
[PT] bx10 frame A 105,134 20x51
[PT] bx10 frame I
[PT] bx11 frame A 401,130 17x42
[PT] bx11 frame I
[PT] bx12 frame A -3,152 35x86
[PT] bx12 frame I
[PT] tick 28 enemies=50
[PT] bx0 frame A 269,186 21x53
[PT] bx0 frame I
[PT] bx1 frame A 332,134 7x19
[PT] bx1 frame I
[PT] bx2 frame A 256,160 41x103
[PT] bx2 frame I
[PT] bx3 frame A 88,130 12x31
[PT] bx3 frame I
[PT] bx4 frame A 336,124 5x13
[PT] bx4 frame I
[PT] bx5 frame A 736,140 9x23
[PT] bx5 frame I
[PT] bx6 frame A 431,66 2x5
[PT] bx6 frame I
[PT] bx7 frame A 344,127 15x37
[PT] bx7 frame I
[PT] bx8 frame A 568,131 11x26
[PT] bx8 frame I
[PT] bx9 frame A 376,124 15x37
[PT] bx9 frame I
[PT] bx10 frame A 92,134 21x52
[PT] bx10 frame I
[PT] bx11 frame A 393,129 17x42
[PT] bx11 frame I
[PT] bx12 frame A -20,152 35x88
[PT] bx12 frame I
[PT] tick 29 enemies=50
[PT] bx0 frame A 260,186 21x53
[PT] bx0 frame I
[PT] bx1 frame A 322,133 7x19
[PT] bx1 frame I
[PT] bx2 frame A 247,159 41x103
[PT] bx2 frame I
[PT] bx3 frame A 74,129 13x32
[PT] bx3 frame I
[PT] bx4 frame A 327,122 5x13
[PT] bx4 frame I
[PT] bx5 frame A 725,138 9x22
[PT] bx5 frame I
[PT] bx6 frame A 422,64 2x5
[PT] bx6 frame I
[PT] bx7 frame A 335,125 15x37
[PT] bx7 frame I
[PT] bx8 frame A 559,129 11x26
[PT] bx8 frame I
[PT] bx9 frame A 367,116 15x38
[PT] bx9 frame I
[PT] bx10 frame A 78,133 21x52
[PT] bx10 frame I
[PT] bx11 frame A 384,128 17x42
[PT] bx11 frame I
[PT] bx12 hide A
[PT] nm12 hide A
[PT] ds12 hide A
[PT] tick 30 enemies=50
[PT] bx0 frame A 255,185 21x53
[PT] bx0 frame I
[PT] bx1 frame A 317,132 8x19
[PT] bx1 frame I
[PT] bx2 frame A 243,159 42x104
[PT] bx2 frame I
[PT] bx3 frame A 65,128 13x32
[PT] bx3 frame I
[PT] bx4 frame A 321,121 5x13
[PT] bx4 frame I
[PT] bx5 frame A 719,136 9x22
[PT] bx5 frame I
[PT] bx6 frame A 417,63 2x5
[PT] bx6 frame I
[PT] bx7 frame A 330,124 15x37
[PT] bx7 frame I
[PT] bx8 frame A 554,128 11x26
[PT] bx8 frame I
[PT] bx9 frame A 362,111 15x38
[PT] bx9 frame I
[PT] bx10 frame A 70,132 21x53
[PT] bx10 frame I
[PT] bx11 frame A 380,126 17x43
[PT] bx11 frame I
[PT] tick 31 enemies=50
[PT] bx0 frame A 256,184 21x53
[PT] bx0 frame I
[PT] bx1 frame A 318,131 8x19
[PT] bx1 frame I
[PT] bx2 frame A 244,158 41x104
[PT] bx2 frame I
[PT] bx3 frame A 72,127 13x32
[PT] bx3 frame I
[PT] bx4 frame A 322,121 5x13
[PT] bx4 frame I
[PT] bx5 frame A 720,136 9x22
[PT] bx5 frame I
[PT] bx6 frame A 418,63 2x5
[PT] bx6 frame I
[PT] bx7 frame A 331,123 15x37
[PT] bx7 frame I
[PT] bx8 frame A 555,127 11x26
[PT] bx8 frame I
[PT] bx9 frame A 363,107 15x38
[PT] bx9 frame I
[PT] bx10 frame A 71,131 21x53
[PT] bx10 frame I
[PT] bx11 frame A 381,126 17x43
[PT] bx11 frame I
[PT] tick 32 enemies=50
[PT] bx0 frame A 257,184 21x53
[PT] bx0 frame I
[PT] bx1 frame A 319,131 7x19
[PT] bx1 frame I
[PT] bx2 frame A 245,158 41x104
[PT] bx2 frame I
[PT] bx3 frame A 81,127 12x31
[PT] bx3 frame I
[PT] bx4 frame A 324,121 5x13
[PT] bx4 frame I
[PT] bx5 frame A 722,136 9x22
[PT] bx5 frame I
[PT] bx6 frame A 420,63 2x5
[PT] bx6 frame I
[PT] bx7 frame A 332,123 15x37
[PT] bx7 frame I
[PT] bx8 frame A 556,128 11x26
[PT] bx8 frame I
[PT] bx9 frame A 364,103 15x38
[PT] bx9 frame I
[PT] bx10 frame A 74,131 21x53
[PT] bx10 frame I
[PT] bx11 frame A 382,126 17x43
[PT] bx11 frame I
[PT] tick 33 enemies=50
[PT] bx0 frame A 261,185 21x53
[PT] bx0 frame I
[PT] bx1 frame A 323,132 7x19
[PT] bx1 frame I
[PT] bx2 frame A 248,158 41x103
[PT] bx2 frame I
[PT] bx3 frame A 91,129 12x31
[PT] bx3 frame I
[PT] ds3 text A 33m
[PT] ds3 text I
[PT] bx4 frame A 328,121 5x13
[PT] bx4 frame I
[PT] bx5 frame A 726,137 9x22
[PT] bx5 frame I
[PT] bx6 frame A 424,64 2x5
[PT] bx6 frame I
[PT] bx7 frame A 336,124 15x37
[PT] bx7 frame I
[PT] bx8 frame A 560,128 11x26
[PT] bx8 frame I
[PT] bx9 frame A 367,103 15x38
[PT] bx9 frame I
[PT] bx10 frame A 79,132 21x52
[PT] bx10 frame I
[PT] bx11 frame A 385,127 17x42
[PT] bx11 frame I
[PT] bx12 frame A -35,151 36x90
[PT] bx12 frame I
[PT] bx12 show A
[PT] nm12 show A
[PT] ds12 show A
[PT] tick 34 enemies=49
[PT] bx0 frame A 265,185 21x53
[PT] bx0 frame I
[PT] bx1 frame A 327,133 7x19
[PT] bx1 frame I
[PT] bx2 frame A 252,159 41x103
[PT] bx2 frame I
[PT] bx3 frame A 101,130 12x30
[PT] bx3 frame I
[PT] bx4 frame A 332,122 5x13
[PT] bx4 frame I
[PT] bx5 frame A 731,138 9x22
[PT] bx5 frame I
[PT] bx6 frame A 428,65 2x5
[PT] bx6 frame I
[PT] bx7 frame A 340,125 15x37
[PT] bx7 frame I
[PT] bx8 frame A 564,129 11x26
[PT] bx8 frame I
[PT] bx9 frame A 371,103 15x38
[PT] bx9 frame I
[PT] bx10 frame A 85,132 21x52
[PT] bx10 frame I
[PT] bx11 frame A 389,128 17x42
[PT] bx11 frame I
[PT] bx12 frame A -28,151 36x89
[PT] bx12 frame I
[PT] tick 35 enemies=49
[PT] bx0 frame A 267,185 21x53
[PT] bx0 frame I
[PT] bx1 frame A 330,133 7x19
[PT] bx1 frame I
[PT] bx2 frame A 254,159 41x103
[PT] bx2 frame I
[PT] bx3 frame A 108,131 12x29
[PT] bx3 frame I
[PT] ds3 text A 34m
[PT] ds3 text I
[PT] bx4 frame A 334,122 5x13
[PT] bx4 frame I
[PT] bx5 frame A 734,138 9x22
[PT] bx5 frame I
[PT] bx6 frame A 431,66 2x5
[PT] bx6 frame I
[PT] bx7 frame A 342,125 15x37
[PT] bx7 frame I
[PT] bx8 frame A 566,129 11x26
[PT] bx8 frame I
[PT] bx9 frame A 373,104 15x38
[PT] bx9 frame I
[PT] bx10 frame A 89,132 21x52
[PT] bx10 frame I
[PT] bx11 frame A 391,128 17x42
[PT] bx11 frame I
[PT] bx12 frame A -24,151 35x88
[PT] bx12 frame I
[PT] tick 36 enemies=49
[PT] bx0 frame A 270,185 21x52
[PT] bx0 frame I
[PT] bx1 frame A 332,133 7x19
[PT] bx1 frame I
[PT] bx2 frame A 256,159 41x103
[PT] bx2 frame I
[PT] bx3 frame A 113,123 12x29
[PT] bx3 frame I
[PT] bx4 frame A 337,123 5x13
[PT] bx4 frame I
[PT] bx5 frame A 737,138 9x23
[PT] bx5 frame I
[PT] bx6 frame A 434,66 2x5
[PT] bx6 frame I
[PT] bx7 frame A 344,125 15x37
[PT] bx7 frame I
[PT] bx8 frame A 569,130 11x26
[PT] bx8 frame I
[PT] bx9 frame A 376,105 15x38
[PT] bx9 frame I
[PT] bx10 frame A 92,132 21x52
[PT] bx10 frame I
[PT] bx11 frame A 393,128 17x42
[PT] bx11 frame I
[PT] bx12 frame A -19,151 35x88
[PT] bx12 frame I
[PT] tick 37 enemies=49
[PT] bx0 frame A 269,184 21x53
[PT] bx0 frame I
[PT] bx1 frame A 331,132 7x19
[PT] bx1 frame I
[PT] bx3 frame A 113,118 11x29
[PT] bx3 frame I
[PT] bx4 frame A 336,121 5x13
[PT] bx4 frame I
[PT] bx5 frame A 736,137 9x23
[PT] bx5 frame I
[PT] bx7 frame A 343,124 15x37
[PT] bx7 frame I
[PT] bx8 frame A 568,129 11x26
[PT] bx8 frame I
[PT] bx10 frame A 91,132 21x52
[PT] bx10 frame I
[PT] bx12 frame A -21,150 35x88
[PT] bx12 frame I
[PT] tick 38 enemies=49
[PT] bx0 frame A 270,184 21x52
[PT] bx0 frame I
[PT] bx1 frame A 333,132 7x19
[PT] bx1 frame I
[PT] bx3 frame A 117,116 11x28
[PT] bx3 frame I
[PT] ds3 text A 35m
[PT] ds3 text I
[PT] bx4 frame A 338,122 5x13
[PT] bx4 frame I
[PT] bx5 frame A 738,138 9x23
[PT] bx5 frame I
[PT] bx6 frame A 435,66 2x5
[PT] bx6 frame I
[PT] bx7 frame A 345,124 15x37
[PT] bx7 frame I
[PT] bx8 frame A 569,129 11x26
[PT] bx8 frame I
[PT] bx9 frame A 377,110 15x38
[PT] bx9 frame I
[PT] bx10 frame A 93,132 21x52
[PT] bx10 frame I
[PT] bx12 frame A -18,150 35x88
[PT] bx12 frame I
[PT] tick 39 enemies=49
[PT] bx3 frame A 118,114 11x28
[PT] bx3 frame I
[PT] bx9 frame A 377,115 15x38
[PT] bx9 frame I
[PT] bx11 frame A 394,127 17x42
[PT] bx11 frame I
[PT] tick 40 enemies=49
[PT] bx3 frame A 120,112 11x28
[PT] bx3 frame I
[PT] ds3 text A 36m
[PT] ds3 text I
[PT] bx9 frame A 377,119 15x38
[PT] bx9 frame I
[PT] tick 41 enemies=49
[PT] bx0 frame A 271,185 21x52
[PT] bx0 frame I
[PT] bx1 frame A 334,133 7x19
[PT] bx1 frame I
[PT] bx2 frame A 258,159 41x102
[PT] bx2 frame I
[PT] bx3 frame A 124,112 11x27
[PT] bx3 frame I
[PT] bx4 frame A 339,122 5x13
[PT] bx4 frame I
[PT] bx5 frame A 740,138 9x23
[PT] bx5 frame I
[PT] bx6 frame A 437,67 2x5
[PT] bx6 frame I
[PT] bx7 frame A 346,125 15x37
[PT] bx7 frame I
[PT] bx8 frame A 570,129 11x26
[PT] bx8 frame I
[PT] bx9 frame A 378,125 15x37
[PT] bx9 frame I
[PT] bx10 frame A 95,132 21x52
[PT] bx10 frame I
[PT] bx11 frame A 395,128 17x42
[PT] bx11 frame I
[PT] bx12 frame A -16,151 35x88
[PT] bx12 frame I
[PT] tick 42 enemies=49
[PT] bx3 frame A 127,112 11x27
[PT] bx3 frame I
[PT] ds3 text A 37m
[PT] ds3 text I
[PT] tick 43 enemies=49
[PT] bx3 frame A 128,113 11x27
[PT] bx3 frame I
[PT] bx12 frame A -17,151 35x88
[PT] bx12 frame I
[PT] tick 44 enemies=49
[PT] bx3 frame A 130,114 11x26
[PT] bx3 frame I
[PT] tick 45 enemies=49
[PT] bx3 frame A 134,115 10x26
[PT] bx3 frame I
[PT] tick 46 enemies=49
[PT] bx0 frame A 270,184 21x52
[PT] bx0 frame I
[PT] bx1 frame A 333,132 7x19
[PT] bx1 frame I
[PT] bx2 frame A 256,158 41x103
[PT] bx2 frame I
[PT] bx3 frame A 136,117 10x26
[PT] bx3 frame I
[PT] bx4 frame A 337,122 5x13
[PT] bx4 frame I
[PT] bx5 frame A 738,138 9x23
[PT] bx5 frame I
[PT] bx7 frame A 344,124 15x37
[PT] bx7 frame I
[PT] bx8 frame A 569,129 11x26
[PT] bx8 frame I
[PT] bx9 frame A 377,124 15x37
[PT] bx9 frame I
[PT] bx10 frame A 93,132 21x52
[PT] bx10 frame I
[PT] bx11 frame A 394,127 17x42
[PT] bx11 frame I
[PT] bx12 frame A -19,150 35x88
[PT] bx12 frame I
[PT] tick 47 enemies=49
[PT] bx3 frame A 143,119 10x26
[PT] bx3 frame I
[PT] tick 48 enemies=49
[PT] bx1 frame A 332,131 7x19
[PT] bx1 frame I
[PT] bx3 frame A 144,120 10x26
[PT] bx3 frame I
[PT] ds3 text A 38m
[PT] ds3 text I
[PT] bx4 frame A 337,120 5x13
[PT] bx4 frame I
[PT] bx5 frame A 738,136 9x23
[PT] bx5 frame I
[PT] bx7 frame A 344,123 15x37
[PT] bx7 frame I
[PT] bx8 frame A 569,128 11x27
[PT] bx8 frame I
[PT] bx9 frame A 377,123 15x37
[PT] bx9 frame I
[PT] tick 49 enemies=49
[PT] bx0 frame A 270,183 21x52
[PT] bx0 frame I
[PT] bx3 frame A 147,129 10x26
[PT] bx3 frame I
[PT] ds3 text A 37m
[PT] ds3 text I
[PT] bx10 frame A 93,130 21x52
[PT] bx10 frame I
[PT] bx11 frame A 394,126 17x42
[PT] bx11 frame I
[PT] tick 50 enemies=49
[PT] bx0 frame A 271,183 21x52
[PT] bx0 frame I
[PT] bx1 frame A 334,131 7x19
[PT] bx1 frame I
[PT] bx2 frame A 257,157 41x102
[PT] bx2 frame I
[PT] bx3 frame A 148,129 10x25
[PT] bx3 frame I
[PT] bx4 frame A 339,120 5x13
[PT] bx4 frame I
[PT] bx5 frame A 740,136 9x23
[PT] bx5 frame I
[PT] bx6 frame A 439,67 2x5
[PT] bx6 frame I
[PT] bx7 frame A 346,123 15x37
[PT] bx7 frame I
[PT] bx8 frame A 570,128 11x27
[PT] bx8 frame I
[PT] bx9 frame A 378,123 15x37
[PT] bx9 frame I
[PT] bx10 frame A 95,130 21x52
[PT] bx10 frame I
[PT] bx11 frame A 395,126 17x42
[PT] bx11 frame I
[PT] bx12 frame A -16,149 35x88
[PT] bx12 frame I
[PT] tick 51 enemies=49
[PT] tick 52 enemies=49
[PT] bx3 frame A 147,127 10x25
[PT] bx3 frame I
[PT] bx10 frame A 94,130 21x52
[PT] bx10 frame I
[PT] bx12 frame A -18,149 35x88
[PT] bx12 frame I
[PT] tick 53 enemies=49
[PT] bx0 frame A 271,182 21x52
[PT] bx0 frame I
[PT] bx1 frame A 333,129 7x19
[PT] bx1 frame I
[PT] bx2 frame A 257,156 41x102
[PT] bx2 frame I
[PT] bx3 frame A 146,124 10x25
[PT] bx3 frame I
[PT] bx4 frame A 338,118 5x13
[PT] bx4 frame I
[PT] bx5 frame A 739,134 9x23
[PT] bx5 frame I
[PT] bx6 frame A 439,66 2x5
[PT] bx6 frame I
[PT] bx7 frame A 345,121 15x37
[PT] bx7 frame I
[PT] bx8 frame A 570,126 11x27
[PT] bx8 frame I
[PT] bx9 frame A 378,121 15x37
[PT] bx9 frame I
[PT] bx10 frame A 94,129 21x52
[PT] bx10 frame I
[PT] bx11 frame A 394,124 17x42
[PT] bx11 frame I
[PT] bx12 frame A -18,148 35x88
[PT] bx12 frame I
[PT] tick 54 enemies=49
[PT] bx3 frame A 145,123 10x26
[PT] bx3 frame I
[PT] tick 55 enemies=49
[PT] bx6 frame A 439,67 2x5
[PT] bx6 frame I
[PT] bx12 frame A -24,149 35x88
[PT] bx12 frame I
[PT] tick 56 enemies=49
[PT] bx1 frame A 334,130 7x19
[PT] bx1 frame I
[PT] bx3 frame A 146,122 10x25
[PT] bx3 frame I
[PT] ds3 text A 38m
[PT] ds3 text I
[PT] bx4 frame A 338,119 5x13
[PT] bx4 frame I
[PT] bx5 frame A 739,136 9x23
[PT] bx5 frame I
[PT] bx7 frame A 345,122 15x37
[PT] bx7 frame I
[PT] bx8 frame A 570,127 11x27
[PT] bx8 frame I
[PT] bx9 frame A 378,123 15x37
[PT] bx9 frame I
[PT] bx11 frame A 395,125 17x42
[PT] bx11 frame I
[PT] bx12 hide A
[PT] nm12 hide A
[PT] ds12 hide A
[PT] tick 57 enemies=49
[PT] bx3 frame A 146,120 10x25
[PT] bx3 frame I
[PT] bx6 frame A 440,67 2x5
[PT] bx6 frame I
[PT] tick 58 enemies=49
[PT] bx3 frame A 145,118 10x25
[PT] bx3 frame I
[PT] tick 59 enemies=49
[PT] bx1 frame A 334,128 7x19
[PT] bx1 frame I
[PT] bx3 frame A 145,116 10x25
[PT] bx3 frame I
[PT] bx4 frame A 338,118 5x13
[PT] bx4 frame I
[PT] bx5 frame A 740,134 9x23
[PT] bx5 frame I
[PT] bx7 frame A 346,121 15x37
[PT] bx7 frame I
[PT] bx8 frame A 571,125 11x27
[PT] bx8 frame I
[PT] bx9 frame A 378,121 15x37
[PT] bx9 frame I
[PT] bx11 frame A 395,124 17x42
[PT] bx11 frame I
[PT] tick 60 enemies=49
[PT] bx3 frame A 145,115 10x25
[PT] bx3 frame I
[PT] tick 61 enemies=49
[PT] bx0 frame A 271,180 21x52
[PT] bx0 frame I
[PT] bx1 frame A 333,127 7x19
[PT] bx1 frame I
[PT] bx2 frame A 257,155 41x102
[PT] bx2 frame I
[PT] bx3 frame A 144,113 10x25
[PT] bx3 frame I
[PT] bx4 frame A 338,117 5x13
[PT] bx4 frame I
[PT] bx5 frame A 739,133 9x23
[PT] bx5 frame I
[PT] bx6 frame A 441,66 2x5
[PT] bx6 frame I
[PT] bx7 frame A 345,120 15x37
[PT] bx7 frame I
[PT] bx8 frame A 570,124 11x27
[PT] bx8 frame I
[PT] bx9 frame A 378,120 15x37
[PT] bx9 frame I
[PT] bx10 frame A 93,127 21x52
[PT] bx10 frame I
[PT] bx11 frame A 394,123 17x42
[PT] bx11 frame I
[PT] tick 62 enemies=50
[PT] bx0 frame A 272,180 21x52
[PT] bx0 frame I
[PT] bx1 frame A 335,127 7x19
[PT] bx1 frame I
[PT] bx2 frame A 258,154 41x102
[PT] bx2 frame I
[PT] bx3 frame A 145,110 10x25
[PT] bx3 frame I
[PT] bx4 frame A 339,116 5x13
[PT] bx4 frame I
[PT] bx5 frame A 741,132 9x23
[PT] bx5 frame I
[PT] bx6 frame A 443,65 2x5
[PT] bx6 frame I
[PT] bx7 frame A 347,119 15x37
[PT] bx7 frame I
[PT] bx8 frame A 572,124 11x27
[PT] bx8 frame I
[PT] bx9 frame A 379,119 15x37
[PT] bx9 frame I
[PT] bx10 frame A 96,127 21x52
[PT] bx10 frame I
[PT] bx11 frame A 396,122 17x42
[PT] bx11 frame I
[PT] tick 63 enemies=50
[PT] bx0 frame A 274,179 21x52
[PT] bx0 frame I
[PT] bx1 frame A 336,127 7x19
[PT] bx1 frame I
[PT] bx2 frame A 259,154 41x102
[PT] bx2 frame I
[PT] bx3 frame A 147,109 10x25
[PT] bx3 frame I
[PT] bx4 frame A 341,116 5x13
[PT] bx4 frame I
[PT] bx5 frame A 743,132 9x23
[PT] bx5 frame I
[PT] bx6 frame A 444,65 2x5
[PT] bx6 frame I
[PT] bx7 frame A 348,119 15x37
[PT] bx7 frame I
[PT] bx8 frame A 573,123 11x27
[PT] bx8 frame I
[PT] bx9 frame A 380,119 15x37
[PT] bx9 frame I
[PT] bx10 frame A 98,127 21x51
[PT] bx10 frame I
[PT] bx11 frame A 397,122 17x42
[PT] bx11 frame I
[PT] tick 64 enemies=50
[PT] bx0 frame A 275,178 21x52
[PT] bx0 frame I
[PT] bx1 frame A 337,125 7x19
[PT] bx1 frame I
[PT] bx2 frame A 260,153 41x102
[PT] bx2 frame I
[PT] bx3 frame A 148,106 10x25
[PT] bx3 frame I
[PT] bx4 frame A 342,114 5x13
[PT] bx4 frame I
[PT] bx5 frame A 745,131 9x23
[PT] bx5 frame I
[PT] bx6 frame A 446,64 2x5
[PT] bx6 frame I
[PT] bx7 frame A 349,118 15x37
[PT] bx7 frame I
[PT] bx8 frame A 574,122 11x27
[PT] bx8 frame I
[PT] bx9 frame A 381,118 15x37
[PT] bx9 frame I
[PT] bx10 frame A 99,125 21x51
[PT] bx10 frame I
[PT] bx11 frame A 398,120 17x42
[PT] bx11 frame I
[PT] tick 65 enemies=50
[PT] bx0 frame A 274,181 21x52
[PT] bx0 frame I
[PT] bx1 frame A 337,129 7x19
[PT] bx1 frame I
[PT] bx2 frame A 260,156 41x102
[PT] bx2 frame I
[PT] bx3 frame A 147,109 10x25
[PT] bx3 frame I
[PT] bx4 frame A 342,119 5x13
[PT] bx4 frame I
[PT] bx5 frame A 744,135 9x23
[PT] bx5 frame I
[PT] bx6 frame A 445,68 2x5
[PT] bx6 frame I
[PT] ds6 text A 160m
[PT] ds6 text I
[PT] bx7 frame A 349,121 15x37
[PT] bx7 frame I
[PT] bx8 frame A 573,126 11x27
[PT] bx8 frame I
[PT] bx9 frame A 381,122 15x37
[PT] bx9 frame I
[PT] bx10 frame A 99,129 21x51
[PT] bx10 frame I
[PT] bx11 frame A 398,124 17x42
[PT] bx11 frame I
[PT] tick 66 enemies=50
[PT] bx0 frame A 268,187 21x53
[PT] bx0 frame I
[PT] bx1 frame A 331,135 7x19
[PT] bx1 frame I
[PT] bx2 frame A 255,161 41x103
[PT] bx2 frame I
[PT] bx3 frame A 140,114 10x25
[PT] bx3 frame I
[PT] bx4 frame A 336,125 5x13
[PT] bx4 frame I
[PT] bx5 frame A 735,141 9x22
[PT] bx5 frame I
[PT] bx6 frame A 440,75 2x5
[PT] bx6 frame I
[PT] bx7 frame A 343,127 15x37
[PT] bx7 frame I
[PT] bx8 frame A 567,132 11x26
[PT] bx8 frame I
[PT] bx9 frame A 376,128 15x37
[PT] bx9 frame I
[PT] bx10 frame A 91,135 21x52
[PT] bx10 frame I
[PT] bx11 frame A 392,130 17x42
[PT] bx11 frame I
[PT] tick 67 enemies=50
[PT] bx0 frame A 256,182 21x53
[PT] bx0 frame I
[PT] bx1 frame A 318,129 8x19
[PT] bx1 frame I
[PT] bx2 frame A 244,157 41x104
[PT] bx2 frame I
[PT] bx3 frame A 121,106 10x26
[PT] bx3 frame I
[PT] bx4 frame A 322,118 5x13
[PT] bx4 frame I
[PT] bx5 frame A 721,134 9x22
[PT] bx5 frame I
[PT] bx6 frame A 427,68 2x5
[PT] bx6 frame I
[PT] bx7 frame A 331,121 15x37
[PT] bx7 frame I
[PT] bx8 frame A 556,125 11x26
[PT] bx8 frame I
[PT] bx9 frame A 364,121 15x38
[PT] bx9 frame I
[PT] bx10 frame A 72,129 21x53
[PT] bx10 frame I
[PT] bx11 frame A 381,124 17x43
[PT] bx11 frame I
[PT] tick 68 enemies=50
[PT] bx0 frame A 255,174 21x53
[PT] bx0 frame I
[PT] bx1 frame A 317,119 8x19
[PT] bx1 frame I
[PT] bx2 frame A 243,149 41x104
[PT] bx2 frame I
[PT] bx3 frame A 118,95 11x26
[PT] bx3 frame I
[PT] bx4 frame A 321,108 5x13
[PT] bx4 frame I
[PT] bx5 frame A 721,124 9x22
[PT] bx5 frame I
[PT] bx6 frame A 427,58 2x6
[PT] bx6 frame I
[PT] bx7 frame A 330,112 15x38
[PT] bx7 frame I
[PT] bx8 frame A 555,116 11x27
[PT] bx8 frame I
[PT] bx9 frame A 363,112 15x38
[PT] bx9 frame I
[PT] bx10 frame A 69,120 21x53
[PT] bx10 frame I
[PT] bx11 frame A 380,115 17x43
[PT] bx11 frame I
[PT] tick 69 enemies=50
[PT] bx0 frame A 259,169 21x53
[PT] bx0 frame I
[PT] bx1 frame A 321,114 8x19
[PT] bx1 frame I
[PT] bx2 frame A 246,145 41x103
[PT] bx2 frame I
[PT] bx3 frame A 123,89 10x26
[PT] bx3 frame I
[PT] bx4 frame A 325,103 5x13
[PT] bx4 frame I
[PT] bx5 frame A 727,119 9x23
[PT] bx5 frame I
[PT] bx6 frame A 431,52 2x6
[PT] bx6 frame I
[PT] bx7 frame A 333,107 15x38
[PT] bx7 frame I
[PT] bx8 frame A 560,110 11x27
[PT] bx8 frame I
[PT] bx9 frame A 367,107 15x38
[PT] bx9 frame I
[PT] bx10 frame A 74,115 21x53
[PT] bx10 frame I
[PT] bx11 frame A 384,110 17x43
[PT] bx11 frame I
[PT] tick 70 enemies=49
[PT] bx0 frame A 269,167 21x53
[PT] bx0 frame I
[PT] bx1 frame A 331,112 8x19
[PT] bx1 frame I
[PT] bx2 frame A 255,144 41x102
[PT] bx2 frame I
[PT] bx3 frame A 137,87 10x26
[PT] bx3 frame I
[PT] bx4 frame A 336,101 5x13
[PT] bx4 frame I
[PT] bx5 frame A 740,118 9x23
[PT] bx5 frame I
[PT] bx6 frame A 442,50 2x6
[PT] bx6 frame I
[PT] bx7 frame A 343,105 15x38
[PT] bx7 frame I
[PT] bx8 frame A 570,109 11x27
[PT] bx8 frame I
[PT] bx9 frame A 376,105 15x38
[PT] bx9 frame I
[PT] bx10 frame A 89,113 21x52
[PT] bx10 frame I
[PT] bx11 frame A 393,108 17x43
[PT] bx11 frame I
[PT] tick 71 enemies=49
[PT] bx0 frame A 272,165 21x52
[PT] bx0 frame I
[PT] bx1 frame A 334,110 8x19
[PT] bx1 frame I
[PT] bx2 frame A 258,142 41x102
[PT] bx2 frame I
[PT] bx3 frame A 141,85 10x26
[PT] bx3 frame I
[PT] bx4 frame A 339,99 5x13
[PT] bx4 frame I
[PT] bx5 frame A 744,116 9x23
[PT] bx5 frame I
[PT] bx6 frame A 445,48 2x6
[PT] bx6 frame I
[PT] bx7 frame A 346,103 15x38
[PT] bx7 frame I
[PT] bx8 frame A 573,107 11x27
[PT] bx8 frame I
[PT] bx9 frame A 379,103 15x38
[PT] bx9 frame I
[PT] bx10 frame A 93,112 21x52
[PT] bx10 frame I
[PT] bx11 frame A 396,106 17x43
[PT] bx11 frame I
[PT] tick 72 enemies=49
[PT] bx0 frame A 272,168 21x52
[PT] bx0 frame I
[PT] bx1 frame A 334,113 8x19
[PT] bx1 frame I
[PT] bx2 frame A 258,145 41x102
[PT] bx2 frame I
[PT] bx3 frame A 141,89 10x26
[PT] bx3 frame I
[PT] bx4 frame A 339,103 5x13
[PT] bx4 frame I
[PT] bx5 frame A 743,120 9x23
[PT] bx5 frame I
[PT] bx6 frame A 445,53 2x6
[PT] bx6 frame I
[PT] bx7 frame A 346,107 15x37
[PT] bx7 frame I
[PT] bx8 frame A 572,111 11x27
[PT] bx8 frame I
[PT] bx9 frame A 379,107 15x38
[PT] bx9 frame I
[PT] bx10 frame A 94,115 21x52
[PT] bx10 frame I
[PT] bx11 frame A 395,110 17x43
[PT] bx11 frame I
[PT] tick 73 enemies=49
[PT] bx0 frame A 269,169 21x52
[PT] bx0 frame I
[PT] bx1 frame A 332,114 8x19
[PT] bx1 frame I
[PT] bx2 frame A 255,145 41x102
[PT] bx2 frame I
[PT] bx3 frame A 138,90 10x26
[PT] bx3 frame I
[PT] bx4 frame A 336,104 5x13
[PT] bx4 frame I
[PT] bx5 frame A 740,120 9x23
[PT] bx5 frame I
[PT] bx6 frame A 443,54 2x6
[PT] bx6 frame I
[PT] bx7 frame A 344,108 15x37
[PT] bx7 frame I
[PT] bx8 frame A 570,111 11x27
[PT] bx8 frame I
[PT] bx9 frame A 376,108 15x38
[PT] bx9 frame I
[PT] bx10 frame A 90,116 21x52
[PT] bx10 frame I
[PT] bx11 frame A 393,110 17x43
[PT] bx11 frame I
[PT] tick 74 enemies=49
[PT] bx0 frame A 268,170 21x53
[PT] bx0 frame I
[PT] bx1 frame A 330,115 8x19
[PT] bx1 frame I
[PT] bx2 frame A 254,146 41x103
[PT] bx2 frame I
[PT] bx3 frame A 136,90 10x26
[PT] bx3 frame I
[PT] bx4 frame A 335,104 5x13
[PT] bx4 frame I
[PT] bx5 frame A 738,121 9x23
[PT] bx5 frame I
[PT] bx6 frame A 442,54 2x6
[PT] bx6 frame I
[PT] bx7 frame A 342,108 15x37
[PT] bx7 frame I
[PT] bx8 frame A 568,112 11x27
[PT] bx8 frame I
[PT] bx9 frame A 375,108 15x38
[PT] bx9 frame I
[PT] bx10 frame A 88,116 21x52
[PT] bx10 frame I
[PT] bx11 frame A 392,111 17x43
[PT] bx11 frame I
[PT] tick 75 enemies=49
[PT] tick 76 enemies=49
[PT] bx3 frame A 146,89 10x26
[PT] bx3 frame I
[PT] bx10 frame A 87,115 21x52
[PT] bx10 frame I
[PT] tick 77 enemies=49
[PT] bx3 frame A 150,89 10x25
[PT] bx3 frame I
[PT] tick 78 enemies=49
[PT] bx3 frame A 154,89 10x25
[PT] bx3 frame I
[PT] tick 79 enemies=49
[PT] bx0 frame A 269,169 21x52
[PT] bx0 frame I
[PT] bx1 frame A 332,114 8x19
[PT] bx1 frame I
[PT] bx3 frame A 168,89 10x25
[PT] bx3 frame I
[PT] bx4 frame A 336,104 5x13
[PT] bx4 frame I
[PT] bx5 frame A 740,120 9x23
[PT] bx5 frame I
[PT] bx6 frame A 444,55 2x6
[PT] bx6 frame I
[PT] bx7 frame A 343,107 15x37
[PT] bx7 frame I
[PT] bx8 frame A 570,111 11x27
[PT] bx8 frame I
[PT] bx9 frame A 376,108 15x38
[PT] bx9 frame I
[PT] bx10 frame A 90,116 21x52
[PT] bx10 frame I
[PT] tick 80 enemies=49
[PT] bx2 frame A 255,146 41x102
[PT] bx2 frame I
[PT] bx3 frame A 177,90 10x25
[PT] bx3 frame I
[PT] bx11 frame A 393,111 17x43
[PT] bx11 frame I
[PT] tick 81 enemies=49
[PT] bx0 frame A 268,170 21x53
[PT] bx0 frame I
[PT] bx1 frame A 330,115 8x19
[PT] bx1 frame I
[PT] bx2 frame A 254,146 41x103
[PT] bx2 frame I
[PT] bx3 frame A 191,90 10x25
[PT] bx3 frame I
[PT] bx4 frame A 335,104 5x13
[PT] bx4 frame I
[PT] bx5 frame A 738,121 9x23
[PT] bx5 frame I
[PT] bx6 frame A 444,57 2x6
[PT] bx6 frame I
[PT] bx7 frame A 342,108 15x37
[PT] bx7 frame I
[PT] bx8 frame A 568,112 11x27
[PT] bx8 frame I
[PT] bx9 frame A 375,109 15x38
[PT] bx9 frame I
[PT] bx10 frame A 88,116 21x52
[PT] bx10 frame I
[PT] bx11 frame A 392,111 17x43
[PT] bx11 frame I
[PT] tick 82 enemies=49
[PT] bx3 frame A 198,90 10x24
[PT] bx3 frame I
[PT] tick 83 enemies=49
[PT] bx3 frame A 201,90 10x24
[PT] bx3 frame I
[PT] tick 84 enemies=49
[PT] bx3 frame A 207,90 10x24
[PT] bx3 frame I
[PT] tick 85 enemies=49
[PT] bx3 frame A 227,90 9x24
[PT] bx3 frame I
[PT] ds3 text A 39m
[PT] ds3 text I
[PT] bx6 frame A 446,58 2x6
[PT] bx6 frame I
[PT] tick 86 enemies=49
[PT] bx3 frame A 232,91 9x23
[PT] bx3 frame I
[PT] bx5 frame A 737,122 9x23
[PT] bx5 frame I
[PT] bx10 frame A 87,117 21x52
[PT] bx10 frame I
[PT] tick 87 enemies=49
[PT] bx3 frame A 238,90 9x23
[PT] bx3 frame I
[PT] tick 88 enemies=49
[PT] bx0 frame A 266,171 21x53
[PT] bx0 frame I
[PT] bx1 frame A 329,116 8x19
[PT] bx1 frame I
[PT] bx2 frame A 253,147 41x103
[PT] bx2 frame I
[PT] bx3 frame A 239,91 9x23
[PT] bx3 frame I
[PT] bx4 frame A 333,105 5x13
[PT] bx4 frame I
[PT] bx5 frame A 736,122 9x23
[PT] bx5 frame I
[PT] bx6 frame A 445,59 2x6
[PT] bx6 frame I
[PT] bx7 frame A 341,109 15x37
[PT] bx7 frame I
[PT] bx8 frame A 567,113 11x27
[PT] bx8 frame I
[PT] bx9 frame A 373,109 15x38
[PT] bx9 frame I
[PT] bx10 frame A 86,117 21x52
[PT] bx10 frame I
[PT] bx11 frame A 390,112 17x43
[PT] bx11 frame I
[PT] tick 89 enemies=49
[PT] bx3 frame A 244,92 9x23
[PT] bx3 frame I
[PT] bx6 frame A 445,61 2x6
[PT] bx6 frame I
[PT] tick 90 enemies=49
[PT] bx0 frame A 267,172 21x53
[PT] bx0 frame I
[PT] bx1 frame A 329,118 8x19
[PT] bx1 frame I
[PT] bx2 frame A 253,148 41x103
[PT] bx2 frame I
[PT] bx3 frame A 251,92 9x23
[PT] bx3 frame I
[PT] bx4 frame A 334,107 5x13
[PT] bx4 frame I
[PT] bx5 frame A 736,123 9x23
[PT] bx5 frame I
[PT] bx7 frame A 341,111 15x37
[PT] bx7 frame I
[PT] bx8 frame A 567,115 11x27
[PT] bx8 frame I
[PT] bx9 frame A 374,111 15x38
[PT] bx9 frame I
[PT] bx10 frame A 87,119 21x52
[PT] bx10 frame I
[PT] bx11 frame A 391,113 17x43
[PT] bx11 frame I
[PT] tick 91 enemies=49
[PT] bx3 frame A 255,90 9x22
[PT] bx3 frame I
[PT] ds3 text A 40m
[PT] ds3 text I
[PT] bx6 frame A 446,63 2x6
[PT] bx6 frame I
[PT] tick 92 enemies=49
[PT] bx0 frame A 268,174 21x53
[PT] bx0 frame I
[PT] bx1 frame A 330,120 8x19
[PT] bx1 frame I
[PT] bx2 frame A 254,149 41x103
[PT] bx2 frame I
[PT] bx3 frame A 261,88 9x22
[PT] bx3 frame I
[PT] bx4 frame A 334,109 5x13
[PT] bx4 frame I
[PT] bx5 frame A 737,125 9x23
[PT] bx5 frame I
[PT] bx6 frame A 447,64 2x6
[PT] bx6 frame I
[PT] bx7 frame A 342,112 15x37
[PT] bx7 frame I
[PT] bx8 frame A 568,116 11x27
[PT] bx8 frame I
[PT] bx9 frame A 375,113 15x38
[PT] bx9 frame I
[PT] bx10 frame A 88,120 21x52
[PT] bx10 frame I
[PT] bx11 frame A 392,115 17x43
[PT] bx11 frame I
[PT] tick 93 enemies=49
[PT] bx0 frame A 266,175 21x53
[PT] bx0 frame I
[PT] bx1 frame A 328,121 8x19
[PT] bx1 frame I
[PT] bx2 frame A 252,150 41x103
[PT] bx2 frame I
[PT] bx4 frame A 332,110 5x13
[PT] bx4 frame I
[PT] bx5 frame A 734,126 9x23
[PT] bx5 frame I
[PT] bx6 frame A 445,65 2x5
[PT] bx6 frame I
[PT] bx7 frame A 340,114 15x37
[PT] bx7 frame I
[PT] bx8 frame A 565,118 11x27
[PT] bx8 frame I
[PT] bx9 frame A 373,114 15x38
[PT] bx9 frame I
[PT] bx10 frame A 85,122 21x52
[PT] bx10 frame I
[PT] bx11 frame A 390,116 17x43
[PT] bx11 frame I
[PT] tick 94 enemies=49
[PT] bx0 frame A 267,171 21x53
[PT] bx0 frame I
[PT] bx1 frame A 329,116 8x19
[PT] bx1 frame I
[PT] bx2 frame A 253,147 41x103
[PT] bx2 frame I
[PT] bx3 frame A 271,80 9x22
[PT] bx3 frame I
[PT] bx4 frame A 334,106 5x13
[PT] bx4 frame I
[PT] bx5 frame A 736,122 9x23
[PT] bx5 frame I
[PT] bx6 frame A 447,61 2x6
[PT] bx6 frame I
[PT] bx7 frame A 341,109 15x37
[PT] bx7 frame I
[PT] bx8 frame A 567,113 11x27
[PT] bx8 frame I
[PT] bx9 frame A 374,110 15x38
[PT] bx9 frame I
[PT] bx10 frame A 87,117 21x52
[PT] bx10 frame I
[PT] bx11 frame A 391,112 17x43
[PT] bx11 frame I
[PT] tick 95 enemies=49
[PT] bx0 frame A 269,168 21x53
[PT] bx0 frame I
[PT] bx1 frame A 331,114 8x19
[PT] bx1 frame I
[PT] bx2 frame A 255,145 41x102
[PT] bx2 frame I
[PT] bx3 frame A 275,77 9x22
[PT] bx3 frame I
[PT] bx4 frame A 335,103 5x13
[PT] bx4 frame I
[PT] bx5 frame A 739,119 9x23
[PT] bx5 frame I
[PT] bx6 frame A 449,58 2x6
[PT] bx6 frame I
[PT] bx7 frame A 343,107 15x38
[PT] bx7 frame I
[PT] bx8 frame A 569,111 11x27
[PT] bx8 frame I
[PT] bx9 frame A 376,107 15x38
[PT] bx9 frame I
[PT] bx10 frame A 89,115 21x52
[PT] bx10 frame I
[PT] bx11 frame A 393,110 17x43
[PT] bx11 frame I
[PT] tick 96 enemies=49
[PT] bx0 frame A 259,168 21x53
[PT] bx0 frame I
[PT] bx1 frame A 321,113 8x19
[PT] bx1 frame I
[PT] bx2 frame A 246,145 41x103
[PT] bx2 frame I
[PT] bx3 frame A 271,75 9x22
[PT] bx3 frame I
[PT] ds3 text A 41m
[PT] ds3 text I
[PT] bx4 frame A 325,102 5x13
[PT] bx4 frame I
[PT] bx5 frame A 727,118 9x23
[PT] bx5 frame I
[PT] bx6 frame A 440,57 2x6
[PT] bx6 frame I
[PT] bx7 frame A 334,106 15x38
[PT] bx7 frame I
[PT] bx8 frame A 560,110 11x27
[PT] bx8 frame I
[PT] bx9 frame A 367,106 15x38
[PT] bx9 frame I
[PT] bx10 frame A 75,115 21x53
[PT] bx10 frame I
[PT] bx11 frame A 384,109 17x43
[PT] bx11 frame I
[PT] tick 97 enemies=49
[PT] bx0 frame A 248,165 21x53
[PT] bx0 frame I
[PT] bx1 frame A 310,108 8x19
[PT] bx1 frame I
[PT] bx2 frame A 236,142 42x104
[PT] bx2 frame I
[PT] bx3 frame A 261,70 9x22
[PT] bx3 frame I
[PT] bx4 frame A 314,97 5x14
[PT] bx4 frame I
[PT] bx5 frame A 715,113 9x22
[PT] bx5 frame I
[PT] bx6 frame A 429,52 2x6
[PT] bx6 frame I
[PT] bx7 frame A 323,102 15x38
[PT] bx7 frame I
[PT] bx8 frame A 550,105 11x27
[PT] bx8 frame I
[PT] bx9 frame A 356,102 15x38
[PT] bx9 frame I
[PT] bx10 frame A 57,111 22x54
[PT] bx10 frame I
[PT] bx11 frame A 374,105 17x43
[PT] bx11 frame I
[PT] tick 98 enemies=49
[PT] bx0 frame A 222,161 22x55
[PT] bx0 frame I
[PT] bx1 frame A 283,101 8x20
[PT] bx1 frame I
[PT] bx2 frame A 213,138 43x107
[PT] bx2 frame I
[PT] bx3 frame A 239,62 9x23
[PT] bx3 frame I
[PT] bx4 frame A 286,90 6x14
[PT] bx4 frame I
[PT] bx5 frame A 890,53 3x8
[PT] bx5 frame I
[PT] ds5 text A 141m
[PT] ds5 text I
[PT] bx6 frame A 686,105 9x22
[PT] bx6 frame I
[PT] ds6 text A 40m
[PT] ds6 text I
[PT] bx7 frame A 404,44 2x6
[PT] bx7 frame I
[PT] ds7 text A 160m
[PT] ds7 text I
[PT] bx8 frame A 297,95 16x39
[PT] bx8 frame I
[PT] ds8 text A 21m
[PT] ds8 text I
[PT] bx9 frame A 527,97 11x27
[PT] bx9 frame I
[PT] ds9 text A 30m
[PT] ds9 text I
[PT] bx10 frame A 332,95 16x39
[PT] bx10 frame I
[PT] ds10 text A 20m
[PT] ds10 text I
[PT] bx11 frame A 16,106 23x57
[PT] bx11 frame I
[PT] ds11 text A 18m
[PT] ds11 text I
[PT] bx12 frame A 351,98 18x44
[PT] bx12 frame I
[PT] bx12 show A
[PT] nm12 show A
[PT] ds12 text A 17m
[PT] ds12 text I
[PT] ds12 show A
[PT] tick 99 enemies=49
[PT] bx0 frame A 180,157 23x57
[PT] bx0 frame I
[PT] bx1 frame A 899,88 10x24
[PT] bx1 frame I
[PT] ds1 text A 46m
[PT] ds1 text I
[PT] bx2 frame A 901,85 9x22
[PT] bx2 frame I
[PT] ds2 text A 52m
[PT] ds2 text I
[PT] bx3 frame A 240,93 8x20
[PT] bx3 frame I
[PT] ds3 text A 44m
[PT] ds3 text I
[PT] bx4 frame A 175,135 44x111
[PT] bx4 frame I
[PT] nm4 text A Player
[PT] nm4 text I
[PT] ds4 text A 6m
[PT] ds4 text I
[PT] bx5 frame A 196,54 9x23
[PT] bx5 frame I
[PT] ds5 text A 42m
[PT] ds5 text I
[PT] bx6 frame A 243,81 6x15
[PT] bx6 frame I
[PT] nm6 text A BOT
[PT] nm6 text I
[PT] ds6 text A 64m
[PT] ds6 text I
[PT] bx7 frame A 829,45 3x8
[PT] bx7 frame I
[PT] ds7 text A 141m
[PT] ds7 text I
[PT] bx8 frame A 879,43 4x9
[PT] bx8 frame I
[PT] ds8 text A 132m
[PT] ds8 text I
[PT] bx9 frame A 645,95 9x21
[PT] bx9 frame I
[PT] ds9 text A 40m
[PT] ds9 text I
[PT] bx10 frame A 365,34 2x6
[PT] bx10 frame I
[PT] ds10 text A 160m
[PT] ds10 text I
[PT] bx11 frame A 257,87 16x40
[PT] bx11 frame I
[PT] ds11 text A 21m
[PT] ds11 text I
[PT] bx12 frame A 491,88 11x27
[PT] bx12 frame I
[PT] ds12 text A 30m
[PT] ds12 text I
[PT] bx13 frame A 294,87 16x40
[PT] bx13 frame I
[PT] bx13 show A
[PT] nm13 show A
[PT] ds13 text A 20m
[PT] ds13 text I
[PT] ds13 show A
[PT] bx14 frame A 314,90 18x45
[PT] bx14 frame I
[PT] bx14 show A
[PT] nm14 text A Player
[PT] nm14 text I
[PT] nm14 show A
[PT] ds14 text A 17m
[PT] ds14 text I
[PT] ds14 show A
[PT] tick 100 enemies=49
[PT] bx0 frame A 117,159 24x60
[PT] bx0 frame I
[PT] bx1 frame A 892,84 10x26
[PT] bx1 frame I
[PT] ds1 text A 42m
[PT] ds1 text I
[PT] bx2 frame A 864,83 10x25
[PT] bx2 frame I
[PT] ds2 text A 44m
[PT] ds2 text I
[PT] bx3 frame A 816,80 9x22
[PT] bx3 frame I
[PT] ds3 text A 46m
[PT] ds3 text I
[PT] bx4 frame A 818,78 8x20
[PT] bx4 frame I
[PT] ds4 text A 52m
[PT] ds4 text I
[PT] bx5 frame A 175,90 9x22
[PT] bx5 frame I
[PT] ds5 text A 44m
[PT] ds5 text I
[PT] bx6 frame A 119,136 47x118
[PT] bx6 frame I
[PT] nm6 text A Player
[PT] nm6 text I
[PT] ds6 text A 6m
[PT] ds6 text I
[PT] bx7 frame A 133,51 10x25
[PT] bx7 frame I
[PT] ds7 text A 42m
[PT] ds7 text I
[PT] bx8 frame A 177,77 6x15
[PT] bx8 frame I
[PT] nm8 text A BOT
[PT] nm8 text I
[PT] ds8 text A 64m
[PT] ds8 text I
[PT] bx9 frame A 754,40 3x7
[PT] bx9 frame I
[PT] ds9 text A 141m
[PT] ds9 text I
[PT] bx10 frame A 797,38 3x8
[PT] bx10 frame I
[PT] ds10 text A 132m
[PT] ds10 text I
[PT] bx11 frame A 591,89 8x21
[PT] bx11 frame I
[PT] ds11 text A 40m
[PT] ds11 text I
[PT] bx12 frame A 308,27 2x6
[PT] bx12 frame I
[PT] ds12 text A 160m
[PT] ds12 text I
[PT] bx13 frame A 902,78 9x22
[PT] bx13 frame I
[PT] ds13 text A 52m
[PT] ds13 text I
[PT] bx14 frame A 197,83 17x43
[PT] bx14 frame I
[PT] ds14 text A 21m
[PT] ds14 text I
[PT] bx15 frame A 904,76 8x20
[PT] bx15 frame I
[PT] bx15 show A
[PT] nm15 text A Player
[PT] nm15 text I
[PT] nm15 show A
[PT] ds15 text A 57m
[PT] ds15 text I
[PT] ds15 show A
[PT] bx16 frame A 443,83 11x27
[PT] bx16 frame I
[PT] bx16 show A
[PT] nm16 text A Player
[PT] nm16 text I
[PT] nm16 show A
[PT] ds16 text A 30m
[PT] ds16 text I
[PT] ds16 show A
[PT] bx17 frame A 238,83 17x42
[PT] bx17 frame I
[PT] bx17 show A
[PT] nm17 text A Player
[PT] nm17 text I
[PT] nm17 show A
[PT] ds17 text A 20m
[PT] ds17 text I
[PT] ds17 show A
[PT] bx18 frame A 260,86 19x47
[PT] bx18 frame I
[PT] bx18 show A
[PT] nm18 text A Player
[PT] nm18 text I
[PT] nm18 show A
[PT] ds18 text A 17m
[PT] ds18 text I
[PT] ds18 show A
[PT] tick 101 enemies=49
[PT] bx0 frame A 39,196 26x66
[PT] bx0 frame I
[PT] bx1 frame A 797,115 9x23
[PT] bx1 frame I
[PT] bx2 frame A 773,114 9x22
[PT] bx2 frame I
[PT] bx3 frame A 733,112 8x20
[PT] bx3 frame I
[PT] bx4 frame A 734,110 7x18
[PT] bx4 frame I
[PT] bx5 frame A 102,125 9x23
[PT] bx5 frame I
[PT] bx6 frame A 52,165 51x128
[PT] bx6 frame I
[PT] bx7 frame A 79,101 10x24
[PT] bx7 frame I
[PT] ds7 text A 43m
[PT] ds7 text I
[PT] bx8 frame A 103,112 6x16
[PT] bx8 frame I
[PT] bx9 frame A 676,78 3x7
[PT] bx9 frame I
[PT] bx10 frame A 712,76 3x7
[PT] bx10 frame I
[PT] bx11 frame A 534,121 8x20
[PT] bx11 frame I
[PT] bx12 frame A 248,64 2x6
[PT] bx12 frame I
[PT] bx13 frame A 804,110 8x19
[PT] bx13 frame I
[PT] bx14 frame A 131,116 18x45
[PT] bx14 frame I
[PT] bx15 frame A 805,108 7x18
[PT] bx15 frame I
[PT] bx16 frame A 390,116 11x26
[PT] bx16 frame I
[PT] bx17 frame A 886,100 8x21
[PT] bx17 frame I
[PT] ds17 text A 53m
[PT] ds17 text I
[PT] bx18 frame A 176,116 17x44
[PT] bx18 frame I
[PT] ds18 text A 20m
[PT] ds18 text I
[PT] bx19 frame A 861,114 10x24
[PT] bx19 frame I
[PT] bx19 show A
[PT] nm19 text A Player
[PT] nm19 text I
[PT] nm19 show A
[PT] ds19 text A 44m
[PT] ds19 text I
[PT] ds19 show A
[PT] bx20 frame A 202,118 19x48
[PT] bx20 frame I
[PT] bx20 show A
[PT] nm20 text A Player
[PT] nm20 text I
[PT] nm20 show A
[PT] ds20 text A 17m
[PT] ds20 text I
[PT] ds20 show A
[PT] tick 102 enemies=49
[PT] bx0 frame A 742,123 9x22
[PT] bx0 frame I
[PT] nm0 text A Player
[PT] nm0 text I
[PT] ds0 text A 42m
[PT] ds0 text I
[PT] bx1 frame A 720,123 8x21
[PT] bx1 frame I
[PT] ds1 text A 44m
[PT] ds1 text I
[PT] bx2 frame A 683,121 8x19
[PT] bx2 frame I
[PT] ds2 text A 46m
[PT] ds2 text I
[PT] bx3 frame A 684,119 7x17
[PT] bx3 frame I
[PT] ds3 text A 52m
[PT] ds3 text I
[PT] bx4 frame A 37,137 10x24
[PT] bx4 frame I
[PT] ds4 text A 44m
[PT] ds4 text I
[PT] bx5 frame A -21,179 56x141
[PT] bx5 frame I
[PT] ds5 text A 6m
[PT] ds5 text I
[PT] bx6 frame A 19,118 10x25
[PT] bx6 frame I
[PT] ds6 text A 44m
[PT] ds6 text I
[PT] bx7 frame A 38,123 7x17
[PT] bx7 frame I
[PT] nm7 text A BOT
[PT] nm7 text I
[PT] ds7 text A 64m
[PT] ds7 text I
[PT] bx8 frame A 628,88 3x6
[PT] bx8 frame I
[PT] nm8 text A Player
[PT] nm8 text I
[PT] ds8 text A 141m
[PT] ds8 text I
[PT] bx9 frame A 662,87 3x7
[PT] bx9 frame I
[PT] ds9 text A 132m
[PT] ds9 text I
[PT] bx10 frame A 495,131 8x20
[PT] bx10 frame I
[PT] ds10 text A 40m
[PT] ds10 text I
[PT] bx11 frame A 199,73 2x6
[PT] bx11 frame I
[PT] ds11 text A 160m
[PT] ds11 text I
[PT] bx12 frame A 747,119 7x18
[PT] bx12 frame I
[PT] ds12 text A 52m
[PT] ds12 text I
[PT] bx13 frame A 70,127 19x47
[PT] bx13 frame I
[PT] ds13 text A 21m
[PT] ds13 text I
[PT] bx14 frame A 748,117 7x17
[PT] bx14 frame I
[PT] ds14 text A 57m
[PT] ds14 text I
[PT] bx15 frame A 351,126 11x27
[PT] bx15 frame I
[PT] ds15 text A 30m
[PT] ds15 text I
[PT] bx16 frame A 822,109 8x20
[PT] bx16 frame I
[PT] ds16 text A 52m
[PT] ds16 text I
[PT] bx17 frame A 121,126 18x46
[PT] bx17 frame I
[PT] ds17 text A 20m
[PT] ds17 text I
[PT] bx18 frame A 798,122 9x22
[PT] bx18 frame I
[PT] ds18 text A 44m
[PT] ds18 text I
[PT] bx19 frame A 150,129 20x51
[PT] bx19 frame I
[PT] ds19 text A 17m
[PT] ds19 text I
[PT] bx20 hide A
[PT] nm20 hide A
[PT] ds20 hide A
[PT] tick 103 enemies=49
[PT] bx0 frame A 653,137 2x4
[PT] bx0 frame I
[PT] nm0 text A BOT
[PT] nm0 text I
[PT] ds0 text A 208m
[PT] ds0 text I
[PT] bx1 frame A 483,122 8x19
[PT] bx1 frame I
[PT] ds1 text A 42m
[PT] ds1 text I
[PT] bx2 frame A 466,121 7x18
[PT] bx2 frame I
[PT] ds2 text A 43m
[PT] ds2 text I
[PT] bx3 frame A 436,120 7x17
[PT] bx3 frame I
[PT] ds3 text A 46m
[PT] ds3 text I
[PT] bx4 frame A 435,119 6x16
[PT] bx4 frame I
[PT] ds4 text A 51m
[PT] ds4 text I
[PT] bx5 frame A 821,122 6x15
[PT] bx5 frame I
[PT] ds5 text A 66m
[PT] ds5 text I
[PT] bx6 frame A 750,125 10x25
[PT] bx6 frame I
[PT] ds6 text A 38m
[PT] ds6 text I
[PT] bx7 frame A 378,90 2x6
[PT] bx7 frame I
[PT] nm7 text A Player
[PT] nm7 text I
[PT] ds7 text A 141m
[PT] ds7 text I
[PT] bx8 frame A 408,89 3x7
[PT] bx8 frame I
[PT] ds8 text A 131m
[PT] ds8 text I
[PT] bx9 frame A 249,134 9x22
[PT] bx9 frame I
[PT] ds9 text A 40m
[PT] ds9 text I
[PT] bx10 frame A 485,118 6x16
[PT] bx10 frame I
[PT] ds10 text A 51m
[PT] ds10 text I
[PT] bx11 frame A 484,116 6x14
[PT] bx11 frame I
[PT] ds11 text A 56m
[PT] ds11 text I
[PT] bx12 frame A 44,134 14x35
[PT] bx12 frame I
[PT] ds12 text A 29m
[PT] ds12 text I
[PT] bx13 frame A 537,109 6x16
[PT] bx13 frame I
[PT] ds13 text A 51m
[PT] ds13 text I
[PT] bx14 frame A 521,120 7x19
[PT] bx14 frame I
[PT] ds14 text A 43m
[PT] ds14 text I
[PT] bx15 hide A
[PT] nm15 hide A
[PT] ds15 hide A
[PT] bx16 hide A
[PT] nm16 hide A
[PT] ds16 hide A
[PT] bx17 hide A
[PT] nm17 hide A
[PT] ds17 hide A
[PT] bx18 hide A
[PT] nm18 hide A
[PT] ds18 hide A
[PT] bx19 hide A
[PT] nm19 hide A
[PT] ds19 hide A
[PT] tick 104 enemies=49
[PT] bx0 frame A 607,130 2x4
[PT] bx0 frame I
[PT] bx1 frame A 440,115 8x19
[PT] bx1 frame I
[PT] ds1 text A 41m
[PT] ds1 text I
[PT] bx2 frame A 423,115 8x19
[PT] bx2 frame I
[PT] bx3 frame A 392,114 7x18
[PT] bx3 frame I
[PT] ds3 text A 45m
[PT] ds3 text I
[PT] bx4 frame A 391,112 6x16
[PT] bx4 frame I
[PT] bx5 frame A 761,114 6x15
[PT] bx5 frame I
[PT] bx6 frame A 699,117 10x24
[PT] bx6 frame I
[PT] ds6 text A 37m
[PT] ds6 text I
[PT] bx7 frame A 332,83 3x6
[PT] bx7 frame I
[PT] ds7 text A 140m
[PT] ds7 text I
[PT] bx8 frame A 364,82 3x7
[PT] bx8 frame I
[PT] bx9 frame A 192,129 9x23
[PT] bx9 frame I
[PT] ds9 text A 39m
[PT] ds9 text I
[PT] bx10 frame A 442,111 6x16
[PT] bx10 frame I
[PT] bx11 frame A 442,110 6x15
[PT] bx11 frame I
[PT] bx12 frame A 496,102 6x16
[PT] bx12 frame I
[PT] ds12 text A 50m
[PT] ds12 text I
[PT] bx13 frame A 482,116 7x18
[PT] bx13 frame I
[PT] ds13 text A 43m
[PT] ds13 text I
[PT] bx14 hide A
[PT] nm14 hide A
[PT] ds14 hide A
[PT] tick 105 enemies=49
[PT] bx0 frame A 623,112 2x4
[PT] bx0 frame I
[PT] ds0 text A 207m
[PT] ds0 text I
[PT] bx1 frame A 449,97 8x20
[PT] bx1 frame I
[PT] bx2 frame A 432,97 8x19
[PT] bx2 frame I
[PT] ds2 text A 42m
[PT] ds2 text I
[PT] bx3 frame A 401,96 7x18
[PT] bx3 frame I
[PT] bx4 frame A 401,94 7x17
[PT] bx4 frame I
[PT] ds4 text A 50m
[PT] ds4 text I
[PT] bx5 frame A 782,96 6x15
[PT] bx5 frame I
[PT] ds5 text A 65m
[PT] ds5 text I
[PT] bx6 frame A 717,100 10x25
[PT] bx6 frame I
[PT] bx7 frame A 344,64 3x6
[PT] bx7 frame I
[PT] bx8 frame A 375,63 3x7
[PT] bx8 frame I
[PT] ds8 text A 130m
[PT] ds8 text I
[PT] bx9 frame A 200,111 9x23
[PT] bx9 frame I
[PT] bx10 frame A 452,93 7x16
[PT] bx10 frame I
[PT] bx11 frame A 452,92 6x15
[PT] bx11 frame I
[PT] ds11 text A 55m
[PT] ds11 text I
[PT] bx12 frame A 509,86 7x17
[PT] bx12 frame I
[PT] bx13 frame A 495,98 8x19
[PT] bx13 frame I
[PT] tick 106 enemies=49
[PT] bx0 frame A 639,105 2x4
[PT] bx0 frame I
[PT] bx1 frame A 462,90 8x20
[PT] bx1 frame I
[PT] ds1 text A 40m
[PT] ds1 text I
[PT] bx2 frame A 445,90 8x20
[PT] bx2 frame I
[PT] bx3 frame A 413,89 7x19
[PT] bx3 frame I
[PT] ds3 text A 44m
[PT] ds3 text I
[PT] bx4 frame A 414,87 7x17
[PT] bx4 frame I
[PT] bx5 frame A 805,89 6x16
[PT] bx5 frame I
[PT] bx6 frame A 738,94 10x26
[PT] bx6 frame I
[PT] ds6 text A 36m
[PT] ds6 text I
[PT] bx7 frame A 358,56 3x7
[PT] bx7 frame I
[PT] bx8 frame A 389,55 3x7
[PT] bx8 frame I
[PT] bx9 frame A 212,104 9x23
[PT] bx9 frame I
[PT] bx10 frame A 465,86 7x17
[PT] bx10 frame I
[PT] ds10 text A 50m
[PT] ds10 text I
[PT] bx11 frame A 465,84 6x15
[PT] bx11 frame I
[PT] bx12 frame A 525,81 7x17
[PT] bx12 frame I
[PT] ds12 text A 49m
[PT] ds12 text I
[PT] bx13 frame A 513,91 8x19
[PT] bx13 frame I
[PT] tick 107 enemies=49
[PT] bx0 frame A 644,103 2x4
[PT] bx0 frame I
[PT] ds0 text A 206m
[PT] ds0 text I
[PT] bx1 frame A 465,88 8x20
[PT] bx1 frame I
[PT] bx2 frame A 447,88 8x20
[PT] bx2 frame I
[PT] ds2 text A 41m
[PT] ds2 text I
[PT] bx3 frame A 416,87 8x19
[PT] bx3 frame I
[PT] bx4 frame A 416,85 7x17
[PT] bx4 frame I
[PT] ds4 text A 49m
[PT] ds4 text I
[PT] bx5 frame A 813,87 6x16
[PT] bx5 frame I
[PT] bx6 frame A 746,92 11x26
[PT] bx6 frame I
[PT] bx7 frame A 361,54 3x7
[PT] bx7 frame I
[PT] ds7 text A 139m
[PT] ds7 text I
[PT] bx8 frame A 392,53 3x7
[PT] bx8 frame I
[PT] ds8 text A 129m
[PT] ds8 text I
[PT] bx9 frame A 212,102 9x24
[PT] bx9 frame I
[PT] bx10 frame A 468,84 7x17
[PT] bx10 frame I
[PT] bx11 frame A 469,82 6x15
[PT] bx11 frame I
[PT] ds11 text A 54m
[PT] ds11 text I
[PT] bx12 frame A 530,81 7x17
[PT] bx12 frame I
[PT] ds12 text A 48m
[PT] ds12 text I
[PT] bx13 frame A 518,89 8x19
[PT] bx13 frame I
[PT] ds13 text A 42m
[PT] ds13 text I
[PT] tick 108 enemies=49
[PT] bx0 frame A 642,104 2x4
[PT] bx0 frame I
[PT] bx1 frame A 463,89 8x21
[PT] bx1 frame I
[PT] ds1 text A 39m
[PT] ds1 text I
[PT] bx2 frame A 446,89 8x20
[PT] bx2 frame I
[PT] bx3 frame A 414,88 8x19
[PT] bx3 frame I
[PT] ds3 text A 43m
[PT] ds3 text I
[PT] bx4 frame A 414,86 7x17
[PT] bx4 frame I
[PT] bx5 frame A 814,89 6x16
[PT] bx5 frame I
[PT] ds5 text A 64m
[PT] ds5 text I
[PT] bx6 frame A 749,93 11x27
[PT] bx6 frame I
[PT] ds6 text A 35m
[PT] ds6 text I
[PT] bx7 frame A 359,55 3x7
[PT] bx7 frame I
[PT] bx8 frame A 391,54 3x7
[PT] bx8 frame I
[PT] bx9 frame A 207,104 10x24
[PT] bx9 frame I
[PT] ds9 text A 38m
[PT] ds9 text I
[PT] bx10 frame A 467,85 7x17
[PT] bx10 frame I
[PT] ds10 text A 49m
[PT] ds10 text I
[PT] bx11 frame A 469,83 6x15
[PT] bx11 frame I
[PT] bx12 frame A 531,85 7x18
[PT] bx12 frame I
[PT] ds12 text A 47m
[PT] ds12 text I
[PT] bx13 frame A 516,90 8x20
[PT] bx13 frame I
[PT] tick 109 enemies=49
[PT] bx0 frame A 643,109 2x4
[PT] bx0 frame I
[PT] bx1 frame A 464,94 8x21
[PT] bx1 frame I
[PT] bx2 frame A 446,93 8x20
[PT] bx2 frame I
[PT] ds2 text A 40m
[PT] ds2 text I
[PT] bx3 frame A 414,92 8x19
[PT] bx3 frame I
[PT] bx4 frame A 414,90 7x17
[PT] bx4 frame I
[PT] ds4 text A 48m
[PT] ds4 text I
[PT] bx5 frame A 817,93 6x16
[PT] bx5 frame I
[PT] bx6 frame A 753,98 11x27
[PT] bx6 frame I
[PT] bx7 frame A 360,59 3x7
[PT] bx7 frame I
[PT] ds7 text A 138m
[PT] ds7 text I
[PT] bx8 frame A 391,59 3x7
[PT] bx8 frame I
[PT] ds8 text A 128m
[PT] ds8 text I
[PT] bx9 frame A 205,108 10x24
[PT] bx9 frame I
[PT] bx10 frame A 467,89 7x17
[PT] bx10 frame I
[PT] bx11 frame A 473,88 6x15
[PT] bx11 frame I
[PT] bx12 frame A 533,90 7x18
[PT] bx12 frame I
[PT] bx13 frame A 516,95 8x20
[PT] bx13 frame I
[PT] tick 110 enemies=50
[PT] bx0 frame A 632,113 2x4
[PT] bx0 frame I
[PT] ds0 text A 205m
[PT] ds0 text I
[PT] bx1 frame A 455,98 8x21
[PT] bx1 frame I
[PT] bx2 frame A 437,98 8x20
[PT] bx2 frame I
[PT] bx3 frame A 404,97 8x19
[PT] bx3 frame I
[PT] bx4 frame A 405,95 7x17
[PT] bx4 frame I
[PT] bx5 frame A 804,97 6x16
[PT] bx5 frame I
[PT] bx6 frame A 744,102 11x27
[PT] bx6 frame I
[PT] bx7 frame A 349,64 3x7
[PT] bx7 frame I
[PT] bx8 frame A 381,63 3x7
[PT] bx8 frame I
[PT] bx9 frame A 190,113 10x25
[PT] bx9 frame I
[PT] ds9 text A 37m
[PT] ds9 text I
[PT] bx10 frame A 456,94 7x17
[PT] bx10 frame I
[PT] ds10 text A 48m
[PT] ds10 text I
[PT] bx11 frame A 465,92 6x15
[PT] bx11 frame I
[PT] bx12 frame A 523,94 7x18
[PT] bx12 frame I
[PT] ds12 text A 46m
[PT] ds12 text I
[PT] bx13 frame A 507,99 8x20
[PT] bx13 frame I
[PT] ds13 text A 41m
[PT] ds13 text I
[PT] tick 111 enemies=50
[PT] bx0 frame A 600,126 2x4
[PT] bx0 frame I
[PT] ds0 text A 204m
[PT] ds0 text I
[PT] bx1 frame A 426,111 9x22
[PT] bx1 frame I
[PT] ds1 text A 37m
[PT] ds1 text I
[PT] bx2 frame A 407,111 8x21
[PT] bx2 frame I
[PT] ds2 text A 38m
[PT] ds2 text I
[PT] bx3 frame A 373,110 8x20
[PT] bx3 frame I
[PT] ds3 text A 41m
[PT] ds3 text I
[PT] bx4 frame A 374,108 7x18
[PT] bx4 frame I
[PT] ds4 text A 46m
[PT] ds4 text I
[PT] bx5 frame A 770,110 6x16
[PT] bx5 frame I
[PT] ds5 text A 62m
[PT] ds5 text I
[PT] bx6 frame A 719,114 11x27
[PT] bx6 frame I
[PT] ds6 text A 33m
[PT] ds6 text I
[PT] bx7 frame A 317,78 3x7
[PT] bx7 frame I
[PT] ds7 text A 136m
[PT] ds7 text I
[PT] bx8 frame A 350,77 3x7
[PT] bx8 frame I
[PT] ds8 text A 126m
[PT] ds8 text I
[PT] bx9 frame A 138,128 11x27
[PT] bx9 frame I
[PT] ds9 text A 36m
[PT] ds9 text I
[PT] bx10 frame A 421,107 7x17
[PT] bx10 frame I
[PT] ds10 text A 46m
[PT] ds10 text I
[PT] bx11 frame A 439,105 6x15
[PT] bx11 frame I
[PT] ds11 text A 53m
[PT] ds11 text I
[PT] bx12 frame A 499,107 7x18
[PT] bx12 frame I
[PT] bx13 frame A 479,112 8x20
[PT] bx13 frame I
[PT] ds13 text A 40m
[PT] ds13 text I
[PT] tick 112 enemies=50
[PT] bx0 frame A 595,134 2x4
[PT] bx0 frame I
[PT] ds0 text A 203m
[PT] ds0 text I
[PT] bx1 frame A 421,118 9x22
[PT] bx1 frame I
[PT] ds1 text A 36m
[PT] ds1 text I
[PT] bx2 frame A 402,118 8x21
[PT] bx2 frame I
[PT] bx3 frame A 367,117 8x20
[PT] bx3 frame I
[PT] ds3 text A 40m
[PT] ds3 text I
[PT] bx4 frame A 368,115 7x18
[PT] bx4 frame I
[PT] bx5 frame A 765,117 6x16
[PT] bx5 frame I
[PT] bx6 frame A 716,121 11x27
[PT] bx6 frame I
[PT] bx7 frame A 311,85 3x7
[PT] bx7 frame I
[PT] bx8 frame A 344,84 3x7
[PT] bx8 frame I
[PT] bx9 frame A 126,135 11x27
[PT] bx9 frame I
[PT] bx10 frame A 416,114 7x17
[PT] bx10 frame I
[PT] bx11 frame A 434,113 6x15
[PT] bx11 frame I
[PT] ds11 text A 52m
[PT] ds11 text I
[PT] bx12 frame A 495,114 7x18
[PT] bx12 frame I
[PT] bx13 frame A 475,119 8x20
[PT] bx13 frame I
[PT] ds13 text A 39m
[PT] ds13 text I
[PT] tick 113 enemies=50
[PT] bx0 frame A 588,141 2x4
[PT] bx0 frame I
[PT] bx1 frame A 414,125 9x22
[PT] bx1 frame I
[PT] bx2 frame A 395,125 9x21
[PT] bx2 frame I
[PT] ds2 text A 37m
[PT] ds2 text I
[PT] bx3 frame A 360,124 8x20
[PT] bx3 frame I
[PT] bx4 frame A 361,122 7x18
[PT] bx4 frame I
[PT] ds4 text A 45m
[PT] ds4 text I
[PT] bx5 frame A 758,124 6x16
[PT] bx5 frame I
[PT] bx6 frame A 711,127 11x27
[PT] bx6 frame I
[PT] ds6 text A 32m
[PT] ds6 text I
[PT] bx7 frame A 304,93 3x7
[PT] bx7 frame I
[PT] ds7 text A 135m
[PT] ds7 text I
[PT] bx8 frame A 338,92 3x7
[PT] bx8 frame I
[PT] ds8 text A 125m
[PT] ds8 text I
[PT] bx9 frame A 113,143 11x28
[PT] bx9 frame I
[PT] ds9 text A 35m
[PT] ds9 text I
[PT] bx10 frame A 411,121 7x17
[PT] bx10 frame I
[PT] bx11 frame A 428,120 6x16
[PT] bx11 frame I
[PT] bx12 frame A 492,121 7x17
[PT] bx12 frame I
[PT] bx13 frame A 469,123 8x20
[PT] bx13 frame I
[PT] tick 114 enemies=50
[PT] bx0 frame A 581,145 2x4
[PT] bx0 frame I
[PT] ds0 text A 202m
[PT] ds0 text I
[PT] bx1 frame A 407,129 9x22
[PT] bx1 frame I
[PT] bx2 frame A 388,129 9x22
[PT] bx2 frame I
[PT] bx3 frame A 352,128 8x20
[PT] bx3 frame I
[PT] bx4 frame A 353,127 7x18
[PT] bx4 frame I
[PT] bx5 frame A 750,128 6x15
[PT] bx5 frame I
[PT] ds5 text A 61m
[PT] ds5 text I
[PT] bx6 frame A 706,131 11x27
[PT] bx6 frame I
[PT] bx7 frame A 297,97 3x7
[PT] bx7 frame I
[PT] bx8 frame A 330,96 3x7
[PT] bx8 frame I
[PT] bx9 frame A 98,147 11x28
[PT] bx9 frame I
[PT] bx10 frame A 405,125 7x18
[PT] bx10 frame I
[PT] ds10 text A 45m
[PT] ds10 text I
[PT] bx11 frame A 421,124 6x16
[PT] bx11 frame I
[PT] bx12 frame A 491,125 7x18
[PT] bx12 frame I
[PT] ds12 text A 45m
[PT] ds12 text I
[PT] bx13 frame A 462,127 8x21
[PT] bx13 frame I
[PT] ds13 text A 38m
[PT] ds13 text I
[PT] tick 115 enemies=50
[PT] bx0 frame A 574,151 2x4
[PT] bx0 frame I
[PT] bx1 frame A 400,135 9x22
[PT] bx1 frame I
[PT] ds1 text A 35m
[PT] ds1 text I
[PT] bx2 frame A 380,135 9x22
[PT] bx2 frame I
[PT] ds2 text A 36m
[PT] ds2 text I
[PT] bx3 frame A 344,134 8x21
[PT] bx3 frame I
[PT] ds3 text A 39m
[PT] ds3 text I
[PT] bx4 frame A 345,132 7x18
[PT] bx4 frame I
[PT] ds4 text A 44m
[PT] ds4 text I
[PT] bx5 frame A 743,134 6x15
[PT] bx5 frame I
[PT] bx6 frame A 702,137 11x28
[PT] bx6 frame I
[PT] bx7 frame A 288,103 3x7
[PT] bx7 frame I
[PT] ds7 text A 134m
[PT] ds7 text I
[PT] bx8 frame A 322,102 3x7
[PT] bx8 frame I
[PT] bx9 frame A 81,153 12x29
[PT] bx9 frame I
[PT] ds9 text A 34m
[PT] ds9 text I
[PT] bx10 frame A 398,131 7x18
[PT] bx10 frame I
[PT] ds10 text A 44m
[PT] ds10 text I
[PT] bx11 frame A 414,130 6x16
[PT] bx11 frame I
[PT] ds11 text A 51m
[PT] ds11 text I
[PT] bx12 frame A 487,131 7x18
[PT] bx12 frame I
[PT] bx13 frame A 458,133 8x21
[PT] bx13 frame I
[PT] tick 116 enemies=50
[PT] bx0 frame A 566,153 2x4
[PT] bx0 frame I
[PT] ds0 text A 201m
[PT] ds0 text I
[PT] bx1 frame A 391,137 9x23
[PT] bx1 frame I
[PT] bx2 frame A 371,136 9x22
[PT] bx2 frame I
[PT] bx3 frame A 335,136 8x21
[PT] bx3 frame I
[PT] bx4 frame A 336,134 7x19
[PT] bx4 frame I
[PT] bx5 frame A 735,135 6x15
[PT] bx5 frame I
[PT] ds5 text A 60m
[PT] ds5 text I
[PT] bx6 frame A 695,138 11x28
[PT] bx6 frame I
[PT] ds6 text A 31m
[PT] ds6 text I
[PT] bx7 frame A 279,105 3x7
[PT] bx7 frame I
[PT] bx8 frame A 313,104 3x7
[PT] bx8 frame I
[PT] ds8 text A 124m
[PT] ds8 text I
[PT] bx9 frame A 62,155 12x30
[PT] bx9 frame I
[PT] bx10 frame A 392,133 7x18
[PT] bx10 frame I
[PT] bx11 frame A 406,131 6x16
[PT] bx11 frame I
[PT] bx12 frame A 479,132 7x17
[PT] bx12 frame I
[PT] bx13 frame A 457,134 8x21
[PT] bx13 frame I
[PT] ds13 text A 37m
[PT] ds13 text I
[PT] tick 117 enemies=50
[PT] bx0 frame A 511,149 2x4
[PT] bx0 frame I
[PT] bx1 frame A 338,134 9x24
[PT] bx1 frame I
[PT] ds1 text A 34m
[PT] ds1 text I
[PT] bx2 frame A 316,133 9x23
[PT] bx2 frame I
[PT] ds2 text A 35m
[PT] ds2 text I
[PT] bx3 frame A 276,133 9x22
[PT] bx3 frame I
[PT] ds3 text A 38m
[PT] ds3 text I
[PT] bx4 frame A 277,131 8x20
[PT] bx4 frame I
[PT] ds4 text A 43m
[PT] ds4 text I
[PT] bx5 frame A 671,131 6x15
[PT] bx5 frame I
[PT] bx6 frame A 640,134 11x27
[PT] bx6 frame I
[PT] bx7 frame A 212,100 3x7
[PT] bx7 frame I
[PT] ds7 text A 133m
[PT] ds7 text I
[PT] bx8 frame A 250,99 3x7
[PT] bx8 frame I
[PT] bx9 frame A 888,132 10x24
[PT] bx9 frame I
[PT] ds9 text A 45m
[PT] ds9 text I
[PT] bx10 frame A 342,129 8x19
[PT] bx10 frame I
[PT] ds10 text A 43m
[PT] ds10 text I
[PT] bx11 frame A 351,128 7x16
[PT] bx11 frame I
[PT] ds11 text A 50m
[PT] ds11 text I
[PT] bx12 frame A 430,129 7x18
[PT] bx12 frame I
[PT] bx13 frame A 411,131 9x21
[PT] bx13 frame I
[PT] tick 118 enemies=50
[PT] bx0 frame A 381,152 2x4
[PT] bx0 frame I
[PT] bx1 frame A 196,138 11x27
[PT] bx1 frame I
[PT] bx2 frame A 168,138 11x26
[PT] bx2 frame I
[PT] bx3 frame A 114,137 10x26
[PT] bx3 frame I
[PT] bx4 frame A 113,136 9x23
[PT] bx4 frame I
[PT] bx5 frame A 536,132 5x14
[PT] bx5 frame I
[PT] bx6 frame A 516,135 10x25
[PT] bx6 frame I
[PT] bx7 frame A 774,136 11x27
[PT] bx7 frame I
[PT] ds7 text A 34m
[PT] ds7 text I
[PT] bx8 frame A 9,98 4x9
[PT] bx8 frame I
[PT] ds8 text A 133m
[PT] ds8 text I
[PT] bx9 frame A 65,98 4x9
[PT] bx9 frame I
[PT] ds9 text A 123m
[PT] ds9 text I
[PT] bx10 frame A 706,132 8x20
[PT] bx10 frame I
[PT] ds10 text A 45m
[PT] ds10 text I
[PT] bx11 frame A 197,133 8x21
[PT] bx11 frame I
[PT] ds11 text A 43m
[PT] ds11 text I
[PT] bx12 frame A 208,131 7x18
[PT] bx12 frame I
[PT] ds12 text A 50m
[PT] ds12 text I
[PT] bx13 frame A 885,194 26x65
[PT] bx13 frame I
[PT] ds13 text A 15m
[PT] ds13 text I
[PT] bx14 frame A 305,131 7x19
[PT] bx14 frame I
[PT] bx14 show A
[PT] nm14 show A
[PT] ds14 text A 45m
[PT] ds14 text I
[PT] ds14 show A
[PT] bx15 frame A 286,134 9x23
[PT] bx15 frame I
[PT] bx15 show A
[PT] nm15 show A
[PT] ds15 text A 37m
[PT] ds15 text I
[PT] ds15 show A
[PT] bx16 frame A 761,124 10x25
[PT] bx16 frame I
[PT] bx16 show A
[PT] nm16 show A
[PT] ds16 text A 38m
[PT] ds16 text I
[PT] ds16 show A
[PT] tick 119 enemies=50
[PT] bx0 frame A 373,156 2x4
[PT] bx0 frame I
[PT] ds0 text A 200m
[PT] ds0 text I
[PT] bx1 frame A 189,142 11x27
[PT] bx1 frame I
[PT] ds1 text A 33m
[PT] ds1 text I
[PT] bx2 frame A 161,142 11x27
[PT] bx2 frame I
[PT] ds2 text A 34m
[PT] ds2 text I
[PT] bx3 frame A 105,142 11x27
[PT] bx3 frame I
[PT] ds3 text A 37m
[PT] ds3 text I
[PT] bx4 frame A 103,140 9x23
[PT] bx4 frame I
[PT] ds4 text A 42m
[PT] ds4 text I
[PT] bx5 frame A 530,134 5x14
[PT] bx5 frame I
[PT] bx6 frame A 514,139 10x25
[PT] bx6 frame I
[PT] ds6 text A 30m
[PT] ds6 text I
[PT] bx7 frame A 771,140 11x27
[PT] bx7 frame I
[PT] bx8 frame A 51,101 4x9
[PT] bx8 frame I
[PT] ds8 text A 123m
[PT] ds8 text I
[PT] bx9 frame A 701,136 8x20
[PT] bx9 frame I
[PT] ds9 text A 45m
[PT] ds9 text I
[PT] bx10 frame A 187,137 9x21
[PT] bx10 frame I
[PT] ds10 text A 43m
[PT] ds10 text I
[PT] bx11 frame A 202,135 7x19
[PT] bx11 frame I
[PT] ds11 text A 49m
[PT] ds11 text I
[PT] bx12 frame A 897,198 26x65
[PT] bx12 frame I
[PT] ds12 text A 15m
[PT] ds12 text I
[PT] bx13 frame A 304,132 7x19
[PT] bx13 frame I
[PT] ds13 text A 45m
[PT] ds13 text I
[PT] bx14 frame A 278,138 9x23
[PT] bx14 frame I
[PT] ds14 text A 37m
[PT] ds14 text I
[PT] bx15 frame A 757,127 10x25
[PT] bx15 frame I
[PT] ds15 text A 38m
[PT] ds15 text I
[PT] bx16 hide A
[PT] nm16 hide A
[PT] ds16 hide A
[PT] tick 120 enemies=50
[PT] bx0 frame A 372,160 2x4
[PT] bx0 frame I
[PT] bx1 frame A 191,146 11x27
[PT] bx1 frame I
[PT] bx2 frame A 162,146 11x27
[PT] bx2 frame I
[PT] bx3 frame A 106,145 11x27
[PT] bx3 frame I
[PT] bx4 frame A 104,144 9x24
[PT] bx4 frame I
[PT] bx5 frame A 532,138 5x14
[PT] bx5 frame I
[PT] ds5 text A 59m
[PT] ds5 text I
[PT] bx6 frame A 518,143 10x26
[PT] bx6 frame I
[PT] bx7 frame A 774,144 11x27
[PT] bx7 frame I
[PT] bx8 frame A 50,105 4x9
[PT] bx8 frame I
[PT] ds8 text A 122m
[PT] ds8 text I
[PT] bx9 frame A 704,140 8x20
[PT] bx9 frame I
[PT] bx10 frame A 185,141 9x21
[PT] bx10 frame I
[PT] bx11 frame A 206,139 7x19
[PT] bx11 frame I
[PT] ds11 text A 48m
[PT] ds11 text I
[PT] bx12 frame A 916,202 26x66
[PT] bx12 frame I
[PT] bx13 frame A 310,132 7x18
[PT] bx13 frame I
[PT] bx14 frame A 279,142 9x23
[PT] bx14 frame I
[PT] bx15 frame A 761,131 10x25
[PT] bx15 frame I
[PT] tick 121 enemies=50
[PT] bx0 frame A 371,162 2x4
[PT] bx0 frame I
[PT] bx1 frame A 194,147 11x28
[PT] bx1 frame I
[PT] ds1 text A 32m
[PT] ds1 text I
[PT] bx2 frame A 164,147 11x27
[PT] bx2 frame I
[PT] bx3 frame A 107,147 11x27
[PT] bx3 frame I
[PT] ds3 text A 36m
[PT] ds3 text I
[PT] bx4 frame A 105,145 10x24
[PT] bx4 frame I
[PT] bx5 frame A 533,140 5x14
[PT] bx5 frame I
[PT] bx6 frame A 523,145 10x26
[PT] bx6 frame I
[PT] bx7 frame A 773,145 11x27
[PT] bx7 frame I
[PT] ds7 text A 35m
[PT] ds7 text I
[PT] bx8 frame A 47,107 4x9
[PT] bx8 frame I
[PT] bx9 frame A 708,142 8x20
[PT] bx9 frame I
[PT] bx10 frame A 185,142 9x21
[PT] bx10 frame I
[PT] bx11 frame A 209,141 8x19
[PT] bx11 frame I
[PT] bx12 frame A 314,133 7x18
[PT] bx12 frame I
[PT] ds12 text A 45m
[PT] ds12 text I
[PT] bx13 frame A 282,147 9x23
[PT] bx13 frame I
[PT] ds13 text A 36m
[PT] ds13 text I
[PT] bx14 frame A 767,133 10x25
[PT] bx14 frame I
[PT] ds14 text A 38m
[PT] ds14 text I
[PT] bx15 hide A
[PT] nm15 hide A
[PT] ds15 hide A
[PT] tick 122 enemies=50
[PT] ds0 text A 199m
[PT] ds0 text I
[PT] bx1 frame A 197,147 11x28
[PT] bx1 frame I
[PT] bx2 frame A 167,147 11x28
[PT] bx2 frame I
[PT] ds2 text A 33m
[PT] ds2 text I
[PT] bx3 frame A 108,147 11x27
[PT] bx3 frame I
[PT] bx4 frame A 106,145 10x24
[PT] bx4 frame I
[PT] ds4 text A 41m
[PT] ds4 text I
[PT] bx5 frame A 535,139 5x14
[PT] bx5 frame I
[PT] bx6 frame A 529,144 10x26
[PT] bx6 frame I
[PT] bx7 frame A 775,145 11x27
[PT] bx7 frame I
[PT] bx8 frame A 46,106 4x9
[PT] bx8 frame I
[PT] ds8 text A 121m
[PT] ds8 text I
[PT] bx9 frame A 713,141 8x20
[PT] bx9 frame I
[PT] bx11 frame A 213,140 8x19
[PT] bx11 frame I
[PT] ds11 text A 47m
[PT] ds11 text I
[PT] bx12 frame A 321,130 7x18
[PT] bx12 frame I
[PT] bx13 frame A 285,146 9x23
[PT] bx13 frame I
[PT] bx14 frame A 773,132 10x25
[PT] bx14 frame I
[PT] tick 123 enemies=50
[PT] bx0 frame A 369,160 2x4
[PT] bx0 frame I
[PT] bx1 frame A 199,145 11x28
[PT] bx1 frame I
[PT] ds1 text A 31m
[PT] ds1 text I
[PT] bx2 frame A 169,145 11x28
[PT] bx2 frame I
[PT] bx3 frame A 110,145 11x28
[PT] bx3 frame I
[PT] ds3 text A 35m
[PT] ds3 text I
[PT] bx4 frame A 106,143 10x24
[PT] bx4 frame I
[PT] bx5 frame A 537,138 5x14
[PT] bx5 frame I
[PT] bx6 frame A 534,142 10x26
[PT] bx6 frame I
[PT] bx7 frame A 780,143 11x27
[PT] bx7 frame I
[PT] bx8 frame A 44,104 4x9
[PT] bx8 frame I
[PT] bx9 frame A 717,139 8x20
[PT] bx9 frame I
[PT] bx10 frame A 189,140 9x21
[PT] bx10 frame I
[PT] bx11 frame A 213,139 8x19
[PT] bx11 frame I
[PT] bx12 frame A 326,128 7x18
[PT] bx12 frame I
[PT] bx13 frame A 287,145 9x23
[PT] bx13 frame I
[PT] ds13 text A 35m
[PT] ds13 text I
[PT] bx14 frame A 779,131 10x25
[PT] bx14 frame I
[PT] tick 124 enemies=50
[PT] bx0 frame A 367,159 2x4
[PT] bx0 frame I
[PT] bx1 frame A 200,145 11x29
[PT] bx1 frame I
[PT] ds2 text A 32m
[PT] ds2 text I
[PT] bx4 frame A 105,143 10x25
[PT] bx4 frame I
[PT] ds4 text A 40m
[PT] ds4 text I
[PT] bx6 frame A 539,142 11x26
[PT] bx6 frame I
[PT] bx7 frame A 787,142 11x26
[PT] bx7 frame I
[PT] ds7 text A 36m
[PT] ds7 text I
[PT] bx8 frame A 40,103 4x9
[PT] bx8 frame I
[PT] ds8 text A 120m
[PT] ds8 text I
[PT] bx9 frame A 720,139 8x20
[PT] bx9 frame I
[PT] bx10 frame A 193,139 9x22
[PT] bx10 frame I
[PT] ds10 text A 42m
[PT] ds10 text I
[PT] bx12 frame A 331,127 7x18
[PT] bx12 frame I
[PT] bx13 frame A 289,144 9x24
[PT] bx13 frame I
[PT] bx14 frame A 784,130 10x25
[PT] bx14 frame I
[PT] tick 125 enemies=50
[PT] bx0 frame A 366,159 2x4
[PT] bx0 frame I
[PT] ds0 text A 198m
[PT] ds0 text I
[PT] bx3 frame A 108,144 11x28
[PT] bx3 frame I
[PT] ds3 text A 34m
[PT] ds3 text I
[PT] bx5 frame A 536,137 5x14
[PT] bx5 frame I
[PT] bx6 frame A 543,142 11x26
[PT] bx6 frame I
[PT] ds6 text A 29m
[PT] ds6 text I
[PT] bx7 frame A 793,142 11x27
[PT] bx7 frame I
[PT] bx8 frame A 37,103 4x9
[PT] bx8 frame I
[PT] bx9 frame A 724,138 8x20
[PT] bx9 frame I
[PT] bx10 frame A 198,139 9x22
[PT] bx10 frame I
[PT] ds11 text A 46m
[PT] ds11 text I
[PT] bx12 frame A 336,127 7x18
[PT] bx12 frame I
[PT] bx13 frame A 290,144 10x24
[PT] bx13 frame I
[PT] bx14 frame A 789,129 10x25
[PT] bx14 frame I
[PT] tick 126 enemies=50
[PT] bx0 frame A 368,159 2x4
[PT] bx0 frame I
[PT] bx1 frame A 204,144 12x29
[PT] bx1 frame I
[PT] ds1 text A 30m
[PT] ds1 text I
[PT] bx2 frame A 173,144 12x29
[PT] bx2 frame I
[PT] ds2 text A 31m
[PT] ds2 text I
[PT] bx3 frame A 111,144 11x29
[PT] bx3 frame I
[PT] bx4 frame A 107,142 10x25
[PT] bx4 frame I
[PT] ds4 text A 39m
[PT] ds4 text I
[PT] bx6 frame A 549,141 11x27
[PT] bx6 frame I
[PT] bx7 frame A 802,141 11x27
[PT] bx7 frame I
[PT] bx8 frame A 39,103 4x9
[PT] bx8 frame I
[PT] ds8 text A 119m
[PT] ds8 text I
[PT] bx9 frame A 730,138 8x21
[PT] bx9 frame I
[PT] ds9 text A 44m
[PT] ds9 text I
[PT] bx10 frame A 203,139 9x22
[PT] bx10 frame I
[PT] bx11 frame A 215,138 8x20
[PT] bx11 frame I
[PT] bx12 frame A 342,128 7x18
[PT] bx12 frame I
[PT] bx13 frame A 293,144 10x24
[PT] bx13 frame I
[PT] ds13 text A 34m
[PT] ds13 text I
[PT] bx14 frame A 798,129 10x26
[PT] bx14 frame I
[PT] tick 127 enemies=50
[PT] bx0 frame A 371,159 2x4
[PT] bx0 frame I
[PT] ds0 text A 197m
[PT] ds0 text I
[PT] bx1 frame A 209,144 12x29
[PT] bx1 frame I
[PT] bx2 frame A 177,144 12x29
[PT] bx2 frame I
[PT] bx3 frame A 115,144 12x29
[PT] bx3 frame I
[PT] ds3 text A 33m
[PT] ds3 text I
[PT] bx4 frame A 111,142 10x25
[PT] bx4 frame I
[PT] bx5 frame A 539,137 6x14
[PT] bx5 frame I
[PT] bx6 frame A 556,141 11x27
[PT] bx6 frame I
[PT] bx7 frame A 815,141 11x27
[PT] bx7 frame I
[PT] bx8 frame A 43,103 4x9
[PT] bx8 frame I
[PT] bx9 frame A 739,138 8x21
[PT] bx9 frame I
[PT] bx10 frame A 214,139 9x22
[PT] bx10 frame I
[PT] ds10 text A 41m
[PT] ds10 text I
[PT] bx11 frame A 219,138 8x20
[PT] bx11 frame I
[PT] ds11 text A 45m
[PT] ds11 text I
[PT] bx12 frame A 351,129 7x18
[PT] bx12 frame I
[PT] ds12 text A 44m
[PT] ds12 text I
[PT] bx13 frame A 298,144 10x24
[PT] bx13 frame I
[PT] bx14 frame A 809,129 10x26
[PT] bx14 frame I
[PT] tick 128 enemies=50
[PT] bx0 frame A 373,160 2x4
[PT] bx0 frame I
[PT] bx1 frame A 213,144 12x30
[PT] bx1 frame I
[PT] ds1 text A 29m
[PT] ds1 text I
[PT] bx2 frame A 181,144 12x30
[PT] bx2 frame I
[PT] ds2 text A 30m
[PT] ds2 text I
[PT] bx3 frame A 118,143 12x29
[PT] bx3 frame I
[PT] bx4 frame A 114,142 10x25
[PT] bx4 frame I
[PT] ds4 text A 38m
[PT] ds4 text I
[PT] bx5 frame A 542,137 6x14
[PT] bx5 frame I
[PT] ds5 text A 58m
[PT] ds5 text I
[PT] bx6 frame A 565,141 11x27
[PT] bx6 frame I
[PT] ds6 text A 28m
[PT] ds6 text I
[PT] bx7 frame A 828,141 11x28
[PT] bx7 frame I
[PT] bx8 frame A 46,103 4x9
[PT] bx8 frame I
[PT] ds8 text A 118m
[PT] ds8 text I
[PT] bx9 frame A 748,138 8x21
[PT] bx9 frame I
[PT] bx10 frame A 222,138 9x22
[PT] bx10 frame I
[PT] bx11 frame A 223,137 8x20
[PT] bx11 frame I
[PT] bx12 frame A 359,129 7x18
[PT] bx12 frame I
[PT] bx13 frame A 303,143 10x24
[PT] bx13 frame I
[PT] ds13 text A 33m
[PT] ds13 text I
[PT] bx14 frame A 821,128 11x26
[PT] bx14 frame I
[PT] tick 129 enemies=50
[PT] bx0 frame A 375,159 2x4
[PT] bx0 frame I
[PT] bx1 frame A 216,144 12x30
[PT] bx1 frame I
[PT] bx2 frame A 184,144 12x30
[PT] bx2 frame I
[PT] bx3 frame A 120,143 12x30
[PT] bx3 frame I
[PT] bx4 frame A 116,141 10x26
[PT] bx4 frame I
[PT] bx5 frame A 543,136 6x14
[PT] bx5 frame I
[PT] bx6 frame A 573,141 11x28
[PT] bx6 frame I
[PT] bx7 frame A 841,141 11x28
[PT] bx7 frame I
[PT] bx8 frame A 48,102 4x9
[PT] bx8 frame I
[PT] bx9 frame A 757,138 9x21
[PT] bx9 frame I
[PT] bx10 frame A 231,138 9x22
[PT] bx10 frame I
[PT] ds10 text A 40m
[PT] ds10 text I
[PT] bx11 frame A 225,137 8x20
[PT] bx11 frame I
[PT] ds11 text A 44m
[PT] ds11 text I
[PT] bx12 frame A 369,128 7x19
[PT] bx12 frame I
[PT] bx13 frame A 307,143 10x25
[PT] bx13 frame I
[PT] bx14 frame A 833,128 11x27
[PT] bx14 frame I
[PT] tick 130 enemies=50
[PT] bx0 frame A 371,158 2x4
[PT] bx0 frame I
[PT] ds0 text A 196m
[PT] ds0 text I
[PT] bx1 frame A 213,143 12x31
[PT] bx1 frame I
[PT] ds1 text A 28m
[PT] ds1 text I
[PT] bx2 frame A 180,143 12x30
[PT] bx2 frame I
[PT] ds2 text A 29m
[PT] ds2 text I
[PT] bx3 frame A 115,143 12x30
[PT] bx3 frame I
[PT] ds3 text A 32m
[PT] ds3 text I
[PT] bx4 frame A 110,141 10x26
[PT] bx4 frame I
[PT] ds4 text A 37m
[PT] ds4 text I
[PT] bx5 frame A 541,135 6x14
[PT] bx5 frame I
[PT] ds5 text A 57m
[PT] ds5 text I
[PT] bx6 frame A 574,140 11x28
[PT] bx6 frame I
[PT] bx7 frame A 843,140 11x28
[PT] bx7 frame I
[PT] bx8 frame A 41,101 4x10
[PT] bx8 frame I
[PT] bx10 frame A 234,137 9x22
[PT] bx10 frame I
[PT] bx11 frame A 222,137 8x20
[PT] bx11 frame I
[PT] bx12 frame A 373,127 7x19
[PT] bx12 frame I
[PT] ds12 text A 43m
[PT] ds12 text I
[PT] bx13 frame A 305,143 10x25
[PT] bx13 frame I
[PT] ds13 text A 32m
[PT] ds13 text I
[PT] bx14 frame A 835,127 11x27
[PT] bx14 frame I
[PT] tick 131 enemies=50
[PT] bx0 frame A 367,156 2x4
[PT] bx0 frame I
[PT] bx1 frame A 209,141 13x31
[PT] bx1 frame I
[PT] bx2 frame A 175,141 12x31
[PT] bx2 frame I
[PT] bx3 frame A 108,141 12x31
[PT] bx3 frame I
[PT] bx4 frame A 103,139 11x27
[PT] bx4 frame I
[PT] bx5 frame A 541,133 6x14
[PT] bx5 frame I
[PT] bx6 frame A 575,138 11x28
[PT] bx6 frame I
[PT] bx7 frame A 845,138 11x29
[PT] bx7 frame I
[PT] ds7 text A 35m
[PT] ds7 text I
[PT] bx8 frame A 32,99 4x10
[PT] bx8 frame I
[PT] ds8 text A 117m
[PT] ds8 text I
[PT] bx9 frame A 757,135 9x21
[PT] bx9 frame I
[PT] bx10 frame A 236,135 9x22
[PT] bx10 frame I
[PT] ds10 text A 39m
[PT] ds10 text I
[PT] bx11 frame A 217,134 8x21
[PT] bx11 frame I
[PT] bx13 frame A 302,141 10x25
[PT] bx13 frame I
[PT] bx14 frame A 836,125 11x27
[PT] bx14 frame I
[PT] tick 132 enemies=50
[PT] bx0 frame A 359,153 2x4
[PT] bx0 frame I
[PT] ds0 text A 195m
[PT] ds0 text I
[PT] bx1 frame A 199,138 13x32
[PT] bx1 frame I
[PT] ds1 text A 27m
[PT] ds1 text I
[PT] bx2 frame A 164,138 13x32
[PT] bx2 frame I
[PT] bx3 frame A 94,138 13x32
[PT] bx3 frame I
[PT] ds3 text A 31m
[PT] ds3 text I
[PT] bx4 frame A 89,136 11x28
[PT] bx4 frame I
[PT] ds4 text A 36m
[PT] ds4 text I
[PT] bx5 frame A 536,130 6x14
[PT] bx5 frame I
[PT] ds5 text A 56m
[PT] ds5 text I
[PT] bx6 frame A 574,134 12x29
[PT] bx6 frame I
[PT] ds6 text A 27m
[PT] ds6 text I
[PT] bx7 frame A 842,134 11x29
[PT] bx7 frame I
[PT] bx8 frame A 14,95 4x10
[PT] bx8 frame I
[PT] bx9 frame A 753,131 9x21
[PT] bx9 frame I
[PT] bx10 frame A 231,132 9x23
[PT] bx10 frame I
[PT] bx11 frame A 207,131 8x21
[PT] bx11 frame I
[PT] ds11 text A 43m
[PT] ds11 text I
[PT] bx12 frame A 367,125 8x19
[PT] bx12 frame I
[PT] ds12 text A 42m
[PT] ds12 text I
[PT] bx13 frame A 295,137 10x26
[PT] bx13 frame I
[PT] bx14 frame A 833,121 11x27
[PT] bx14 frame I
[PT] tick 133 enemies=50
[PT] bx0 frame A 354,149 2x4
[PT] bx0 frame I
[PT] bx1 frame A 194,132 13x33
[PT] bx1 frame I
[PT] bx2 frame A 157,132 13x33
[PT] bx2 frame I
[PT] ds2 text A 28m
[PT] ds2 text I
[PT] bx3 frame A 85,132 13x33
[PT] bx3 frame I
[PT] bx4 frame A 80,130 11x28
[PT] bx4 frame I
[PT] bx5 frame A 535,125 6x15
[PT] bx5 frame I
[PT] ds5 text A 55m
[PT] ds5 text I
[PT] bx6 frame A 576,129 12x29
[PT] bx6 frame I
[PT] bx7 frame A 847,128 12x29
[PT] bx7 frame I
[PT] bx8 frame A 4,90 4x10
[PT] bx8 frame I
[PT] ds8 text A 116m
[PT] ds8 text I
[PT] bx9 frame A 755,126 9x22
[PT] bx9 frame I
[PT] ds9 text A 43m
[PT] ds9 text I
[PT] bx10 frame A 234,126 9x23
[PT] bx10 frame I
[PT] ds10 text A 38m
[PT] ds10 text I
[PT] bx11 frame A 201,126 9x21
[PT] bx11 frame I
[PT] ds11 text A 42m
[PT] ds11 text I
[PT] bx12 frame A 366,120 8x19
[PT] bx12 frame I
[PT] bx13 frame A 291,132 11x27
[PT] bx13 frame I
[PT] ds13 text A 31m
[PT] ds13 text I
[PT] bx14 frame A 837,115 11x27
[PT] bx14 frame I
[PT] ds14 text A 37m
[PT] ds14 text I
[PT] tick 134 enemies=50
[PT] bx0 frame A 356,147 2x4
[PT] bx0 frame I
[PT] ds0 text A 194m
[PT] ds0 text I
[PT] bx1 frame A 192,130 13x34
[PT] bx1 frame I
[PT] ds1 text A 26m
[PT] ds1 text I
[PT] bx2 frame A 155,130 13x33
[PT] bx2 frame I
[PT] bx3 frame A 82,130 13x33
[PT] bx3 frame I
[PT] ds3 text A 30m
[PT] ds3 text I
[PT] bx4 frame A 77,128 11x29
[PT] bx4 frame I
[PT] bx5 frame A 536,123 6x15
[PT] bx5 frame I
[PT] ds5 text A 54m
[PT] ds5 text I
[PT] bx6 frame A 580,127 12x30
[PT] bx6 frame I
[PT] ds6 text A 26m
[PT] ds6 text I
[PT] bx7 frame A 856,126 12x30
[PT] bx7 frame I
[PT] bx8 frame A 4,87 4x10
[PT] bx8 frame I
[PT] bx9 frame A 761,124 9x22
[PT] bx9 frame I
[PT] bx10 frame A 240,124 9x23
[PT] bx10 frame I
[PT] bx11 frame A 201,124 9x22
[PT] bx11 frame I
[PT] bx12 frame A 368,117 8x20
[PT] bx12 frame I
[PT] bx13 frame A 292,130 11x27
[PT] bx13 frame I
[PT] ds13 text A 30m
[PT] ds13 text I
[PT] bx14 frame A 846,113 11x28
[PT] bx14 frame I
[PT] tick 135 enemies=50
[PT] bx0 frame A 360,148 2x4
[PT] bx0 frame I
[PT] ds2 text A 27m
[PT] ds2 text I
[PT] ds4 text A 35m
[PT] ds4 text I
[PT] bx5 frame A 541,123 6x15
[PT] bx5 frame I
[PT] ds5 text A 53m
[PT] ds5 text I
[PT] bx6 frame A 588,126 12x30
[PT] bx6 frame I
[PT] bx7 frame A 869,126 12x30
[PT] bx7 frame I
[PT] bx8 frame A 10,88 4x10
[PT] bx8 frame I
[PT] ds8 text A 115m
[PT] ds8 text I
[PT] bx9 frame A 772,124 9x22
[PT] bx9 frame I
[PT] bx10 frame A 248,124 9x23
[PT] bx10 frame I
[PT] ds10 text A 37m
[PT] ds10 text I
[PT] bx11 frame A 203,123 9x22
[PT] bx11 frame I
[PT] bx12 frame A 372,117 8x20
[PT] bx12 frame I
[PT] ds12 text A 41m
[PT] ds12 text I
[PT] bx13 frame A 293,125 11x27
[PT] bx13 frame I
[PT] bx14 frame A 860,112 11x28
[PT] bx14 frame I
[PT] tick 136 enemies=50
[PT] bx0 frame A 362,147 2x4
[PT] bx0 frame I
[PT] ds0 text A 193m
[PT] ds0 text I
[PT] bx1 frame A 190,128 14x35
[PT] bx1 frame I
[PT] bx2 frame A 152,128 14x35
[PT] bx2 frame I
[PT] bx3 frame A 78,128 14x34
[PT] bx3 frame I
[PT] bx4 frame A 76,127 12x29
[PT] bx4 frame I
[PT] bx5 frame A 545,122 6x15
[PT] bx5 frame I
[PT] bx6 frame A 592,125 12x31
[PT] bx6 frame I
[PT] bx7 frame A 876,125 12x30
[PT] bx7 frame I
[PT] bx8 frame A 12,87 4x10
[PT] bx8 frame I
[PT] bx9 frame A 779,123 9x23
[PT] bx9 frame I
[PT] ds9 text A 42m
[PT] ds9 text I
[PT] bx10 frame A 256,123 9x23
[PT] bx10 frame I
[PT] ds11 text A 41m
[PT] ds11 text I
[PT] bx12 frame A 373,116 8x20
[PT] bx12 frame I
[PT] bx14 frame A 870,111 12x29
[PT] bx14 frame I
[PT] tick 137 enemies=50
[PT] bx0 frame A 361,144 2x4
[PT] bx0 frame I
[PT] bx1 frame A 184,126 14x35
[PT] bx1 frame I
[PT] ds1 text A 25m
[PT] ds1 text I
[PT] bx2 frame A 145,126 14x35
[PT] bx2 frame I
[PT] ds2 text A 26m
[PT] ds2 text I
[PT] bx3 frame A 69,125 14x35
[PT] bx3 frame I
[PT] ds3 text A 29m
[PT] ds3 text I
[PT] bx4 frame A 68,124 12x30
[PT] bx4 frame I
[PT] bx5 frame A 550,119 6x16
[PT] bx5 frame I
[PT] ds5 text A 52m
[PT] ds5 text I
[PT] bx6 frame A 594,122 13x32
[PT] bx6 frame I
[PT] ds6 text A 25m
[PT] ds6 text I
[PT] bx7 frame A 874,122 12x30
[PT] bx7 frame I
[PT] bx8 frame A 7,83 4x10
[PT] bx8 frame I
[PT] bx9 frame A 782,120 9x23
[PT] bx9 frame I
[PT] bx10 frame A 257,120 9x24
[PT] bx10 frame I
[PT] ds10 text A 36m
[PT] ds10 text I
[PT] bx11 frame A 198,119 9x22
[PT] bx11 frame I
[PT] bx12 frame A 371,113 8x20
[PT] bx12 frame I
[PT] ds12 text A 40m
[PT] ds12 text I
[PT] bx13 frame A 288,121 11x28
[PT] bx13 frame I
[PT] ds13 text A 29m
[PT] ds13 text I
[PT] bx14 frame A 876,108 12x30
[PT] bx14 frame I
[PT] ds14 text A 36m
[PT] ds14 text I
[PT] tick 138 enemies=50
[PT] bx0 frame A 366,143 2x4
[PT] bx0 frame I
[PT] bx1 frame A 185,125 14x36
[PT] bx1 frame I
[PT] bx4 frame A 70,123 12x30
[PT] bx4 frame I
[PT] ds4 text A 34m
[PT] ds4 text I
[PT] bx5 frame A 560,118 6x16
[PT] bx5 frame I
[PT] bx6 frame A 601,122 13x32
[PT] bx6 frame I
[PT] bx7 frame A 887,121 12x31
[PT] bx7 frame I
[PT] bx8 frame A 14,83 4x10
[PT] bx8 frame I
[PT] ds8 text A 114m
[PT] ds8 text I
[PT] bx9 frame A 793,119 9x24
[PT] bx9 frame I
[PT] bx10 frame A 267,119 10x24
[PT] bx10 frame I
[PT] bx11 frame A 202,119 9x23
[PT] bx11 frame I
[PT] ds11 text A 40m
[PT] ds11 text I
[PT] bx12 frame A 376,112 8x20
[PT] bx12 frame I
[PT] bx13 frame A 290,120 11x28
[PT] bx13 frame I
[PT] bx14 frame A 891,107 12x30
[PT] bx14 frame I
[PT] tick 139 enemies=50
[PT] bx0 frame A 369,143 2x4
[PT] bx0 frame I
[PT] ds0 text A 192m
[PT] ds0 text I
[PT] bx1 frame A 182,125 15x37
[PT] bx1 frame I
[PT] ds1 text A 24m
[PT] ds1 text I
[PT] bx2 frame A 142,125 15x36
[PT] bx2 frame I
[PT] bx3 frame A 65,125 14x36
[PT] bx3 frame I
[PT] bx4 frame A 67,123 12x31
[PT] bx4 frame I
[PT] bx5 frame A 568,118 6x16
[PT] bx5 frame I
[PT] ds5 text A 51m
[PT] ds5 text I
[PT] bx6 frame A 607,121 13x33
[PT] bx6 frame I
[PT] ds6 text A 24m
[PT] ds6 text I
[PT] bx7 frame A 893,121 12x31
[PT] bx7 frame I
[PT] bx8 frame A 16,82 4x10
[PT] bx8 frame I
[PT] bx9 frame A 802,119 10x24
[PT] bx9 frame I
[PT] ds9 text A 41m
[PT] ds9 text I
[PT] bx10 frame A 276,119 10x24
[PT] bx10 frame I
[PT] ds10 text A 35m
[PT] ds10 text I
[PT] bx12 frame A 377,112 8x21
[PT] bx12 frame I
[PT] ds12 text A 39m
[PT] ds12 text I
[PT] bx13 frame A 287,120 11x29
[PT] bx13 frame I
[PT] bx14 frame A 905,107 12x31
[PT] bx14 frame I
[PT] tick 140 enemies=50
[PT] bx0 frame A 374,142 2x4
[PT] bx0 frame I
[PT] bx1 frame A 183,125 15x37
[PT] bx1 frame I
[PT] ds2 text A 25m
[PT] ds2 text I
[PT] ds3 text A 28m
[PT] ds3 text I
[PT] bx4 frame A 69,122 12x31
[PT] bx4 frame I
[PT] bx5 frame A 577,118 7x16
[PT] bx5 frame I
[PT] bx6 frame A 614,121 13x34
[PT] bx6 frame I
[PT] bx7 frame A 905,120 13x32
[PT] bx7 frame I
[PT] bx8 frame A 24,82 4x10
[PT] bx8 frame I
[PT] bx9 frame A 814,118 10x25
[PT] bx9 frame I
[PT] bx10 frame A 283,118 10x24
[PT] bx10 frame I
[PT] bx11 frame A 205,118 9x23
[PT] bx11 frame I
[PT] bx12 frame A 381,108 8x21
[PT] bx12 frame I
[PT] bx13 frame A 285,120 11x29
[PT] bx13 frame I
[PT] bx14 frame A 921,106 13x32
[PT] bx14 frame I
[PT] ds14 text A 35m
[PT] ds14 text I
[PT] tick 141 enemies=50
[PT] ds0 text A 191m
[PT] ds0 text I
[PT] bx1 frame A 178,124 15x38
[PT] bx1 frame I
[PT] bx2 frame A 137,124 15x37
[PT] bx2 frame I
[PT] bx3 frame A 59,124 15x37
[PT] bx3 frame I
[PT] bx4 frame A 63,122 12x31
[PT] bx4 frame I
[PT] ds4 text A 33m
[PT] ds4 text I
[PT] bx5 frame A 582,117 7x17
[PT] bx5 frame I
[PT] ds5 text A 50m
[PT] ds5 text I
[PT] bx6 frame A 617,121 14x34
[PT] bx6 frame I
[PT] ds6 text A 23m
[PT] ds6 text I
[PT] bx7 frame A 913,120 13x32
[PT] bx7 frame I
[PT] ds7 text A 34m
[PT] ds7 text I
[PT] bx8 frame A 22,81 4x10
[PT] bx8 frame I
[PT] ds8 text A 113m
[PT] ds8 text I
[PT] bx9 frame A 819,118 10x25
[PT] bx9 frame I
[PT] ds9 text A 40m
[PT] ds9 text I
[PT] bx10 frame A 287,118 10x24
[PT] bx10 frame I
[PT] bx11 frame A 202,117 9x23
[PT] bx11 frame I
[PT] ds11 text A 39m
[PT] ds11 text I
[PT] bx12 frame A 379,107 8x21
[PT] bx12 frame I
[PT] ds12 text A 38m
[PT] ds12 text I
[PT] bx13 frame A 277,119 12x29
[PT] bx13 frame I
[PT] bx14 hide A
[PT] nm14 hide A
[PT] ds14 hide A
[PT] tick 142 enemies=50
[PT] bx0 frame A 372,140 2x4
[PT] bx0 frame I
[PT] bx1 frame A 169,123 15x39
[PT] bx1 frame I
[PT] ds1 text A 23m
[PT] ds1 text I
[PT] bx2 frame A 127,123 15x38
[PT] bx2 frame I
[PT] bx3 frame A 47,123 15x38
[PT] bx3 frame I
[PT] ds3 text A 27m
[PT] ds3 text I
[PT] bx4 frame A 52,121 13x32
[PT] bx4 frame I
[PT] bx5 frame A 584,116 7x17
[PT] bx5 frame I
[PT] bx6 frame A 620,119 14x35
[PT] bx6 frame I
[PT] bx7 frame A 920,119 13x33
[PT] bx7 frame I
[PT] bx8 frame A 16,79 4x10
[PT] bx8 frame I
[PT] bx9 frame A 823,116 10x25
[PT] bx9 frame I
[PT] bx10 frame A 293,116 10x24
[PT] bx10 frame I
[PT] ds10 text A 34m
[PT] ds10 text I
[PT] bx11 frame A 196,116 9x24
[PT] bx11 frame I
[PT] bx12 frame A 378,106 8x21
[PT] bx12 frame I
[PT] bx13 frame A 268,118 12x29
[PT] bx13 frame I
[PT] tick 143 enemies=50
[PT] bx0 frame A 369,140 2x4
[PT] bx0 frame I
[PT] ds0 text A 190m
[PT] ds0 text I
[PT] bx1 frame A 158,123 16x40
[PT] bx1 frame I
[PT] bx2 frame A 115,123 16x40
[PT] bx2 frame I
[PT] ds2 text A 24m
[PT] ds2 text I
[PT] bx3 frame A 32,123 16x39
[PT] bx3 frame I
[PT] bx4 frame A 39,120 13x33
[PT] bx4 frame I
[PT] ds4 text A 32m
[PT] ds4 text I
[PT] bx5 frame A 587,115 7x17
[PT] bx5 frame I
[PT] ds5 text A 49m
[PT] ds5 text I
[PT] bx6 frame A 621,119 14x36
[PT] bx6 frame I
[PT] bx7 frame A 925,118 13x33
[PT] bx7 frame I
[PT] ds7 text A 33m
[PT] ds7 text I
[PT] bx8 frame A 8,78 4x11
[PT] bx8 frame I
[PT] bx9 frame A 825,116 10x26
[PT] bx9 frame I
[PT] bx11 frame A 189,115 10x24
[PT] bx11 frame I
[PT] ds11 text A 38m
[PT] ds11 text I
[PT] bx12 frame A 377,109 8x21
[PT] bx12 frame I
[PT] bx13 frame A 257,117 12x30
[PT] bx13 frame I
[PT] ds13 text A 28m
[PT] ds13 text I
[PT] tick 144 enemies=50
[PT] bx1 frame A 151,123 16x41
[PT] bx1 frame I
[PT] ds1 text A 22m
[PT] ds1 text I
[PT] bx2 frame A 107,123 16x40
[PT] bx2 frame I
[PT] bx3 frame A 22,123 16x40
[PT] bx3 frame I
[PT] bx4 frame A 31,120 13x33
[PT] bx4 frame I
[PT] bx5 frame A 589,115 7x17
[PT] bx5 frame I
[PT] ds5 text A 48m
[PT] ds5 text I
[PT] bx6 frame A 623,119 15x36
[PT] bx6 frame I
[PT] ds6 text A 22m
[PT] ds6 text I
[PT] bx7 frame A 4,78 4x11
[PT] bx7 frame I
[PT] ds7 text A 112m
[PT] ds7 text I
[PT] bx8 frame A 829,116 10x26
[PT] bx8 frame I
[PT] ds8 text A 39m
[PT] ds8 text I
[PT] bx9 frame A 293,116 10x25
[PT] bx9 frame I
[PT] ds9 text A 34m
[PT] ds9 text I
[PT] bx10 frame A 185,115 10x24
[PT] bx10 frame I
[PT] ds10 text A 38m
[PT] ds10 text I
[PT] bx11 frame A 378,110 9x21
[PT] bx11 frame I
[PT] bx12 frame A 252,122 12x30
[PT] bx12 frame I
[PT] ds12 text A 28m
[PT] ds12 text I
[PT] bx13 hide A
[PT] nm13 hide A
[PT] ds13 hide A
[PT] tick 145 enemies=50
[PT] ds0 text A 189m
[PT] ds0 text I
[PT] bx1 frame A 143,123 17x42
[PT] bx1 frame I
[PT] bx2 frame A 98,123 17x41
[PT] bx2 frame I
[PT] ds2 text A 23m
[PT] ds2 text I
[PT] bx3 frame A 11,123 16x41
[PT] bx3 frame I
[PT] ds3 text A 26m
[PT] ds3 text I
[PT] bx4 frame A 22,120 14x34
[PT] bx4 frame I
[PT] bx5 frame A 595,115 7x18
[PT] bx5 frame I
[PT] bx6 frame A 627,119 15x37
[PT] bx6 frame I
[PT] bx7 frame A 2,77 4x11
[PT] bx7 frame I
[PT] bx8 frame A 835,115 11x26
[PT] bx8 frame I
[PT] bx9 frame A 300,115 10x25
[PT] bx9 frame I
[PT] ds9 text A 33m
[PT] ds9 text I
[PT] bx10 frame A 181,115 10x25
[PT] bx10 frame I
[PT] bx11 frame A 384,116 8x21
[PT] bx11 frame I
[PT] bx12 frame A 244,122 12x30
[PT] bx12 frame I
[PT] tick 146 enemies=50
[PT] bx0 frame A 369,137 2x4
[PT] bx0 frame I
[PT] bx1 frame A 136,122 17x43
[PT] bx1 frame I
[PT] bx2 frame A 90,122 17x42
[PT] bx2 frame I
[PT] bx3 frame A 2,121 17x42
[PT] bx3 frame I
[PT] bx4 frame A 14,119 14x35
[PT] bx4 frame I
[PT] ds4 text A 31m
[PT] ds4 text I
[PT] bx5 frame A 600,113 7x18
[PT] bx5 frame I
[PT] ds5 text A 47m
[PT] ds5 text I
[PT] bx6 frame A 631,117 15x38
[PT] bx6 frame I
[PT] ds6 text A 21m
[PT] ds6 text I
[PT] bx7 frame A 926,117 14x35
[PT] bx7 frame I
[PT] ds7 text A 32m
[PT] ds7 text I
[PT] bx8 frame A -0,75 4x11
[PT] bx8 frame I
[PT] ds8 text A 112m
[PT] ds8 text I
[PT] bx9 frame A 841,114 11x27
[PT] bx9 frame I
[PT] ds9 text A 39m
[PT] ds9 text I
[PT] bx10 frame A 305,113 10x25
[PT] bx10 frame I
[PT] ds10 text A 33m
[PT] ds10 text I
[PT] bx11 frame A 177,113 10x25
[PT] bx11 frame I
[PT] ds11 text A 37m
[PT] ds11 text I
[PT] bx12 frame A 388,114 9x21
[PT] bx12 frame I
[PT] ds12 text A 38m
[PT] ds12 text I
[PT] bx13 frame A 237,115 12x31
[PT] bx13 frame I
[PT] bx13 show A
[PT] nm13 show A
[PT] ds13 show A
[PT] tick 147 enemies=50
[PT] bx0 frame A 368,136 2x4
[PT] bx0 frame I
[PT] ds0 text A 188m
[PT] ds0 text I
[PT] bx1 frame A 127,120 17x44
[PT] bx1 frame I
[PT] ds1 text A 21m
[PT] ds1 text I
[PT] bx2 frame A 81,120 17x43
[PT] bx2 frame I
[PT] bx3 frame A -10,120 17x43
[PT] bx3 frame I
[PT] bx4 frame A 5,117 14x35
[PT] bx4 frame I
[PT] bx5 frame A 604,111 7x18
[PT] bx5 frame I
[PT] bx6 frame A 634,116 15x39
[PT] bx6 frame I
[PT] bx7 frame A 923,115 14x36
[PT] bx7 frame I
[PT] ds7 text A 31m
[PT] ds7 text I
[PT] bx8 frame A 846,112 11x27
[PT] bx8 frame I
[PT] ds8 text A 38m
[PT] ds8 text I
[PT] bx9 frame A 304,112 10x26
[PT] bx9 frame I
[PT] ds9 text A 32m
[PT] ds9 text I
[PT] bx10 frame A 172,111 10x25
[PT] bx10 frame I
[PT] ds10 text A 37m
[PT] ds10 text I
[PT] bx11 frame A 391,113 9x21
[PT] bx11 frame I
[PT] bx12 frame A 226,113 12x31
[PT] bx12 frame I
[PT] ds12 text A 28m
[PT] ds12 text I
[PT] bx13 hide A
[PT] nm13 hide A
[PT] ds13 hide A
[PT] tick 148 enemies=50
[PT] bx0 frame A 371,136 2x4
[PT] bx0 frame I
[PT] bx1 frame A 122,121 18x45
[PT] bx1 frame I
[PT] bx2 frame A 75,121 18x44
[PT] bx2 frame I
[PT] ds2 text A 22m
[PT] ds2 text I
[PT] bx3 frame A -17,120 17x43
[PT] bx3 frame I
[PT] bx4 frame A 0,117 14x36
[PT] bx4 frame I
[PT] bx5 frame A 608,111 7x18
[PT] bx5 frame I
[PT] ds5 text A 46m
[PT] ds5 text I
[PT] bx6 frame A 641,116 16x40
[PT] bx6 frame I
[PT] ds6 text A 20m
[PT] ds6 text I
[PT] bx7 frame A -1,73 4x11
[PT] bx7 frame I
[PT] ds7 text A 111m
[PT] ds7 text I
[PT] bx8 frame A 858,112 11x28
[PT] bx8 frame I
[PT] bx9 frame A 313,112 10x26
[PT] bx9 frame I
[PT] ds10 text A 36m
[PT] ds10 text I
[PT] bx11 frame A 397,113 9x21
[PT] bx11 frame I
[PT] bx12 frame A 224,114 13x32
[PT] bx12 frame I
[PT] tick 149 enemies=50
[PT] bx0 frame A 388,126 2x4
[PT] bx0 frame I
[PT] ds0 text A 187m
[PT] ds0 text I
[PT] bx1 frame A 138,113 19x47
[PT] bx1 frame I
[PT] ds1 text A 20m
[PT] ds1 text I
[PT] bx2 frame A 90,113 19x46
[PT] bx2 frame I
[PT] ds2 text A 21m
[PT] ds2 text I
[PT] bx3 frame A -2,112 18x45
[PT] bx3 frame I
[PT] ds3 text A 24m
[PT] ds3 text I
[PT] bx4 frame A 18,109 15x37
[PT] bx4 frame I
[PT] ds4 text A 29m
[PT] ds4 text I
[PT] bx5 frame A 97,117 31x78
[PT] bx5 frame I
[PT] ds5 text A 11m
[PT] ds5 text I
[PT] bx6 frame A 171,187 50x126
[PT] bx6 frame I
[PT] nm6 text A BOT
[PT] nm6 text I
[PT] ds6 text A 5m
[PT] ds6 text I
[PT] bx7 frame A 606,103 8x20
[PT] bx7 frame I
[PT] ds7 text A 42m
[PT] ds7 text I
[PT] bx8 frame A 688,108 17x43
[PT] bx8 frame I
[PT] ds8 text A 20m
[PT] ds8 text I
[PT] bx9 frame A 24,63 4x11
[PT] bx9 frame I
[PT] ds9 text A 110m
[PT] ds9 text I
[PT] bx10 frame A 917,104 12x30
[PT] bx10 frame I
[PT] ds10 text A 37m
[PT] ds10 text I
[PT] bx11 frame A 262,103 11x28
[PT] bx11 frame I
[PT] ds11 text A 30m
[PT] ds11 text I
[PT] bx12 frame A 202,105 14x34
[PT] bx12 frame I
[PT] ds12 text A 26m
[PT] ds12 text I
[PT] bx13 frame A 460,103 6x16
[PT] bx13 frame I
[PT] bx13 show A
[PT] nm13 show A
[PT] ds13 text A 50m
[PT] ds13 text I
[PT] ds13 show A
[PT] bx14 frame A 266,107 11x27
[PT] bx14 frame I
[PT] bx14 show A
[PT] nm14 show A
[PT] ds14 text A 32m
[PT] ds14 text I
[PT] ds14 show A
[PT] tick 150 enemies=50
00:58:43.705  [PE] 投影自检：中心=(463,214) 前方点->(463,214) 自身->(517,404)（前方点须≈中心；自身应在中下方——偏差方向告诉我即可修）
[PT] bx0 frame A 381,130 2x5
[PT] bx0 frame I
[PT] ds0 text A 171m
[PT] ds0 text I
[PT] bx1 frame A 743,105 9x22
[PT] bx1 frame I
[PT] ds1 text A 43m
[PT] ds1 text I
[PT] bx2 frame A 224,117 24x61
[PT] bx2 frame I
[PT] ds2 text A 13m
[PT] ds2 text I
[PT] bx3 frame A 539,137 45x112
[PT] bx3 frame I
[PT] ds3 text A 5m
[PT] ds3 text I
[PT] bx4 frame A 542,99 9x22
[PT] bx4 frame I
[PT] ds4 text A 37m
[PT] ds4 text I
[PT] bx5 frame A 366,118 18x44
[PT] bx5 frame I
[PT] ds5 text A 17m
[PT] ds5 text I
[PT] bx6 hide A
[PT] nm6 hide A
[PT] ds6 hide A
[PT] bx7 hide A
[PT] nm7 hide A
[PT] ds7 hide A
[PT] bx8 hide A
[PT] nm8 hide A
[PT] ds8 hide A
[PT] bx9 hide A
[PT] nm9 hide A
[PT] ds9 hide A
[PT] bx10 hide A
[PT] nm10 hide A
[PT] ds10 hide A
[PT] bx11 hide A
[PT] nm11 hide A
[PT] ds11 hide A
[PT] bx12 hide A
[PT] nm12 hide A
[PT] ds12 hide A
[PT] bx13 hide A
[PT] nm13 hide A
[PT] ds13 hide A
[PT] bx14 hide A
[PT] nm14 hide A
[PT] ds14 hide A
00:58:43.728  [PE] 绘制诊断：actors=50 w2s=19 onscreen=6 visibleViews=6
[PT] tick 151 enemies=50
[PT] bx0 frame A 371,136 2x5
[PT] bx0 frame I
[PT] bx1 frame A 734,110 9x22
[PT] bx1 frame I
[PT] bx2 frame A 193,122 25x62
[PT] bx2 frame I
[PT] ds2 text A 14m
[PT] ds2 text I
[PT] bx3 frame A 552,143 48x119
[PT] bx3 frame I
[PT] bx4 frame A 532,101 9x22
[PT] bx4 frame I
[PT] ds4 text A 36m
[PT] ds4 text I
[PT] bx5 frame A 356,123 18x44
[PT] bx5 frame I
[PT] tick 152 enemies=50
[PT] bx0 frame A 355,146 2x5
[PT] bx0 frame I
[PT] bx1 frame A 715,119 8x21
[PT] bx1 frame I
[PT] bx2 frame A 166,131 25x63
[PT] bx2 frame I
[PT] bx3 frame A 559,151 49x122
[PT] bx3 frame I
[PT] bx4 frame A 517,110 9x22
[PT] bx4 frame I
[PT] bx5 frame A 341,132 18x44
[PT] bx5 frame I
[PT] tick 153 enemies=50
[PT] bx0 frame A 344,139 2x5
[PT] bx0 frame I
[PT] bx1 frame A 701,112 8x21
[PT] bx1 frame I
[PT] ds1 text A 44m
[PT] ds1 text I
[PT] bx2 frame A 147,125 26x64
[PT] bx2 frame I
[PT] bx3 frame A 568,146 49x123
[PT] bx3 frame I
[PT] bx4 frame A 508,102 9x23
[PT] bx4 frame I
[PT] bx5 frame A 331,126 18x45
[PT] bx5 frame I
[PT] tick 154 enemies=50
[PT] bx0 frame A 346,132 2x5
[PT] bx0 frame I
[PT] bx1 frame A 701,105 8x21
[PT] bx1 frame I
[PT] bx2 frame A 139,119 26x65
[PT] bx2 frame I
[PT] bx3 frame A 610,142 50x125
[PT] bx3 frame I
[PT] bx4 frame A 510,93 9x23
[PT] bx4 frame I
[PT] bx5 frame A 332,119 18x45
[PT] bx5 frame I
[PT] tick 155 enemies=50
[PT] bx0 frame A 344,133 2x5
[PT] bx0 frame I
[PT] bx1 frame A 703,106 8x21
[PT] bx1 frame I
[PT] bx2 frame A 132,119 26x64
[PT] bx2 frame I
[PT] bx3 frame A 641,144 51x128
[PT] bx3 frame I
[PT] ds4 text A 35m
[PT] ds4 text I
[PT] bx5 frame A 331,112 18x45
[PT] bx5 frame I
[PT] tick 156 enemies=50
[PT] bx0 frame A 332,123 2x5
[PT] bx0 frame I
[PT] bx1 frame A 692,96 8x21
[PT] bx1 frame I
[PT] bx2 frame A 124,110 26x65
[PT] bx2 frame I
[PT] bx3 frame A 650,137 51x128
[PT] bx3 frame I
[PT] bx4 frame A 499,83 9x23
[PT] bx4 frame I
[PT] bx5 frame A 319,103 18x46
[PT] bx5 frame I
[PT] tick 157 enemies=50
[PT] bx0 frame A 334,116 2x5
[PT] bx0 frame I
[PT] bx1 frame A 699,89 8x21
[PT] bx1 frame I
[PT] bx2 frame A 140,104 26x64
[PT] bx2 frame I
[PT] bx3 frame A 696,134 52x131
[PT] bx3 frame I
[PT] bx4 frame A 503,78 10x24
[PT] bx4 frame I
[PT] bx5 frame A 320,97 18x46
[PT] bx5 frame I
[PT] tick 158 enemies=50
[PT] bx0 frame A 338,115 2x5
[PT] bx0 frame I
[PT] bx1 frame A 708,89 8x21
[PT] bx1 frame I
[PT] bx2 frame A 150,104 26x64
[PT] bx2 frame I
[PT] bx3 frame A 718,134 53x133
[PT] bx3 frame I
[PT] bx4 frame A 507,77 10x24
[PT] bx4 frame I
[PT] bx5 frame A 324,96 18x46
[PT] bx5 frame I
[PT] tick 159 enemies=50
[PT] bx0 frame A 339,108 2x5
[PT] bx0 frame I
[PT] bx1 frame A 714,82 8x21
[PT] bx1 frame I
[PT] bx2 frame A 158,98 26x64
[PT] bx2 frame I
[PT] bx3 frame A 745,130 53x133
[PT] bx3 frame I
[PT] bx4 frame A 511,73 10x24
[PT] bx4 frame I
[PT] ds4 text A 34m
[PT] ds4 text I
[PT] bx5 frame A 321,90 18x46
[PT] bx5 frame I
[PT] tick 160 enemies=50
[PT] bx0 frame A 339,103 2x5
[PT] bx0 frame I
[PT] bx1 frame A 711,76 8x21
[PT] bx1 frame I
[PT] ds1 text A 45m
[PT] ds1 text I
[PT] bx2 frame A 177,93 25x64
[PT] bx2 frame I
[PT] bx3 frame A 762,125 53x131
[PT] bx3 frame I
[PT] bx4 frame A 511,69 10x25
[PT] bx4 frame I
[PT] bx5 frame A 313,84 18x46
[PT] bx5 frame I
[PT] ds5 text A 18m
[PT] ds5 text I
[PT] tick 161 enemies=50
[PT] bx0 frame A 341,99 2x5
[PT] bx0 frame I
[PT] bx1 frame A 709,73 8x21
[PT] bx1 frame I
[PT] bx2 frame A 192,89 25x63
[PT] bx2 frame I
[PT] ds2 text A 13m
[PT] ds2 text I
[PT] bx3 frame A 773,123 52x131
[PT] bx3 frame I
[PT] ds3 text A 6m
[PT] ds3 text I
[PT] bx4 frame A 515,69 10x25
[PT] bx4 frame I
[PT] bx5 frame A 307,81 18x45
[PT] bx5 frame I
[PT] tick 162 enemies=50
[PT] bx0 frame A 343,104 2x5
[PT] bx0 frame I
[PT] bx1 frame A 707,77 8x21
[PT] bx1 frame I
[PT] ds1 text A 46m
[PT] ds1 text I
[PT] bx2 frame A 207,93 25x63
[PT] bx2 frame I
[PT] bx3 frame A 783,128 54x135
[PT] bx3 frame I
[PT] ds3 text A 5m
[PT] ds3 text I
[PT] bx4 frame A 518,77 10x25
[PT] bx4 frame I
[PT] ds4 text A 33m
[PT] ds4 text I
[PT] bx5 frame A 306,93 18x44
[PT] bx5 frame I
[PT] tick 163 enemies=49
[PT] bx0 frame A 345,96 2x5
[PT] bx0 frame I
[PT] bx1 frame A 712,69 8x21
[PT] bx1 frame I
[PT] bx2 frame A 218,86 25x63
[PT] bx2 frame I
[PT] bx3 frame A 775,123 54x135
[PT] bx3 frame I
[PT] bx4 frame A 522,71 10x25
[PT] bx4 frame I
[PT] bx5 frame A 306,85 18x44
[PT] bx5 frame I
[PT] tick 164 enemies=49
[PT] bx0 frame A 362,88 2x5
[PT] bx0 frame I
[PT] bx1 frame A 739,62 9x21
[PT] bx1 frame I
[PT] bx2 frame A 246,79 25x62
[PT] bx2 frame I
[PT] bx3 frame A 776,123 57x143
[PT] bx3 frame I
[PT] bx4 frame A 540,64 10x26
[PT] bx4 frame I
[PT] bx5 frame A 315,70 18x44
[PT] bx5 frame I
[PT] tick 165 enemies=49
[PT] bx0 frame A 382,105 2x5
[PT] bx0 frame I
[PT] bx1 frame A 765,79 9x21
[PT] bx1 frame I
[PT] bx2 frame A 280,93 24x59
[PT] bx2 frame I
[PT] bx3 frame A 787,138 60x151
[PT] bx3 frame I
[PT] bx4 frame A 558,82 10x25
[PT] bx4 frame I
[PT] bx5 frame A 331,86 17x43
[PT] bx5 frame I
[PT] ds5 text A 19m
[PT] ds5 text I
[PT] tick 166 enemies=49
[PT] bx0 frame A 389,117 2x5
[PT] bx0 frame I
[PT] bx1 frame A 778,91 9x21
[PT] bx1 frame I
[PT] ds1 text A 47m
[PT] ds1 text I
[PT] bx2 frame A 291,113 23x58
[PT] bx2 frame I
[PT] bx3 frame A 809,145 61x153
[PT] bx3 frame I
[PT] bx4 frame A 564,93 10x25
[PT] bx4 frame I
[PT] bx5 frame A 329,97 17x43
[PT] bx5 frame I
[PT] tick 167 enemies=49
[PT] bx0 frame A 388,119 2x5
[PT] bx0 frame I
[PT] bx1 frame A 775,94 8x21
[PT] bx1 frame I
[PT] bx2 frame A 281,115 23x56
[PT] bx2 frame I
[PT] ds2 text A 14m
[PT] ds2 text I
[PT] bx3 frame A 811,146 61x151
[PT] bx3 frame I
[PT] bx4 frame A 565,96 10x25
[PT] bx4 frame I
[PT] bx5 frame A 324,100 17x42
[PT] bx5 frame I
[PT] tick 168 enemies=49
[PT] bx0 frame A 386,124 2x5
[PT] bx0 frame I
[PT] bx1 frame A 771,98 8x21
[PT] bx1 frame I
[PT] bx2 frame A 273,109 23x57
[PT] bx2 frame I
[PT] bx3 frame A 826,148 60x150
[PT] bx3 frame I
[PT] bx4 frame A 568,104 10x25
[PT] bx4 frame I
[PT] bx5 frame A 320,103 17x42
[PT] bx5 frame I
[PT] tick 169 enemies=49
[PT] bx0 frame A 387,125 2x5
[PT] bx0 frame I
[PT] bx1 frame A 770,99 8x21
[PT] bx1 frame I
[PT] bx2 frame A 277,110 23x57
[PT] bx2 frame I
[PT] bx3 frame A 859,150 61x154
[PT] bx3 frame I
[PT] bx4 frame A 571,105 10x25
[PT] bx4 frame I
[PT] bx5 frame A 319,105 17x42
[PT] bx5 frame I
[PT] tick 170 enemies=49
[PT] bx0 frame A 387,122 2x5
[PT] bx0 frame I
[PT] bx1 frame A 763,96 8x20
[PT] bx1 frame I
[PT] ds1 text A 48m
[PT] ds1 text I
[PT] bx2 frame A 287,108 23x57
[PT] bx2 frame I
[PT] bx3 frame A 909,152 64x159
[PT] bx3 frame I
[PT] bx4 frame A 573,102 10x25
[PT] bx4 frame I
[PT] ds4 text A 34m
[PT] ds4 text I
[PT] bx5 frame A 316,102 17x42
[PT] bx5 frame I
[PT] tick 171 enemies=49
[PT] bx0 frame A 386,123 2x5
[PT] bx0 frame I
[PT] bx1 frame A 756,97 8x20
[PT] bx1 frame I
[PT] bx2 frame A 291,117 22x55
[PT] bx2 frame I
[PT] bx3 frame A 919,151 63x158
[PT] bx3 frame I
[PT] bx4 frame A 574,99 10x25
[PT] bx4 frame I
[PT] bx5 frame A 313,103 17x42
[PT] bx5 frame I
[PT] tick 172 enemies=49
[PT] bx0 frame A 383,121 2x5
[PT] bx0 frame I
[PT] bx1 frame A 750,95 8x20
[PT] bx1 frame I
[PT] bx2 frame A 283,115 22x55
[PT] bx2 frame I
[PT] bx3 frame A 577,97 10x24
[PT] bx3 frame I
[PT] ds3 text A 34m
[PT] ds3 text I
[PT] bx4 frame A 305,101 17x42
[PT] bx4 frame I
[PT] ds4 text A 19m
[PT] ds4 text I
[PT] bx5 hide A
[PT] nm5 hide A
[PT] ds5 hide A
[PT] tick 173 enemies=49
[PT] bx0 frame A 375,121 2x5
[PT] bx0 frame I
[PT] bx1 frame A 744,95 8x20
[PT] bx1 frame I
[PT] ds1 text A 49m
[PT] ds1 text I
[PT] bx2 frame A 269,116 22x55
[PT] bx2 frame I
[PT] bx3 frame A 572,97 10x24
[PT] bx3 frame I
[PT] bx4 frame A 300,101 17x43
[PT] bx4 frame I
[PT] tick 174 enemies=49
[PT] bx0 frame A 371,120 2x5
[PT] bx0 frame I
[PT] bx1 frame A 740,93 8x20
[PT] bx1 frame I
[PT] bx2 frame A 266,114 22x55
[PT] bx2 frame I
[PT] ds2 text A 15m
[PT] ds2 text I
[PT] bx3 frame A 572,95 10x24
[PT] bx3 frame I
[PT] bx4 frame A 295,93 17x43
[PT] bx4 frame I
[PT] tick 175 enemies=49
[PT] bx0 frame A 371,116 2x5
[PT] bx0 frame I
[PT] bx1 frame A 742,89 8x19
[PT] bx1 frame I
[PT] bx2 frame A 273,110 22x54
[PT] bx2 frame I
[PT] bx3 frame A 576,92 10x24
[PT] bx3 frame I
[PT] bx4 frame A 294,83 17x44
[PT] bx4 frame I
[PT] tick 176 enemies=49
[PT] bx0 frame A 375,113 2x5
[PT] bx0 frame I
[PT] bx1 frame A 747,86 8x20
[PT] bx1 frame I
[PT] ds1 text A 50m
[PT] ds1 text I
[PT] bx2 frame A 277,106 21x53
[PT] bx2 frame I
[PT] bx3 frame A 582,88 10x24
[PT] bx3 frame I
[PT] bx4 frame A 298,77 18x44
[PT] bx4 frame I
[PT] tick 177 enemies=49
[PT] bx0 frame A 382,111 2x5
[PT] bx0 frame I
[PT] bx1 frame A 752,84 8x20
[PT] bx1 frame I
[PT] bx2 frame A 284,104 21x52
[PT] bx2 frame I
[PT] bx3 frame A 594,87 10x24
[PT] bx3 frame I
[PT] ds3 text A 35m
[PT] ds3 text I
[PT] bx4 frame A 304,72 18x44
[PT] bx4 frame I
[PT] tick 178 enemies=49
[PT] bx0 frame A 381,108 2x5
[PT] bx0 frame I
[PT] bx1 frame A 746,82 8x19
[PT] bx1 frame I
[PT] bx2 frame A 272,103 21x53
[PT] bx2 frame I
[PT] bx3 frame A 595,84 10x24
[PT] bx3 frame I
[PT] bx4 frame A 302,66 18x44
[PT] bx4 frame I
[PT] tick 179 enemies=49
[PT] bx0 frame A 378,107 2x5
[PT] bx0 frame I
[PT] bx1 frame A 738,80 8x19
[PT] bx1 frame I
[PT] bx2 frame A 265,101 21x53
[PT] bx2 frame I
[PT] bx3 frame A 598,83 10x24
[PT] bx3 frame I
[PT] bx4 frame A 299,63 18x44
[PT] bx4 frame I
[PT] tick 180 enemies=49
[PT] bx0 frame A 375,107 2x5
[PT] bx0 frame I
[PT] bx1 frame A 733,80 8x19
[PT] bx1 frame I
[PT] bx2 frame A 258,101 21x53
[PT] bx2 frame I
[PT] bx3 frame A 596,82 10x24
[PT] bx3 frame I
[PT] bx4 frame A 296,62 18x44
[PT] bx4 frame I
[PT] tick 181 enemies=49
[PT] bx1 frame A 729,80 8x19
[PT] bx1 frame I
[PT] ds1 text A 51m
[PT] ds1 text I
[PT] bx2 frame A 257,101 21x53
[PT] bx2 frame I
[PT] bx3 frame A 605,83 10x24
[PT] bx3 frame I
[PT] bx4 frame A 296,63 18x44
[PT] bx4 frame I
[PT] tick 182 enemies=49
[PT] bx0 frame A 376,108 2x5
[PT] bx0 frame I
[PT] bx1 frame A 726,81 8x19
[PT] bx1 frame I
[PT] ds2 text A 16m
[PT] ds2 text I
[PT] bx3 frame A 609,84 10x25
[PT] bx3 frame I
[PT] bx4 frame A 297,64 18x44
[PT] bx4 frame I
[PT] tick 183 enemies=49
[PT] bx0 frame A 375,109 2x5
[PT] bx0 frame I
[PT] bx1 frame A 730,82 7x19
[PT] bx1 frame I
[PT] ds1 text A 52m
[PT] ds1 text I
[PT] bx2 frame A 254,102 21x52
[PT] bx2 frame I
[PT] bx4 frame A 296,68 17x43
[PT] bx4 frame I
[PT] tick 184 enemies=49
[PT] bx1 frame A 732,82 7x19
[PT] bx1 frame I
[PT] bx2 frame A 253,102 21x52
[PT] bx2 frame I
[PT] bx3 frame A 611,89 10x25
[PT] bx3 frame I
[PT] ds3 text A 34m
[PT] ds3 text I
[PT] bx4 frame A 296,70 17x43
[PT] bx4 frame I
[PT] tick 185 enemies=49
[PT] bx0 frame A 378,110 2x5
[PT] bx0 frame I
[PT] bx1 frame A 736,83 7x19
[PT] bx1 frame I
[PT] bx2 frame A 255,103 21x52
[PT] bx2 frame I
[PT] bx3 frame A 614,90 10x25
[PT] bx3 frame I
[PT] bx4 frame A 299,71 17x43
[PT] bx4 frame I
[PT] ds4 text A 20m
[PT] ds4 text I
[PT] tick 186 enemies=49
[PT] bx0 frame A 379,116 2x5
[PT] bx0 frame I
[PT] bx1 frame A 734,89 7x18
[PT] bx1 frame I
[PT] bx2 frame A 256,109 21x51
[PT] bx2 frame I
[PT] bx3 frame A 617,96 10x25
[PT] bx3 frame I
[PT] bx4 frame A 302,77 17x42
[PT] bx4 frame I
[PT] tick 187 enemies=49
[PT] bx0 frame A 386,127 2x5
[PT] bx0 frame I
[PT] bx1 frame A 738,100 7x18
[PT] bx1 frame I
[PT] ds1 text A 53m
[PT] ds1 text I
[PT] bx2 frame A 263,118 20x51
[PT] bx2 frame I
[PT] bx3 frame A 622,107 10x25
[PT] bx3 frame I
[PT] bx4 frame A 309,87 16x41
[PT] bx4 frame I
[PT] tick 188 enemies=49
[PT] bx0 frame A 408,136 2x5
[PT] bx0 frame I
[PT] bx1 frame A -70,195 81x203
[PT] bx1 frame I
[PT] ds1 text A 4m
[PT] ds1 text I
[PT] bx2 frame A 763,109 7x18
[PT] bx2 frame I
[PT] ds2 text A 53m
[PT] ds2 text I
[PT] bx3 frame A 0,64 5x13
[PT] bx3 frame I
[PT] ds3 text A 92m
[PT] ds3 text I
[PT] bx4 frame A 287,126 20x50
[PT] bx4 frame I
[PT] ds4 text A 16m
[PT] ds4 text I
[PT] bx5 frame A 645,116 10x25
[PT] bx5 frame I
[PT] bx5 show A
[PT] nm5 show A
[PT] ds5 text A 34m
[PT] ds5 text I
[PT] ds5 show A
[PT] bx6 frame A 332,96 16x40
[PT] bx6 frame I
[PT] bx6 show A
[PT] nm6 text A Player
[PT] nm6 text I
[PT] nm6 show A
[PT] ds6 text A 20m
[PT] ds6 text I
[PT] ds6 show A
[PT] tick 189 enemies=49
[PT] bx0 frame A 418,151 2x5
[PT] bx0 frame I
[PT] bx1 frame A -54,200 81x203
[PT] bx1 frame I
[PT] bx2 frame A 771,124 7x18
[PT] bx2 frame I
[PT] bx3 frame A 23,81 5x13
[PT] bx3 frame I
[PT] bx4 frame A 298,140 20x49
[PT] bx4 frame I
[PT] bx5 frame A 654,131 10x25
[PT] bx5 frame I
[PT] bx6 frame A 342,111 15x38
[PT] bx6 frame I
[PT] ds6 text A 21m
[PT] ds6 text I
[PT] tick 190 enemies=49
[PT] bx0 frame A 416,153 2x5
[PT] bx0 frame I
[PT] bx1 frame A -57,202 82x204
[PT] bx1 frame I
[PT] bx2 frame A 772,126 7x18
[PT] bx2 frame I
[PT] bx3 frame A 20,83 5x13
[PT] bx3 frame I
[PT] bx4 frame A 296,142 20x49
[PT] bx4 frame I
[PT] bx5 frame A 652,129 10x25
[PT] bx5 frame I
[PT] bx6 frame A 340,113 15x38
[PT] bx6 frame I
[PT] tick 191 enemies=49
[PT] bx0 frame A 407,167 2x5
[PT] bx0 frame I
[PT] bx1 frame A -73,210 85x211
[PT] bx1 frame I
[PT] bx2 frame A 759,140 7x18
[PT] bx2 frame I
[PT] ds2 text A 54m
[PT] ds2 text I
[PT] bx3 frame A 6,97 5x13
[PT] bx3 frame I
[PT] bx4 frame A 287,155 20x49
[PT] bx4 frame I
[PT] bx5 frame A 641,143 10x24
[PT] bx5 frame I
[PT] bx6 frame A 332,126 15x38
[PT] bx6 frame I
[PT] tick 192 enemies=49
[PT] bx0 frame A 429,198 2x5
[PT] bx0 frame I
[PT] bx1 frame A -38,221 84x209
[PT] bx1 frame I
[PT] bx2 frame A 793,171 7x18
[PT] bx2 frame I
[PT] bx3 frame A 53,130 5x12
[PT] bx3 frame I
[PT] bx4 frame A 310,182 19x48
[PT] bx4 frame I
[PT] bx5 frame A 668,173 10x24
[PT] bx5 frame I
[PT] ds5 text A 35m
[PT] ds5 text I
[PT] bx6 frame A 355,156 15x37
[PT] bx6 frame I
00:58:46.867  [PE] 映射远程页失败 page=0x171c1c000
[PT] tick 193 enemies=49
[PT] bx0 frame A 560,224 2x5
[PT] bx0 frame I
[PT] ds0 text A 172m
[PT] ds0 text I
[PT] bx1 frame A 377,223 66x165
[PT] bx1 frame I
[PT] ds1 text A 3m
[PT] ds1 text I
[PT] bx2 frame A 243,218 56x141
[PT] bx2 frame I
[PT] ds2 text A 5m
[PT] ds2 text I
[PT] bx3 frame A 68,212 43x108
[PT] bx3 frame I
[PT] ds3 text A 8m
[PT] ds3 text I
[PT] bx4 frame A 166,203 26x65
[PT] bx4 frame I
[PT] ds4 text A 13m
[PT] ds4 text I
[PT] bx5 frame A 203,164 4x9
[PT] bx5 frame I
[PT] ds5 text A 103m
[PT] ds5 text I
[PT] bx6 frame A 250,162 4x9
[PT] bx6 frame I
[PT] ds6 text A 93m
[PT] ds6 text I
[PT] bx7 frame A 450,203 17x43
[PT] bx7 frame I
[PT] bx7 show A
[PT] nm7 show A
[PT] ds7 text A 17m
[PT] ds7 text I
[PT] ds7 show A
[PT] bx8 frame A 869,202 11x28
[PT] bx8 frame I
[PT] bx8 show A
[PT] nm8 show A
[PT] ds8 text A 37m
[PT] ds8 text I
[PT] ds8 show A
[PT] bx9 frame A 495,181 13x33
[PT] bx9 frame I
[PT] bx9 show A
[PT] nm9 show A
[PT] ds9 text A 23m
[PT] ds9 text I
[PT] ds9 show A
[PT] tick 194 enemies=48
[PT] bx0 frame A 528,227 2x5
[PT] bx0 frame I
[PT] ds0 text A 173m
[PT] ds0 text I
[PT] bx1 frame A 316,210 93x231
[PT] bx1 frame I
[PT] ds1 text A 4m
[PT] ds1 text I
[PT] bx2 frame A 135,207 77x191
[PT] bx2 frame I
[PT] bx3 frame A 82,200 31x76
[PT] bx3 frame I
[PT] ds3 text A 13m
[PT] ds3 text I
[PT] bx4 frame A 155,165 4x9
[PT] bx4 frame I
[PT] ds4 text A 104m
[PT] ds4 text I
[PT] bx5 frame A 206,163 4x10
[PT] bx5 frame I
[PT] ds5 text A 93m
[PT] ds5 text I
[PT] bx6 frame A 418,202 19x47
[PT] bx6 frame I
[PT] ds6 text A 17m
[PT] ds6 text I
[PT] bx7 frame A 833,202 11x28
[PT] bx7 frame I
[PT] ds7 text A 37m
[PT] ds7 text I
[PT] bx8 frame A 482,184 14x35
[PT] bx8 frame I
[PT] ds8 text A 23m
[PT] ds8 text I
[PT] bx9 hide A
[PT] nm9 hide A
[PT] ds9 hide A
[PT] tick 195 enemies=48
[PT] bx0 frame A 538,231 2x5
[PT] bx0 frame I
[PT] bx1 frame A 301,211 103x256
[PT] bx1 frame I
[PT] bx2 frame A 100,208 85x213
[PT] bx2 frame I
[PT] bx3 frame A 34,200 34x86
[PT] bx3 frame I
[PT] ds3 text A 14m
[PT] ds3 text I
[PT] bx4 frame A 114,160 4x11
[PT] bx4 frame I
[PT] bx5 frame A 172,159 5x11
[PT] bx5 frame I
[PT] ds5 text A 94m
[PT] ds5 text I
[PT] bx6 frame A 413,203 21x53
[PT] bx6 frame I
[PT] bx7 frame A 884,203 13x32
[PT] bx7 frame I
[PT] bx8 frame A 490,185 16x39
[PT] bx8 frame I
[PT] ds8 text A 24m
[PT] ds8 text I
[PT] tick 196 enemies=47
[PT] bx0 frame A 537,234 2x6
[PT] bx0 frame I
[PT] bx1 frame A 279,211 111x278
[PT] bx1 frame I
[PT] bx2 frame A 57,208 93x233
[PT] bx2 frame I
[PT] bx3 frame A -24,199 38x96
[PT] bx3 frame I
[PT] bx4 frame A 63,155 5x12
[PT] bx4 frame I
[PT] bx5 frame A 128,153 5x13
[PT] bx5 frame I
[PT] bx6 frame A 398,202 23x59
[PT] bx6 frame I
[PT] bx7 frame A 914,203 14x35
[PT] bx7 frame I
[PT] bx8 frame A 482,204 17x42
[PT] bx8 frame I
[PT] tick 197 enemies=47
[PT] bx0 frame A 531,237 3x6
[PT] bx0 frame I
[PT] bx1 frame A 260,212 116x290
[PT] bx1 frame I
[PT] bx2 frame A 24,210 98x246
[PT] bx2 frame I
[PT] bx3 frame A 23,153 5x13
[PT] bx3 frame I
[PT] ds3 text A 104m
[PT] ds3 text I
[PT] bx4 frame A 93,151 5x14
[PT] bx4 frame I
[PT] ds4 text A 94m
[PT] ds4 text I
[PT] bx5 frame A 384,204 25x62
[PT] bx5 frame I
[PT] ds5 text A 18m
[PT] ds5 text I
[PT] bx6 frame A 924,204 15x36
[PT] bx6 frame I
[PT] ds6 text A 37m
[PT] ds6 text I
[PT] bx7 frame A 476,206 18x44
[PT] bx7 frame I
[PT] ds7 text A 25m
[PT] ds7 text I
[PT] bx8 hide A
[PT] nm8 hide A
[PT] ds8 hide A
[PT] tick 198 enemies=47
[PT] bx0 frame A 520,244 3x7
[PT] bx0 frame I
[PT] bx1 frame A 241,218 120x299
[PT] bx1 frame I
[PT] bx2 frame A -8,216 103x256
[PT] bx2 frame I
[PT] bx3 frame A 56,153 6x14
[PT] bx3 frame I
[PT] ds3 text A 94m
[PT] ds3 text I
[PT] bx4 frame A 366,210 26x65
[PT] bx4 frame I
[PT] ds4 text A 18m
[PT] ds4 text I
[PT] bx5 frame A 924,203 15x37
[PT] bx5 frame I
[PT] ds5 text A 38m
[PT] ds5 text I
[PT] bx6 frame A 469,212 18x46
[PT] bx6 frame I
[PT] ds6 text A 25m
[PT] ds6 text I
[PT] bx7 hide A
[PT] nm7 hide A
[PT] ds7 hide A
[PT] tick 199 enemies=47
[PT] bx0 frame A 503,254 3x7
[PT] bx0 frame I
[PT] ds0 text A 174m
[PT] ds0 text I
[PT] bx1 frame A 226,227 119x298
[PT] bx1 frame I
[PT] bx2 frame A -27,225 104x259
[PT] bx2 frame I
[PT] bx3 frame A 28,161 6x15
[PT] bx3 frame I
[PT] bx4 frame A 348,219 26x66
[PT] bx4 frame I
[PT] bx5 frame A 905,212 15x37
[PT] bx5 frame I
[PT] bx6 frame A 462,213 19x46
[PT] bx6 frame I
[PT] tick 200 enemies=48
[PT] bx0 frame A 489,256 3x7
[PT] bx0 frame I
[PT] bx1 frame A 216,230 117x293
[PT] bx1 frame I
[PT] bx2 frame A -37,227 103x257
[PT] bx2 frame I
[PT] bx3 frame A 9,164 6x15
[PT] bx3 frame I
[PT] bx4 frame A 334,221 26x66
[PT] bx4 frame I
[PT] bx5 frame A 897,215 15x36
[PT] bx5 frame I
[PT] bx6 frame A 458,216 19x47
[PT] bx6 frame I
[PT] bx7 frame A 445,198 15x38
[PT] bx7 frame I
[PT] bx7 show A
[PT] nm7 text A BOT
[PT] nm7 text I
[PT] nm7 show A
[PT] ds7 text A 31m
[PT] ds7 text I
[PT] ds7 show A
[PT] tick 201 enemies=48
[PT] bx0 frame A 481,257 3x7
[PT] bx0 frame I
[PT] bx1 frame A 214,229 115x286
[PT] bx1 frame I
[PT] bx2 frame A -37,227 101x253
[PT] bx2 frame I
[PT] ds2 text A 6m
[PT] ds2 text I
[PT] bx3 frame A -2,163 6x15
[PT] bx3 frame I
[PT] bx4 frame A 327,222 26x65
[PT] bx4 frame I
[PT] bx5 frame A 890,215 14x36
[PT] bx5 frame I
[PT] bx7 frame A 450,194 15x38
[PT] bx7 frame I
[PT] ds7 text A 30m
[PT] ds7 text I
[PT] tick 202 enemies=48
[PT] bx0 frame A 494,249 3x7
[PT] bx0 frame I
[PT] bx1 frame A 235,221 110x276
[PT] bx1 frame I
[PT] bx2 frame A -7,219 97x243
[PT] bx2 frame I
[PT] bx3 frame A 17,156 6x15
[PT] bx3 frame I
[PT] bx4 frame A 341,214 26x65
[PT] bx4 frame I
[PT] bx5 frame A 921,207 15x37
[PT] bx5 frame I
[PT] bx6 frame A 473,208 19x47
[PT] bx6 frame I
[PT] bx7 frame A 451,175 29x71
[PT] bx7 frame I
[PT] ds7 text A 16m
[PT] ds7 text I
[PT] tick 203 enemies=48
[PT] bx0 frame A 510,244 3x7
[PT] bx0 frame I
[PT] bx1 frame A 257,216 107x267
[PT] bx1 frame I
[PT] bx2 frame A 26,213 94x234
[PT] bx2 frame I
[PT] bx3 frame A 39,152 6x15
[PT] bx3 frame I
[PT] bx4 frame A 358,209 26x64
[PT] bx4 frame I
[PT] bx5 frame A 487,203 19x46
[PT] bx5 frame I
[PT] ds5 text A 25m
[PT] ds5 text I
[PT] bx6 frame A 473,186 15x38
[PT] bx6 frame I
[PT] nm6 text A BOT
[PT] nm6 text I
[PT] ds6 text A 31m
[PT] ds6 text I
[PT] bx7 hide A
[PT] nm7 hide A
[PT] ds7 hide A
[PT] tick 204 enemies=48
[PT] bx0 frame A 509,242 3x7
[PT] bx0 frame I
[PT] bx1 frame A 261,213 104x260
[PT] bx1 frame I
[PT] ds1 text A 5m
[PT] ds1 text I
[PT] bx2 frame A 33,211 92x229
[PT] bx2 frame I
[PT] bx3 frame A 38,150 6x15
[PT] bx3 frame I
[PT] bx4 frame A 357,206 25x64
[PT] bx4 frame I
[PT] bx5 frame A 486,201 18x46
[PT] bx5 frame I
[PT] bx6 frame A 455,189 15x37
[PT] bx6 frame I
[PT] tick 205 enemies=48
[PT] bx0 frame A 506,239 3x7
[PT] bx0 frame I
[PT] bx1 frame A 261,210 102x256
[PT] bx1 frame I
[PT] bx2 frame A 36,208 90x226
[PT] bx2 frame I
[PT] bx3 frame A 34,147 6x15
[PT] bx3 frame I
[PT] bx4 frame A 355,204 25x63
[PT] bx4 frame I
[PT] bx5 frame A 483,199 18x46
[PT] bx5 frame I
[PT] bx6 frame A 454,188 15x37
[PT] bx6 frame I
[PT] tick 206 enemies=48
[PT] bx0 frame A 494,243 3x7
[PT] bx0 frame I
[PT] bx1 frame A 252,214 102x254
[PT] bx1 frame I
[PT] bx2 frame A 25,212 91x226
[PT] bx2 frame I
[PT] bx3 frame A 19,151 6x15
[PT] bx3 frame I
[PT] bx4 frame A 344,208 25x63
[PT] bx4 frame I
[PT] bx5 frame A 472,203 18x46
[PT] bx5 frame I
[PT] bx6 frame A 448,177 29x71
[PT] bx6 frame I
[PT] ds6 text A 16m
[PT] ds6 text I
[PT] tick 207 enemies=48
[PT] bx0 frame A 485,241 3x7
[PT] bx0 frame I
[PT] bx1 frame A 242,212 102x255
[PT] bx1 frame I
[PT] bx2 frame A 12,210 91x228
[PT] bx2 frame I
[PT] bx3 frame A 5,148 6x15
[PT] bx3 frame I
[PT] bx4 frame A 334,206 25x64
[PT] bx4 frame I
[PT] bx5 frame A 462,201 18x46
[PT] bx5 frame I
[PT] bx6 frame A 446,191 15x37
[PT] bx6 frame I
[PT] ds6 text A 31m
[PT] ds6 text I
[PT] tick 208 enemies=48
[PT] bx0 frame A 482,239 3x7
[PT] bx0 frame I
[PT] bx1 frame A 238,210 102x255
[PT] bx1 frame I
[PT] bx2 frame A 7,208 91x229
[PT] bx2 frame I
[PT] bx3 frame A 0,146 6x15
[PT] bx3 frame I
[PT] bx4 frame A 331,204 25x64
[PT] bx4 frame I
[PT] bx5 frame A 459,206 18x46
[PT] bx5 frame I
[PT] bx6 frame A 452,190 15x37
[PT] bx6 frame I
[PT] tick 209 enemies=48
[PT] bx0 frame A 469,240 3x7
[PT] bx0 frame I
[PT] bx1 frame A 224,211 103x257
[PT] bx1 frame I
[PT] bx2 frame A -11,209 93x231
[PT] bx2 frame I
[PT] bx3 frame A 318,205 26x64
[PT] bx3 frame I
[PT] ds3 text A 18m
[PT] ds3 text I
[PT] bx4 frame A 923,198 14x35
[PT] bx4 frame I
[PT] ds4 text A 40m
[PT] ds4 text I
[PT] bx5 frame A 447,207 18x46
[PT] bx5 frame I
[PT] bx6 frame A 449,186 19x46
[PT] bx6 frame I
[PT] ds6 text A 25m
[PT] ds6 text I
[PT] tick 210 enemies=48
[PT] bx0 frame A 466,236 3x7
[PT] bx0 frame I
[PT] bx1 frame A 220,207 103x256
[PT] bx1 frame I
[PT] bx2 frame A -16,206 93x232
[PT] bx2 frame I
[PT] bx3 frame A 314,201 26x64
[PT] bx3 frame I
[PT] bx4 frame A 924,195 14x35
[PT] bx4 frame I
[PT] bx5 frame A 443,203 18x46
[PT] bx5 frame I
[PT] bx6 frame A 449,171 29x71
[PT] bx6 frame I
[PT] ds6 text A 16m
[PT] ds6 text I
[PT] tick 211 enemies=48
[PT] bx0 frame A 467,237 3x7
[PT] bx0 frame I
[PT] bx1 frame A 222,208 103x256
[PT] bx1 frame I
[PT] bx2 frame A -14,207 93x232
[PT] bx2 frame I
[PT] bx3 frame A 315,202 26x64
[PT] bx3 frame I
[PT] bx4 frame A 441,204 18x45
[PT] bx4 frame I
[PT] ds4 text A 25m
[PT] ds4 text I
[PT] bx5 frame A 457,187 15x38
[PT] bx5 frame I
[PT] nm5 text A BOT
[PT] nm5 text I
[PT] ds5 text A 31m
[PT] ds5 text I
[PT] bx6 hide A
[PT] nm6 hide A
[PT] ds6 hide A
[PT] tick 212 enemies=48
[PT] bx0 frame A 472,239 3x7
[PT] bx0 frame I
[PT] bx1 frame A 227,210 103x256
[PT] bx1 frame I
[PT] bx2 frame A -8,209 92x231
[PT] bx2 frame I
[PT] bx3 frame A 320,204 26x64
[PT] bx3 frame I
[PT] bx4 frame A 442,206 18x45
[PT] bx4 frame I
[PT] ds4 text A 26m
[PT] ds4 text I
[PT] bx5 frame A 458,192 15x38
[PT] bx5 frame I
[PT] tick 213 enemies=48
[PT] bx0 frame A 479,237 3x7
[PT] bx0 frame I
[PT] bx1 frame A 235,208 102x255
[PT] bx1 frame I
[PT] bx2 frame A 3,206 92x229
[PT] bx2 frame I
[PT] bx3 frame A -4,144 6x15
[PT] bx3 frame I
[PT] ds3 text A 94m
[PT] ds3 text I
[PT] bx4 frame A 328,202 25x64
[PT] bx4 frame I
[PT] ds4 text A 18m
[PT] ds4 text I
[PT] bx5 frame A 448,204 18x45
[PT] bx5 frame I
[PT] nm5 text A Player
[PT] nm5 text I
[PT] ds5 text A 26m
[PT] ds5 text I
[PT] bx6 frame A 462,192 15x38
[PT] bx6 frame I
[PT] bx6 show A
[PT] nm6 show A
[PT] ds6 text A 31m
[PT] ds6 text I
[PT] ds6 show A
[PT] tick 214 enemies=47
[PT] bx0 frame A 476,239 3x7
[PT] bx0 frame I
[PT] bx1 frame A 231,210 102x255
[PT] bx1 frame I
[PT] bx2 frame A -2,208 92x230
[PT] bx2 frame I
[PT] bx3 frame A 324,204 26x64
[PT] bx3 frame I
[PT] ds3 text A 18m
[PT] ds3 text I
[PT] bx4 frame A 443,206 18x44
[PT] bx4 frame I
[PT] ds4 text A 26m
[PT] ds4 text I
[PT] bx5 frame A 459,194 15x38
[PT] bx5 frame I
[PT] nm5 text A BOT
[PT] nm5 text I
[PT] ds5 text A 31m
[PT] ds5 text I
[PT] bx6 hide A
[PT] nm6 hide A
[PT] ds6 hide A
[PT] tick 215 enemies=47
[PT] bx0 frame A 472,241 3x7
[PT] bx0 frame I
[PT] bx1 frame A 227,212 103x256
[PT] bx1 frame I
[PT] bx2 frame A -7,210 92x231
[PT] bx2 frame I
[PT] bx3 frame A 321,206 26x64
[PT] bx3 frame I
[PT] bx4 frame A 445,200 17x44
[PT] bx4 frame I
[PT] ds4 text A 27m
[PT] ds4 text I
[PT] bx5 frame A 453,194 15x38
[PT] bx5 frame I
[PT] tick 216 enemies=47
[PT] bx0 frame A 473,243 3x7
[PT] bx0 frame I
[PT] bx1 frame A 228,214 103x257
[PT] bx1 frame I
[PT] bx2 frame A -6,212 92x231
[PT] bx2 frame I
[PT] bx3 frame A 321,208 26x64
[PT] bx3 frame I
[PT] bx4 frame A 453,202 17x44
[PT] bx4 frame I
[PT] ds4 text A 26m
[PT] ds4 text I
[PT] bx5 frame A 456,194 15x38
[PT] bx5 frame I
[PT] tick 217 enemies=47
[PT] bx0 frame A 466,238 3x7
[PT] bx0 frame I
[PT] bx1 frame A 220,209 103x257
[PT] bx1 frame I
[PT] bx2 frame A -16,208 93x232
[PT] bx2 frame I
[PT] bx3 frame A 314,203 26x64
[PT] bx3 frame I
[PT] bx4 frame A 459,198 17x44
[PT] bx4 frame I
[PT] bx5 frame A 448,172 29x71
[PT] bx5 frame I
[PT] ds5 text A 16m
[PT] ds5 text I
[PT] tick 218 enemies=47
[PT] bx0 frame A 460,238 3x7
[PT] bx0 frame I
[PT] bx1 frame A 214,210 103x257
[PT] bx1 frame I
[PT] bx2 frame A -25,208 93x233
[PT] bx2 frame I
[PT] bx3 frame A 308,203 26x64
[PT] bx3 frame I
[PT] bx4 frame A 466,198 18x44
[PT] bx4 frame I
[PT] bx5 frame A 449,188 15x38
[PT] bx5 frame I
[PT] ds5 text A 31m
[PT] ds5 text I
[PT] tick 219 enemies=47
[PT] bx0 frame A 461,237 3x7
[PT] bx0 frame I
[PT] bx1 frame A 215,209 103x257
[PT] bx1 frame I
[PT] bx2 frame A -24,207 93x233
[PT] bx2 frame I
[PT] bx3 frame A 925,194 9x21
[PT] bx3 frame I
[PT] ds3 text A 66m
[PT] ds3 text I
[PT] bx4 frame A 308,202 26x64
[PT] bx4 frame I
[PT] ds4 text A 18m
[PT] ds4 text I
[PT] bx5 frame A 469,197 18x44
[PT] bx5 frame I
[PT] nm5 text A Player
[PT] nm5 text I
[PT] ds5 text A 26m
[PT] ds5 text I
[PT] bx6 frame A 456,189 15x38
[PT] bx6 frame I
[PT] bx6 show A
[PT] nm6 show A
[PT] ds6 show A
[PT] tick 220 enemies=47
[PT] bx0 frame A 463,236 3x7
[PT] bx0 frame I
[PT] bx1 frame A 217,207 103x257
[PT] bx1 frame I
[PT] bx2 frame A -21,206 93x233
[PT] bx2 frame I
[PT] bx3 frame A 920,193 8x21
[PT] bx3 frame I
[PT] ds3 text A 67m
[PT] ds3 text I
[PT] bx4 frame A 310,201 26x64
[PT] bx4 frame I
[PT] bx5 frame A 471,203 18x44
[PT] bx5 frame I
[PT] tick 221 enemies=47
[PT] bx0 frame A 462,233 3x7
[PT] bx0 frame I
[PT] bx1 frame A 216,205 103x256
[PT] bx1 frame I
[PT] bx2 frame A -22,203 93x232
[PT] bx2 frame I
[PT] bx3 frame A 916,191 8x21
[PT] bx3 frame I
[PT] bx4 frame A 310,198 26x64
[PT] bx4 frame I
[PT] bx5 frame A 471,200 18x44
[PT] bx5 frame I
[PT] bx6 frame A 451,171 29x71
[PT] bx6 frame I
[PT] ds6 text A 16m
[PT] ds6 text I
[PT] tick 222 enemies=47
[PT] bx0 frame A 461,236 3x7
[PT] bx0 frame I
[PT] bx1 frame A 216,207 103x257
[PT] bx1 frame I
[PT] bx2 frame A -23,205 93x233
[PT] bx2 frame I
[PT] bx3 frame A 912,193 8x21
[PT] bx3 frame I
[PT] bx4 frame A 309,200 26x64
[PT] bx4 frame I
[PT] bx5 frame A 470,202 18x44
[PT] bx5 frame I
[PT] bx6 frame A 457,189 15x38
[PT] bx6 frame I
[PT] ds6 text A 31m
[PT] ds6 text I
[PT] tick 223 enemies=47
[PT] bx0 frame A 465,235 3x7
[PT] bx0 frame I
[PT] bx1 frame A 220,207 103x257
[PT] bx1 frame I
[PT] bx2 frame A -17,205 93x232
[PT] bx2 frame I
[PT] bx3 frame A 918,193 8x21
[PT] bx3 frame I
[PT] bx4 frame A 313,200 26x64
[PT] bx4 frame I
[PT] bx5 frame A 474,202 18x44
[PT] bx5 frame I
[PT] bx6 frame A 461,189 15x38
[PT] bx6 frame I
[PT] tick 224 enemies=47
[PT] bx0 frame A 463,238 3x7
[PT] bx0 frame I
[PT] bx1 frame A 217,210 103x257
[PT] bx1 frame I
[PT] bx2 frame A -21,208 93x233
[PT] bx2 frame I
[PT] bx3 frame A 914,195 8x21
[PT] bx3 frame I
[PT] bx4 frame A 310,203 26x64
[PT] bx4 frame I
[PT] bx5 frame A 471,205 18x44
[PT] bx5 frame I
[PT] bx6 frame A 458,194 15x38
[PT] bx6 frame I
[PT] tick 225 enemies=47
[PT] bx0 frame A 451,232 3x7
[PT] bx0 frame I
[PT] bx1 frame A 203,204 103x258
[PT] bx1 frame I
[PT] bx2 frame A -39,202 94x235
[PT] bx2 frame I
[PT] bx3 frame A 897,189 8x21
[PT] bx3 frame I
[PT] bx4 frame A 298,197 26x64
[PT] bx4 frame I
[PT] bx5 frame A 459,199 18x44
[PT] bx5 frame I
[PT] bx6 frame A 445,173 29x71
[PT] bx6 frame I
[PT] ds6 text A 16m
[PT] ds6 text I
[PT] tick 226 enemies=47
[PT] bx0 frame A 449,233 3x7
[PT] bx0 frame I
[PT] bx1 frame A 201,204 103x258
[PT] bx1 frame I
[PT] bx2 frame A -42,203 94x236
[PT] bx2 frame I
[PT] bx3 frame A 894,190 8x21
[PT] bx3 frame I
[PT] bx4 frame A 296,198 26x64
[PT] bx4 frame I
[PT] bx5 frame A 458,199 18x44
[PT] bx5 frame I
[PT] bx6 frame A 454,197 8x20
[PT] bx6 frame I
[PT] ds6 text A 58m
[PT] ds6 text I
[PT] tick 227 enemies=47
[PT] bx0 frame A 443,232 3x7
[PT] bx0 frame I
[PT] bx1 frame A 195,204 104x259
[PT] bx1 frame I
[PT] bx2 frame A -51,202 95x237
[PT] bx2 frame I
[PT] bx3 frame A 886,189 8x21
[PT] bx3 frame I
[PT] bx4 frame A 290,197 26x64
[PT] bx4 frame I
[PT] bx5 frame A 923,196 13x32
[PT] bx5 frame I
[PT] ds5 text A 44m
[PT] ds5 text I
[PT] bx6 frame A 452,199 18x44
[PT] bx6 frame I
[PT] nm6 text A Player
[PT] nm6 text I
[PT] ds6 text A 26m
[PT] ds6 text I
[PT] bx7 frame A 452,196 10x24
[PT] bx7 frame I
[PT] bx7 show A
[PT] nm7 show A
[PT] ds7 text A 48m
[PT] ds7 text I
[PT] ds7 show A
[PT] tick 228 enemies=47
[PT] bx0 frame A 440,226 3x7
[PT] bx0 frame I
[PT] bx1 frame A 192,197 103x258
[PT] bx1 frame I
[PT] bx2 frame A -55,196 95x237
[PT] bx2 frame I
[PT] bx3 frame A 882,183 8x21
[PT] bx3 frame I
[PT] bx4 frame A 287,191 26x64
[PT] bx4 frame I
[PT] bx5 frame A 918,189 13x32
[PT] bx5 frame I
[PT] bx6 frame A 449,192 18x44
[PT] bx6 frame I
[PT] bx7 frame A 453,171 29x71
[PT] bx7 frame I
[PT] ds7 text A 16m
[PT] ds7 text I
[PT] tick 229 enemies=47
[PT] bx0 frame A 447,226 3x7
[PT] bx0 frame I
[PT] bx1 frame A 200,198 103x257
[PT] bx1 frame I
[PT] bx2 frame A -44,196 94x235
[PT] bx2 frame I
[PT] bx3 frame A 892,187 8x21
[PT] bx3 frame I
[PT] bx4 frame A 294,191 26x64
[PT] bx4 frame I
[PT] bx5 frame A 456,193 18x44
[PT] bx5 frame I
[PT] ds5 text A 26m
[PT] ds5 text I
[PT] bx6 frame A 469,193 10x25
[PT] bx6 frame I
[PT] nm6 text A BOT
[PT] nm6 text I
[PT] ds6 text A 46m
[PT] ds6 text I
[PT] bx7 hide A
[PT] nm7 hide A
[PT] ds7 hide A
[PT] tick 230 enemies=47
[PT] bx0 frame A 451,228 3x7
[PT] bx0 frame I
[PT] bx1 frame A 203,200 103x257
[PT] bx1 frame I
[PT] bx2 frame A -40,198 94x235
[PT] bx2 frame I
[PT] bx3 frame A 897,189 8x21
[PT] bx3 frame I
[PT] bx4 frame A 298,193 26x64
[PT] bx4 frame I
[PT] bx5 frame A 459,195 18x44
[PT] bx5 frame I
[PT] bx6 frame A 459,188 18x45
[PT] bx6 frame I
[PT] ds6 text A 26m
[PT] ds6 text I
[PT] tick 231 enemies=47
[PT] bx0 frame A 453,233 3x7
[PT] bx0 frame I
[PT] bx1 frame A 206,204 103x258
[PT] bx1 frame I
[PT] bx2 frame A -36,203 94x235
[PT] bx2 frame I
[PT] bx3 frame A 900,193 8x21
[PT] bx3 frame I
[PT] bx4 frame A 300,198 26x64
[PT] bx4 frame I
[PT] bx5 frame A 462,200 18x44
[PT] bx5 frame I
[PT] bx6 frame A 456,191 18x45
[PT] bx6 frame I
[PT] tick 232 enemies=47
[PT] bx0 frame A 454,236 3x7
[PT] bx0 frame I
[PT] bx1 frame A 207,207 103x258
[PT] bx1 frame I
[PT] bx2 frame A -35,206 94x235
[PT] bx2 frame I
[PT] bx3 frame A 901,196 8x21
[PT] bx3 frame I
[PT] bx4 frame A 301,201 26x64
[PT] bx4 frame I
[PT] bx5 frame A 462,195 18x44
[PT] bx5 frame I
[PT] bx6 frame A 455,197 15x36
[PT] bx6 frame I
[PT] ds6 text A 32m
[PT] ds6 text I
[PT] tick 233 enemies=47
[PT] bx0 frame A 452,235 3x7
[PT] bx0 frame I
[PT] bx1 frame A 205,207 103x258
[PT] bx1 frame I
[PT] bx2 frame A -37,205 94x235
[PT] bx2 frame I
[PT] bx3 frame A 899,196 8x21
[PT] bx3 frame I
[PT] bx4 frame A 299,200 26x64
[PT] bx4 frame I
[PT] bx5 frame A 460,195 18x44
[PT] bx5 frame I
[PT] bx6 frame A 457,203 8x21
[PT] bx6 frame I
[PT] ds6 text A 55m
[PT] ds6 text I
[PT] tick 234 enemies=47
[PT] bx0 frame A 454,237 3x7
[PT] bx0 frame I
[PT] bx1 frame A 207,208 103x258
[PT] bx1 frame I
[PT] bx2 frame A -34,207 94x235
[PT] bx2 frame I
[PT] bx3 frame A 901,197 8x21
[PT] bx3 frame I
[PT] bx4 frame A 301,202 26x64
[PT] bx4 frame I
[PT] bx5 frame A 459,196 17x44
[PT] bx5 frame I
[PT] bx6 frame A 461,202 8x20
[PT] bx6 frame I
[PT] ds6 text A 56m
[PT] ds6 text I
[PT] tick 235 enemies=47
[PT] bx0 frame A 457,237 3x7
[PT] bx0 frame I
[PT] bx1 frame A 211,208 103x258
[PT] bx1 frame I
[PT] bx2 frame A -30,207 94x234
[PT] bx2 frame I
[PT] bx3 frame A 906,197 8x21
[PT] bx3 frame I
[PT] bx4 frame A 297,202 26x65
[PT] bx4 frame I
[PT] bx5 frame A 925,195 13x32
[PT] bx5 frame I
[PT] ds5 text A 44m
[PT] ds5 text I
[PT] bx6 frame A 461,196 17x44
[PT] bx6 frame I
[PT] nm6 text A Player
[PT] nm6 text I
[PT] ds6 text A 27m
[PT] ds6 text I
[PT] bx7 frame A 458,189 18x44
[PT] bx7 frame I
[PT] bx7 show A
[PT] nm7 show A
[PT] ds7 text A 26m
[PT] ds7 text I
[PT] ds7 show A
[PT] tick 236 enemies=47
[PT] bx0 frame A 456,237 3x7
[PT] bx0 frame I
[PT] bx1 frame A 209,208 103x258
[PT] bx1 frame I
[PT] bx2 frame A -32,207 94x234
[PT] bx2 frame I
[PT] bx3 frame A 904,197 8x21
[PT] bx3 frame I
[PT] bx4 frame A 292,202 26x65
[PT] bx4 frame I
[PT] bx5 frame A 917,195 13x32
[PT] bx5 frame I
[PT] ds5 text A 45m
[PT] ds5 text I
[PT] bx6 frame A 451,197 17x43
[PT] bx6 frame I
[PT] bx7 frame A 452,189 18x44
[PT] bx7 frame I
[PT] tick 237 enemies=47
[PT] bx0 frame A 457,223 3x7
[PT] bx0 frame I
[PT] bx1 frame A 210,195 102x256
[PT] bx1 frame I
[PT] bx2 frame A -30,193 93x232
[PT] bx2 frame I
[PT] bx3 frame A 905,184 8x21
[PT] bx3 frame I
[PT] bx4 frame A 287,189 26x66
[PT] bx4 frame I
[PT] bx5 frame A 916,182 12x31
[PT] bx5 frame I
[PT] bx6 frame A 446,183 17x43
[PT] bx6 frame I
[PT] bx7 frame A 452,176 18x44
[PT] bx7 frame I
[PT] tick 238 enemies=47
[PT] bx0 frame A 455,203 2x5
[PT] bx0 frame I
[PT] bx1 frame A 355,201 50x124
[PT] bx1 frame I
[PT] bx2 frame A 228,199 47x117
[PT] bx2 frame I
[PT] bx3 frame A 19,196 41x104
[PT] bx3 frame I
[PT] ds3 text A 9m
[PT] ds3 text I
[PT] bx4 frame A 78,187 26x66
[PT] bx4 frame I
[PT] ds4 text A 14m
[PT] ds4 text I
[PT] bx5 frame A 760,177 6x14
[PT] bx5 frame I
[PT] ds5 text A 67m
[PT] ds5 text I
[PT] bx6 frame A 51,139 4x10
[PT] bx6 frame I
[PT] ds6 text A 105m
[PT] ds6 text I
[PT] bx7 frame A 113,138 4x11
[PT] bx7 frame I
[PT] nm7 text A Player
[PT] nm7 text I
[PT] ds7 text A 94m
[PT] ds7 text I
[PT] bx8 frame A 351,185 17x42
[PT] bx8 frame I
[PT] bx8 show A
[PT] nm8 show A
[PT] ds8 text A 18m
[PT] ds8 text I
[PT] ds8 show A
[PT] bx9 frame A 766,180 8x21
[PT] bx9 frame I
[PT] bx9 show A
[PT] nm9 show A
[PT] ds9 text A 45m
[PT] ds9 text I
[PT] ds9 show A
[PT] bx10 frame A 451,178 11x28
[PT] bx10 frame I
[PT] bx10 show A
[PT] nm10 show A
[PT] ds10 text A 27m
[PT] ds10 text I
[PT] ds10 show A
[PT] bx11 frame A 457,174 11x29
[PT] bx11 frame I
[PT] bx11 show A
[PT] nm11 text A BOT
[PT] nm11 text I
[PT] nm11 show A
[PT] ds11 text A 26m
[PT] ds11 text I
[PT] ds11 show A
[PT] tick 239 enemies=47
[PT] bx0 frame A 448,224 2x5
[PT] bx0 frame I
[PT] bx1 frame A 354,216 51x126
[PT] bx1 frame I
[PT] bx2 frame A 226,215 48x119
[PT] bx2 frame I
[PT] bx3 frame A 11,212 43x106
[PT] bx3 frame I
[PT] bx4 frame A 70,205 27x67
[PT] bx4 frame I
[PT] bx5 frame A 749,198 6x14
[PT] bx5 frame I
[PT] bx6 frame A 41,160 4x10
[PT] bx6 frame I
[PT] bx7 frame A 104,159 4x11
[PT] bx7 frame I
[PT] bx8 frame A 339,197 17x42
[PT] bx8 frame I
[PT] bx9 frame A 758,200 8x20
[PT] bx9 frame I
[PT] ds9 text A 46m
[PT] ds9 text I
[PT] bx10 frame A 452,198 11x27
[PT] bx10 frame I
[PT] ds10 text A 28m
[PT] ds10 text I
[PT] bx11 frame A 451,194 11x29
[PT] bx11 frame I
[PT] tick 240 enemies=47
[PT] bx0 frame A 482,212 2x5
[PT] bx0 frame I
[PT] bx1 frame A 398,208 50x124
[PT] bx1 frame I
[PT] bx2 frame A 274,205 46x115
[PT] bx2 frame I
[PT] bx3 frame A 78,202 40x99
[PT] bx3 frame I
[PT] bx4 frame A 128,194 25x63
[PT] bx4 frame I
[PT] bx5 frame A 800,186 6x15
[PT] bx5 frame I
[PT] bx6 frame A 99,150 4x10
[PT] bx6 frame I
[PT] ds6 text A 104m
[PT] ds6 text I
[PT] bx7 frame A 155,149 4x10
[PT] bx7 frame I
[PT] bx8 frame A 372,186 17x42
[PT] bx8 frame I
[PT] bx9 frame A 809,189 9x21
[PT] bx9 frame I
[PT] bx10 frame A 490,187 11x27
[PT] bx10 frame I
[PT] bx11 frame A 487,183 11x29
[PT] bx11 frame I
[PT] tick 241 enemies=47
[PT] bx0 frame A 720,160 57x142
[PT] bx0 frame I
[PT] nm0 text A Player
[PT] nm0 text I
[PT] ds0 text A 5m
[PT] ds0 text I
[PT] bx1 frame A 598,145 44x109
[PT] bx1 frame I
[PT] ds1 text A 6m
[PT] ds1 text I
[PT] bx2 frame A 476,128 30x75
[PT] bx2 frame I
[PT] ds2 text A 9m
[PT] ds2 text I
[PT] bx3 frame A 528,118 21x52
[PT] bx3 frame I
[PT] ds3 text A 14m
[PT] ds3 text I
[PT] bx4 frame A 546,72 3x8
[PT] bx4 frame I
[PT] ds4 text A 104m
[PT] ds4 text I
[PT] bx5 frame A 586,69 4x10
[PT] bx5 frame I
[PT] ds5 text A 94m
[PT] ds5 text I
[PT] bx6 frame A 103,65 3x8
[PT] bx6 frame I
[PT] ds6 text A 136m
[PT] ds6 text I
[PT] bx7 frame A 771,122 20x50
[PT] bx7 frame I
[PT] ds7 text A 18m
[PT] ds7 text I
[PT] bx8 hide A
[PT] nm8 hide A
[PT] ds8 hide A
[PT] bx9 hide A
[PT] nm9 hide A
[PT] ds9 hide A
[PT] bx10 hide A
[PT] nm10 hide A
[PT] ds10 hide A
[PT] bx11 hide A
[PT] nm11 hide A
[PT] ds11 hide A
[PT] tick 242 enemies=47
[PT] bx0 frame A 873,137 57x142
[PT] bx0 frame I
[PT] ds0 text A 6m
[PT] ds0 text I
[PT] bx1 frame A 709,103 35x87
[PT] bx1 frame I
[PT] ds1 text A 9m
[PT] ds1 text I
[PT] bx2 frame A 794,90 26x65
[PT] bx2 frame I
[PT] ds2 text A 14m
[PT] ds2 text I
[PT] bx3 frame A 854,25 5x11
[PT] bx3 frame I
[PT] ds3 text A 104m
[PT] ds3 text I
[PT] bx4 frame A 924,19 5x13
[PT] bx4 frame I
[PT] ds4 text A 94m
[PT] ds4 text I
[PT] bx5 frame A 85,111 22x55
[PT] bx5 frame I
[PT] ds5 text A 18m
[PT] ds5 text I
[PT] bx6 frame A 391,29 3x7
[PT] bx6 frame I
[PT] bx7 frame A 287,70 6x15
[PT] bx7 frame I
[PT] ds7 text A 62m
[PT] ds7 text I
[PT] tick 243 enemies=47
[PT] bx0 frame A 900,124 59x148
[PT] bx0 frame I
[PT] bx1 frame A 717,88 36x90
[PT] bx1 frame I
[PT] bx2 frame A 799,75 27x67
[PT] bx2 frame I
[PT] bx3 frame A 848,9 5x11
[PT] bx3 frame I
[PT] bx4 frame A 918,4 5x14
[PT] bx4 frame I
[PT] bx5 frame A 68,98 23x57
[PT] bx5 frame I
[PT] ds5 text A 17m
[PT] ds5 text I
[PT] bx6 frame A 383,13 3x7
[PT] bx6 frame I
[PT] bx7 frame A 277,55 6x15
[PT] bx7 frame I
[PT] ds7 text A 61m
[PT] ds7 text I
[PT] tick 244 enemies=47
[PT] bx0 frame A 915,120 62x155
[PT] bx0 frame I
[PT] bx1 frame A 718,90 37x92
[PT] bx1 frame I
[PT] ds1 text A 8m
[PT] ds1 text I
[PT] bx2 frame A 797,79 27x68
[PT] bx2 frame I
[PT] bx3 frame A 837,20 4x11
[PT] bx3 frame I
[PT] bx4 frame A 905,14 5x13
[PT] bx4 frame I
[PT] bx5 frame A 54,104 23x58
[PT] bx5 frame I
[PT] bx6 frame A 378,24 3x7
[PT] bx6 frame I
[PT] bx7 frame A 271,65 6x15
[PT] bx7 frame I
[PT] tick 245 enemies=47
[PT] bx0 frame A 925,134 64x159
[PT] bx0 frame I
[PT] ds0 text A 5m
[PT] ds0 text I
[PT] bx1 frame A 715,100 37x93
[PT] bx1 frame I
[PT] bx2 frame A 790,88 27x68
[PT] bx2 frame I
[PT] ds2 text A 13m
[PT] ds2 text I
[PT] bx3 frame A 821,28 4x11
[PT] bx3 frame I
[PT] bx4 frame A 886,22 5x13
[PT] bx4 frame I
[PT] bx5 frame A 32,114 24x60
[PT] bx5 frame I
[PT] bx6 frame A 368,31 3x7
[PT] bx6 frame I
[PT] ds6 text A 135m
[PT] ds6 text I
[PT] bx7 frame A 260,72 6x15
[PT] bx7 frame I
[PT] tick 246 enemies=48
[PT] bx0 frame A 718,114 38x95
[PT] bx0 frame I
[PT] ds0 text A 8m
[PT] ds0 text I
[PT] bx1 frame A 792,102 27x68
[PT] bx1 frame I
[PT] ds1 text A 13m
[PT] ds1 text I
[PT] bx2 frame A 816,43 4x11
[PT] bx2 frame I
[PT] ds2 text A 104m
[PT] ds2 text I
[PT] bx3 frame A 881,38 5x13
[PT] bx3 frame I
[PT] ds3 text A 94m
[PT] ds3 text I
[PT] bx4 frame A 25,129 24x60
[PT] bx4 frame I
[PT] ds4 text A 17m
[PT] ds4 text I
[PT] bx5 frame A 368,46 3x7
[PT] bx5 frame I
[PT] ds5 text A 135m
[PT] ds5 text I
[PT] bx6 frame A 259,87 6x15
[PT] bx6 frame I
[PT] ds6 text A 61m
[PT] ds6 text I
[PT] bx7 hide A
[PT] nm7 hide A
[PT] ds7 hide A
[PT] tick 247 enemies=48
[PT] bx0 frame A 727,130 40x100
[PT] bx0 frame I
[PT] bx1 frame A 796,123 28x70
[PT] bx1 frame I
[PT] bx2 frame A 803,77 4x10
[PT] bx2 frame I
[PT] ds2 text A 103m
[PT] ds2 text I
[PT] bx3 frame A 866,72 5x12
[PT] bx3 frame I
[PT] ds3 text A 93m
[PT] ds3 text I
[PT] bx4 frame A 4,152 25x63
[PT] bx4 frame I
[PT] ds4 text A 16m
[PT] ds4 text I
[PT] bx5 frame A 366,80 3x7
[PT] bx5 frame I
[PT] bx6 frame A 256,118 6x15
[PT] bx6 frame I
[PT] ds6 text A 60m
[PT] ds6 text I
[PT] tick 248 enemies=48
[PT] bx0 frame A 730,143 41x102
[PT] bx0 frame I
[PT] ds0 text A 7m
[PT] ds0 text I
[PT] bx1 frame A 797,134 28x70
[PT] bx1 frame I
[PT] bx2 frame A 796,85 4x10
[PT] bx2 frame I
[PT] bx3 frame A 858,80 5x12
[PT] bx3 frame I
[PT] bx4 frame A -13,163 26x65
[PT] bx4 frame I
[PT] bx5 frame A 362,87 3x7
[PT] bx5 frame I
[PT] ds5 text A 134m
[PT] ds5 text I
[PT] bx6 frame A 250,126 6x15
[PT] bx6 frame I
[PT] tick 249 enemies=48
[PT] bx0 frame A 746,155 43x107
[PT] bx0 frame I
[PT] bx1 frame A 811,145 29x72
[PT] bx1 frame I
[PT] ds1 text A 12m
[PT] ds1 text I
[PT] bx2 frame A 802,95 4x10
[PT] bx2 frame I
[PT] bx3 frame A 865,90 5x12
[PT] bx3 frame I
[PT] bx4 frame A -16,175 26x65
[PT] bx4 frame I
[PT] bx5 frame A 367,97 3x6
[PT] bx5 frame I
[PT] bx6 frame A 255,136 6x15
[PT] bx6 frame I
[PT] tick 250 enemies=48
[PT] bx0 frame A 766,162 45x112
[PT] bx0 frame I
[PT] bx1 frame A 831,150 30x75
[PT] bx1 frame I
[PT] bx2 frame A 814,97 4x10
[PT] bx2 frame I
[PT] ds2 text A 102m
[PT] ds2 text I
[PT] bx3 frame A 878,92 5x12
[PT] bx3 frame I
[PT] ds3 text A 92m
[PT] ds3 text I
[PT] bx4 frame A -15,179 26x66
[PT] bx4 frame I
[PT] bx5 frame A 374,100 3x6
[PT] bx5 frame I
[PT] bx6 frame A 262,139 6x15
[PT] bx6 frame I
[PT] ds6 text A 59m
[PT] ds6 text I
[PT] tick 251 enemies=48
[PT] bx0 frame A 777,161 47x117
[PT] bx0 frame I
[PT] bx1 frame A 838,150 31x77
[PT] bx1 frame I
[PT] bx2 frame A 811,100 4x10
[PT] bx2 frame I
[PT] bx3 frame A 876,94 5x12
[PT] bx3 frame I
[PT] bx4 frame A 372,102 3x6
[PT] bx4 frame I
[PT] ds4 text A 133m
[PT] ds4 text I
[PT] bx5 frame A 258,141 6x15
[PT] bx5 frame I
[PT] ds5 text A 59m
[PT] ds5 text I
[PT] bx6 hide A
[PT] nm6 hide A
[PT] ds6 hide A
[PT] tick 252 enemies=48
[PT] bx0 frame A 786,149 48x121
[PT] bx0 frame I
[PT] bx1 frame A 844,140 31x79
[PT] bx1 frame I
[PT] bx2 frame A 809,92 4x10
[PT] bx2 frame I
[PT] bx3 frame A 874,86 5x12
[PT] bx3 frame I
[PT] bx4 frame A 369,94 3x7
[PT] bx4 frame I
[PT] bx5 frame A 253,133 6x15
[PT] bx5 frame I
[PT] tick 253 enemies=49
[PT] bx0 frame A 795,148 50x124
[PT] bx0 frame I
[PT] ds0 text A 6m
[PT] ds0 text I
[PT] bx1 frame A 851,138 32x80
[PT] bx1 frame I
[PT] bx2 frame A 811,90 4x10
[PT] bx2 frame I
[PT] bx3 frame A 876,84 5x12
[PT] bx3 frame I
[PT] bx4 frame A 370,92 3x7
[PT] bx4 frame I
[PT] bx5 frame A 253,131 6x15
[PT] bx5 frame I
[PT] tick 254 enemies=49
[PT] bx0 frame A 795,162 52x131
[PT] bx0 frame I
[PT] bx1 frame A 822,144 32x80
[PT] bx1 frame I
[PT] ds1 text A 11m
[PT] ds1 text I
[PT] bx2 frame A 749,90 4x10
[PT] bx2 frame I
[PT] ds2 text A 101m
[PT] ds2 text I
[PT] bx3 frame A 807,85 5x12
[PT] bx3 frame I
[PT] ds3 text A 91m
[PT] ds3 text I
[PT] bx4 frame A 322,89 3x7
[PT] bx4 frame I
[PT] ds4 text A 132m
[PT] ds4 text I
[PT] bx5 frame A 195,131 6x16
[PT] bx5 frame I
[PT] ds5 text A 58m
[PT] ds5 text I
[PT] tick 255 enemies=49
[PT] bx0 frame A 792,179 53x133
[PT] bx0 frame I
[PT] bx1 frame A 807,163 32x80
[PT] bx1 frame I
[PT] bx2 frame A 724,113 4x9
[PT] bx2 frame I
[PT] bx3 frame A 779,108 4x11
[PT] bx3 frame I
[PT] bx4 frame A 305,111 3x7
[PT] bx4 frame I
[PT] bx5 frame A 173,153 7x16
[PT] bx5 frame I
[PT] tick 256 enemies=49
[PT] bx0 frame A 649,181 46x115
[PT] bx0 frame I
[PT] bx1 frame A 634,168 27x67
[PT] bx1 frame I
[PT] bx2 frame A 539,125 3x8
[PT] bx2 frame I
[PT] bx3 frame A 581,122 4x9
[PT] bx3 frame I
[PT] bx4 frame A 89,114 3x8
[PT] bx4 frame I
[PT] ds4 text A 131m
[PT] ds4 text I
[PT] bx5 frame A 925,164 28x70
[PT] bx5 frame I
[PT] ds5 text A 15m
[PT] ds5 text I
[PT] tick 257 enemies=49
[PT] bx0 frame A 347,175 2x5
[PT] bx0 frame I
[PT] nm0 text A BOT
[PT] nm0 text I
[PT] ds0 text A 174m
[PT] ds0 text I
[PT] bx1 frame A 658,176 45x113
[PT] bx1 frame I
[PT] ds1 text A 6m
[PT] ds1 text I
[PT] bx2 frame A 525,176 46x115
[PT] bx2 frame I
[PT] ds2 text A 5m
[PT] ds2 text I
[PT] bx3 frame A 248,177 47x117
[PT] bx3 frame I
[PT] ds3 text A 6m
[PT] ds3 text I
[PT] bx4 frame A 149,164 31x77
[PT] bx4 frame I
[PT] ds4 text A 11m
[PT] ds4 text I
[PT] bx5 frame A 640,145 5x12
[PT] bx5 frame I
[PT] ds5 text A 70m
[PT] ds5 text I
[PT] bx6 frame A 357,152 20x50
[PT] bx6 frame I
[PT] bx6 show A
[PT] nm6 show A
[PT] ds6 text A 15m
[PT] ds6 text I
[PT] ds6 show A
[PT] bx7 frame A 671,147 7x17
[PT] bx7 frame I
[PT] bx7 show A
[PT] nm7 show A
[PT] ds7 text A 50m
[PT] ds7 text I
[PT] ds7 show A
[PT] bx8 frame A 418,150 11x27
[PT] bx8 frame I
[PT] bx8 show A
[PT] nm8 show A
[PT] ds8 text A 28m
[PT] ds8 text I
[PT] ds8 show A
[PT] bx9 frame A 434,146 12x29
[PT] bx9 frame I
[PT] bx9 show A
[PT] nm9 text A BOT
[PT] nm9 text I
[PT] nm9 show A
[PT] ds9 text A 27m
[PT] ds9 text I
[PT] ds9 show A
[PT] tick 258 enemies=49
[PT] bx0 frame A 261,177 2x5
[PT] bx0 frame I
[PT] bx1 frame A 611,175 43x107
[PT] bx1 frame I
[PT] bx2 frame A 490,177 45x113
[PT] bx2 frame I
[PT] bx3 frame A 196,181 51x127
[PT] bx3 frame I
[PT] ds3 text A 5m
[PT] ds3 text I
[PT] bx4 frame A 55,169 35x88
[PT] bx4 frame I
[PT] bx5 frame A 850,216 55x139
[PT] bx5 frame I
[PT] nm5 text A BOT
[PT] nm5 text I
[PT] ds5 text A 6m
[PT] ds5 text I
[PT] bx6 frame A 554,146 5x12
[PT] bx6 frame I
[PT] ds6 text A 70m
[PT] ds6 text I
[PT] bx7 frame A 281,154 22x54
[PT] bx7 frame I
[PT] ds7 text A 14m
[PT] ds7 text I
[PT] bx8 frame A 593,147 6x16
[PT] bx8 frame I
[PT] ds8 text A 51m
[PT] ds8 text I
[PT] bx9 frame A 338,151 11x28
[PT] bx9 frame I
[PT] nm9 text A Player
[PT] nm9 text I
[PT] ds9 text A 29m
[PT] ds9 text I
[PT] bx10 frame A 364,147 12x30
[PT] bx10 frame I
[PT] bx10 show A
[PT] nm10 text A BOT
[PT] nm10 text I
[PT] nm10 show A
[PT] ds10 text A 26m
[PT] ds10 text I
[PT] ds10 show A
[PT] tick 259 enemies=49
[PT] bx0 frame A 305,184 2x5
[PT] bx0 frame I
[PT] bx1 frame A 664,182 44x110
[PT] bx1 frame I
[PT] bx2 frame A 538,183 46x114
[PT] bx2 frame I
[PT] bx3 frame A 255,186 49x123
[PT] bx3 frame I
[PT] bx4 frame A 125,173 33x82
[PT] bx4 frame I
[PT] ds4 text A 10m
[PT] ds4 text I
[PT] bx5 frame A 593,153 5x12
[PT] bx5 frame I
[PT] nm5 text A Player
[PT] nm5 text I
[PT] ds5 text A 70m
[PT] ds5 text I
[PT] bx6 frame A 318,161 22x54
[PT] bx6 frame I
[PT] ds6 text A 14m
[PT] ds6 text I
[PT] bx7 frame A 639,155 7x17
[PT] bx7 frame I
[PT] ds7 text A 51m
[PT] ds7 text I
[PT] bx8 frame A 376,158 11x27
[PT] bx8 frame I
[PT] ds8 text A 29m
[PT] ds8 text I
[PT] bx9 frame A 406,154 12x29
[PT] bx9 frame I
[PT] nm9 text A BOT
[PT] nm9 text I
[PT] ds9 text A 26m
[PT] ds9 text I
[PT] bx10 hide A
[PT] nm10 hide A
[PT] ds10 hide A
[PT] tick 260 enemies=49
[PT] bx0 frame A 323,176 2x5
[PT] bx0 frame I
[PT] ds0 text A 173m
[PT] ds0 text I
[PT] bx1 frame A 695,177 45x112
[PT] bx1 frame I
[PT] bx2 frame A 566,178 46x114
[PT] bx2 frame I
[PT] bx3 frame A 286,180 48x121
[PT] bx3 frame I
[PT] bx4 frame A 156,167 32x81
[PT] bx4 frame I
[PT] bx5 frame A 609,146 5x12
[PT] bx5 frame I
[PT] bx6 frame A 329,155 22x56
[PT] bx6 frame I
[PT] ds6 text A 13m
[PT] ds6 text I
[PT] bx7 frame A 663,148 7x17
[PT] bx7 frame I
[PT] bx8 frame A 390,151 11x27
[PT] bx8 frame I
[PT] bx9 frame A 425,147 12x29
[PT] bx9 frame I
[PT] tick 261 enemies=50
[PT] bx0 frame A 339,177 2x5
[PT] bx0 frame I
[PT] bx1 frame A 726,179 45x113
[PT] bx1 frame I
[PT] bx2 frame A 595,179 46x115
[PT] bx2 frame I
[PT] bx3 frame A 315,181 48x120
[PT] bx3 frame I
[PT] bx4 frame A 185,167 32x79
[PT] bx4 frame I
[PT] bx5 frame A 625,147 5x12
[PT] bx5 frame I
[PT] bx6 frame A 344,156 23x56
[PT] bx6 frame I
[PT] bx7 frame A 685,149 7x17
[PT] bx7 frame I
[PT] bx8 frame A 405,152 11x27
[PT] bx8 frame I
[PT] bx9 frame A 443,148 12x29
[PT] bx9 frame I
[PT] tick 262 enemies=50
[PT] bx0 frame A 360,202 2x5
[PT] bx0 frame I
[PT] ds0 text A 174m
[PT] ds0 text I
[PT] bx1 frame A 770,197 45x113
[PT] bx1 frame I
[PT] ds1 text A 7m
[PT] ds1 text I
[PT] bx2 frame A 639,197 46x114
[PT] bx2 frame I
[PT] ds2 text A 6m
[PT] ds2 text I
[PT] bx3 frame A 369,198 46x116
[PT] bx3 frame I
[PT] bx4 frame A 235,187 30x76
[PT] bx4 frame I
[PT] bx5 frame A 643,172 5x12
[PT] bx5 frame I
[PT] ds5 text A 69m
[PT] ds5 text I
[PT] bx6 frame A 357,179 23x58
[PT] bx6 frame I
[PT] ds6 text A 12m
[PT] ds6 text I
[PT] bx7 frame A 717,166 7x18
[PT] bx7 frame I
[PT] bx8 frame A 426,180 10x26
[PT] bx8 frame I
[PT] ds8 text A 30m
[PT] ds8 text I
[PT] bx9 frame A 469,172 11x28
[PT] bx9 frame I
[PT] ds9 text A 27m
[PT] ds9 text I
[PT] tick 263 enemies=50
[PT] bx0 frame A 384,208 2x5
[PT] bx0 frame I
[PT] bx1 frame A 801,202 46x114
[PT] bx1 frame I
[PT] bx2 frame A 666,202 45x114
[PT] bx2 frame I
[PT] bx3 frame A 401,202 45x112
[PT] bx3 frame I
[PT] bx4 frame A 271,193 29x73
[PT] bx4 frame I
[PT] bx5 frame A 671,179 5x13
[PT] bx5 frame I
[PT] bx6 frame A 6,138 5x13
[PT] bx6 frame I
[PT] ds6 text A 90m
[PT] ds6 text I
[PT] bx7 frame A 374,185 24x59
[PT] bx7 frame I
[PT] ds7 text A 12m
[PT] ds7 text I
[PT] bx8 frame A 750,171 7x18
[PT] bx8 frame I
[PT] ds8 text A 52m
[PT] ds8 text I
[PT] bx9 frame A 447,183 10x25
[PT] bx9 frame I
[PT] nm9 text A Player
[PT] nm9 text I
[PT] ds9 text A 30m
[PT] ds9 text I
[PT] bx10 frame A 493,179 11x28
[PT] bx10 frame I
[PT] bx10 show A
[PT] nm10 show A
[PT] ds10 text A 27m
[PT] ds10 text I
[PT] ds10 show A
[PT] tick 264 enemies=50
[PT] bx0 frame A 409,219 2x5
[PT] bx0 frame I
[PT] bx1 frame A 828,210 46x116
[PT] bx1 frame I
[PT] bx2 frame A 688,210 45x114
[PT] bx2 frame I
[PT] bx3 frame A 426,209 44x109
[PT] bx3 frame I
[PT] bx4 frame A 302,201 28x70
[PT] bx4 frame I
[PT] bx5 frame A 704,190 5x13
[PT] bx5 frame I
[PT] bx6 frame A 55,150 5x12
[PT] bx6 frame I
[PT] bx7 frame A 398,194 23x58
[PT] bx7 frame I
[PT] bx8 frame A 786,181 7x19
[PT] bx8 frame I
[PT] bx9 frame A 469,193 10x25
[PT] bx9 frame I
[PT] ds9 text A 31m
[PT] ds9 text I
[PT] bx10 frame A 517,189 11x28
[PT] bx10 frame I
[PT] tick 265 enemies=50
[PT] bx0 frame A 430,222 2x5
[PT] bx0 frame I
[PT] bx1 frame A 843,213 47x117
[PT] bx1 frame I
[PT] ds1 text A 8m
[PT] ds1 text I
[PT] bx2 frame A 700,212 45x113
[PT] bx2 frame I
[PT] bx3 frame A 441,211 42x106
[PT] bx3 frame I
[PT] ds3 text A 6m
[PT] ds3 text I
[PT] bx4 frame A 323,204 27x68
[PT] bx4 frame I
[PT] bx5 frame A 731,193 5x13
[PT] bx5 frame I
[PT] bx6 frame A 17,156 4x11
[PT] bx6 frame I
[PT] ds6 text A 100m
[PT] ds6 text I
[PT] bx7 frame A 91,155 5x11
[PT] bx7 frame I
[PT] ds7 text A 90m
[PT] ds7 text I
[PT] bx8 frame A 403,198 24x59
[PT] bx8 frame I
[PT] ds8 text A 12m
[PT] ds8 text I
[PT] bx9 frame A 817,184 8x19
[PT] bx9 frame I
[PT] ds9 text A 52m
[PT] ds9 text I
[PT] bx10 frame A 490,196 10x25
[PT] bx10 frame I
[PT] nm10 text A Player
[PT] nm10 text I
[PT] ds10 text A 31m
[PT] ds10 text I
[PT] bx11 frame A 536,192 11x28
[PT] bx11 frame I
[PT] bx11 show A
[PT] nm11 show A
[PT] ds11 text A 27m
[PT] ds11 text I
[PT] ds11 show A
[PT] tick 266 enemies=50
[PT] bx0 frame A 432,225 2x5
[PT] bx0 frame I
[PT] bx1 frame A 827,215 47x116
[PT] bx1 frame I
[PT] ds1 text A 7m
[PT] ds1 text I
[PT] bx2 frame A 686,214 45x112
[PT] bx2 frame I
[PT] bx3 frame A 430,213 42x105
[PT] bx3 frame I
[PT] bx4 frame A 318,206 27x68
[PT] bx4 frame I
[PT] ds4 text A 11m
[PT] ds4 text I
[PT] bx5 frame A 735,196 5x13
[PT] bx5 frame I
[PT] bx6 frame A 21,159 4x11
[PT] bx6 frame I
[PT] bx7 frame A 95,158 5x11
[PT] bx7 frame I
[PT] bx8 frame A 388,200 24x60
[PT] bx8 frame I
[PT] bx9 frame A 822,186 8x19
[PT] bx9 frame I
[PT] bx10 frame A 493,198 10x25
[PT] bx10 frame I
[PT] bx11 frame A 534,195 11x28
[PT] bx11 frame I
[PT] tick 267 enemies=50
[PT] bx0 frame A 406,227 2x5
[PT] bx0 frame I
[PT] bx1 frame A 775,216 45x112
[PT] bx1 frame I
[PT] bx2 frame A 642,215 44x110
[PT] bx2 frame I
[PT] bx3 frame A 393,215 42x105
[PT] bx3 frame I
[PT] bx4 frame A 282,208 28x69
[PT] bx4 frame I
[PT] bx5 frame A 704,198 5x13
[PT] bx5 frame I
[PT] ds5 text A 68m
[PT] ds5 text I
[PT] bx6 frame A 50,159 5x12
[PT] bx6 frame I
[PT] ds6 text A 90m
[PT] ds6 text I
[PT] bx7 frame A 341,202 24x61
[PT] bx7 frame I
[PT] ds7 text A 12m
[PT] ds7 text I
[PT] bx8 frame A 785,190 7x19
[PT] bx8 frame I
[PT] ds8 text A 52m
[PT] ds8 text I
[PT] bx9 frame A 464,205 10x25
[PT] bx9 frame I
[PT] ds9 text A 31m
[PT] ds9 text I
[PT] bx10 frame A 505,197 11x28
[PT] bx10 frame I
[PT] nm10 text A BOT
[PT] nm10 text I
[PT] ds10 text A 27m
[PT] ds10 text I
[PT] bx11 hide A
[PT] nm11 hide A
[PT] ds11 hide A
[PT] tick 268 enemies=50
[PT] bx0 frame A 398,226 2x5
[PT] bx0 frame I
[PT] bx1 frame A 751,214 43x108
[PT] bx1 frame I
[PT] bx2 frame A 624,214 43x107
[PT] bx2 frame I
[PT] bx3 frame A 381,213 41x104
[PT] bx3 frame I
[PT] bx4 frame A 272,207 27x68
[PT] bx4 frame I
[PT] bx5 frame A 696,197 5x13
[PT] bx5 frame I
[PT] bx6 frame A 37,157 5x12
[PT] bx6 frame I
[PT] ds6 text A 91m
[PT] ds6 text I
[PT] bx7 frame A 335,201 24x59
[PT] bx7 frame I
[PT] bx8 frame A 774,190 7x18
[PT] bx8 frame I
[PT] bx9 frame A 455,204 10x24
[PT] bx9 frame I
[PT] bx10 frame A 496,196 11x28
[PT] bx10 frame I
[PT] tick 269 enemies=50
[PT] bx0 frame A 407,229 2x5
[PT] bx0 frame I
[PT] ds0 text A 175m
[PT] ds0 text I
[PT] bx1 frame A 759,216 43x107
[PT] bx1 frame I
[PT] bx2 frame A 633,216 42x105
[PT] bx2 frame I
[PT] bx3 frame A 395,215 40x101
[PT] bx3 frame I
[PT] bx4 frame A 287,209 27x67
[PT] bx4 frame I
[PT] bx5 frame A 709,200 5x13
[PT] bx5 frame I
[PT] bx6 frame A 54,161 5x12
[PT] bx6 frame I
[PT] bx7 frame A 353,203 22x56
[PT] bx7 frame I
[PT] ds7 text A 13m
[PT] ds7 text I
[PT] bx8 frame A 790,194 7x19
[PT] bx8 frame I
[PT] bx9 frame A 465,202 10x24
[PT] bx9 frame I
[PT] bx10 frame A 506,198 11x28
[PT] bx10 frame I
[PT] ds10 text A 28m
[PT] ds10 text I
[PT] tick 270 enemies=50
[PT] bx0 frame A 435,221 2x5
[PT] bx0 frame I
[PT] bx1 frame A 796,211 43x108
[PT] bx1 frame I
[PT] ds1 text A 8m
[PT] ds1 text I
[PT] bx2 frame A 664,210 42x105
[PT] bx2 frame I
[PT] ds2 text A 7m
[PT] ds2 text I
[PT] bx3 frame A 427,209 39x98
[PT] bx3 frame I
[PT] bx4 frame A 322,202 26x65
[PT] bx4 frame I
[PT] bx5 frame A 749,193 5x14
[PT] bx5 frame I
[PT] bx6 frame A 30,156 4x11
[PT] bx6 frame I
[PT] ds6 text A 100m
[PT] ds6 text I
[PT] bx7 frame A 102,155 4x11
[PT] bx7 frame I
[PT] ds7 text A 91m
[PT] ds7 text I
[PT] bx8 frame A 387,196 21x53
[PT] bx8 frame I
[PT] ds8 text A 13m
[PT] ds8 text I
[PT] bx9 frame A 836,189 8x19
[PT] bx9 frame I
[PT] ds9 text A 52m
[PT] ds9 text I
[PT] bx10 frame A 493,195 10x24
[PT] bx10 frame I
[PT] nm10 text A Player
[PT] nm10 text I
[PT] ds10 text A 32m
[PT] ds10 text I
[PT] bx11 frame A 534,191 11x28
[PT] bx11 frame I
[PT] bx11 show A
[PT] nm11 show A
[PT] ds11 text A 28m
[PT] ds11 text I
[PT] ds11 show A
[PT] tick 271 enemies=50
[PT] bx0 frame A 469,218 2x5
[PT] bx0 frame I
[PT] bx1 frame A 847,209 45x112
[PT] bx1 frame I
[PT] bx2 frame A 705,208 43x106
[PT] bx2 frame I
[PT] bx3 frame A 463,206 38x96
[PT] bx3 frame I
[PT] bx4 frame A 361,199 25x63
[PT] bx4 frame I
[PT] bx5 frame A 798,190 6x14
[PT] bx5 frame I
[PT] bx6 frame A 90,155 4x10
[PT] bx6 frame I
[PT] bx7 frame A 154,154 4x11
[PT] bx7 frame I
[PT] bx8 frame A 427,193 20x51
[PT] bx8 frame I
[PT] ds8 text A 14m
[PT] ds8 text I
[PT] bx9 frame A 898,189 8x21
[PT] bx9 frame I
[PT] ds9 text A 53m
[PT] ds9 text I
[PT] bx10 frame A 527,192 10x24
[PT] bx10 frame I
[PT] bx11 frame A 570,189 11x28
[PT] bx11 frame I
[PT] tick 272 enemies=50
[PT] bx0 frame A 495,223 2x5
[PT] bx0 frame I
[PT] bx1 frame A 900,214 47x118
[PT] bx1 frame I
[PT] bx2 frame A 746,212 44x110
[PT] bx2 frame I
[PT] bx3 frame A 496,210 38x96
[PT] bx3 frame I
[PT] bx4 frame A 393,203 25x62
[PT] bx4 frame I
[PT] bx5 frame A 840,195 6x15
[PT] bx5 frame I
[PT] ds5 text A 67m
[PT] ds5 text I
[PT] bx6 frame A 133,161 4x10
[PT] bx6 frame I
[PT] bx7 frame A 192,160 4x10
[PT] bx7 frame I
[PT] bx8 frame A 461,197 20x49
[PT] bx8 frame I
[PT] bx9 frame A 551,197 10x24
[PT] bx9 frame I
[PT] ds9 text A 32m
[PT] ds9 text I
[PT] bx10 frame A 600,193 11x28
[PT] bx10 frame I
[PT] nm10 text A BOT
[PT] nm10 text I
[PT] ds10 text A 28m
[PT] ds10 text I
[PT] bx11 hide A
[PT] nm11 hide A
[PT] ds11 hide A
[PT] tick 273 enemies=50
[PT] bx0 frame A 487,219 2x5
[PT] bx0 frame I
[PT] bx1 frame A 902,210 46x115
[PT] bx1 frame I
[PT] bx2 frame A 751,209 43x108
[PT] bx2 frame I
[PT] bx3 frame A 503,206 38x96
[PT] bx3 frame I
[PT] ds3 text A 7m
[PT] ds3 text I
[PT] bx4 frame A 393,199 25x62
[PT] bx4 frame I
[PT] bx5 frame A 825,191 6x15
[PT] bx5 frame I
[PT] bx6 frame A 120,156 4x10
[PT] bx6 frame I
[PT] bx7 frame A 181,155 4x10
[PT] bx7 frame I
[PT] bx8 frame A 462,193 19x48
[PT] bx8 frame I
[PT] ds8 text A 15m
[PT] ds8 text I
[PT] bx9 frame A 541,193 10x24
[PT] bx9 frame I
[PT] bx10 frame A 594,189 11x28
[PT] bx10 frame I
[PT] tick 274 enemies=50
[PT] bx0 frame A 475,217 2x5
[PT] bx0 frame I
[PT] bx1 frame A 897,209 45x112
[PT] bx1 frame I
[PT] ds1 text A 9m
[PT] ds1 text I
[PT] bx2 frame A 752,207 42x106
[PT] bx2 frame I
[PT] bx3 frame A 507,205 38x95
[PT] bx3 frame I
[PT] bx4 frame A 391,198 25x62
[PT] bx4 frame I
[PT] bx5 frame A 805,189 6x15
[PT] bx5 frame I
[PT] bx6 frame A 102,154 4x10
[PT] bx6 frame I
[PT] bx7 frame A 165,153 4x11
[PT] bx7 frame I
[PT] ds7 text A 90m
[PT] ds7 text I
[PT] bx8 frame A 457,192 19x48
[PT] bx8 frame I
[PT] bx9 frame A 919,190 8x21
[PT] bx9 frame I
[PT] ds9 text A 53m
[PT] ds9 text I
[PT] bx10 frame A 529,191 10x24
[PT] bx10 frame I
[PT] nm10 text A Player
[PT] nm10 text I
[PT] ds10 text A 32m
[PT] ds10 text I
[PT] bx11 frame A 451,193 18x44
[PT] bx11 frame I
[PT] bx11 show A
[PT] nm11 show A
[PT] ds11 text A 16m
[PT] ds11 text I
[PT] ds11 show A
[PT] tick 275 enemies=50
[PT] bx0 frame A 463,216 2x5
[PT] bx0 frame I
[PT] bx1 frame A 892,207 44x110
[PT] bx1 frame I
[PT] bx2 frame A 752,206 42x104
[PT] bx2 frame I
[PT] ds2 text A 8m
[PT] ds2 text I
[PT] bx3 frame A 510,204 38x95
[PT] bx3 frame I
[PT] bx4 frame A 389,197 25x63
[PT] bx4 frame I
[PT] bx5 frame A 787,188 6x15
[PT] bx5 frame I
[PT] bx6 frame A 82,152 4x10
[PT] bx6 frame I
[PT] bx7 frame A 148,151 4x11
[PT] bx7 frame I
[PT] bx8 frame A 452,191 19x49
[PT] bx8 frame I
[PT] bx9 frame A 898,189 8x20
[PT] bx9 frame I
[PT] bx10 frame A 516,190 10x24
[PT] bx10 frame I
[PT] bx11 frame A 445,193 17x42
[PT] bx11 frame I
[PT] ds11 text A 17m
[PT] ds11 text I
[PT] tick 276 enemies=50
[PT] bx0 frame A 454,218 2x5
[PT] bx0 frame I
[PT] bx1 frame A 897,208 44x110
[PT] bx1 frame I
[PT] bx2 frame A 758,207 42x105
[PT] bx2 frame I
[PT] bx3 frame A 514,206 39x96
[PT] bx3 frame I
[PT] ds3 text A 6m
[PT] ds3 text I
[PT] bx4 frame A 386,199 25x63
[PT] bx4 frame I
[PT] bx5 frame A 773,189 6x14
[PT] bx5 frame I
[PT] ds5 text A 66m
[PT] ds5 text I
[PT] bx6 frame A 67,153 4x11
[PT] bx6 frame I
[PT] bx7 frame A 135,152 4x11
[PT] bx7 frame I
[PT] bx8 frame A 449,193 20x49
[PT] bx8 frame I
[PT] bx9 frame A 887,188 8x20
[PT] bx9 frame I
[PT] bx10 frame A 507,192 10x24
[PT] bx10 frame I
[PT] bx11 frame A 451,195 20x50
[PT] bx11 frame I
[PT] ds11 text A 14m
[PT] ds11 text I
[PT] tick 277 enemies=50
[PT] bx0 frame A 449,214 2x5
[PT] bx0 frame I
[PT] ds0 text A 174m
[PT] ds0 text I
[PT] bx1 frame A 900,207 45x114
[PT] bx1 frame I
[PT] ds1 text A 8m
[PT] ds1 text I
[PT] bx2 frame A 756,206 44x109
[PT] bx2 frame I
[PT] ds2 text A 7m
[PT] ds2 text I
[PT] bx3 frame A 503,204 40x100
[PT] bx3 frame I
[PT] bx4 frame A 374,196 26x65
[PT] bx4 frame I
[PT] bx5 frame A 765,186 6x14
[PT] bx5 frame I
[PT] ds5 text A 65m
[PT] ds5 text I
[PT] bx6 frame A 55,149 4x11
[PT] bx6 frame I
[PT] ds6 text A 99m
[PT] ds6 text I
[PT] bx7 frame A 125,149 4x11
[PT] bx7 frame I
[PT] bx8 frame A 440,190 20x50
[PT] bx8 frame I
[PT] ds8 text A 14m
[PT] ds8 text I
[PT] bx9 frame A 883,181 8x20
[PT] bx9 frame I
[PT] ds9 text A 52m
[PT] ds9 text I
[PT] bx10 frame A 498,188 10x24
[PT] bx10 frame I
[PT] bx11 frame A 433,191 17x43
[PT] bx11 frame I
[PT] ds11 text A 17m
[PT] ds11 text I
[PT] tick 278 enemies=50
[PT] bx0 frame A 451,220 2x5
[PT] bx0 frame I
[PT] bx1 frame A 900,212 47x118
[PT] bx1 frame I
[PT] bx2 frame A 751,211 45x113
[PT] bx2 frame I
[PT] bx3 frame A 491,209 41x103
[PT] bx3 frame I
[PT] bx4 frame A 365,201 27x66
[PT] bx4 frame I
[PT] bx5 frame A 766,192 6x15
[PT] bx5 frame I
[PT] bx6 frame A 58,156 4x11
[PT] bx6 frame I
[PT] bx7 frame A 127,155 4x11
[PT] bx7 frame I
[PT] bx8 frame A 435,195 20x51
[PT] bx8 frame I
[PT] bx9 frame A 888,185 8x21
[PT] bx9 frame I
[PT] bx10 frame A 496,194 9x24
[PT] bx10 frame I
[PT] bx11 frame A 454,200 15x37
[PT] bx11 frame I
[PT] ds11 text A 20m
[PT] ds11 text I
[PT] tick 279 enemies=50
[PT] bx0 frame A 440,226 2x5
[PT] bx0 frame I
[PT] bx1 frame A 890,217 47x118
[PT] bx1 frame I
[PT] bx2 frame A 743,216 45x114
[PT] bx2 frame I
[PT] bx3 frame A 481,214 42x105
[PT] bx3 frame I
[PT] bx4 frame A 353,207 27x68
[PT] bx4 frame I
[PT] ds4 text A 10m
[PT] ds4 text I
[PT] bx5 frame A 750,198 6x15
[PT] bx5 frame I
[PT] ds5 text A 64m
[PT] ds5 text I
[PT] bx6 frame A 39,161 4x11
[PT] bx6 frame I
[PT] bx7 frame A 110,160 4x11
[PT] bx7 frame I
[PT] bx8 frame A 424,201 20x51
[PT] bx8 frame I
[PT] bx9 frame A 873,189 8x21
[PT] bx9 frame I
[PT] ds9 text A 51m
[PT] ds9 text I
[PT] bx10 frame A 487,204 9x24
[PT] bx10 frame I
[PT] ds10 text A 33m
[PT] ds10 text I
[PT] bx11 frame A 443,200 12x30
[PT] bx11 frame I
[PT] ds11 text A 25m
[PT] ds11 text I
[PT] tick 280 enemies=50
[PT] bx0 frame A 448,220 2x5
[PT] bx0 frame I
[PT] bx1 frame A 910,212 47x117
[PT] bx1 frame I
[PT] bx2 frame A 763,211 45x112
[PT] bx2 frame I
[PT] bx3 frame A 503,209 41x103
[PT] bx3 frame I
[PT] bx4 frame A 371,201 27x66
[PT] bx4 frame I
[PT] bx5 frame A 760,191 6x15
[PT] bx5 frame I
[PT] bx6 frame A 53,155 4x11
[PT] bx6 frame I
[PT] bx7 frame A 123,154 4x11
[PT] bx7 frame I
[PT] bx8 frame A 438,195 20x51
[PT] bx8 frame I
[PT] bx9 frame A 889,181 8x21
[PT] bx9 frame I
[PT] bx10 frame A 500,193 9x23
[PT] bx10 frame I
[PT] bx11 frame A 445,187 21x52
[PT] bx11 frame I
[PT] ds11 text A 14m
[PT] ds11 text I
[PT] tick 281 enemies=50
[PT] bx0 frame A 450,217 2x5
[PT] bx0 frame I
[PT] bx1 frame A 916,209 46x115
[PT] bx1 frame I
[PT] ds1 text A 9m
[PT] ds1 text I
[PT] bx2 frame A 770,208 44x110
[PT] bx2 frame I
[PT] bx3 frame A 513,207 41x101
[PT] bx3 frame I
[PT] bx4 frame A 380,199 26x66
[PT] bx4 frame I
[PT] ds4 text A 11m
[PT] ds4 text I
[PT] bx5 frame A 761,189 6x15
[PT] bx5 frame I
[PT] bx6 frame A 57,153 4x11
[PT] bx6 frame I
[PT] bx7 frame A 126,152 4x11
[PT] bx7 frame I
[PT] bx8 frame A 445,192 20x50
[PT] bx8 frame I
[PT] bx9 frame A 894,179 8x21
[PT] bx9 frame I
[PT] bx10 frame A 508,191 9x23
[PT] bx10 frame I
[PT] bx11 frame A 470,203 18x44
[PT] bx11 frame I
[PT] ds11 text A 16m
[PT] ds11 text I
[PT] tick 282 enemies=50
[PT] bx0 frame A 452,217 2x5
[PT] bx0 frame I
[PT] ds0 text A 175m
[PT] ds0 text I
[PT] bx1 frame A 922,209 45x113
[PT] bx1 frame I
[PT] bx2 frame A 778,208 43x108
[PT] bx2 frame I
[PT] bx3 frame A 524,206 40x100
[PT] bx3 frame I
[PT] bx4 frame A 389,198 26x65
[PT] bx4 frame I
[PT] bx5 frame A 764,188 6x15
[PT] bx5 frame I
[PT] bx6 frame A 62,152 4x11
[PT] bx6 frame I
[PT] bx7 frame A 131,151 4x11
[PT] bx7 frame I
[PT] bx8 frame A 452,192 20x50
[PT] bx8 frame I
[PT] bx9 frame A 901,178 9x21
[PT] bx9 frame I
[PT] bx10 frame A 515,191 9x23
[PT] bx10 frame I
[PT] bx11 frame A 477,205 13x32
[PT] bx11 frame I
[PT] ds11 text A 24m
[PT] ds11 text I
[PT] tick 283 enemies=50
[PT] bx0 frame A 453,219 2x5
[PT] bx0 frame I
[PT] bx1 frame A 785,209 43x107
[PT] bx1 frame I
[PT] ds1 text A 8m
[PT] ds1 text I
[PT] bx2 frame A 535,208 39x98
[PT] bx2 frame I
[PT] ds2 text A 6m
[PT] ds2 text I
[PT] bx3 frame A 398,200 26x64
[PT] bx3 frame I
[PT] ds3 text A 11m
[PT] ds3 text I
[PT] bx4 frame A 761,191 6x15
[PT] bx4 frame I
[PT] ds4 text A 64m
[PT] ds4 text I
[PT] bx5 frame A 65,155 4x11
[PT] bx5 frame I
[PT] ds5 text A 99m
[PT] ds5 text I
[PT] bx6 frame A 134,154 4x11
[PT] bx6 frame I
[PT] ds6 text A 90m
[PT] ds6 text I
[PT] bx7 frame A 458,194 20x49
[PT] bx7 frame I
[PT] ds7 text A 14m
[PT] ds7 text I
[PT] bx8 frame A 905,181 9x22
[PT] bx8 frame I
[PT] ds8 text A 51m
[PT] ds8 text I
[PT] bx9 frame A 522,193 9x23
[PT] bx9 frame I
[PT] ds9 text A 33m
[PT] ds9 text I
[PT] bx10 frame A 462,199 20x50
[PT] bx10 frame I
[PT] nm10 text A BOT
[PT] nm10 text I
[PT] ds10 text A 14m
[PT] ds10 text I
[PT] bx11 hide A
[PT] nm11 hide A
[PT] ds11 hide A
[PT] tick 284 enemies=50
[PT] bx0 frame A 458,229 2x5
[PT] bx0 frame I
[PT] bx1 frame A 564,202 58x145
[PT] bx1 frame I
[PT] ds1 text A 7m
[PT] ds1 text I
[PT] bx2 frame A 377,198 34x86
[PT] bx2 frame I
[PT] ds2 text A 11m
[PT] ds2 text I
[PT] bx3 frame A 817,195 7x17
[PT] bx3 frame I
[PT] ds3 text A 64m
[PT] ds3 text I
[PT] bx4 frame A 11,154 5x12
[PT] bx4 frame I
[PT] ds4 text A 99m
[PT] ds4 text I
[PT] bx5 frame A 89,152 5x13
[PT] bx5 frame I
[PT] ds5 text A 90m
[PT] ds5 text I
[PT] bx6 frame A 459,193 25x63
[PT] bx6 frame I
[PT] ds6 text A 15m
[PT] ds6 text I
[PT] bx7 frame A 547,196 11x28
[PT] bx7 frame I
[PT] ds7 text A 34m
[PT] ds7 text I
[PT] bx8 frame A 454,167 26x64
[PT] bx8 frame I
[PT] nm8 text A BOT
[PT] nm8 text I
[PT] ds8 text A 15m
[PT] ds8 text I
[PT] bx9 hide A
[PT] nm9 hide A
[PT] ds9 hide A
[PT] bx10 hide A
[PT] nm10 hide A
[PT] ds10 hide A
[PT] tick 285 enemies=50
[PT] bx0 frame A 454,232 2x6
[PT] bx0 frame I
[PT] bx1 frame A 562,202 64x160
[PT] bx1 frame I
[PT] bx2 frame A 358,198 38x95
[PT] bx2 frame I
[PT] bx3 frame A 844,194 8x19
[PT] bx3 frame I
[PT] bx4 frame A 42,147 6x14
[PT] bx4 frame I
[PT] ds4 text A 90m
[PT] ds4 text I
[PT] bx5 frame A 451,192 28x70
[PT] bx5 frame I
[PT] ds5 text A 15m
[PT] ds5 text I
[PT] bx6 frame A 556,195 12x31
[PT] bx6 frame I
[PT] ds6 text A 34m
[PT] ds6 text I
[PT] bx7 frame A 445,180 29x72
[PT] bx7 frame I
[PT] nm7 text A BOT
[PT] nm7 text I
[PT] ds7 text A 14m
[PT] ds7 text I
[PT] bx8 hide A
[PT] nm8 hide A
[PT] ds8 hide A
[PT] tick 286 enemies=50
[PT] bx0 frame A 445,220 2x5
[PT] bx0 frame I
[PT] bx1 frame A 897,210 44x109
[PT] bx1 frame I
[PT] ds1 text A 9m
[PT] ds1 text I
[PT] bx2 frame A 761,209 42x105
[PT] bx2 frame I
[PT] ds2 text A 8m
[PT] ds2 text I
[PT] bx3 frame A 516,207 39x97
[PT] bx3 frame I
[PT] ds3 text A 6m
[PT] ds3 text I
[PT] bx4 frame A 384,201 26x64
[PT] bx4 frame I
[PT] ds4 text A 11m
[PT] ds4 text I
[PT] bx5 frame A 736,192 6x14
[PT] bx5 frame I
[PT] ds5 text A 64m
[PT] ds5 text I
[PT] bx6 frame A 50,155 4x11
[PT] bx6 frame I
[PT] ds6 text A 99m
[PT] ds6 text I
[PT] bx7 frame A 121,154 4x11
[PT] bx7 frame I
[PT] nm7 text A Player
[PT] nm7 text I
[PT] ds7 text A 90m
[PT] ds7 text I
[PT] bx8 frame A 445,194 20x49
[PT] bx8 frame I
[PT] bx8 show A
[PT] nm8 text A Player
[PT] nm8 text I
[PT] nm8 show A
[PT] ds8 text A 14m
[PT] ds8 text I
[PT] ds8 show A
[PT] bx9 frame A 893,187 9x22
[PT] bx9 frame I
[PT] bx9 show A
[PT] nm9 show A
[PT] ds9 text A 50m
[PT] ds9 text I
[PT] ds9 show A
[PT] bx10 frame A 526,194 9x23
[PT] bx10 frame I
[PT] bx10 show A
[PT] nm10 text A Player
[PT] nm10 text I
[PT] nm10 show A
[PT] ds10 text A 34m
[PT] ds10 text I
[PT] ds10 show A
[PT] bx11 frame A 434,186 20x50
[PT] bx11 frame I
[PT] bx11 show A
[PT] nm11 show A
[PT] ds11 text A 14m
[PT] ds11 text I
[PT] ds11 show A
[PT] tick 287 enemies=50
[PT] bx0 frame A 451,215 2x5
[PT] bx0 frame I
[PT] bx1 frame A 880,207 45x112
[PT] bx1 frame I
[PT] ds1 text A 8m
[PT] ds1 text I
[PT] bx2 frame A 739,206 43x107
[PT] bx2 frame I
[PT] ds2 text A 7m
[PT] ds2 text I
[PT] bx3 frame A 491,204 39x98
[PT] bx3 frame I
[PT] bx4 frame A 369,197 26x64
[PT] bx4 frame I
[PT] bx5 frame A 731,187 6x14
[PT] bx5 frame I
[PT] bx6 frame A 60,151 4x11
[PT] bx6 frame I
[PT] ds6 text A 100m
[PT] ds6 text I
[PT] bx7 frame A 129,150 4x11
[PT] bx7 frame I
[PT] bx8 frame A 436,190 20x50
[PT] bx8 frame I
[PT] bx9 frame A 908,189 9x23
[PT] bx9 frame I
[PT] ds9 text A 49m
[PT] ds9 text I
[PT] bx10 frame A 533,189 9x23
[PT] bx10 frame I
[PT] bx11 frame A 459,191 14x35
[PT] bx11 frame I
[PT] ds11 text A 21m
[PT] ds11 text I
[PT] tick 288 enemies=50
[PT] bx0 frame A 458,214 2x5
[PT] bx0 frame I
[PT] bx1 frame A 890,206 44x110
[PT] bx1 frame I
[PT] ds1 text A 9m
[PT] ds1 text I
[PT] bx2 frame A 749,205 42x105
[PT] bx2 frame I
[PT] bx3 frame A 504,203 39x97
[PT] bx3 frame I
[PT] bx4 frame A 382,196 25x63
[PT] bx4 frame I
[PT] bx5 frame A 736,185 6x14
[PT] bx5 frame I
[PT] bx6 frame A 73,150 4x11
[PT] bx6 frame I
[PT] bx7 frame A 140,149 4x11
[PT] bx7 frame I
[PT] bx8 frame A 446,189 20x49
[PT] bx8 frame I
[PT] ds8 text A 15m
[PT] ds8 text I
[PT] bx9 frame A 920,188 9x23
[PT] bx9 frame I
[PT] bx10 frame A 541,188 9x23
[PT] bx10 frame I
[PT] bx11 frame A 458,211 18x44
[PT] bx11 frame I
[PT] ds11 text A 16m
[PT] ds11 text I
[PT] tick 289 enemies=50
[PT] bx0 frame A 458,208 2x5
[PT] bx0 frame I
[PT] bx1 frame A 892,201 43x108
[PT] bx1 frame I
[PT] bx2 frame A 754,200 41x103
[PT] bx2 frame I
[PT] ds2 text A 8m
[PT] ds2 text I
[PT] bx3 frame A 513,198 38x95
[PT] bx3 frame I
[PT] ds3 text A 7m
[PT] ds3 text I
[PT] bx4 frame A 389,190 25x63
[PT] bx4 frame I
[PT] bx5 frame A 735,180 6x14
[PT] bx5 frame I
[PT] bx6 frame A 74,144 4x11
[PT] bx6 frame I
[PT] bx7 frame A 141,143 4x11
[PT] bx7 frame I
[PT] bx8 frame A 451,184 19x49
[PT] bx8 frame I
[PT] bx9 frame A 921,182 9x23
[PT] bx9 frame I
[PT] bx10 frame A 543,182 9x23
[PT] bx10 frame I
[PT] bx11 frame A 441,194 19x48
[PT] bx11 frame I
[PT] ds11 text A 15m
[PT] ds11 text I
[PT] tick 290 enemies=50
[PT] bx0 frame A 460,205 2x5
[PT] bx0 frame I
[PT] bx1 frame A 897,198 42x106
[PT] bx1 frame I
[PT] bx2 frame A 761,197 41x101
[PT] bx2 frame I
[PT] bx3 frame A 523,195 37x93
[PT] bx3 frame I
[PT] bx4 frame A 397,187 25x62
[PT] bx4 frame I
[PT] bx5 frame A 734,177 6x14
[PT] bx5 frame I
[PT] ds5 text A 65m
[PT] ds5 text I
[PT] bx6 frame A 77,141 4x11
[PT] bx6 frame I
[PT] bx7 frame A 144,140 4x11
[PT] bx7 frame I
[PT] bx8 frame A 457,181 19x48
[PT] bx8 frame I
[PT] bx9 frame A 925,179 9x23
[PT] bx9 frame I
[PT] bx10 frame A 546,179 9x23
[PT] bx10 frame I
[PT] bx11 frame A 447,191 19x47
[PT] bx11 frame I
[PT] tick 291 enemies=51
[PT] bx0 frame A 455,205 2x5
[PT] bx0 frame I
[PT] bx1 frame A 889,198 42x105
[PT] bx1 frame I
[PT] bx2 frame A 756,197 40x100
[PT] bx2 frame I
[PT] bx3 frame A 520,195 37x93
[PT] bx3 frame I
[PT] bx4 frame A 394,187 25x62
[PT] bx4 frame I
[PT] bx5 frame A 723,177 6x14
[PT] bx5 frame I
[PT] bx6 frame A 68,141 4x11
[PT] bx6 frame I
[PT] bx7 frame A 136,140 4x11
[PT] bx7 frame I
[PT] bx8 frame A 454,181 19x48
[PT] bx8 frame I
[PT] bx9 frame A 541,179 9x23
[PT] bx9 frame I
[PT] ds9 text A 35m
[PT] ds9 text I
[PT] bx10 frame A 446,195 38x94
[PT] bx10 frame I
[PT] nm10 text A BOT
[PT] nm10 text I
[PT] ds10 text A 7m
[PT] ds10 text I
[PT] bx11 hide A
[PT] nm11 hide A
[PT] ds11 hide A
[PT] tick 292 enemies=51
[PT] bx0 frame A 436,200 2x5
[PT] bx0 frame I
[PT] bx1 frame A 859,193 40x101
[PT] bx1 frame I
[PT] bx2 frame A 734,192 39x98
[PT] bx2 frame I
[PT] bx3 frame A 505,191 37x92
[PT] bx3 frame I
[PT] bx4 frame A 377,183 25x62
[PT] bx4 frame I
[PT] bx5 frame A 696,172 5x13
[PT] bx5 frame I
[PT] ds5 text A 66m
[PT] ds5 text I
[PT] bx6 frame A 34,135 4x11
[PT] bx6 frame I
[PT] bx7 frame A 107,134 5x11
[PT] bx7 frame I
[PT] bx8 frame A 437,177 19x48
[PT] bx8 frame I
[PT] bx9 frame A 899,178 9x22
[PT] bx9 frame I
[PT] ds9 text A 49m
[PT] ds9 text I
[PT] bx10 frame A 523,174 9x23
[PT] bx10 frame I
[PT] nm10 text A Player
[PT] nm10 text I
[PT] ds10 text A 35m
[PT] ds10 text I
[PT] bx11 frame A 431,191 38x94
[PT] bx11 frame I
[PT] bx11 show A
[PT] nm11 show A
[PT] ds11 text A 7m
[PT] ds11 text I
[PT] ds11 show A
[PT] tick 293 enemies=51
[PT] bx0 frame A 434,198 2x5
[PT] bx0 frame I
[PT] bx1 frame A 856,191 40x100
[PT] bx1 frame I
[PT] bx2 frame A 732,190 39x97
[PT] bx2 frame I
[PT] bx3 frame A 504,189 37x92
[PT] bx3 frame I
[PT] bx4 frame A 375,181 25x62
[PT] bx4 frame I
[PT] bx5 frame A 692,169 5x13
[PT] bx5 frame I
[PT] bx6 frame A 29,132 4x11
[PT] bx6 frame I
[PT] bx7 frame A 103,131 5x11
[PT] bx7 frame I
[PT] bx8 frame A 435,174 19x48
[PT] bx8 frame I
[PT] bx9 frame A 897,176 9x22
[PT] bx9 frame I
[PT] bx10 frame A 521,172 9x23
[PT] bx10 frame I
[PT] bx11 frame A 430,189 38x94
[PT] bx11 frame I
[PT] tick 294 enemies=51
[PT] bx0 frame A 432,194 2x5
[PT] bx0 frame I
[PT] bx1 frame A 854,189 40x100
[PT] bx1 frame I
[PT] bx2 frame A 730,188 39x97
[PT] bx2 frame I
[PT] bx3 frame A 502,186 37x92
[PT] bx3 frame I
[PT] bx4 frame A 373,178 25x62
[PT] bx4 frame I
[PT] bx5 frame A 689,166 5x13
[PT] bx5 frame I
[PT] ds5 text A 67m
[PT] ds5 text I
[PT] bx6 frame A 26,128 4x11
[PT] bx6 frame I
[PT] bx7 frame A 100,128 5x11
[PT] bx7 frame I
[PT] bx8 frame A 433,171 19x48
[PT] bx8 frame I
[PT] bx9 frame A 894,169 9x22
[PT] bx9 frame I
[PT] bx10 frame A 519,169 9x23
[PT] bx10 frame I
[PT] bx11 frame A 428,187 37x94
[PT] bx11 frame I
[PT] tick 295 enemies=51
[PT] bx5 frame A 685,165 5x13
[PT] bx5 frame I
[PT] bx9 frame A 887,168 9x22
[PT] bx9 frame I
[PT] ds9 text A 48m
[PT] ds9 text I
[PT] tick 296 enemies=51
[PT] bx0 frame A 433,193 2x5
[PT] bx0 frame I
[PT] bx1 frame A 855,187 40x100
[PT] bx1 frame I
[PT] bx2 frame A 730,187 39x97
[PT] bx2 frame I
[PT] bx3 frame A 503,185 37x92
[PT] bx3 frame I
[PT] bx4 frame A 374,177 25x62
[PT] bx4 frame I
[PT] bx5 frame A 682,164 5x13
[PT] bx5 frame I
[PT] bx6 frame A 26,127 5x11
[PT] bx6 frame I
[PT] bx7 frame A 100,126 5x11
[PT] bx7 frame I
[PT] bx8 frame A 434,170 19x48
[PT] bx8 frame I
[PT] bx9 frame A 891,167 9x22
[PT] bx9 frame I
[PT] bx10 frame A 520,167 9x23
[PT] bx10 frame I
[PT] bx11 frame A 429,185 37x94
[PT] bx11 frame I
[PT] tick 297 enemies=51
[PT] bx0 frame A 428,202 2x5
[PT] bx0 frame I
[PT] bx1 frame A 848,194 40x99
[PT] bx1 frame I
[PT] bx2 frame A 725,193 39x97
[PT] bx2 frame I
[PT] bx3 frame A 499,192 37x92
[PT] bx3 frame I
[PT] bx4 frame A 370,185 25x62
[PT] bx4 frame I
[PT] bx5 frame A 672,173 5x13
[PT] bx5 frame I
[PT] bx6 frame A 19,136 5x11
[PT] bx6 frame I
[PT] bx7 frame A 94,135 5x11
[PT] bx7 frame I
[PT] bx8 frame A 430,178 19x48
[PT] bx8 frame I
[PT] bx9 frame A 886,176 9x22
[PT] bx9 frame I
[PT] ds9 text A 49m
[PT] ds9 text I
[PT] bx10 frame A 515,176 9x22
[PT] bx10 frame I
[PT] bx11 frame A 425,192 38x94
[PT] bx11 frame I
[PT] tick 298 enemies=51
[PT] bx0 frame A 423,212 2x5
[PT] bx0 frame I
[PT] bx1 frame A 794,188 52x130
[PT] bx1 frame I
[PT] ds1 text A 8m
[PT] ds1 text I
[PT] bx2 frame A 490,187 49x122
[PT] bx2 frame I
[PT] ds2 text A 7m
[PT] ds2 text I
[PT] bx3 frame A 336,184 30x76
[PT] bx3 frame I
[PT] ds3 text A 11m
[PT] ds3 text I
[PT] bx4 frame A 678,181 6x14
[PT] bx4 frame I
[PT] ds4 text A 67m
[PT] ds4 text I
[PT] bx5 frame A 66,141 5x12
[PT] bx5 frame I
[PT] ds5 text A 90m
[PT] ds5 text I
[PT] bx6 frame A 413,179 23x56
[PT] bx6 frame I
[PT] ds6 text A 15m
[PT] ds6 text I
[PT] bx7 frame A 921,182 10x24
[PT] bx7 frame I
[PT] ds7 text A 48m
[PT] ds7 text I
[PT] bx8 frame A 514,182 10x25
[PT] bx8 frame I
[PT] ds8 text A 35m
[PT] ds8 text I
[PT] bx9 frame A 391,187 50x126
[PT] bx9 frame I
[PT] nm9 text A BOT
[PT] nm9 text I
[PT] ds9 text A 7m
[PT] ds9 text I
[PT] bx10 hide A
[PT] nm10 hide A
[PT] ds10 hide A
[PT] bx11 hide A
[PT] nm11 hide A
[PT] ds11 hide A
[PT] tick 299 enemies=51
[PT] bx0 frame A 413,198 3x7
[PT] bx0 frame I
[PT] bx1 frame A 924,165 72x179
[PT] bx1 frame I
[PT] bx2 frame A 505,164 67x168
[PT] bx2 frame I
[PT] bx3 frame A 293,160 42x104
[PT] bx3 frame I
[PT] bx4 frame A 663,155 7x17
[PT] bx4 frame I
[PT] ds4 text A 70m
[PT] ds4 text I
[PT] bx5 frame A 426,153 25x62
[PT] bx5 frame I
[PT] ds5 text A 19m
[PT] ds5 text I
[PT] bx6 frame A 537,157 13x34
[PT] bx6 frame I
[PT] ds6 text A 35m
[PT] ds6 text I
[PT] bx7 frame A 400,171 29x72
[PT] bx7 frame I
[PT] nm7 text A BOT
[PT] nm7 text I
[PT] ds7 text A 16m
[PT] ds7 text I
[PT] bx8 hide A
[PT] nm8 hide A
[PT] ds8 hide A
[PT] bx9 hide A
[PT] nm9 hide A
[PT] ds9 hide A
[PT] tick 300 enemies=51
00:59:01.231  [PE] 投影自检：中心=(463,214) 前方点->(463,214) 自身->(520,416)（前方点须≈中心；自身应在中下方——偏差方向告诉我即可修）
[PT] bx0 frame A 359,177 2x5
[PT] bx0 frame I
[PT] bx1 frame A 759,171 36x89
[PT] bx1 frame I
[PT] ds1 text A 9m
[PT] ds1 text I
[PT] bx2 frame A 656,172 36x90
[PT] bx2 frame I
[PT] ds2 text A 8m
[PT] ds2 text I
[PT] bx3 frame A 445,172 36x91
[PT] bx3 frame I
[PT] ds3 text A 7m
[PT] ds3 text I
[PT] bx4 frame A 306,164 26x65
[PT] bx4 frame I
[PT] ds4 text A 11m
[PT] ds4 text I
[PT] bx5 frame A 504,147 4x10
[PT] bx5 frame I
[PT] ds5 text A 82m
[PT] ds5 text I
[PT] bx6 frame A 751,153 16x41
[PT] bx6 frame I
[PT] ds6 text A 22m
[PT] ds6 text I
[PT] bx7 frame A 388,152 14x36
[PT] bx7 frame I
[PT] nm7 text A Player
[PT] nm7 text I
[PT] ds7 text A 21m
[PT] ds7 text I
[PT] bx8 frame A 653,155 20x49
[PT] bx8 frame I
[PT] bx8 show A
[PT] nm8 show A
[PT] ds8 text A 16m
[PT] ds8 text I
[PT] ds8 show A
[PT] bx9 frame A 748,140 8x19
[PT] bx9 frame I
[PT] bx9 show A
[PT] nm9 text A Player
[PT] nm9 text I
[PT] nm9 show A
[PT] ds9 text A 50m
[PT] ds9 text I
[PT] ds9 show A
[PT] bx10 frame A 450,151 9x23
[PT] bx10 frame I
[PT] bx10 show A
[PT] nm10 show A
[PT] ds10 show A
[PT] bx11 frame A 367,166 18x46
[PT] bx11 frame I
[PT] bx11 show A
[PT] nm11 show A
[PT] ds11 text A 16m
[PT] ds11 text I
[PT] ds11 show A
00:59:01.255  [PE] 绘制诊断：actors=51 w2s=20 onscreen=12 visibleViews=12
[PT] tick 301 enemies=51
[PT] bx0 frame A 394,178 2x5
[PT] bx0 frame I
[PT] bx1 frame A 808,174 37x93
[PT] bx1 frame I
[PT] bx2 frame A 697,174 37x93
[PT] bx2 frame I
[PT] bx3 frame A 479,174 36x91
[PT] bx3 frame I
[PT] bx4 frame A 343,165 25x63
[PT] bx4 frame I
[PT] bx5 frame A 541,149 4x10
[PT] bx5 frame I
[PT] ds5 text A 83m
[PT] ds5 text I
[PT] bx6 frame A 796,156 17x43
[PT] bx6 frame I
[PT] bx7 frame A 32,109 5x12
[PT] bx7 frame I
[PT] ds7 text A 90m
[PT] ds7 text I
[PT] bx8 frame A 425,154 14x35
[PT] bx8 frame I
[PT] ds8 text A 22m
[PT] ds8 text I
[PT] bx9 frame A 694,157 20x50
[PT] bx9 frame I
[PT] ds9 text A 16m
[PT] ds9 text I
[PT] bx10 frame A 801,145 8x20
[PT] bx10 frame I
[PT] ds10 text A 49m
[PT] ds10 text I
[PT] bx11 frame A 484,153 9x23
[PT] bx11 frame I
[PT] nm11 text A Player
[PT] nm11 text I
[PT] ds11 text A 35m
[PT] ds11 text I
[PT] bx12 frame A 402,167 18x45
[PT] bx12 frame I
[PT] bx12 show A
[PT] nm12 text A BOT
[PT] nm12 text I
[PT] nm12 show A
[PT] ds12 text A 16m
[PT] ds12 text I
[PT] ds12 show A
[PT] tick 302 enemies=51
[PT] bx0 frame A 412,182 2x5
[PT] bx0 frame I
[PT] bx1 frame A 836,178 38x96
[PT] bx1 frame I
[PT] bx2 frame A 720,177 38x94
[PT] bx2 frame I
[PT] bx3 frame A 497,176 37x91
[PT] bx3 frame I
[PT] bx4 frame A 362,168 25x63
[PT] bx4 frame I
[PT] bx5 frame A 560,152 4x10
[PT] bx5 frame I
[PT] ds5 text A 84m
[PT] ds5 text I
[PT] bx6 frame A 821,159 18x44
[PT] bx6 frame I
[PT] bx7 frame A 64,114 5x12
[PT] bx7 frame I
[PT] bx8 frame A 444,157 14x34
[PT] bx8 frame I
[PT] bx9 frame A 716,161 21x51
[PT] bx9 frame I
[PT] bx10 frame A 829,151 8x21
[PT] bx10 frame I
[PT] bx11 frame A 502,157 9x23
[PT] bx11 frame I
[PT] bx12 frame A 420,170 18x45
[PT] bx12 frame I
[PT] tick 303 enemies=51
[PT] bx0 frame A 431,196 2x5
[PT] bx0 frame I
[PT] bx1 frame A 866,190 40x99
[PT] bx1 frame I
[PT] bx2 frame A 742,189 39x97
[PT] bx2 frame I
[PT] bx3 frame A 515,188 37x92
[PT] bx3 frame I
[PT] bx4 frame A 381,180 25x62
[PT] bx4 frame I
[PT] bx5 frame A 580,167 4x10
[PT] bx5 frame I
[PT] bx6 frame A 848,173 18x46
[PT] bx6 frame I
[PT] ds6 text A 21m
[PT] ds6 text I
[PT] bx7 frame A 24,130 5x11
[PT] bx7 frame I
[PT] ds7 text A 100m
[PT] ds7 text I
[PT] bx8 frame A 99,130 5x12
[PT] bx8 frame I
[PT] ds8 text A 90m
[PT] ds8 text I
[PT] bx9 frame A 463,170 13x33
[PT] bx9 frame I
[PT] ds9 text A 22m
[PT] ds9 text I
[PT] bx10 frame A 740,174 21x52
[PT] bx10 frame I
[PT] ds10 text A 16m
[PT] ds10 text I
[PT] bx11 frame A 861,167 9x21
[PT] bx11 frame I
[PT] ds11 text A 48m
[PT] ds11 text I
[PT] bx12 frame A 521,171 9x23
[PT] bx12 frame I
[PT] nm12 text A Player
[PT] nm12 text I
[PT] ds12 text A 35m
[PT] ds12 text I
[PT] bx13 frame A 438,183 18x45
[PT] bx13 frame I
[PT] bx13 show A
[PT] nm13 text A BOT
[PT] nm13 text I
[PT] nm13 show A
[PT] ds13 text A 16m
[PT] ds13 text I
[PT] ds13 show A
[PT] tick 304 enemies=51
[PT] bx0 frame A 446,214 2x5
[PT] bx0 frame I
[PT] bx1 frame A 890,205 41x103
[PT] bx1 frame I
[PT] bx2 frame A 760,204 40x99
[PT] bx2 frame I
[PT] bx3 frame A 528,203 37x93
[PT] bx3 frame I
[PT] bx4 frame A 395,196 25x62
[PT] bx4 frame I
[PT] bx5 frame A 596,185 4x10
[PT] bx5 frame I
[PT] bx6 frame A 869,189 19x47
[PT] bx6 frame I
[PT] bx7 frame A 54,150 4x11
[PT] bx7 frame I
[PT] bx8 frame A 125,149 4x11
[PT] bx8 frame I
[PT] bx9 frame A 477,188 13x34
[PT] bx9 frame I
[PT] bx10 frame A 758,190 21x53
[PT] bx10 frame I
[PT] bx11 frame A 888,188 9x22
[PT] bx11 frame I
[PT] bx12 frame A 535,188 9x23
[PT] bx12 frame I
[PT] bx13 frame A 453,200 18x45
[PT] bx13 frame I
[PT] tick 305 enemies=51
[PT] bx0 frame A 475,219 2x5
[PT] bx0 frame I
[PT] bx1 frame A 796,208 41x104
[PT] bx1 frame I
[PT] ds1 text A 8m
[PT] ds1 text I
[PT] bx2 frame A 552,206 37x94
[PT] bx2 frame I
[PT] ds2 text A 7m
[PT] ds2 text I
[PT] bx3 frame A 421,200 25x62
[PT] bx3 frame I
[PT] ds3 text A 11m
[PT] ds3 text I
[PT] bx4 frame A 625,189 4x10
[PT] bx4 frame I
[PT] ds4 text A 85m
[PT] ds4 text I
[PT] bx5 frame A 918,194 20x50
[PT] bx5 frame I
[PT] ds5 text A 21m
[PT] ds5 text I
[PT] bx6 frame A 104,156 4x10
[PT] bx6 frame I
[PT] ds6 text A 100m
[PT] ds6 text I
[PT] bx7 frame A 167,155 4x11
[PT] bx7 frame I
[PT] ds7 text A 90m
[PT] ds7 text I
[PT] bx8 frame A 504,192 13x34
[PT] bx8 frame I
[PT] ds8 text A 22m
[PT] ds8 text I
[PT] bx9 frame A 797,204 22x56
[PT] bx9 frame I
[PT] ds9 text A 16m
[PT] ds9 text I
[PT] bx10 frame A 564,193 9x23
[PT] bx10 frame I
[PT] ds10 text A 35m
[PT] ds10 text I
[PT] bx11 frame A 479,204 18x45
[PT] bx11 frame I
[PT] nm11 text A BOT
[PT] nm11 text I
[PT] ds11 text A 16m
[PT] ds11 text I
[PT] bx12 hide A
[PT] nm12 hide A
[PT] ds12 hide A
[PT] bx13 hide A
[PT] nm13 hide A
[PT] ds13 hide A
[PT] tick 306 enemies=51
[PT] bx0 frame A 489,220 2x5
[PT] bx0 frame I
[PT] bx1 frame A 815,209 42x106
[PT] bx1 frame I
[PT] bx2 frame A 563,207 38x94
[PT] bx2 frame I
[PT] bx3 frame A 434,200 25x61
[PT] bx3 frame I
[PT] bx4 frame A 638,190 4x10
[PT] bx4 frame I
[PT] bx5 frame A 126,158 4x10
[PT] bx5 frame I
[PT] ds5 text A 100m
[PT] ds5 text I
[PT] bx6 frame A 187,156 4x10
[PT] bx6 frame I
[PT] ds6 text A 90m
[PT] ds6 text I
[PT] bx7 frame A 518,193 13x34
[PT] bx7 frame I
[PT] ds7 text A 22m
[PT] ds7 text I
[PT] bx8 frame A 817,205 23x57
[PT] bx8 frame I
[PT] ds8 text A 16m
[PT] ds8 text I
[PT] bx9 frame A 579,194 9x23
[PT] bx9 frame I
[PT] ds9 text A 35m
[PT] ds9 text I
[PT] bx10 frame A 459,198 20x49
[PT] bx10 frame I
[PT] nm10 text A BOT
[PT] nm10 text I
[PT] ds10 text A 15m
[PT] ds10 text I
[PT] bx11 hide A
[PT] nm11 hide A
[PT] ds11 hide A
[PT] tick 307 enemies=51
[PT] bx0 frame A 485,221 2x5
[PT] bx0 frame I
[PT] bx1 frame A 800,210 42x106
[PT] bx1 frame I
[PT] bx2 frame A 551,208 38x94
[PT] bx2 frame I
[PT] bx3 frame A 425,202 25x62
[PT] bx3 frame I
[PT] bx4 frame A 630,192 4x10
[PT] bx4 frame I
[PT] bx5 frame A 120,159 4x10
[PT] bx5 frame I
[PT] bx6 frame A 181,158 4x10
[PT] bx6 frame I
[PT] bx7 frame A 510,194 14x34
[PT] bx7 frame I
[PT] bx8 frame A 807,206 23x57
[PT] bx8 frame I
[PT] bx9 frame A 573,195 9x23
[PT] bx9 frame I
[PT] bx10 frame A 452,196 12x30
[PT] bx10 frame I
[PT] ds10 text A 25m
[PT] ds10 text I
[PT] tick 308 enemies=51
[PT] bx0 frame A 478,216 2x5
[PT] bx0 frame I
[PT] bx1 frame A 787,206 42x104
[PT] bx1 frame I
[PT] bx2 frame A 542,204 37x94
[PT] bx2 frame I
[PT] bx3 frame A 416,197 25x62
[PT] bx3 frame I
[PT] bx4 frame A 621,187 4x10
[PT] bx4 frame I
[PT] bx5 frame A 107,153 4x10
[PT] bx5 frame I
[PT] bx6 frame A 170,152 4x11
[PT] bx6 frame I
[PT] bx7 frame A 501,189 14x35
[PT] bx7 frame I
[PT] bx8 frame A 795,201 22x56
[PT] bx8 frame I
[PT] bx9 frame A 565,190 9x23
[PT] bx9 frame I
[PT] bx10 frame A 455,193 17x42
[PT] bx10 frame I
[PT] ds10 text A 17m
[PT] ds10 text I
[PT] tick 309 enemies=51
[PT] bx0 frame A 473,212 2x5
[PT] bx0 frame I
[PT] bx1 frame A 786,203 41x103
[PT] bx1 frame I
[PT] bx2 frame A 543,201 37x93
[PT] bx2 frame I
[PT] bx3 frame A 415,194 25x62
[PT] bx3 frame I
[PT] bx4 frame A 617,184 4x10
[PT] bx4 frame I
[PT] bx5 frame A 99,149 4x10
[PT] bx5 frame I
[PT] bx6 frame A 163,148 4x11
[PT] bx6 frame I
[PT] bx7 frame A 498,185 14x35
[PT] bx7 frame I
[PT] ds7 text A 21m
[PT] ds7 text I
[PT] bx8 frame A 791,197 22x55
[PT] bx8 frame I
[PT] bx9 frame A 561,186 9x23
[PT] bx9 frame I
[PT] bx10 frame A 452,189 17x42
[PT] bx10 frame I
[PT] tick 310 enemies=51
[PT] bx0 frame A 471,209 2x5
[PT] bx0 frame I
[PT] bx1 frame A 789,201 41x103
[PT] bx1 frame I
[PT] bx2 frame A 546,198 37x93
[PT] bx2 frame I
[PT] bx3 frame A 416,191 25x62
[PT] bx3 frame I
[PT] bx4 frame A 615,181 4x10
[PT] bx4 frame I
[PT] bx5 frame A 97,146 4x10
[PT] bx5 frame I
[PT] bx6 frame A 161,145 4x11
[PT] bx6 frame I
[PT] bx7 frame A 499,183 14x35
[PT] bx7 frame I
[PT] bx8 frame A 791,195 22x55
[PT] bx8 frame I
[PT] bx9 frame A 560,183 9x23
[PT] bx9 frame I
[PT] bx10 frame A 453,187 17x42
[PT] bx10 frame I
[PT] tick 311 enemies=51
[PT] bx0 frame A 479,206 2x5
[PT] bx0 frame I
[PT] bx1 frame A 800,199 41x104
[PT] bx1 frame I
[PT] bx2 frame A 553,196 37x93
[PT] bx2 frame I
[PT] bx3 frame A 424,189 25x61
[PT] bx3 frame I
[PT] bx4 frame A 624,179 4x10
[PT] bx4 frame I
[PT] bx5 frame A 108,144 4x10
[PT] bx5 frame I
[PT] bx6 frame A 171,143 4x11
[PT] bx6 frame I
[PT] bx7 frame A 509,180 14x35
[PT] bx7 frame I
[PT] bx8 frame A 802,193 22x56
[PT] bx8 frame I
[PT] bx9 frame A 568,181 9x23
[PT] bx9 frame I
[PT] bx10 frame A 460,184 17x42
[PT] bx10 frame I
[PT] tick 312 enemies=51
[PT] bx0 frame A 478,212 2x5
[PT] bx0 frame I
[PT] bx1 frame A 788,203 42x104
[PT] bx1 frame I
[PT] bx2 frame A 543,201 37x93
[PT] bx2 frame I
[PT] bx3 frame A 417,193 25x61
[PT] bx3 frame I
[PT] bx4 frame A 622,184 4x10
[PT] bx4 frame I
[PT] bx5 frame A 107,149 4x10
[PT] bx5 frame I
[PT] bx6 frame A 171,148 4x11
[PT] bx6 frame I
[PT] bx7 frame A 513,185 14x36
[PT] bx7 frame I
[PT] bx8 frame A 795,197 22x56
[PT] bx8 frame I
[PT] bx9 frame A 565,186 9x23
[PT] bx9 frame I
[PT] bx10 frame A 455,189 17x42
[PT] bx10 frame I
[PT] tick 313 enemies=51
[PT] bx0 frame A 463,212 2x5
[PT] bx0 frame I
[PT] bx1 frame A 904,204 43x107
[PT] bx1 frame I
[PT] ds1 text A 9m
[PT] ds1 text I
[PT] bx2 frame A 767,202 41x102
[PT] bx2 frame I
[PT] ds2 text A 8m
[PT] ds2 text I
[PT] bx3 frame A 529,201 37x93
[PT] bx3 frame I
[PT] ds3 text A 7m
[PT] ds3 text I
[PT] bx4 frame A 402,194 25x62
[PT] bx4 frame I
[PT] ds4 text A 11m
[PT] ds4 text I
[PT] bx5 frame A 606,184 4x10
[PT] bx5 frame I
[PT] ds5 text A 85m
[PT] ds5 text I
[PT] bx6 frame A 83,148 4x10
[PT] bx6 frame I
[PT] ds6 text A 100m
[PT] ds6 text I
[PT] bx7 frame A 149,147 4x11
[PT] bx7 frame I
[PT] ds7 text A 90m
[PT] ds7 text I
[PT] bx8 frame A 504,186 15x36
[PT] bx8 frame I
[PT] ds8 text A 20m
[PT] ds8 text I
[PT] bx9 frame A 774,197 22x55
[PT] bx9 frame I
[PT] ds9 text A 16m
[PT] ds9 text I
[PT] bx10 frame A 550,186 9x23
[PT] bx10 frame I
[PT] nm10 text A Player
[PT] nm10 text I
[PT] ds10 text A 35m
[PT] ds10 text I
[PT] bx11 frame A 441,189 17x42
[PT] bx11 frame I
[PT] bx11 show A
[PT] nm11 show A
[PT] ds11 text A 17m
[PT] ds11 text I
[PT] ds11 show A
[PT] tick 314 enemies=51
[PT] bx0 frame A 455,213 2x5
[PT] bx0 frame I
[PT] bx1 frame A 890,204 42x105
[PT] bx1 frame I
[PT] bx2 frame A 757,203 40x101
[PT] bx2 frame I
[PT] bx3 frame A 521,202 37x93
[PT] bx3 frame I
[PT] bx4 frame A 395,195 25x62
[PT] bx4 frame I
[PT] bx5 frame A 597,185 4x10
[PT] bx5 frame I
[PT] bx6 frame A 70,149 4x11
[PT] bx6 frame I
[PT] bx7 frame A 138,148 4x11
[PT] bx7 frame I
[PT] bx8 frame A 500,187 15x37
[PT] bx8 frame I
[PT] bx9 frame A 763,198 22x54
[PT] bx9 frame I
[PT] bx10 frame A 913,191 9x23
[PT] bx10 frame I
[PT] ds10 text A 48m
[PT] ds10 text I
[PT] bx11 frame A 542,187 9x23
[PT] bx11 frame I
[PT] nm11 text A Player
[PT] nm11 text I
[PT] ds11 text A 35m
[PT] ds11 text I
[PT] bx12 frame A 433,190 17x42
[PT] bx12 frame I
[PT] bx12 show A
[PT] nm12 text A BOT
[PT] nm12 text I
[PT] nm12 show A
[PT] ds12 text A 17m
[PT] ds12 text I
[PT] ds12 show A
[PT] tick 315 enemies=51
[PT] bx0 frame A 450,213 2x5
[PT] bx0 frame I
[PT] bx1 frame A 881,204 42x104
[PT] bx1 frame I
[PT] bx2 frame A 750,203 40x100
[PT] bx2 frame I
[PT] bx3 frame A 517,201 37x93
[PT] bx3 frame I
[PT] bx4 frame A 390,194 25x62
[PT] bx4 frame I
[PT] bx5 frame A 592,185 4x10
[PT] bx5 frame I
[PT] bx6 frame A 61,148 4x11
[PT] bx6 frame I
[PT] bx7 frame A 130,147 4x11
[PT] bx7 frame I
[PT] bx8 frame A 498,186 15x38
[PT] bx8 frame I
[PT] bx9 frame A 756,197 21x54
[PT] bx9 frame I
[PT] bx10 frame A 906,190 9x23
[PT] bx10 frame I
[PT] bx11 frame A 537,187 9x23
[PT] bx11 frame I
[PT] bx12 frame A 428,190 17x42
[PT] bx12 frame I
[PT] tick 316 enemies=51
[PT] bx0 frame A 443,218 2x5
[PT] bx0 frame I
[PT] bx1 frame A 869,207 41x103
[PT] bx1 frame I
[PT] bx2 frame A 741,207 40x99
[PT] bx2 frame I
[PT] bx3 frame A 511,205 37x93
[PT] bx3 frame I
[PT] bx4 frame A 383,199 25x62
[PT] bx4 frame I
[PT] bx5 frame A 584,190 4x10
[PT] bx5 frame I
[PT] bx6 frame A 924,192 17x44
[PT] bx6 frame I
[PT] ds6 text A 25m
[PT] ds6 text I
[PT] bx7 frame A 48,153 4x11
[PT] bx7 frame I
[PT] ds7 text A 100m
[PT] ds7 text I
[PT] bx8 frame A 119,152 4x11
[PT] bx8 frame I
[PT] ds8 text A 90m
[PT] ds8 text I
[PT] bx9 frame A 494,191 15x38
[PT] bx9 frame I
[PT] ds9 text A 19m
[PT] ds9 text I
[PT] bx10 frame A 746,202 21x53
[PT] bx10 frame I
[PT] ds10 text A 16m
[PT] ds10 text I
[PT] bx11 frame A 894,192 9x22
[PT] bx11 frame I
[PT] ds11 text A 48m
[PT] ds11 text I
[PT] bx12 frame A 529,192 9x22
[PT] bx12 frame I
[PT] nm12 text A Player
[PT] nm12 text I
[PT] ds12 text A 35m
[PT] ds12 text I
[PT] bx13 frame A 421,195 17x42
[PT] bx13 frame I
[PT] bx13 show A
[PT] nm13 show A
[PT] ds13 text A 17m
[PT] ds13 text I
[PT] ds13 show A
[PT] tick 317 enemies=51
[PT] bx0 frame A 437,223 2x5
[PT] bx0 frame I
[PT] bx1 frame A 860,211 41x102
[PT] bx1 frame I
[PT] bx2 frame A 735,210 39x99
[PT] bx2 frame I
[PT] bx3 frame A 506,209 37x93
[PT] bx3 frame I
[PT] bx4 frame A 378,203 25x62
[PT] bx4 frame I
[PT] bx5 frame A 578,195 4x10
[PT] bx5 frame I
[PT] bx6 frame A 921,197 17x43
[PT] bx6 frame I
[PT] bx7 frame A 39,158 4x11
[PT] bx7 frame I
[PT] bx8 frame A 111,157 4x11
[PT] bx8 frame I
[PT] bx9 frame A 488,196 16x39
[PT] bx9 frame I
[PT] bx10 frame A 739,206 21x53
[PT] bx10 frame I
[PT] bx11 frame A 894,197 9x22
[PT] bx11 frame I
[PT] bx12 frame A 524,197 9x22
[PT] bx12 frame I
[PT] bx13 frame A 416,199 17x42
[PT] bx13 frame I
[PT] tick 318 enemies=51
[PT] bx0 frame A 431,253 2x5
[PT] bx0 frame I
[PT] bx1 frame A 851,234 41x102
[PT] bx1 frame I
[PT] bx2 frame A 728,233 40x99
[PT] bx2 frame I
[PT] bx3 frame A 501,233 38x94
[PT] bx3 frame I
[PT] bx4 frame A 372,229 25x63
[PT] bx4 frame I
[PT] bx5 frame A 571,224 4x10
[PT] bx5 frame I
[PT] bx6 frame A 914,224 17x42
[PT] bx6 frame I
[PT] ds6 text A 26m
[PT] ds6 text I
[PT] bx7 frame A 30,187 4x11
[PT] bx7 frame I
[PT] bx8 frame A 103,186 4x11
[PT] bx8 frame I
[PT] bx9 frame A 481,224 16x40
[PT] bx9 frame I
[PT] bx10 frame A 731,233 21x53
[PT] bx10 frame I
[PT] bx11 frame A 887,229 9x22
[PT] bx11 frame I
[PT] bx12 frame A 518,225 9x22
[PT] bx12 frame I
[PT] bx13 frame A 410,226 17x43
[PT] bx13 frame I
[PT] tick 319 enemies=51
[PT] bx0 frame A 407,294 2x5
[PT] bx0 frame I
[PT] bx1 frame A 821,265 41x101
[PT] bx1 frame I
[PT] bx2 frame A 704,265 40x100
[PT] bx2 frame I
[PT] bx3 frame A 483,265 39x97
[PT] bx3 frame I
[PT] bx4 frame A 351,264 26x65
[PT] bx4 frame I
[PT] bx5 frame A 548,264 4x10
[PT] bx5 frame I
[PT] bx6 frame A 884,261 16x41
[PT] bx6 frame I
[PT] bx7 frame A 67,225 5x12
[PT] bx7 frame I
[PT] ds7 text A 90m
[PT] ds7 text I
[PT] bx8 frame A 458,261 16x41
[PT] bx8 frame I
[PT] ds8 text A 18m
[PT] ds8 text I
[PT] bx9 frame A 706,269 21x53
[PT] bx9 frame I
[PT] ds9 text A 16m
[PT] ds9 text I
[PT] bx10 frame A 849,267 9x22
[PT] bx10 frame I
[PT] ds10 text A 48m
[PT] ds10 text I
[PT] bx11 frame A 496,264 9x23
[PT] bx11 frame I
[PT] ds11 text A 35m
[PT] ds11 text I
[PT] bx12 frame A 389,263 17x44
[PT] bx12 frame I
[PT] nm12 text A BOT
[PT] nm12 text I
[PT] ds12 text A 17m
[PT] ds12 text I
[PT] bx13 hide A
[PT] nm13 hide A
[PT] ds13 hide A
[PT] tick 320 enemies=51
[PT] bx0 frame A 808,230 4x10
[PT] bx0 frame I
[PT] ds0 text A 98m
[PT] ds0 text I
[PT] bx1 frame A 438,233 30x74
[PT] bx1 frame I
[PT] bx2 frame A 366,234 34x85
[PT] bx2 frame I
[PT] bx3 frame A 130,238 48x121
[PT] bx3 frame I
[PT] bx4 frame A 114,228 5x12
[PT] bx4 frame I
[PT] ds4 text A 85m
[PT] ds4 text I
[PT] bx5 frame A 606,226 7x18
[PT] bx5 frame I
[PT] ds5 text A 46m
[PT] ds5 text I
[PT] bx6 frame A 439,226 11x29
[PT] bx6 frame I
[PT] ds6 text A 27m
[PT] ds6 text I
[PT] bx7 frame A 582,226 9x22
[PT] bx7 frame I
[PT] ds7 text A 37m
[PT] ds7 text I
[PT] bx8 frame A -0,227 24x59
[PT] bx8 frame I
[PT] bx9 frame A 331,234 19x47
[PT] bx9 frame I
[PT] bx10 frame A 405,230 7x17
[PT] bx10 frame I
[PT] ds10 text A 47m
[PT] ds10 text I
[PT] bx11 frame A 46,229 12x30
[PT] bx11 frame I
[PT] bx12 frame A 572,224 25x62
[PT] bx12 frame I
[PT] nm12 text A Player
[PT] nm12 text I
[PT] ds12 text A 12m
[PT] ds12 text I
[PT] tick 321 enemies=52
[PT] bx0 frame A 372,168 3x8
[PT] bx0 frame I
[PT] bx1 frame A 694,169 4x10
[PT] bx1 frame I
[PT] nm1 text A BOT
[PT] nm1 text I
[PT] ds1 text A 92m
[PT] ds1 text I
[PT] bx2 frame A 18,190 42x105
[PT] bx2 frame I
[PT] ds2 text A 9m
[PT] ds2 text I
[PT] bx3 frame A 677,177 8x21
[PT] bx3 frame I
[PT] ds3 text A 41m
[PT] ds3 text I
[PT] bx4 frame A 657,167 3x8
[PT] bx4 frame I
[PT] ds4 text A 111m
[PT] ds4 text I
[PT] bx5 frame A 198,166 8x20
[PT] bx5 frame I
[PT] bx6 frame A 601,174 6x16
[PT] bx6 frame I
[PT] nm6 text A BOT
[PT] nm6 text I
[PT] ds6 text A 51m
[PT] ds6 text I
[PT] bx7 frame A 646,167 3x7
[PT] bx7 frame I
[PT] ds7 text A 132m
[PT] ds7 text I
[PT] bx8 frame A 620,167 2x6
[PT] bx8 frame I
[PT] ds8 text A 148m
[PT] ds8 text I
[PT] bx9 frame A 846,173 6x15
[PT] bx9 frame I
[PT] ds9 text A 70m
[PT] ds9 text I
[PT] bx10 frame A 693,167 3x8
[PT] bx10 frame I
[PT] ds10 text A 115m
[PT] ds10 text I
[PT] bx11 frame A 674,167 3x8
[PT] bx11 frame I
[PT] ds11 text A 114m
[PT] ds11 text I
[PT] bx12 frame A 817,175 7x18
[PT] bx12 frame I
[PT] ds12 text A 55m
[PT] ds12 text I
[PT] bx13 frame A 174,167 10x25
[PT] bx13 frame I
[PT] bx13 show A
[PT] nm13 text A Player
[PT] nm13 text I
[PT] nm13 show A
[PT] ds13 text A 37m
[PT] ds13 text I
[PT] ds13 show A
[PT] bx14 frame A 539,177 8x21
[PT] bx14 frame I
[PT] bx14 show A
[PT] nm14 show A
[PT] ds14 text A 38m
[PT] ds14 text I
[PT] ds14 show A
[PT] bx15 frame A 812,161 7x18
[PT] bx15 frame I
[PT] bx15 show A
[PT] nm15 show A
[PT] ds15 text A 55m
[PT] ds15 text I
[PT] ds15 show A
[PT] bx16 frame A 797,166 7x18
[PT] bx16 frame I
[PT] bx16 show A
[PT] nm16 show A
[PT] ds16 text A 55m
[PT] ds16 text I
[PT] ds16 show A
[PT] bx17 frame A 211,172 27x69
[PT] bx17 frame I
[PT] bx17 show A
[PT] nm17 show A
[PT] ds17 text A 12m
[PT] ds17 text I
[PT] ds17 show A
[PT] bx18 frame A 612,164 5x11
[PT] bx18 frame I
[PT] bx18 show A
[PT] nm18 show A
[PT] ds18 text A 74m
[PT] ds18 text I
[PT] ds18 show A
[PT] bx19 frame A 709,167 3x8
[PT] bx19 frame I
[PT] bx19 show A
[PT] nm19 show A
[PT] ds19 text A 117m
[PT] ds19 text I
[PT] ds19 show A
[PT] bx20 frame A 911,158 11x27
[PT] bx20 frame I
[PT] bx20 show A
[PT] nm20 show A
[PT] ds20 text A 41m
[PT] ds20 text I
[PT] ds20 show A
[PT] tick 322 enemies=52
[PT] bx0 frame A 441,150 3x8
[PT] bx0 frame I
[PT] bx1 frame A 791,153 4x11
[PT] bx1 frame I
[PT] ds1 text A 91m
[PT] ds1 text I
[PT] bx2 frame A 52,186 39x98
[PT] bx2 frame I
[PT] bx3 frame A 764,164 9x23
[PT] bx3 frame I
[PT] ds3 text A 40m
[PT] ds3 text I
[PT] bx4 frame A 747,150 3x9
[PT] bx4 frame I
[PT] bx5 frame A 264,149 7x19
[PT] bx5 frame I
[PT] bx6 frame A 58,156 14x36
[PT] bx6 frame I
[PT] nm6 text A Player
[PT] nm6 text I
[PT] ds6 text A 28m
[PT] ds6 text I
[PT] bx7 frame A 676,158 7x17
[PT] bx7 frame I
[PT] nm7 text A BOT
[PT] nm7 text I
[PT] ds7 text A 50m
[PT] ds7 text I
[PT] bx8 frame A 735,149 3x7
[PT] bx8 frame I
[PT] ds8 text A 131m
[PT] ds8 text I
[PT] bx9 frame A 705,149 2x6
[PT] bx9 frame I
[PT] ds9 text A 147m
[PT] ds9 text I
[PT] bx10 frame A 789,150 3x9
[PT] bx10 frame I
[PT] ds10 text A 114m
[PT] ds10 text I
[PT] bx11 frame A 767,150 3x9
[PT] bx11 frame I
[PT] ds11 text A 113m
[PT] ds11 text I
[PT] bx12 frame A 248,152 9x23
[PT] bx12 frame I
[PT] ds12 text A 37m
[PT] ds12 text I
[PT] bx13 frame A 604,163 9x22
[PT] bx13 frame I
[PT] bx14 frame A 917,151 8x21
[PT] bx14 frame I
[PT] ds14 text A 54m
[PT] ds14 text I
[PT] bx15 frame A 246,164 27x67
[PT] bx15 frame I
[PT] ds15 text A 11m
[PT] ds15 text I
[PT] bx16 frame A 695,148 5x12
[PT] bx16 frame I
[PT] ds16 text A 74m
[PT] ds16 text I
[PT] bx17 frame A 810,150 3x9
[PT] bx17 frame I
[PT] ds17 text A 116m
[PT] ds17 text I
[PT] bx18 hide A
[PT] nm18 hide A
[PT] ds18 hide A
[PT] bx19 hide A
[PT] nm19 hide A
[PT] ds19 hide A
[PT] bx20 hide A
[PT] nm20 hide A
[PT] ds20 hide A
[PT] tick 323 enemies=52
[PT] bx0 frame A 453,158 3x8
[PT] bx0 frame I
[PT] bx1 frame A 809,161 4x11
[PT] bx1 frame I
[PT] bx2 frame A 44,209 39x98
[PT] bx2 frame I
[PT] bx3 frame A 780,174 9x24
[PT] bx3 frame I
[PT] bx4 frame A 764,158 3x9
[PT] bx4 frame I
[PT] ds4 text A 110m
[PT] ds4 text I
[PT] bx5 frame A 271,154 7x18
[PT] bx5 frame I
[PT] bx6 frame A 75,168 14x35
[PT] bx6 frame I
[PT] ds6 text A 29m
[PT] ds6 text I
[PT] bx7 frame A 690,168 7x18
[PT] bx7 frame I
[PT] bx8 frame A 752,157 3x7
[PT] bx8 frame I
[PT] bx9 frame A 721,156 3x6
[PT] bx9 frame I
[PT] bx10 frame A 808,158 4x9
[PT] bx10 frame I
[PT] bx11 frame A 785,158 4x9
[PT] bx11 frame I
[PT] ds11 text A 112m
[PT] ds11 text I
[PT] bx12 frame A 258,161 9x23
[PT] bx12 frame I
[PT] bx13 frame A 615,173 9x22
[PT] bx13 frame I
[PT] bx14 frame A 245,181 27x67
[PT] bx14 frame I
[PT] ds14 text A 11m
[PT] ds14 text I
[PT] bx15 frame A 712,156 5x12
[PT] bx15 frame I
[PT] ds15 text A 74m
[PT] ds15 text I
[PT] bx16 frame A 829,158 4x9
[PT] bx16 frame I
[PT] ds16 text A 116m
[PT] ds16 text I
[PT] bx17 hide A
[PT] nm17 hide A
[PT] ds17 hide A
[PT] tick 324 enemies=52
[PT] bx0 frame A 466,161 3x8
[PT] bx0 frame I
[PT] bx1 frame A 832,165 5x11
[PT] bx1 frame I
[PT] bx2 frame A 45,221 39x97
[PT] bx2 frame I
[PT] bx3 frame A 799,180 10x24
[PT] bx3 frame I
[PT] bx4 frame A 785,161 4x9
[PT] bx4 frame I
[PT] bx5 frame A 283,157 7x18
[PT] bx5 frame I
[PT] bx6 frame A 90,173 14x34
[PT] bx6 frame I
[PT] bx7 frame A 707,172 7x18
[PT] bx7 frame I
[PT] bx8 frame A 772,160 3x7
[PT] bx8 frame I
[PT] ds8 text A 130m
[PT] ds8 text I
[PT] bx9 frame A 741,159 3x6
[PT] bx9 frame I
[PT] bx10 frame A 831,161 4x9
[PT] bx10 frame I
[PT] ds10 text A 113m
[PT] ds10 text I
[PT] bx11 frame A 806,161 4x9
[PT] bx11 frame I
[PT] bx12 frame A 271,166 9x23
[PT] bx12 frame I
[PT] bx13 frame A 629,178 9x23
[PT] bx13 frame I
[PT] ds13 text A 36m
[PT] ds13 text I
[PT] bx14 frame A -2,173 9x23
[PT] bx14 frame I
[PT] ds14 text A 48m
[PT] ds14 text I
[PT] bx15 frame A 248,190 27x67
[PT] bx15 frame I
[PT] ds15 text A 11m
[PT] ds15 text I
[PT] bx16 frame A 730,160 5x13
[PT] bx16 frame I
[PT] ds16 text A 74m
[PT] ds16 text I
[PT] bx17 frame A 854,161 4x9
[PT] bx17 frame I
[PT] bx17 show A
[PT] nm17 show A
[PT] ds17 text A 115m
[PT] ds17 text I
[PT] ds17 show A
[PT] tick 325 enemies=52
[PT] bx0 frame A 496,168 3x8
[PT] bx0 frame I
[PT] ds0 text A 97m
[PT] ds0 text I
[PT] bx1 frame A 885,173 5x12
[PT] bx1 frame I
[PT] ds1 text A 90m
[PT] ds1 text I
[PT] bx2 frame A 64,232 37x94
[PT] bx2 frame I
[PT] ds2 text A 10m
[PT] ds2 text I
[PT] bx3 frame A 845,190 10x26
[PT] bx3 frame I
[PT] ds3 text A 39m
[PT] ds3 text I
[PT] bx4 frame A 833,168 4x9
[PT] bx4 frame I
[PT] bx5 frame A 309,162 7x18
[PT] bx5 frame I
[PT] bx6 frame A 126,181 13x33
[PT] bx6 frame I
[PT] bx7 frame A 745,181 7x19
[PT] bx7 frame I
[PT] ds7 text A 49m
[PT] ds7 text I
[PT] bx8 frame A 819,167 3x8
[PT] bx8 frame I
[PT] bx9 frame A 784,166 3x7
[PT] bx9 frame I
[PT] ds9 text A 146m
[PT] ds9 text I
[PT] bx10 frame A 884,169 4x10
[PT] bx10 frame I
[PT] bx11 frame A 856,168 4x9
[PT] bx11 frame I
[PT] bx12 frame A 301,174 9x22
[PT] bx12 frame I
[PT] bx13 frame A 660,186 9x23
[PT] bx13 frame I
[PT] bx14 frame A 46,179 9x22
[PT] bx14 frame I
[PT] bx15 frame A 264,201 26x66
[PT] bx15 frame I
[PT] bx16 frame A 772,167 5x13
[PT] bx16 frame I
[PT] ds16 text A 73m
[PT] ds16 text I
[PT] bx17 frame A 909,169 4x10
[PT] bx17 frame I
[PT] tick 326 enemies=52
[PT] bx0 frame A 553,125 3x9
[PT] bx0 frame I
[PT] bx1 frame A 118,198 34x85
[PT] bx1 frame I
[PT] nm1 text A Player
[PT] nm1 text I
[PT] ds1 text A 10m
[PT] ds1 text I
[PT] bx2 frame A -14,219 42x105
[PT] bx2 frame I
[PT] ds2 text A 9m
[PT] ds2 text I
[PT] bx3 frame A 359,119 7x18
[PT] bx3 frame I
[PT] ds3 text A 47m
[PT] ds3 text I
[PT] bx4 frame A 189,140 12x31
[PT] bx4 frame I
[PT] ds4 text A 29m
[PT] ds4 text I
[PT] bx5 frame A 828,142 8x21
[PT] bx5 frame I
[PT] nm5 text A BOT
[PT] nm5 text I
[PT] ds5 text A 49m
[PT] ds5 text I
[PT] bx6 frame A 923,126 4x9
[PT] bx6 frame I
[PT] ds6 text A 130m
[PT] ds6 text I
[PT] bx7 frame A 881,124 3x8
[PT] bx7 frame I
[PT] nm7 text A Player
[PT] nm7 text I
[PT] ds7 text A 146m
[PT] ds7 text I
[PT] bx8 frame A 354,132 9x22
[PT] bx8 frame I
[PT] ds8 text A 37m
[PT] ds8 text I
[PT] bx9 frame A -18,178 24x61
[PT] bx9 frame I
[PT] ds9 text A 17m
[PT] ds9 text I
[PT] bx10 frame A 727,149 10x25
[PT] bx10 frame I
[PT] ds10 text A 36m
[PT] ds10 text I
[PT] bx11 frame A 127,136 8x20
[PT] bx11 frame I
[PT] ds11 text A 49m
[PT] ds11 text I
[PT] bx12 frame A 304,167 25x63
[PT] bx12 frame I
[PT] ds12 text A 11m
[PT] ds12 text I
[PT] bx13 frame A 864,126 6x15
[PT] bx13 frame I
[PT] ds13 text A 73m
[PT] ds13 text I
[PT] bx14 hide A
[PT] nm14 hide A
[PT] ds14 hide A
[PT] bx15 hide A
[PT] nm15 hide A
[PT] ds15 hide A
[PT] bx16 hide A
[PT] nm16 hide A
[PT] ds16 hide A
[PT] bx17 hide A
[PT] nm17 hide A
[PT] ds17 hide A
[PT] tick 327 enemies=52
[PT] bx0 frame A 579,109 4x9
[PT] bx0 frame I
[PT] bx1 frame A 127,185 33x83
[PT] bx1 frame I
[PT] bx2 frame A -3,207 40x100
[PT] bx2 frame I
[PT] bx3 frame A 377,103 7x18
[PT] bx3 frame I
[PT] bx4 frame A 208,125 12x31
[PT] bx4 frame I
[PT] bx5 frame A 869,129 9x22
[PT] bx5 frame I
[PT] ds5 text A 48m
[PT] ds5 text I
[PT] bx6 frame A 374,117 9x22
[PT] bx6 frame I
[PT] ds6 text A 37m
[PT] ds6 text I
[PT] bx7 frame A 10,163 23x58
[PT] bx7 frame I
[PT] ds7 text A 17m
[PT] ds7 text I
[PT] bx8 frame A 757,135 11x26
[PT] bx8 frame I
[PT] ds8 text A 35m
[PT] ds8 text I
[PT] bx9 frame A 159,120 8x20
[PT] bx9 frame I
[PT] ds9 text A 49m
[PT] ds9 text I
[PT] bx10 frame A 312,154 25x63
[PT] bx10 frame I
[PT] ds10 text A 11m
[PT] ds10 text I
[PT] bx11 frame A 912,111 6x16
[PT] bx11 frame I
[PT] ds11 text A 73m
[PT] ds11 text I
[PT] bx12 hide A
[PT] nm12 hide A
[PT] ds12 hide A
[PT] bx13 hide A
[PT] nm13 hide A
[PT] ds13 hide A
[PT] tick 328 enemies=52
[PT] bx0 frame A 604,123 4x9
[PT] bx0 frame I
[PT] bx1 frame A 136,192 33x82
[PT] bx1 frame I
[PT] bx2 frame A 8,211 39x98
[PT] bx2 frame I
[PT] bx3 frame A 397,116 7x17
[PT] bx3 frame I
[PT] bx4 frame A 231,137 12x30
[PT] bx4 frame I
[PT] bx5 frame A 910,143 9x23
[PT] bx5 frame I
[PT] bx6 frame A 395,130 9x22
[PT] bx6 frame I
[PT] bx7 frame A 39,171 22x56
[PT] bx7 frame I
[PT] ds7 text A 18m
[PT] ds7 text I
[PT] bx8 frame A 788,149 11x27
[PT] bx8 frame I
[PT] bx9 frame A 191,132 8x19
[PT] bx9 frame I
[PT] bx10 frame A 322,164 25x63
[PT] bx10 frame I
[PT] bx11 hide A
[PT] nm11 hide A
[PT] ds11 hide A
[PT] tick 329 enemies=52
[PT] bx0 frame A 622,140 4x9
[PT] bx0 frame I
[PT] ds0 text A 96m
[PT] ds0 text I
[PT] bx1 frame A 141,201 32x81
[PT] bx1 frame I
[PT] bx2 frame A 13,217 39x97
[PT] bx2 frame I
[PT] ds2 text A 10m
[PT] ds2 text I
[PT] bx3 frame A 409,133 7x17
[PT] bx3 frame I
[PT] bx4 frame A 246,151 12x29
[PT] bx4 frame I
[PT] bx5 frame A 409,145 9x22
[PT] bx5 frame I
[PT] nm5 text A Player
[PT] nm5 text I
[PT] ds5 text A 36m
[PT] ds5 text I
[PT] bx6 frame A 69,171 21x53
[PT] bx6 frame I
[PT] ds6 text A 18m
[PT] ds6 text I
[PT] bx7 frame A 810,165 11x28
[PT] bx7 frame I
[PT] ds7 text A 35m
[PT] ds7 text I
[PT] bx8 frame A 213,145 7x18
[PT] bx8 frame I
[PT] ds8 text A 49m
[PT] ds8 text I
[PT] bx9 frame A 327,176 25x63
[PT] bx9 frame I
[PT] ds9 text A 11m
[PT] ds9 text I
[PT] bx10 hide A
[PT] nm10 hide A
[PT] ds10 hide A
[PT] tick 330 enemies=52
[PT] bx0 frame A 631,163 4x9
[PT] bx0 frame I
[PT] bx1 frame A 135,214 33x82
[PT] bx1 frame I
[PT] bx2 frame A 4,228 39x99
[PT] bx2 frame I
[PT] bx3 frame A 413,156 7x17
[PT] bx3 frame I
[PT] bx4 frame A 254,172 11x29
[PT] bx4 frame I
[PT] bx5 frame A 416,167 9x21
[PT] bx5 frame I
[PT] bx6 frame A 84,187 21x52
[PT] bx6 frame I
[PT] ds6 text A 19m
[PT] ds6 text I
[PT] bx7 frame A 820,187 11x28
[PT] bx7 frame I
[PT] ds7 text A 34m
[PT] ds7 text I
[PT] bx8 frame A 228,167 7x18
[PT] bx8 frame I
[PT] bx9 frame A 324,192 25x63
[PT] bx9 frame I
[PT] tick 331 enemies=52
[PT] bx0 frame A 701,220 4x9
[PT] bx0 frame I
[PT] bx1 frame A 188,248 31x79
[PT] bx1 frame I
[PT] bx2 frame A 72,255 37x93
[PT] bx2 frame I
[PT] bx3 frame A 467,210 7x17
[PT] bx3 frame I
[PT] bx4 frame A 317,222 11x27
[PT] bx4 frame I
[PT] ds4 text A 30m
[PT] ds4 text I
[PT] bx5 frame A 471,220 8x21
[PT] bx5 frame I
[PT] bx6 frame A 167,230 19x47
[PT] bx6 frame I
[PT] bx7 frame A 921,241 13x32
[PT] bx7 frame I
[PT] bx8 frame A 296,220 7x17
[PT] bx8 frame I
[PT] ds8 text A 48m
[PT] ds8 text I
[PT] bx9 frame A 366,233 25x63
[PT] bx9 frame I
[PT] tick 332 enemies=52
[PT] bx0 frame A 739,271 4x10
[PT] bx0 frame I
[PT] bx1 frame A 202,282 32x80
[PT] bx1 frame I
[PT] bx2 frame A 91,285 37x93
[PT] bx2 frame I
[PT] bx3 frame A -1,268 5x13
[PT] bx3 frame I
[PT] ds3 text A 88m
[PT] ds3 text I
[PT] bx4 frame A 491,260 7x17
[PT] bx4 frame I
[PT] ds4 text A 46m
[PT] ds4 text I
[PT] bx5 frame A 341,269 11x27
[PT] bx5 frame I
[PT] ds5 text A 30m
[PT] ds5 text I
[PT] bx6 frame A 495,268 9x22
[PT] bx6 frame I
[PT] ds6 text A 36m
[PT] ds6 text I
[PT] bx7 frame A 202,272 18x45
[PT] bx7 frame I
[PT] ds7 text A 20m
[PT] ds7 text I
[PT] bx8 frame A 322,269 7x17
[PT] bx8 frame I
[PT] bx9 frame A 379,271 26x64
[PT] bx9 frame I
[PT] tick 333 enemies=52
[PT] bx0 frame A 722,323 4x10
[PT] bx0 frame I
[PT] bx1 frame A 163,315 34x86
[PT] bx1 frame I
[PT] ds1 text A 11m
[PT] ds1 text I
[PT] bx2 frame A 41,314 41x101
[PT] bx2 frame I
[PT] bx3 frame A 473,309 7x18
[PT] bx3 frame I
[PT] ds3 text A 46m
[PT] ds3 text I
[PT] bx4 frame A 318,316 11x29
[PT] bx4 frame I
[PT] ds4 text A 30m
[PT] ds4 text I
[PT] bx5 frame A 476,317 9x23
[PT] bx5 frame I
[PT] ds5 text A 36m
[PT] ds5 text I
[PT] bx6 frame A 173,314 19x47
[PT] bx6 frame I
[PT] ds6 text A 20m
[PT] ds6 text I
[PT] bx7 frame A 297,319 7x18
[PT] bx7 frame I
[PT] ds7 text A 48m
[PT] ds7 text I
[PT] bx8 frame A 351,308 27x68
[PT] bx8 frame I
[PT] ds8 text A 11m
[PT] ds8 text I
[PT] bx9 hide A
[PT] nm9 hide A
[PT] ds9 hide A
[PT] tick 334 enemies=52
[PT] bx0 frame A 686,393 4x11
[PT] bx0 frame I
[PT] ds0 text A 95m
[PT] ds0 text I
[PT] bx1 frame A 94,367 40x99
[PT] bx1 frame I
[PT] bx2 frame A 435,376 8x20
[PT] bx2 frame I
[PT] ds2 text A 45m
[PT] ds2 text I
[PT] bx3 frame A 270,381 13x32
[PT] bx3 frame I
[PT] ds3 text A 30m
[PT] ds3 text I
[PT] bx4 frame A 438,383 10x25
[PT] bx4 frame I
[PT] ds4 text A 36m
[PT] ds4 text I
[PT] bx5 frame A 116,367 21x52
[PT] bx5 frame I
[PT] ds5 text A 20m
[PT] ds5 text I
[PT] bx6 frame A 900,398 15x37
[PT] bx6 frame I
[PT] ds6 text A 33m
[PT] ds6 text I
[PT] bx7 frame A 244,387 8x21
[PT] bx7 frame I
[PT] bx8 frame A 304,363 30x76
[PT] bx8 frame I
[PT] tick 335 enemies=52
[PT] bx0 hide A
[PT] nm0 hide A
[PT] ds0 hide A
[PT] bx1 hide A
[PT] nm1 hide A
[PT] ds1 hide A
[PT] bx2 hide A
[PT] nm2 hide A
[PT] ds2 hide A
[PT] bx3 hide A
[PT] nm3 hide A
[PT] ds3 hide A
[PT] bx4 hide A
[PT] nm4 hide A
[PT] ds4 hide A
[PT] bx5 hide A
[PT] nm5 hide A
[PT] ds5 hide A
[PT] bx6 hide A
[PT] nm6 hide A
[PT] ds6 hide A
[PT] bx7 hide A
[PT] nm7 hide A
[PT] ds7 hide A
[PT] bx8 hide A
[PT] nm8 hide A
[PT] ds8 hide A
[PT] tick 336 enemies=52
[PT] tick 337 enemies=52
[PT] tick 338 enemies=52
[PT] tick 339 enemies=52
[PT] tick 340 enemies=52
[PT] tick 341 enemies=52
[PT] tick 342 enemies=52
[PT] tick 343 enemies=52
[PT] tick 344 enemies=52
[PT] tick 345 enemies=52
[PT] tick 346 enemies=52
[PT] tick 347 enemies=52
[PT] tick 348 enemies=52
[PT] tick 349 enemies=52
[PT] tick 350 enemies=52
[PT] tick 351 enemies=52
[PT] tick 352 enemies=52
[PT] tick 353 enemies=52
[PT] tick 354 enemies=52
[PT] tick 355 enemies=52
[PT] tick 356 enemies=52
[PT] tick 357 enemies=52
[PT] tick 358 enemies=52
[PT] tick 359 enemies=52
[PT] tick 360 enemies=52
[PT] tick 361 enemies=52
[PT] tick 362 enemies=52
[PT] tick 363 enemies=52
[PT] tick 364 enemies=52
[PT] tick 365 enemies=52
[PT] tick 366 enemies=52
[PT] tick 367 enemies=52
[PT] bx0 frame A 518,416 18x46
[PT] bx0 frame I
[PT] bx0 show A
[PT] nm0 text A Player
[PT] nm0 text I
[PT] nm0 show A
[PT] ds0 text A 20m
[PT] ds0 text I
[PT] ds0 show A
[PT] bx1 frame A 220,394 12x31
[PT] bx1 frame I
[PT] bx1 show A
[PT] nm1 show A
[PT] ds1 text A 33m
[PT] ds1 text I
[PT] ds1 show A
[PT] bx2 frame A 218,406 11x28
[PT] bx2 frame I
[PT] bx2 show A
[PT] nm2 show A
[PT] ds2 text A 36m
[PT] ds2 text I
[PT] ds2 show A
[PT] bx3 frame A 141,412 11x27
[PT] bx3 frame I
[PT] bx3 show A
[PT] nm3 show A
[PT] ds3 text A 41m
[PT] ds3 text I
[PT] ds3 show A
[PT] bx4 frame A 99,409 13x32
[PT] bx4 frame I
[PT] bx4 show A
[PT] nm4 show A
[PT] ds4 show A
[PT] tick 368 enemies=52
[PT] bx0 frame A 550,94 9x23
[PT] bx0 frame I
[PT] nm0 text A BOT
[PT] nm0 text I
[PT] ds0 text A 35m
[PT] ds0 text I
[PT] bx1 frame A 275,78 4x11
[PT] bx1 frame I
[PT] nm1 text A BOT
[PT] nm1 text I
[PT] ds1 text A 87m
[PT] ds1 text I
[PT] bx2 frame A 260,94 10x24
[PT] bx2 frame I
[PT] bx3 frame A 235,75 4x9
[PT] bx3 frame I
[PT] ds3 text A 107m
[PT] ds3 text I
[PT] bx4 frame A 162,90 8x21
[PT] bx4 frame I
[PT] nm4 text A BOT
[PT] nm4 text I
[PT] ds4 text A 46m
[PT] ds4 text I
[PT] bx5 frame A 222,74 3x8
[PT] bx5 frame I
[PT] bx5 show A
[PT] nm5 show A
[PT] ds5 text A 127m
[PT] ds5 text I
[PT] ds5 show A
[PT] bx6 frame A 191,74 3x7
[PT] bx6 frame I
[PT] bx6 show A
[PT] nm6 show A
[PT] ds6 text A 143m
[PT] ds6 text I
[PT] ds6 show A
[PT] bx7 frame A 401,81 5x13
[PT] bx7 frame I
[PT] bx7 show A
[PT] nm7 show A
[PT] ds7 text A 65m
[PT] ds7 text I
[PT] ds7 show A
[PT] bx8 frame A 272,74 3x8
[PT] bx8 frame I
[PT] bx8 show A
[PT] nm8 show A
[PT] ds8 text A 110m
[PT] ds8 text I
[PT] ds8 show A
[PT] bx9 frame A 252,75 3x9
[PT] bx9 frame I
[PT] bx9 show A
[PT] nm9 show A
[PT] ds9 text A 109m
[PT] ds9 text I
[PT] ds9 show A
[PT] bx10 frame A 383,85 7x17
[PT] bx10 frame I
[PT] bx10 show A
[PT] nm10 show A
[PT] ds10 text A 50m
[PT] ds10 text I
[PT] ds10 show A
[PT] bx11 frame A 55,102 13x32
[PT] bx11 frame I
[PT] bx11 show A
[PT] nm11 show A
[PT] ds11 text A 33m
[PT] ds11 text I
[PT] ds11 show A
[PT] bx12 frame A 860,97 20x51
[PT] bx12 frame I
[PT] bx12 show A
[PT] nm12 show A
[PT] ds12 text A 20m
[PT] ds12 text I
[PT] ds12 show A
[PT] bx13 frame A 533,59 10x26
[PT] bx13 frame I
[PT] bx13 show A
[PT] nm13 show A
[PT] ds13 text A 33m
[PT] ds13 text I
[PT] ds13 show A
[PT] bx14 frame A 378,72 7x17
[PT] bx14 frame I
[PT] bx14 show A
[PT] nm14 show A
[PT] ds14 text A 50m
[PT] ds14 text I
[PT] ds14 show A
[PT] bx15 frame A 368,76 7x17
[PT] bx15 frame I
[PT] bx15 show A
[PT] nm15 show A
[PT] ds15 text A 49m
[PT] ds15 text I
[PT] ds15 show A
[PT] bx16 frame A 534,67 9x23
[PT] bx16 frame I
[PT] bx16 show A
[PT] nm16 show A
[PT] ds16 text A 36m
[PT] ds16 text I
[PT] ds16 show A
[PT] bx17 frame A 196,74 5x13
[PT] bx17 frame I
[PT] bx17 show A
[PT] nm17 show A
[PT] ds17 text A 75m
[PT] ds17 text I
[PT] ds17 show A
[PT] bx18 frame A 480,71 8x21
[PT] bx18 frame I
[PT] bx18 show A
[PT] nm18 show A
[PT] ds18 text A 41m
[PT] ds18 text I
[PT] ds18 show A
[PT] bx19 frame A 288,74 3x8
[PT] bx19 frame I
[PT] bx19 show A
[PT] nm19 show A
[PT] ds19 text A 112m
[PT] ds19 text I
[PT] ds19 show A
[PT] bx20 frame A 450,71 9x23
[PT] bx20 frame I
[PT] bx20 show A
[PT] nm20 show A
[PT] ds20 text A 36m
[PT] ds20 text I
[PT] ds20 show A
[PT] bx21 frame A 327,68 16x39
[PT] bx21 frame I
[PT] bx21 show A
[PT] nm21 text A Player
[PT] nm21 text I
[PT] nm21 show A
[PT] ds21 text A 21m
[PT] ds21 text I
[PT] ds21 show A
[PT] tick 369 enemies=52
[PT] bx0 frame A 847,20 13x32
[PT] bx0 frame I
[PT] bx1 frame A 135,-9 5x12
[PT] bx1 frame I
[PT] ds1 text A 95m
[PT] ds1 text I
[PT] bx2 frame A 522,-10 4x11
[PT] bx2 frame I
[PT] nm2 text A BOT
[PT] nm2 text I
[PT] ds2 text A 87m
[PT] ds2 text I
[PT] bx3 frame A 498,8 10x25
[PT] bx3 frame I
[PT] ds3 text A 36m
[PT] ds3 text I
[PT] bx4 frame A 420,2 8x20
[PT] bx4 frame I
[PT] bx5 frame A 653,-4 6x16
[PT] bx5 frame I
[PT] ds5 text A 65m
[PT] ds5 text I
[PT] bx6 frame A 628,1 8x20
[PT] bx6 frame I
[PT] ds6 text A 50m
[PT] ds6 text I
[PT] bx7 frame A 340,12 11x27
[PT] bx7 frame I
[PT] ds7 text A 33m
[PT] ds7 text I
[PT] bx8 frame A 832,-30 14x36
[PT] bx8 frame I
[PT] ds8 text A 33m
[PT] ds8 text I
[PT] bx9 frame A 626,-15 8x20
[PT] bx9 frame I
[PT] ds9 text A 50m
[PT] ds9 text I
[PT] bx10 frame A 613,-9 8x20
[PT] bx10 frame I
[PT] ds10 text A 49m
[PT] ds10 text I
[PT] bx11 frame A 833,-18 13x32
[PT] bx11 frame I
[PT] ds11 text A 36m
[PT] ds11 text I
[PT] bx12 frame A 752,-14 11x27
[PT] bx12 frame I
[PT] ds12 text A 41m
[PT] ds12 text I
[PT] bx13 frame A 709,-13 12x29
[PT] bx13 frame I
[PT] ds13 text A 36m
[PT] ds13 text I
[PT] bx14 frame A 551,-22 17x44
[PT] bx14 frame I
[PT] ds14 text A 21m
[PT] ds14 text I
[PT] bx15 hide A
[PT] nm15 hide A
[PT] ds15 hide A
[PT] bx16 hide A
[PT] nm16 hide A
[PT] ds16 hide A
[PT] bx17 hide A
[PT] nm17 hide A
[PT] ds17 hide A
[PT] bx18 hide A
[PT] nm18 hide A
[PT] ds18 hide A
[PT] bx19 hide A
[PT] nm19 hide A
[PT] ds19 hide A
[PT] bx20 hide A
[PT] nm20 hide A
[PT] ds20 hide A
[PT] bx21 hide A
[PT] nm21 hide A
[PT] ds21 hide A
[PT] tick 370 enemies=52
[PT] bx0 frame A 889,10 13x34
[PT] bx0 frame I
[PT] bx1 frame A 522,-4 10x25
[PT] bx1 frame I
[PT] nm1 text A Player
[PT] nm1 text I
[PT] ds1 text A 36m
[PT] ds1 text I
[PT] bx2 frame A 444,-11 8x20
[PT] bx2 frame I
[PT] ds2 text A 46m
[PT] ds2 text I
[PT] bx3 frame A 683,-16 7x16
[PT] bx3 frame I
[PT] ds3 text A 65m
[PT] ds3 text I
[PT] bx4 frame A 658,-11 8x20
[PT] bx4 frame I
[PT] nm4 text A Player
[PT] nm4 text I
[PT] ds4 text A 50m
[PT] ds4 text I
[PT] bx5 frame A 364,-1 11x28
[PT] bx5 frame I
[PT] ds5 text A 33m
[PT] ds5 text I
[PT] bx6 frame A 868,-31 14x34
[PT] bx6 frame I
[PT] ds6 text A 36m
[PT] ds6 text I
[PT] bx7 frame A 789,-26 11x28
[PT] bx7 frame I
[PT] ds7 text A 41m
[PT] ds7 text I
[PT] bx8 frame A 743,-25 12x30
[PT] bx8 frame I
[PT] ds8 text A 36m
[PT] ds8 text I
[PT] bx9 frame A 565,-39 18x46
[PT] bx9 frame I
[PT] ds9 text A 21m
[PT] ds9 text I
[PT] bx10 hide A
[PT] nm10 hide A
[PT] ds10 hide A
[PT] bx11 hide A
[PT] nm11 hide A
[PT] ds11 hide A
[PT] bx12 hide A
[PT] nm12 hide A
[PT] ds12 hide A
[PT] bx13 hide A
[PT] nm13 hide A
[PT] ds13 hide A
[PT] bx14 hide A
[PT] nm14 hide A
[PT] ds14 hide A
[PT] tick 371 enemies=52
[PT] bx0 frame A 212,13 4x11
[PT] bx0 frame I
[PT] ds0 text A 95m
[PT] ds0 text I
[PT] bx1 frame A 576,14 4x11
[PT] bx1 frame I
[PT] nm1 text A BOT
[PT] nm1 text I
[PT] ds1 text A 87m
[PT] ds1 text I
[PT] bx2 frame A 549,30 10x24
[PT] bx2 frame I
[PT] nm2 text A Player
[PT] nm2 text I
[PT] ds2 text A 36m
[PT] ds2 text I
[PT] bx3 frame A 541,10 4x9
[PT] bx3 frame I
[PT] ds3 text A 107m
[PT] ds3 text I
[PT] bx4 frame A 473,24 8x19
[PT] bx4 frame I
[PT] nm4 text A BOT
[PT] nm4 text I
[PT] ds4 text A 46m
[PT] ds4 text I
[PT] bx5 frame A 531,9 3x8
[PT] bx5 frame I
[PT] ds5 text A 127m
[PT] ds5 text I
[PT] bx6 frame A 506,8 3x7
[PT] bx6 frame I
[PT] ds6 text A 143m
[PT] ds6 text I
[PT] bx7 frame A 712,20 6x16
[PT] bx7 frame I
[PT] ds7 text A 65m
[PT] ds7 text I
[PT] bx8 frame A 575,10 4x9
[PT] bx8 frame I
[PT] ds8 text A 110m
[PT] ds8 text I
[PT] bx9 frame A 557,10 4x9
[PT] bx9 frame I
[PT] ds9 text A 109m
[PT] ds9 text I
[PT] bx10 frame A 686,24 8x20
[PT] bx10 frame I
[PT] bx10 show A
[PT] nm10 show A
[PT] ds10 text A 50m
[PT] ds10 text I
[PT] ds10 show A
[PT] bx11 frame A 395,32 10x26
[PT] bx11 frame I
[PT] bx11 show A
[PT] nm11 show A
[PT] ds11 text A 33m
[PT] ds11 text I
[PT] ds11 show A
[PT] bx12 frame A 911,-8 15x38
[PT] bx12 frame I
[PT] bx12 show A
[PT] nm12 show A
[PT] ds12 text A 33m
[PT] ds12 text I
[PT] ds12 show A
[PT] bx13 frame A 683,9 8x20
[PT] bx13 frame I
[PT] bx13 show A
[PT] nm13 show A
[PT] ds13 text A 50m
[PT] ds13 text I
[PT] ds13 show A
[PT] bx14 frame A 669,14 8x20
[PT] bx14 frame I
[PT] bx14 show A
[PT] nm14 show A
[PT] ds14 text A 49m
[PT] ds14 text I
[PT] ds14 show A
[PT] bx15 frame A 903,-3 14x34
[PT] bx15 frame I
[PT] bx15 show A
[PT] nm15 show A
[PT] ds15 text A 36m
[PT] ds15 text I
[PT] ds15 show A
[PT] bx16 frame A 508,9 5x12
[PT] bx16 frame I
[PT] bx16 show A
[PT] nm16 show A
[PT] ds16 text A 75m
[PT] ds16 text I
[PT] ds16 show A
[PT] bx17 frame A 820,9 11x28
[PT] bx17 frame I
[PT] bx17 show A
[PT] nm17 show A
[PT] ds17 text A 41m
[PT] ds17 text I
[PT] ds17 show A
[PT] bx18 frame A 591,10 3x9
[PT] bx18 frame I
[PT] bx18 show A
[PT] nm18 show A
[PT] ds18 text A 112m
[PT] ds18 text I
[PT] ds18 show A
[PT] bx19 frame A 772,9 12x30
[PT] bx19 frame I
[PT] bx19 show A
[PT] nm19 show A
[PT] ds19 text A 36m
[PT] ds19 text I
[PT] ds19 show A
[PT] bx20 frame A 584,-4 18x44
[PT] bx20 frame I
[PT] bx20 show A
[PT] nm20 show A
[PT] ds20 text A 20m
[PT] ds20 text I
[PT] ds20 show A
[PT] tick 372 enemies=52
[PT] bx0 frame A 296,55 4x10
[PT] bx0 frame I
[PT] bx1 frame A 643,56 4x11
[PT] bx1 frame I
[PT] bx2 frame A 613,71 10x24
[PT] bx2 frame I
[PT] bx3 frame A 607,53 3x9
[PT] bx3 frame I
[PT] bx4 frame A 536,65 7x18
[PT] bx4 frame I
[PT] bx5 frame A 597,53 3x7
[PT] bx5 frame I
[PT] bx6 frame A 572,52 3x6
[PT] bx6 frame I
[PT] bx7 frame A 790,62 6x16
[PT] bx7 frame I
[PT] bx8 frame A 643,53 3x9
[PT] bx8 frame I
[PT] bx9 frame A 624,53 3x9
[PT] bx9 frame I
[PT] bx10 frame A 760,66 8x20
[PT] bx10 frame I
[PT] bx11 frame A 459,72 10x25
[PT] bx11 frame I
[PT] bx12 frame A 757,51 8x20
[PT] bx12 frame I
[PT] ds12 text A 50m
[PT] ds12 text I
[PT] bx13 frame A 742,56 8x20
[PT] bx13 frame I
[PT] ds13 text A 49m
[PT] ds13 text I
[PT] bx14 frame A 573,51 5x12
[PT] bx14 frame I
[PT] ds14 text A 76m
[PT] ds14 text I
[PT] bx15 frame A 915,50 12x29
[PT] bx15 frame I
[PT] ds15 text A 41m
[PT] ds15 text I
[PT] bx16 frame A 659,53 3x9
[PT] bx16 frame I
[PT] ds16 text A 112m
[PT] ds16 text I
[PT] bx17 frame A 858,51 12x31
[PT] bx17 frame I
[PT] ds17 text A 36m
[PT] ds17 text I
[PT] bx18 frame A 636,38 17x43
[PT] bx18 frame I
[PT] ds18 text A 20m
[PT] ds18 text I
[PT] bx19 hide A
[PT] nm19 hide A
[PT] ds19 hide A
[PT] bx20 hide A
[PT] nm20 hide A
[PT] ds20 hide A
[PT] tick 373 enemies=52
[PT] bx0 frame A 581,145 3x9
[PT] bx0 frame I
[PT] bx1 frame A 2,172 36x91
[PT] bx1 frame I
[PT] nm1 text A Player
[PT] nm1 text I
[PT] ds1 text A 11m
[PT] ds1 text I
[PT] bx2 frame A 298,123 9x22
[PT] bx2 frame I
[PT] ds2 text A 38m
[PT] ds2 text I
[PT] bx3 frame A 196,148 12x31
[PT] bx3 frame I
[PT] ds3 text A 28m
[PT] ds3 text I
[PT] bx4 frame A 867,157 9x23
[PT] bx4 frame I
[PT] bx5 frame A 360,145 9x22
[PT] bx5 frame I
[PT] ds5 text A 36m
[PT] ds5 text I
[PT] bx6 frame A 180,151 17x43
[PT] bx6 frame I
[PT] ds6 text A 20m
[PT] ds6 text I
[PT] bx7 frame A 746,161 11x27
[PT] bx7 frame I
[PT] ds7 text A 33m
[PT] ds7 text I
[PT] bx8 frame A 232,137 9x23
[PT] bx8 frame I
[PT] ds8 text A 37m
[PT] ds8 text I
[PT] bx9 hide A
[PT] nm9 hide A
[PT] ds9 hide A
[PT] bx10 hide A
[PT] nm10 hide A
[PT] ds10 hide A
[PT] bx11 hide A
[PT] nm11 hide A
[PT] ds11 hide A
[PT] bx12 hide A
[PT] nm12 hide A
[PT] ds12 hide A
[PT] bx13 hide A
[PT] nm13 hide A
[PT] ds13 hide A
[PT] bx14 hide A
[PT] nm14 hide A
[PT] ds14 hide A
[PT] bx15 hide A
[PT] nm15 hide A
[PT] ds15 hide A
[PT] bx16 hide A
[PT] nm16 hide A
[PT] ds16 hide A
[PT] bx17 hide A
[PT] nm17 hide A
[PT] ds17 hide A
[PT] bx18 hide A
[PT] nm18 hide A
[PT] ds18 hide A
[PT] tick 374 enemies=52
[PT] bx0 frame A 673,155 4x9
[PT] bx0 frame I
[PT] bx1 frame A 117,176 32x81
[PT] bx1 frame I
[PT] bx2 frame A -17,181 38x96
[PT] bx2 frame I
[PT] ds2 text A 10m
[PT] ds2 text I
[PT] bx3 frame A 382,135 8x21
[PT] bx3 frame I
[PT] ds3 text A 37m
[PT] ds3 text I
[PT] bx4 frame A 295,156 11x29
[PT] bx4 frame I
[PT] nm4 text A Player
[PT] nm4 text I
[PT] ds4 text A 28m
[PT] ds4 text I
[PT] bx5 frame A 440,154 9x22
[PT] bx5 frame I
[PT] bx6 frame A 278,159 16x41
[PT] bx6 frame I
[PT] ds6 text A 19m
[PT] ds6 text I
[PT] bx7 frame A 870,173 12x31
[PT] bx7 frame I
[PT] bx8 frame A 324,145 9x22
[PT] bx8 frame I
[PT] tick 375 enemies=52
[PT] bx0 frame A 698,133 4x10
[PT] bx0 frame I
[PT] bx1 frame A 119,158 33x81
[PT] bx1 frame I
[PT] ds1 text A 10m
[PT] ds1 text I
[PT] bx2 frame A -17,164 38x96
[PT] bx2 frame I
[PT] bx3 frame A 397,115 9x22
[PT] bx3 frame I
[PT] bx4 frame A 313,135 11x29
[PT] bx4 frame I
[PT] bx5 frame A 456,132 9x22
[PT] bx5 frame I
[PT] ds5 text A 35m
[PT] ds5 text I
[PT] bx6 frame A 297,139 17x42
[PT] bx6 frame I
[PT] bx7 frame A 910,153 13x33
[PT] bx7 frame I
[PT] bx8 frame A 340,122 9x22
[PT] bx8 frame I
[PT] tick 376 enemies=52
[PT] bx0 frame A 689,103 4x10
[PT] bx0 frame I
[PT] ds0 text A 94m
[PT] ds0 text I
[PT] bx1 frame A 78,136 34x86
[PT] bx1 frame I
[PT] bx2 frame A 383,87 9x23
[PT] bx2 frame I
[PT] ds2 text A 36m
[PT] ds2 text I
[PT] bx3 frame A 297,106 12x30
[PT] bx3 frame I
[PT] ds3 text A 28m
[PT] ds3 text I
[PT] bx4 frame A 443,103 9x23
[PT] bx4 frame I
[PT] ds4 text A 35m
[PT] ds4 text I
[PT] bx5 frame A 287,112 17x44
[PT] bx5 frame I
[PT] ds5 text A 18m
[PT] ds5 text I
[PT] bx6 frame A 898,125 13x33
[PT] bx6 frame I
[PT] ds6 text A 32m
[PT] ds6 text I
[PT] bx7 frame A 324,93 9x23
[PT] bx7 frame I
[PT] ds7 text A 36m
[PT] ds7 text I
[PT] bx8 hide A
[PT] nm8 hide A
[PT] ds8 hide A
[PT] tick 377 enemies=52
[PT] bx0 frame A 698,66 4x10
[PT] bx0 frame I
[PT] bx1 frame A 51,110 35x88
[PT] bx1 frame I
[PT] bx2 frame A 381,55 10x24
[PT] bx2 frame I
[PT] ds2 text A 35m
[PT] ds2 text I
[PT] bx3 frame A 296,72 12x31
[PT] bx3 frame I
[PT] bx4 frame A 443,68 9x24
[PT] bx4 frame I
[PT] bx5 frame A 289,79 18x46
[PT] bx5 frame I
[PT] bx6 frame A 913,93 14x35
[PT] bx6 frame I
[PT] bx7 frame A 321,57 10x25
[PT] bx7 frame I
[PT] tick 378 enemies=52
[PT] bx0 frame A 770,33 5x11
[PT] bx0 frame I
[PT] bx1 frame A 89,81 34x86
[PT] bx1 frame I
[PT] bx2 frame A 425,25 10x25
[PT] bx2 frame I
[PT] bx3 frame A 342,38 12x31
[PT] bx3 frame I
[PT] bx4 frame A 488,35 10x25
[PT] bx4 frame I
[PT] bx5 frame A 331,48 19x47
[PT] bx5 frame I
[PT] ds5 text A 17m
[PT] ds5 text I
[PT] bx6 frame A 365,23 10x25
[PT] bx6 frame I
[PT] ds6 text A 35m
[PT] ds6 text I
[PT] bx7 hide A
[PT] nm7 hide A
[PT] ds7 hide A
[PT] tick 379 enemies=52
[PT] bx0 frame A 799,28 5x12
[PT] bx0 frame I
[PT] ds0 text A 93m
[PT] ds0 text I
[PT] bx1 frame A 90,77 34x86
[PT] bx1 frame I
[PT] bx2 frame A 14,28 6x15
[PT] bx2 frame I
[PT] ds2 text A 84m
[PT] ds2 text I
[PT] bx3 frame A 440,25 10x26
[PT] bx3 frame I
[PT] ds3 text A 34m
[PT] ds3 text I
[PT] bx4 frame A 359,34 12x31
[PT] bx4 frame I
[PT] ds4 text A 28m
[PT] ds4 text I
[PT] bx5 frame A 504,30 10x25
[PT] bx5 frame I
[PT] ds5 text A 34m
[PT] ds5 text I
[PT] bx6 frame A 352,44 19x48
[PT] bx6 frame I
[PT] ds6 text A 17m
[PT] ds6 text I
[PT] bx7 frame A 381,19 10x26
[PT] bx7 frame I
[PT] bx7 show A
[PT] nm7 show A
[PT] ds7 text A 35m
[PT] ds7 text I
[PT] ds7 show A
[PT] tick 380 enemies=52
[PT] bx0 frame A 797,29 5x12
[PT] bx0 frame I
[PT] bx1 frame A 62,79 35x88
[PT] bx1 frame I
[PT] bx2 frame A 8,28 6x15
[PT] bx2 frame I
[PT] bx3 frame A 434,31 10x26
[PT] bx3 frame I
[PT] ds3 text A 33m
[PT] ds3 text I
[PT] bx4 frame A 356,35 13x31
[PT] bx4 frame I
[PT] bx5 frame A 499,31 10x26
[PT] bx5 frame I
[PT] bx6 frame A 348,46 20x49
[PT] bx6 frame I
[PT] bx7 frame A 376,19 10x26
[PT] bx7 frame I
[PT] ds7 text A 34m
[PT] ds7 text I
[PT] tick 381 enemies=52
[PT] bx0 frame A 595,48 4x10
[PT] bx0 frame I
[PT] ds0 text A 92m
[PT] ds0 text I
[PT] bx1 frame A 266,53 11x28
[PT] bx1 frame I
[PT] ds1 text A 33m
[PT] ds1 text I
[PT] bx2 frame A 179,57 14x35
[PT] bx2 frame I
[PT] ds2 text A 28m
[PT] ds2 text I
[PT] bx3 frame A 922,67 11x27
[PT] bx3 frame I
[PT] nm3 text A BOT
[PT] nm3 text I
[PT] ds3 text A 43m
[PT] ds3 text I
[PT] bx4 frame A 339,52 10x26
[PT] bx4 frame I
[PT] ds4 text A 34m
[PT] ds4 text I
[PT] bx5 frame A 182,68 22x55
[PT] bx5 frame I
[PT] ds5 text A 16m
[PT] ds5 text I
[PT] bx6 frame A 781,73 13x32
[PT] bx6 frame I
[PT] ds6 text A 30m
[PT] ds6 text I
[PT] bx7 frame A 196,40 12x29
[PT] bx7 frame I
[PT] tick 382 enemies=52
[PT] bx0 frame A 548,87 4x9
[PT] bx0 frame I
[PT] bx1 frame A 217,90 11x28
[PT] bx1 frame I
[PT] bx2 frame A 124,94 14x35
[PT] bx2 frame I
[PT] bx3 frame A 841,101 10x24
[PT] bx3 frame I
[PT] bx4 frame A 902,86 3x8
[PT] bx4 frame I
[PT] ds4 text A 140m
[PT] ds4 text I
[PT] bx5 frame A 293,89 10x26
[PT] bx5 frame I
[PT] ds5 text A 33m
[PT] ds5 text I
[PT] bx6 frame A 138,104 23x57
[PT] bx6 frame I
[PT] ds6 text A 16m
[PT] ds6 text I
[PT] bx7 frame A 720,107 12x30
[PT] bx7 frame I
[PT] ds7 text A 30m
[PT] ds7 text I
[PT] bx8 frame A 142,78 12x29
[PT] bx8 frame I
[PT] bx8 show A
[PT] nm8 show A
[PT] ds8 text A 34m
[PT] ds8 text I
[PT] ds8 show A
[PT] bx9 frame A 919,85 6x16
[PT] bx9 frame I
[PT] bx9 show A
[PT] nm9 show A
[PT] ds9 text A 75m
[PT] ds9 text I
[PT] ds9 show A
[PT] bx10 frame A 880,108 26x66
[PT] bx10 frame I
[PT] bx10 show A
[PT] nm10 show A
[PT] ds10 text A 15m
[PT] ds10 text I
[PT] ds10 show A
[PT] tick 383 enemies=52
[PT] bx0 frame A 551,110 4x9
[PT] bx0 frame I
[PT] ds0 text A 91m
[PT] ds0 text I
[PT] bx1 frame A 219,110 11x27
[PT] bx1 frame I
[PT] ds1 text A 32m
[PT] ds1 text I
[PT] bx2 frame A 133,115 14x35
[PT] bx2 frame I
[PT] ds2 text A 27m
[PT] ds2 text I
[PT] bx3 frame A 846,124 10x24
[PT] bx3 frame I
[PT] bx4 frame A 906,109 3x8
[PT] bx4 frame I
[PT] bx5 frame A 295,111 10x25
[PT] bx5 frame I
[PT] bx6 frame A 149,124 23x58
[PT] bx6 frame I
[PT] ds6 text A 15m
[PT] ds6 text I
[PT] bx7 frame A 723,129 12x30
[PT] bx7 frame I
[PT] ds7 text A 29m
[PT] ds7 text I
[PT] bx8 frame A 141,100 12x29
[PT] bx8 frame I
[PT] ds8 text A 33m
[PT] ds8 text I
[PT] bx9 frame A 859,127 27x66
[PT] bx9 frame I
[PT] ds9 text A 14m
[PT] ds9 text I
[PT] bx10 hide A
[PT] nm10 hide A
[PT] ds10 hide A
[PT] tick 384 enemies=52
[PT] bx0 frame A 572,101 4x9
[PT] bx0 frame I
[PT] bx1 frame A 236,96 11x28
[PT] bx1 frame I
[PT] bx2 frame A 157,106 14x34
[PT] bx2 frame I
[PT] bx3 frame A 886,116 10x26
[PT] bx3 frame I
[PT] ds3 text A 42m
[PT] ds3 text I
[PT] bx4 frame A 312,102 10x25
[PT] bx4 frame I
[PT] ds4 text A 33m
[PT] ds4 text I
[PT] bx5 frame A 169,116 23x58
[PT] bx5 frame I
[PT] ds5 text A 15m
[PT] ds5 text I
[PT] bx6 frame A 752,122 13x32
[PT] bx6 frame I
[PT] ds6 text A 29m
[PT] ds6 text I
[PT] bx7 frame A 157,91 12x29
[PT] bx7 frame I
[PT] ds7 text A 33m
[PT] ds7 text I
[PT] bx8 frame A 883,122 28x71
[PT] bx8 frame I
[PT] ds8 text A 14m
[PT] ds8 text I
[PT] bx9 hide A
[PT] nm9 hide A
[PT] ds9 hide A
[PT] tick 385 enemies=52
[PT] bx0 frame A 613,109 4x10
[PT] bx0 frame I
[PT] bx1 frame A 277,101 11x27
[PT] bx1 frame I
[PT] ds1 text A 31m
[PT] ds1 text I
[PT] bx2 frame A 205,113 13x33
[PT] bx2 frame I
[PT] bx3 frame A 350,110 10x25
[PT] bx3 frame I
[PT] nm3 text A Player
[PT] nm3 text I
[PT] ds3 text A 32m
[PT] ds3 text I
[PT] bx4 frame A 222,123 23x57
[PT] bx4 frame I
[PT] ds4 text A 14m
[PT] ds4 text I
[PT] bx5 frame A 809,131 13x34
[PT] bx5 frame I
[PT] ds5 text A 29m
[PT] ds5 text I
[PT] bx6 frame A 203,103 11x27
[PT] bx6 frame I
[PT] ds6 text A 33m
[PT] ds6 text I
[PT] bx7 hide A
[PT] nm7 hide A
[PT] ds7 hide A
[PT] bx8 hide A
[PT] nm8 hide A
[PT] ds8 hide A
[PT] tick 386 enemies=52
[PT] bx0 frame A 628,130 4x10
[PT] bx0 frame I
[PT] ds0 text A 90m
[PT] ds0 text I
[PT] bx1 frame A 291,119 11x27
[PT] bx1 frame I
[PT] bx2 frame A 225,133 13x32
[PT] bx2 frame I
[PT] bx3 frame A 364,130 10x25
[PT] bx3 frame I
[PT] bx4 frame A 245,141 23x58
[PT] bx4 frame I
[PT] bx5 frame A 834,152 14x35
[PT] bx5 frame I
[PT] ds5 text A 28m
[PT] ds5 text I
[PT] bx6 frame A 222,123 11x27
[PT] bx6 frame I
[PT] tick 387 enemies=52
[PT] bx0 frame A 642,121 4x10
[PT] bx0 frame I
[PT] bx1 frame A 299,108 11x28
[PT] bx1 frame I
[PT] ds1 text A 30m
[PT] ds1 text I
[PT] bx2 frame A 233,124 13x33
[PT] bx2 frame I
[PT] ds2 text A 26m
[PT] ds2 text I
[PT] bx3 frame A 373,122 10x25
[PT] bx3 frame I
[PT] bx4 frame A 260,134 24x59
[PT] bx4 frame I
[PT] ds4 text A 13m
[PT] ds4 text I
[PT] bx5 frame A 858,145 14x36
[PT] bx5 frame I
[PT] bx6 frame A 231,114 11x27
[PT] bx6 frame I
[PT] tick 388 enemies=52
[PT] bx0 frame A 667,113 4x10
[PT] bx0 frame I
[PT] ds0 text A 89m
[PT] ds0 text I
[PT] bx1 frame A 318,99 11x28
[PT] bx1 frame I
[PT] bx2 frame A 250,116 13x33
[PT] bx2 frame I
[PT] ds2 text A 25m
[PT] ds2 text I
[PT] bx3 frame A 392,113 10x25
[PT] bx3 frame I
[PT] ds3 text A 31m
[PT] ds3 text I
[PT] bx4 frame A 273,126 25x62
[PT] bx4 frame I
[PT] ds4 text A 12m
[PT] ds4 text I
[PT] bx5 frame A 903,139 15x38
[PT] bx5 frame I
[PT] bx6 frame A 250,106 11x27
[PT] bx6 frame I
[PT] ds6 text A 32m
[PT] ds6 text I
[PT] tick 389 enemies=52
[PT] bx0 frame A 670,129 4x10
[PT] bx0 frame I
[PT] bx1 frame A 319,114 11x28
[PT] bx1 frame I
[PT] ds1 text A 29m
[PT] ds1 text I
[PT] bx2 frame A 246,132 14x34
[PT] bx2 frame I
[PT] bx3 frame A 393,129 10x26
[PT] bx3 frame I
[PT] bx4 frame A 250,141 27x66
[PT] bx4 frame I
[PT] ds4 text A 11m
[PT] ds4 text I
[PT] bx5 frame A 914,154 16x39
[PT] bx5 frame I
[PT] ds5 text A 27m
[PT] ds5 text I
[PT] bx6 frame A 251,122 11x27
[PT] bx6 frame I
[PT] tick 390 enemies=52
[PT] bx0 frame A 642,150 4x10
[PT] bx0 frame I
[PT] bx1 frame A 290,133 12x29
[PT] bx1 frame I
[PT] bx2 frame A 207,151 14x35
[PT] bx2 frame I
[PT] bx3 frame A 367,149 10x26
[PT] bx3 frame I
[PT] ds3 text A 30m
[PT] ds3 text I
[PT] bx4 frame A 199,159 29x72
[PT] bx4 frame I
[PT] bx5 frame A 876,172 15x38
[PT] bx5 frame I
[PT] bx6 frame A 219,142 11x28
[PT] bx6 frame I
[PT] tick 391 enemies=52
[PT] bx0 frame A 283,198 4x10
[PT] bx0 frame I
[PT] ds0 text A 88m
[PT] ds0 text I
[PT] bx1 frame A 639,198 4x10
[PT] bx1 frame I
[PT] nm1 text A BOT
[PT] nm1 text I
[PT] ds1 text A 82m
[PT] ds1 text I
[PT] bx2 frame A 650,209 11x27
[PT] bx2 frame I
[PT] ds2 text A 31m
[PT] ds2 text I
[PT] bx3 frame A 598,196 3x8
[PT] bx3 frame I
[PT] ds3 text A 101m
[PT] ds3 text I
[PT] bx4 frame A 549,204 8x20
[PT] bx4 frame I
[PT] nm4 text A BOT
[PT] nm4 text I
[PT] ds4 text A 40m
[PT] ds4 text I
[PT] bx5 frame A 585,196 3x7
[PT] bx5 frame I
[PT] ds5 text A 121m
[PT] ds5 text I
[PT] bx6 frame A 558,195 2x6
[PT] bx6 frame I
[PT] ds6 text A 137m
[PT] ds6 text I
[PT] bx7 frame A 808,202 7x16
[PT] bx7 frame I
[PT] bx7 show A
[PT] nm7 show A
[PT] ds7 text A 60m
[PT] ds7 text I
[PT] ds7 show A
[PT] bx8 frame A 633,196 3x8
[PT] bx8 frame I
[PT] bx8 show A
[PT] nm8 show A
[PT] ds8 text A 105m
[PT] ds8 text I
[PT] ds8 show A
[PT] bx9 frame A 614,196 3x8
[PT] bx9 frame I
[PT] bx9 show A
[PT] nm9 show A
[PT] ds9 text A 103m
[PT] ds9 text I
[PT] ds9 show A
[PT] bx10 frame A 794,205 8x21
[PT] bx10 frame I
[PT] bx10 show A
[PT] nm10 show A
[PT] ds10 text A 46m
[PT] ds10 text I
[PT] ds10 show A
[PT] bx11 frame A 474,210 11x28
[PT] bx11 frame I
[PT] bx11 show A
[PT] nm11 show A
[PT] ds11 text A 27m
[PT] ds11 text I
[PT] ds11 show A
[PT] bx12 frame A 788,189 8x21
[PT] bx12 frame I
[PT] bx12 show A
[PT] nm12 show A
[PT] ds12 text A 46m
[PT] ds12 text I
[PT] ds12 show A
[PT] bx13 frame A 773,194 8x21
[PT] bx13 frame I
[PT] bx13 show A
[PT] nm13 show A
[PT] ds13 text A 45m
[PT] ds13 text I
[PT] ds13 show A
[PT] bx14 frame A 584,193 4x11
[PT] bx14 frame I
[PT] bx14 show A
[PT] nm14 show A
[PT] ds14 text A 75m
[PT] ds14 text I
[PT] ds14 show A
[PT] bx15 frame A 649,196 3x8
[PT] bx15 frame I
[PT] bx15 show A
[PT] nm15 show A
[PT] ds15 text A 107m
[PT] ds15 text I
[PT] ds15 show A
[PT] bx16 frame A 518,164 26x65
[PT] bx16 frame I
[PT] bx16 show A
[PT] nm16 show A
[PT] ds16 text A 11m
[PT] ds16 text I
[PT] ds16 show A
[PT] tick 392 enemies=52
[PT] bx0 frame A 156,216 4x11
[PT] bx0 frame I
[PT] bx1 frame A 535,216 4x10
[PT] bx1 frame I
[PT] ds1 text A 81m
[PT] ds1 text I
[PT] bx2 frame A 546,225 10x26
[PT] bx2 frame I
[PT] ds2 text A 30m
[PT] ds2 text I
[PT] bx3 frame A 497,214 3x8
[PT] bx3 frame I
[PT] ds3 text A 100m
[PT] ds3 text I
[PT] bx4 frame A 451,221 8x20
[PT] bx4 frame I
[PT] ds4 text A 39m
[PT] ds4 text I
[PT] bx5 frame A 485,214 3x7
[PT] bx5 frame I
[PT] ds5 text A 120m
[PT] ds5 text I
[PT] bx6 frame A 459,213 2x6
[PT] bx6 frame I
[PT] bx7 frame A 678,218 6x15
[PT] bx7 frame I
[PT] bx8 frame A 529,214 3x8
[PT] bx8 frame I
[PT] ds8 text A 104m
[PT] ds8 text I
[PT] bx9 frame A 512,214 3x8
[PT] bx9 frame I
[PT] ds9 text A 102m
[PT] ds9 text I
[PT] bx10 frame A 668,221 8x19
[PT] bx10 frame I
[PT] ds10 text A 45m
[PT] ds10 text I
[PT] bx11 frame A 374,227 12x29
[PT] bx11 frame I
[PT] ds11 text A 26m
[PT] ds11 text I
[PT] bx12 frame A 662,206 7x19
[PT] bx12 frame I
[PT] ds12 text A 45m
[PT] ds12 text I
[PT] bx13 frame A 650,211 8x19
[PT] bx13 frame I
[PT] ds13 text A 44m
[PT] ds13 text I
[PT] bx14 frame A 897,183 13x32
[PT] bx14 frame I
[PT] ds14 text A 33m
[PT] ds14 text I
[PT] bx15 frame A 484,211 4x11
[PT] bx15 frame I
[PT] ds15 text A 74m
[PT] ds15 text I
[PT] bx16 frame A 823,202 11x27
[PT] bx16 frame I
[PT] ds16 text A 37m
[PT] ds16 text I
[PT] bx17 frame A 543,214 3x8
[PT] bx17 frame I
[PT] bx17 show A
[PT] nm17 show A
[PT] ds17 text A 106m
[PT] ds17 text I
[PT] ds17 show A
[PT] bx18 frame A 798,201 12x31
[PT] bx18 frame I
[PT] bx18 show A
[PT] nm18 show A
[PT] ds18 text A 31m
[PT] ds18 text I
[PT] ds18 show A
[PT] bx19 frame A 393,175 28x70
[PT] bx19 frame I
[PT] bx19 show A
[PT] nm19 show A
[PT] ds19 text A 10m
[PT] ds19 text I
[PT] ds19 show A
[PT] tick 393 enemies=52
[PT] bx0 frame A 200,193 4x10
[PT] bx0 frame I
[PT] bx1 frame A 570,193 4x10
[PT] bx1 frame I
[PT] bx2 frame A 577,204 11x27
[PT] bx2 frame I
[PT] bx3 frame A 531,191 3x8
[PT] bx3 frame I
[PT] bx4 frame A 480,199 8x20
[PT] bx4 frame I
[PT] bx5 frame A 519,191 3x7
[PT] bx5 frame I
[PT] bx6 frame A 493,190 2x6
[PT] bx6 frame I
[PT] ds6 text A 136m
[PT] ds6 text I
[PT] bx7 frame A 721,196 6x15
[PT] bx7 frame I
[PT] ds7 text A 59m
[PT] ds7 text I
[PT] bx8 frame A 564,191 3x8
[PT] bx8 frame I
[PT] ds8 text A 103m
[PT] ds8 text I
[PT] bx9 frame A 547,191 3x8
[PT] bx9 frame I
[PT] bx10 frame A 709,199 8x20
[PT] bx10 frame I
[PT] bx11 frame A 401,205 12x29
[PT] bx11 frame I
[PT] bx12 frame A 703,184 8x20
[PT] bx12 frame I
[PT] bx13 frame A 690,189 8x20
[PT] bx13 frame I
[PT] bx14 frame A 518,188 4x11
[PT] bx14 frame I
[PT] ds14 text A 74m
[PT] ds14 text I
[PT] bx15 frame A 883,180 12x29
[PT] bx15 frame I
[PT] ds15 text A 36m
[PT] ds15 text I
[PT] bx16 frame A 579,191 3x8
[PT] bx16 frame I
[PT] ds16 text A 105m
[PT] ds16 text I
[PT] bx17 frame A 853,179 13x33
[PT] bx17 frame I
[PT] ds17 text A 30m
[PT] ds17 text I
[PT] bx18 frame A 378,156 30x74
[PT] bx18 frame I
[PT] ds18 text A 9m
[PT] ds18 text I
[PT] bx19 hide A
[PT] nm19 hide A
[PT] ds19 hide A
[PT] tick 394 enemies=52
[PT] bx0 frame A 182,184 4x11
[PT] bx0 frame I
[PT] bx1 frame A 557,184 4x10
[PT] bx1 frame I
[PT] ds1 text A 80m
[PT] ds1 text I
[PT] bx2 frame A 562,195 11x27
[PT] bx2 frame I
[PT] ds2 text A 29m
[PT] ds2 text I
[PT] bx3 frame A 519,182 3x8
[PT] bx3 frame I
[PT] ds3 text A 99m
[PT] ds3 text I
[PT] bx4 frame A 466,190 8x20
[PT] bx4 frame I
[PT] bx5 frame A 507,181 3x7
[PT] bx5 frame I
[PT] bx6 frame A 481,181 2x6
[PT] bx6 frame I
[PT] bx7 frame A 706,187 6x15
[PT] bx7 frame I
[PT] bx8 frame A 552,182 3x8
[PT] bx8 frame I
[PT] bx9 frame A 534,181 3x8
[PT] bx9 frame I
[PT] ds9 text A 101m
[PT] ds9 text I
[PT] bx10 frame A 694,190 8x20
[PT] bx10 frame I
[PT] ds10 text A 44m
[PT] ds10 text I
[PT] bx11 frame A 383,197 12x30
[PT] bx11 frame I
[PT] ds11 text A 25m
[PT] ds11 text I
[PT] bx12 frame A 688,175 8x20
[PT] bx12 frame I
[PT] ds12 text A 44m
[PT] ds12 text I
[PT] bx13 frame A 675,180 8x20
[PT] bx13 frame I
[PT] ds13 text A 43m
[PT] ds13 text I
[PT] bx14 frame A 505,179 4x11
[PT] bx14 frame I
[PT] bx15 frame A 865,171 12x29
[PT] bx15 frame I
[PT] bx16 frame A 567,181 3x8
[PT] bx16 frame I
[PT] bx17 frame A 835,170 13x33
[PT] bx17 frame I
[PT] bx18 frame A 325,152 31x78
[PT] bx18 frame I
[PT] tick 395 enemies=52
[PT] bx0 frame A 173,179 4x11
[PT] bx0 frame I
[PT] bx1 frame A 551,179 4x10
[PT] bx1 frame I
[PT] bx2 frame A 554,190 11x27
[PT] bx2 frame I
[PT] bx3 frame A 514,176 3x8
[PT] bx3 frame I
[PT] bx4 frame A 458,185 8x20
[PT] bx4 frame I
[PT] ds4 text A 38m
[PT] ds4 text I
[PT] bx5 frame A 502,176 3x7
[PT] bx5 frame I
[PT] ds5 text A 119m
[PT] ds5 text I
[PT] bx6 frame A 476,176 2x6
[PT] bx6 frame I
[PT] ds6 text A 135m
[PT] ds6 text I
[PT] bx7 frame A 699,182 6x15
[PT] bx7 frame I
[PT] ds7 text A 58m
[PT] ds7 text I
[PT] bx8 frame A 547,176 3x8
[PT] bx8 frame I
[PT] bx9 frame A 529,176 3x8
[PT] bx9 frame I
[PT] bx10 frame A 687,185 8x20
[PT] bx10 frame I
[PT] bx11 frame A 373,192 12x30
[PT] bx11 frame I
[PT] bx12 frame A 682,170 8x20
[PT] bx12 frame I
[PT] bx13 frame A 668,175 8x20
[PT] bx13 frame I
[PT] bx14 frame A 500,173 4x11
[PT] bx14 frame I
[PT] bx15 frame A 857,165 12x29
[PT] bx15 frame I
[PT] ds15 text A 35m
[PT] ds15 text I
[PT] bx16 frame A 562,176 3x8
[PT] bx16 frame I
[PT] bx17 frame A 827,164 13x33
[PT] bx17 frame I
[PT] ds17 text A 29m
[PT] ds17 text I
[PT] bx18 frame A 276,153 33x82
[PT] bx18 frame I
[PT] tick 396 enemies=52
[PT] bx0 frame A 182,190 4x11
[PT] bx0 frame I
[PT] ds0 text A 87m
[PT] ds0 text I
[PT] bx1 frame A 558,190 4x10
[PT] bx1 frame I
[PT] ds1 text A 79m
[PT] ds1 text I
[PT] bx2 frame A 558,201 11x27
[PT] bx2 frame I
[PT] ds2 text A 28m
[PT] ds2 text I
[PT] bx3 frame A 520,188 3x8
[PT] bx3 frame I
[PT] ds3 text A 98m
[PT] ds3 text I
[PT] bx4 frame A 462,196 8x20
[PT] bx4 frame I
[PT] bx5 frame A 509,188 3x7
[PT] bx5 frame I
[PT] bx6 frame A 484,187 2x6
[PT] bx6 frame I
[PT] bx7 frame A 708,193 6x15
[PT] bx7 frame I
[PT] bx8 frame A 554,188 3x8
[PT] bx8 frame I
[PT] ds8 text A 102m
[PT] ds8 text I
[PT] bx9 frame A 536,188 3x8
[PT] bx9 frame I
[PT] ds9 text A 100m
[PT] ds9 text I
[PT] bx10 frame A 694,196 8x20
[PT] bx10 frame I
[PT] ds10 text A 43m
[PT] ds10 text I
[PT] bx11 frame A 374,203 12x31
[PT] bx11 frame I
[PT] bx12 frame A 689,181 8x20
[PT] bx12 frame I
[PT] ds12 text A 43m
[PT] ds12 text I
[PT] bx13 frame A 675,186 8x20
[PT] bx13 frame I
[PT] ds13 text A 42m
[PT] ds13 text I
[PT] bx14 frame A 506,185 4x11
[PT] bx14 frame I
[PT] ds14 text A 73m
[PT] ds14 text I
[PT] bx15 frame A 869,176 12x30
[PT] bx15 frame I
[PT] bx16 frame A 569,188 3x8
[PT] bx16 frame I
[PT] ds16 text A 104m
[PT] ds16 text I
[PT] bx17 frame A 841,175 14x35
[PT] bx17 frame I
[PT] bx18 frame A 239,172 34x85
[PT] bx18 frame I
[PT] tick 397 enemies=52
[PT] bx0 frame A 208,212 4x10
[PT] bx0 frame I
[PT] bx1 frame A 579,212 4x10
[PT] bx1 frame I
[PT] bx2 frame A 575,222 11x28
[PT] bx2 frame I
[PT] bx3 frame A 541,210 3x8
[PT] bx3 frame I
[PT] bx4 frame A 480,218 8x20
[PT] bx4 frame I
[PT] bx5 frame A 530,210 3x7
[PT] bx5 frame I
[PT] ds5 text A 118m
[PT] ds5 text I
[PT] bx6 frame A 505,210 2x6
[PT] bx6 frame I
[PT] bx7 frame A 734,215 6x16
[PT] bx7 frame I
[PT] ds7 text A 57m
[PT] ds7 text I
[PT] bx8 frame A 575,210 3x8
[PT] bx8 frame I
[PT] bx9 frame A 557,210 3x8
[PT] bx9 frame I
[PT] bx10 frame A 720,218 8x21
[PT] bx10 frame I
[PT] bx11 frame A 388,223 12x31
[PT] bx11 frame I
[PT] ds11 text A 24m
[PT] ds11 text I
[PT] bx12 frame A 713,202 8x21
[PT] bx12 frame I
[PT] bx13 frame A 699,207 8x21
[PT] bx13 frame I
[PT] bx14 frame A 527,207 4x11
[PT] bx14 frame I
[PT] bx15 frame A 906,197 13x31
[PT] bx15 frame I
[PT] ds15 text A 34m
[PT] ds15 text I
[PT] bx16 frame A 591,210 3x8
[PT] bx16 frame I
[PT] bx17 frame A 878,195 15x37
[PT] bx17 frame I
[PT] ds17 text A 28m
[PT] ds17 text I
[PT] bx18 frame A 208,206 35x88
[PT] bx18 frame I
[PT] tick 398 enemies=52
[PT] bx0 frame A 312,223 4x10
[PT] bx0 frame I
[PT] bx1 frame A 679,224 4x11
[PT] bx1 frame I
[PT] ds1 text A 78m
[PT] ds1 text I
[PT] bx2 frame A 667,234 12x30
[PT] bx2 frame I
[PT] ds2 text A 27m
[PT] ds2 text I
[PT] bx3 frame A 637,222 3x9
[PT] bx3 frame I
[PT] bx4 frame A 564,229 8x21
[PT] bx4 frame I
[PT] ds4 text A 37m
[PT] ds4 text I
[PT] bx5 frame A 625,222 3x7
[PT] bx5 frame I
[PT] bx6 frame A 597,221 2x6
[PT] bx6 frame I
[PT] ds6 text A 134m
[PT] ds6 text I
[PT] bx7 frame A 870,228 7x19
[PT] bx7 frame I
[PT] bx8 frame A 675,222 3x9
[PT] bx8 frame I
[PT] ds8 text A 101m
[PT] ds8 text I
[PT] bx9 frame A 655,222 3x9
[PT] bx9 frame I
[PT] bx10 frame A 848,230 10x24
[PT] bx10 frame I
[PT] ds10 text A 42m
[PT] ds10 text I
[PT] bx11 frame A 466,234 12x31
[PT] bx11 frame I
[PT] bx12 frame A 840,212 10x24
[PT] bx12 frame I
[PT] ds12 text A 42m
[PT] ds12 text I
[PT] bx13 frame A 822,218 10x24
[PT] bx13 frame I
[PT] ds13 text A 41m
[PT] ds13 text I
[PT] bx14 frame A 620,218 5x11
[PT] bx14 frame I
[PT] bx15 frame A 693,222 3x9
[PT] bx15 frame I
[PT] ds15 text A 103m
[PT] ds15 text I
[PT] bx16 frame A 247,219 34x84
[PT] bx16 frame I
[PT] ds16 text A 9m
[PT] ds16 text I
[PT] bx17 hide A
[PT] nm17 hide A
[PT] ds17 hide A
[PT] bx18 hide A
[PT] nm18 hide A
[PT] ds18 hide A
[PT] tick 399 enemies=52
[PT] bx0 frame A 429,225 4x9
[PT] bx0 frame I
[PT] bx1 frame A 839,227 5x13
[PT] bx1 frame I
[PT] bx2 frame A 816,239 14x36
[PT] bx2 frame I
[PT] bx3 frame A 783,225 4x10
[PT] bx3 frame I
[PT] ds3 text A 97m
[PT] ds3 text I
[PT] bx4 frame A 687,233 9x23
[PT] bx4 frame I
[PT] bx5 frame A 769,225 3x8
[PT] bx5 frame I
[PT] ds5 text A 117m
[PT] ds5 text I
[PT] bx6 frame A 734,224 3x7
[PT] bx6 frame I
[PT] bx7 frame A 835,225 4x10
[PT] bx7 frame I
[PT] ds7 text A 101m
[PT] ds7 text I
[PT] bx8 frame A 807,225 4x10
[PT] bx8 frame I
[PT] ds8 text A 99m
[PT] ds8 text I
[PT] bx9 frame A 85,221 13x32
[PT] bx9 frame I
[PT] ds9 text A 31m
[PT] ds9 text I
[PT] bx10 frame A 572,237 13x32
[PT] bx10 frame I
[PT] ds10 text A 24m
[PT] ds10 text I
[PT] bx11 frame A 761,221 5x13
[PT] bx11 frame I
[PT] ds11 text A 72m
[PT] ds11 text I
[PT] bx12 frame A 860,225 4x10
[PT] bx12 frame I
[PT] ds12 text A 103m
[PT] ds12 text I
[PT] bx13 frame A 332,221 32x80
[PT] bx13 frame I
[PT] ds13 text A 8m
[PT] ds13 text I
[PT] bx14 hide A
[PT] nm14 hide A
[PT] ds14 hide A
[PT] bx15 hide A
[PT] nm15 hide A
[PT] ds15 hide A
[PT] bx16 hide A
[PT] nm16 hide A
[PT] ds16 hide A
[PT] tick 400 enemies=52
[PT] bx0 frame A 534,199 4x9
[PT] bx0 frame I
[PT] ds0 text A 86m
[PT] ds0 text I
[PT] bx1 frame A 80,196 14x35
[PT] bx1 frame I
[PT] nm1 text A Player
[PT] nm1 text I
[PT] ds1 text A 28m
[PT] ds1 text I
[PT] bx2 frame A 21,196 16x39
[PT] bx2 frame I
[PT] bx3 frame A 835,209 11x27
[PT] bx3 frame I
[PT] nm3 text A BOT
[PT] nm3 text I
[PT] ds3 text A 36m
[PT] ds3 text I
[PT] bx4 frame A 902,198 3x8
[PT] bx4 frame I
[PT] nm4 text A Player
[PT] nm4 text I
[PT] ds4 text A 133m
[PT] ds4 text I
[PT] bx5 frame A 227,195 11x27
[PT] bx5 frame I
[PT] ds5 text A 31m
[PT] ds5 text I
[PT] bx6 frame A 685,214 14x36
[PT] bx6 frame I
[PT] ds6 text A 23m
[PT] ds6 text I
[PT] bx7 frame A 10,181 13x33
[PT] bx7 frame I
[PT] ds7 text A 33m
[PT] ds7 text I
[PT] bx8 frame A 417,199 32x80
[PT] bx8 frame I
[PT] ds8 text A 8m
[PT] ds8 text I
[PT] bx9 hide A
[PT] nm9 hide A
[PT] ds9 hide A
[PT] bx10 hide A
[PT] nm10 hide A
[PT] ds10 hide A
[PT] bx11 hide A
[PT] nm11 hide A
[PT] ds11 hide A
[PT] bx12 hide A
[PT] nm12 hide A
[PT] ds12 hide A
[PT] bx13 hide A
[PT] nm13 hide A
[PT] ds13 hide A
[PT] tick 401 enemies=52
[PT] bx0 frame A 602,166 4x10
[PT] bx0 frame I
[PT] bx1 frame A 159,165 13x33
[PT] bx1 frame I
[PT] ds1 text A 27m
[PT] ds1 text I
[PT] bx2 frame A 120,165 14x36
[PT] bx2 frame I
[PT] ds2 text A 26m
[PT] ds2 text I
[PT] bx3 frame A 301,164 11x26
[PT] bx3 frame I
[PT] nm3 text A Player
[PT] nm3 text I
[PT] ds3 text A 31m
[PT] ds3 text I
[PT] bx4 frame A -39,187 40x100
[PT] bx4 frame I
[PT] ds4 text A 10m
[PT] ds4 text I
[PT] bx5 frame A 776,186 16x39
[PT] bx5 frame I
[PT] ds5 text A 23m
[PT] ds5 text I
[PT] bx6 frame A 112,151 12x30
[PT] bx6 frame I
[PT] ds6 text A 32m
[PT] ds6 text I
[PT] bx7 frame A 454,173 32x81
[PT] bx7 frame I
[PT] ds7 text A 8m
[PT] ds7 text I
[PT] bx8 hide A
[PT] nm8 hide A
[PT] ds8 hide A
[PT] tick 402 enemies=52
[PT] bx0 frame A 659,162 4x10
[PT] bx0 frame I
[PT] bx1 frame A 211,161 13x32
[PT] bx1 frame I
[PT] bx2 frame A 188,162 14x34
[PT] bx2 frame I
[PT] bx3 frame A 356,160 10x26
[PT] bx3 frame I
[PT] ds3 text A 30m
[PT] ds3 text I
[PT] bx4 frame A 43,183 38x94
[PT] bx4 frame I
[PT] bx5 frame A 862,186 17x43
[PT] bx5 frame I
[PT] bx6 frame A 183,148 12x29
[PT] bx6 frame I
[PT] ds6 text A 31m
[PT] ds6 text I
[PT] bx7 frame A 473,191 21x52
[PT] bx7 frame I
[PT] nm7 text A BOT
[PT] nm7 text I
[PT] ds7 text A 13m
[PT] ds7 text I
[PT] bx8 frame A 491,170 33x82
[PT] bx8 frame I
[PT] bx8 show A
[PT] nm8 show A
[PT] ds8 show A
[PT] tick 403 enemies=52
[PT] bx0 frame A 683,173 4x10
[PT] bx0 frame I
[PT] bx1 frame A 229,171 13x32
[PT] bx1 frame I
[PT] bx2 frame A 214,171 13x34
[PT] bx2 frame I
[PT] ds2 text A 25m
[PT] ds2 text I
[PT] bx3 frame A 379,170 10x26
[PT] bx3 frame I
[PT] bx4 frame A 75,190 37x93
[PT] bx4 frame I
[PT] ds4 text A 9m
[PT] ds4 text I
[PT] bx5 frame A 905,197 18x45
[PT] bx5 frame I
[PT] bx6 frame A 203,158 11x29
[PT] bx6 frame I
[PT] bx7 frame A 458,194 18x46
[PT] bx7 frame I
[PT] ds7 text A 15m
[PT] ds7 text I
[PT] bx8 frame A 501,178 33x82
[PT] bx8 frame I
[PT] tick 404 enemies=52
[PT] bx0 frame A 673,182 4x10
[PT] bx0 frame I
[PT] bx1 frame A 214,180 13x32
[PT] bx1 frame I
[PT] bx2 frame A 206,180 14x34
[PT] bx2 frame I
[PT] bx3 frame A 375,179 10x26
[PT] bx3 frame I
[PT] bx4 frame A 67,198 39x97
[PT] bx4 frame I
[PT] bx5 frame A 898,205 18x45
[PT] bx5 frame I
[PT] bx6 frame A 187,166 12x29
[PT] bx6 frame I
[PT] ds6 text A 30m
[PT] ds6 text I
[PT] bx7 frame A 456,203 19x46
[PT] bx7 frame I
[PT] bx8 frame A 485,186 32x81
[PT] bx8 frame I
[PT] tick 405 enemies=52
[PT] bx0 frame A 666,193 4x10
[PT] bx0 frame I
[PT] ds0 text A 85m
[PT] ds0 text I
[PT] bx1 frame A 198,191 13x33
[PT] bx1 frame I
[PT] ds1 text A 26m
[PT] ds1 text I
[PT] bx2 frame A 201,191 14x35
[PT] bx2 frame I
[PT] bx3 frame A 373,190 10x26
[PT] bx3 frame I
[PT] bx4 frame A 63,210 40x101
[PT] bx4 frame I
[PT] bx5 frame A 896,216 18x45
[PT] bx5 frame I
[PT] bx6 frame A 170,177 12x30
[PT] bx6 frame I
[PT] bx7 frame A 456,208 15x38
[PT] bx7 frame I
[PT] ds7 text A 19m
[PT] ds7 text I
[PT] bx8 frame A 478,197 32x80
[PT] bx8 frame I
[PT] tick 406 enemies=52
[PT] bx0 frame A 672,201 4x10
[PT] bx0 frame I
[PT] bx1 frame A 196,199 13x33
[PT] bx1 frame I
[PT] bx2 frame A 208,199 14x35
[PT] bx2 frame I
[PT] bx3 frame A 381,198 10x26
[PT] bx3 frame I
[PT] ds3 text A 29m
[PT] ds3 text I
[PT] bx4 frame A 74,218 41x102
[PT] bx4 frame I
[PT] bx5 frame A 911,224 18x45
[PT] bx5 frame I
[PT] bx6 frame A 177,190 12x30
[PT] bx6 frame I
[PT] bx7 frame A 458,218 14x36
[PT] bx7 frame I
[PT] ds7 text A 20m
[PT] ds7 text I
[PT] bx8 frame A 474,183 32x80
[PT] bx8 frame I
[PT] tick 407 enemies=52
[PT] bx0 frame A 674,200 4x10
[PT] bx0 frame I
[PT] bx1 frame A 192,198 13x33
[PT] bx1 frame I
[PT] bx2 frame A 212,198 14x35
[PT] bx2 frame I
[PT] ds2 text A 24m
[PT] ds2 text I
[PT] bx3 frame A 387,197 10x26
[PT] bx3 frame I
[PT] bx4 frame A 84,217 41x103
[PT] bx4 frame I
[PT] ds4 text A 8m
[PT] ds4 text I
[PT] bx5 frame A 921,223 18x46
[PT] bx5 frame I
[PT] bx6 frame A 173,189 12x31
[PT] bx6 frame I
[PT] ds6 text A 29m
[PT] ds6 text I
[PT] bx7 frame A 452,213 12x30
[PT] bx7 frame I
[PT] ds7 text A 25m
[PT] ds7 text I
[PT] bx8 frame A 467,172 31x79
[PT] bx8 frame I
[PT] tick 408 enemies=52
[PT] bx0 frame A 687,197 4x10
[PT] bx0 frame I
[PT] ds0 text A 86m
[PT] ds0 text I
[PT] bx1 frame A 199,195 13x34
[PT] bx1 frame I
[PT] bx2 frame A 229,195 14x35
[PT] bx2 frame I
[PT] bx3 frame A 402,194 10x26
[PT] bx3 frame I
[PT] bx4 frame A 113,216 41x102
[PT] bx4 frame I
[PT] bx5 frame A 188,186 12x30
[PT] bx5 frame I
[PT] ds5 text A 29m
[PT] ds5 text I
[PT] bx6 frame A 451,203 17x44
[PT] bx6 frame I
[PT] nm6 text A BOT
[PT] nm6 text I
[PT] ds6 text A 16m
[PT] ds6 text I
[PT] bx7 frame A 477,165 31x78
[PT] bx7 frame I
[PT] nm7 text A Player
[PT] nm7 text I
[PT] ds7 text A 8m
[PT] ds7 text I
[PT] bx8 hide A
[PT] nm8 hide A
[PT] ds8 hide A
[PT] tick 409 enemies=52
[PT] bx0 frame A 683,195 4x10
[PT] bx0 frame I
[PT] bx1 frame A 192,193 14x35
[PT] bx1 frame I
[PT] ds1 text A 25m
[PT] ds1 text I
[PT] bx2 frame A 229,193 14x35
[PT] bx2 frame I
[PT] bx3 frame A 403,192 10x26
[PT] bx3 frame I
[PT] bx4 frame A 122,214 41x103
[PT] bx4 frame I
[PT] bx5 frame A 186,184 12x30
[PT] bx5 frame I
[PT] bx6 frame A 452,205 10x25
[PT] bx6 frame I
[PT] ds6 text A 30m
[PT] ds6 text I
[PT] bx7 frame A 469,159 30x76
[PT] bx7 frame I
[PT] ds7 text A 9m
[PT] ds7 text I
[PT] tick 410 enemies=52
[PT] bx0 frame A 676,195 4x10
[PT] bx0 frame I
[PT] bx1 frame A 183,193 14x35
[PT] bx1 frame I
[PT] bx2 frame A 225,193 14x35
[PT] bx2 frame I
[PT] bx3 frame A 402,192 10x26
[PT] bx3 frame I
[PT] bx4 frame A 127,214 42x104
[PT] bx4 frame I
[PT] bx5 frame A 181,184 12x31
[PT] bx5 frame I
[PT] bx6 frame A 459,180 30x75
[PT] bx6 frame I
[PT] ds6 text A 9m
[PT] ds6 text I
[PT] bx7 frame A 459,157 30x74
[PT] bx7 frame I
[PT] tick 411 enemies=52
[PT] bx0 frame A 673,205 4x10
[PT] bx0 frame I
[PT] bx1 frame A 175,203 14x36
[PT] bx1 frame I
[PT] bx2 frame A 226,203 14x35
[PT] bx2 frame I
[PT] bx3 frame A 403,202 10x26
[PT] bx3 frame I
[PT] bx4 frame A 137,222 42x105
[PT] bx4 frame I
[PT] bx5 frame A 180,193 12x31
[PT] bx5 frame I
[PT] bx6 frame A 463,217 12x30
[PT] bx6 frame I
[PT] ds6 text A 25m
[PT] ds6 text I
[PT] bx7 frame A 451,165 29x73
[PT] bx7 frame I
[PT] tick 412 enemies=52
[PT] bx0 frame A 667,218 4x10
[PT] bx0 frame I
[PT] bx1 frame A 161,215 15x37
[PT] bx1 frame I
[PT] bx2 frame A 223,215 14x35
[PT] bx2 frame I
[PT] bx3 frame A 405,214 10x26
[PT] bx3 frame I
[PT] bx4 frame A 144,232 43x107
[PT] bx4 frame I
[PT] ds4 text A 7m
[PT] ds4 text I
[PT] bx5 frame A 177,205 12x31
[PT] bx5 frame I
[PT] bx6 frame A 458,196 30x76
[PT] bx6 frame I
[PT] ds6 text A 8m
[PT] ds6 text I
[PT] bx7 frame A 443,177 28x71
[PT] bx7 frame I
[PT] tick 413 enemies=52
[PT] bx0 frame A 665,217 4x10
[PT] bx0 frame I
[PT] bx1 frame A 151,214 15x37
[PT] bx1 frame I
[PT] bx3 frame A 408,213 10x26
[PT] bx3 frame I
[PT] bx4 frame A 152,231 43x108
[PT] bx4 frame I
[PT] bx6 frame A 434,180 28x69
[PT] bx6 frame I
[PT] nm6 text A Player
[PT] nm6 text I
[PT] ds6 text A 10m
[PT] ds6 text I
[PT] bx7 hide A
[PT] nm7 hide A
[PT] ds7 hide A
[PT] tick 414 enemies=52
[PT] bx0 frame A 677,219 4x10
[PT] bx0 frame I
[PT] bx1 frame A 158,216 15x37
[PT] bx1 frame I
[PT] ds1 text A 24m
[PT] ds1 text I
[PT] bx2 frame A 240,216 14x35
[PT] bx2 frame I
[PT] bx3 frame A 427,215 10x26
[PT] bx3 frame I
[PT] bx4 frame A 177,233 43x106
[PT] bx4 frame I
[PT] bx5 frame A 193,207 12x31
[PT] bx5 frame I
[PT] bx6 frame A 453,177 29x72
[PT] bx6 frame I
[PT] nm6 text A BOT
[PT] nm6 text I
[PT] ds6 text A 9m
[PT] ds6 text I
[PT] bx7 frame A 442,186 27x68
[PT] bx7 frame I
[PT] bx7 show A
[PT] nm7 show A
[PT] ds7 text A 10m
[PT] ds7 text I
[PT] ds7 show A
[PT] tick 415 enemies=52
[PT] bx0 frame A 680,219 4x10
[PT] bx0 frame I
[PT] bx1 frame A 154,216 15x37
[PT] bx1 frame I
[PT] bx2 frame A 245,216 14x35
[PT] bx2 frame I
[PT] ds2 text A 23m
[PT] ds2 text I
[PT] bx3 frame A 435,215 10x26
[PT] bx3 frame I
[PT] bx4 frame A 193,233 43x106
[PT] bx4 frame I
[PT] bx5 frame A 198,207 12x31
[PT] bx5 frame I
[PT] ds5 text A 28m
[PT] ds5 text I
[PT] bx6 frame A 459,181 28x69
[PT] bx6 frame I
[PT] ds6 text A 10m
[PT] ds6 text I
[PT] bx7 frame A 437,193 27x66
[PT] bx7 frame I
[PT] tick 416 enemies=52
[PT] bx0 frame A 687,210 4x10
[PT] bx0 frame I
[PT] bx1 frame A 165,207 15x38
[PT] bx1 frame I
[PT] ds1 text A 23m
[PT] ds1 text I
[PT] bx2 frame A 256,207 14x35
[PT] bx2 frame I
[PT] bx3 frame A 447,206 10x26
[PT] bx3 frame I
[PT] bx4 frame A 212,225 42x105
[PT] bx4 frame I
[PT] bx5 frame A 208,198 12x31
[PT] bx5 frame I
[PT] bx6 frame A 467,190 17x44
[PT] bx6 frame I
[PT] ds6 text A 16m
[PT] ds6 text I
[PT] bx7 frame A 438,193 26x65
[PT] bx7 frame I
[PT] tick 417 enemies=52
[PT] bx0 frame A 709,205 4x10
[PT] bx0 frame I
[PT] bx1 frame A 190,202 15x38
[PT] bx1 frame I
[PT] bx2 frame A 278,202 14x34
[PT] bx2 frame I
[PT] bx3 frame A 471,205 10x26
[PT] bx3 frame I
[PT] bx4 frame A 242,221 41x103
[PT] bx4 frame I
[PT] bx5 frame A 232,193 12x30
[PT] bx5 frame I
[PT] bx6 frame A 489,190 7x17
[PT] bx6 frame I
[PT] ds6 text A 45m
[PT] ds6 text I
[PT] bx7 frame A 454,194 25x63
[PT] bx7 frame I
[PT] ds7 text A 11m
[PT] ds7 text I
[PT] tick 418 enemies=52
[PT] bx0 frame A 713,204 4x10
[PT] bx0 frame I
[PT] ds0 text A 87m
[PT] ds0 text I
[PT] bx1 frame A 193,202 15x38
[PT] bx1 frame I
[PT] bx2 frame A 285,202 14x34
[PT] bx2 frame I
[PT] bx3 frame A 479,205 10x26
[PT] bx3 frame I
[PT] bx4 frame A 259,220 41x103
[PT] bx4 frame I
[PT] bx5 frame A 238,193 12x30
[PT] bx5 frame I
[PT] bx6 frame A 454,211 9x21
[PT] bx6 frame I
[PT] ds6 text A 35m
[PT] ds6 text I
[PT] bx7 frame A 461,184 25x63
[PT] bx7 frame I
[PT] tick 419 enemies=52
[PT] bx0 frame A 702,204 4x10
[PT] bx0 frame I
[PT] bx1 frame A 175,202 16x39
[PT] bx1 frame I
[PT] ds1 text A 22m
[PT] ds1 text I
[PT] bx2 frame A 279,202 14x35
[PT] bx2 frame I
[PT] bx3 frame A 476,205 10x26
[PT] bx3 frame I
[PT] bx4 frame A 264,221 41x104
[PT] bx4 frame I
[PT] ds4 text A 6m
[PT] ds4 text I
[PT] bx5 frame A 230,188 12x30
[PT] bx5 frame I
[PT] bx6 frame A 444,185 23x58
[PT] bx6 frame I
[PT] ds6 text A 12m
[PT] ds6 text I
[PT] bx7 frame A 462,186 25x63
[PT] bx7 frame I
[PT] tick 420 enemies=52
[PT] bx0 frame A 696,204 4x10
[PT] bx0 frame I
[PT] bx1 frame A 159,202 16x40
[PT] bx1 frame I
[PT] bx2 frame A 278,201 14x35
[PT] bx2 frame I
[PT] bx3 frame A 478,204 10x26
[PT] bx3 frame I
[PT] bx4 frame A 273,221 42x104
[PT] bx4 frame I
[PT] bx5 frame A 225,187 12x31
[PT] bx5 frame I
[PT] bx6 frame A 470,188 26x65
[PT] bx6 frame I
[PT] ds6 text A 10m
[PT] ds6 text I
[PT] bx7 frame A 466,186 25x63
[PT] bx7 frame I
[PT] tick 421 enemies=52
[PT] bx0 frame A 701,203 4x10
[PT] bx0 frame I
[PT] bx2 frame A 287,201 14x35
[PT] bx2 frame I
[PT] bx3 frame A 486,204 10x25
[PT] bx3 frame I
[PT] ds3 text A 30m
[PT] ds3 text I
[PT] bx4 frame A 287,221 42x104
[PT] bx4 frame I
[PT] bx5 frame A 229,187 12x31
[PT] bx5 frame I
[PT] bx6 frame A 476,182 25x62
[PT] bx6 frame I
[PT] nm6 text A Player
[PT] nm6 text I
[PT] ds6 text A 11m
[PT] ds6 text I
[PT] bx7 hide A
[PT] nm7 hide A
[PT] ds7 hide A
[PT] tick 422 enemies=52
[PT] bx0 frame A 710,202 4x10
[PT] bx0 frame I
[PT] bx1 frame A 166,200 16x40
[PT] bx1 frame I
[PT] bx2 frame A 299,199 14x34
[PT] bx2 frame I
[PT] bx3 frame A 497,202 10x25
[PT] bx3 frame I
[PT] bx4 frame A 305,219 41x103
[PT] bx4 frame I
[PT] bx5 frame A 227,185 12x31
[PT] bx5 frame I
[PT] ds5 text A 27m
[PT] ds5 text I
[PT] bx6 frame A 455,190 24x61
[PT] bx6 frame I
[PT] nm6 text A BOT
[PT] nm6 text I
[PT] bx7 frame A 489,177 24x60
[PT] bx7 frame I
[PT] bx7 show A
[PT] nm7 show A
[PT] ds7 show A
[PT] tick 423 enemies=52
[PT] bx0 frame A 701,207 4x10
[PT] bx0 frame I
[PT] bx1 frame A 160,205 17x42
[PT] bx1 frame I
[PT] ds1 text A 21m
[PT] ds1 text I
[PT] bx2 frame A 299,204 13x34
[PT] bx2 frame I
[PT] bx3 frame A 494,203 10x25
[PT] bx3 frame I
[PT] bx4 frame A 312,223 42x105
[PT] bx4 frame I
[PT] bx5 frame A 212,190 13x32
[PT] bx5 frame I
[PT] bx6 frame A 467,178 24x59
[PT] bx6 frame I
[PT] ds6 text A 12m
[PT] ds6 text I
[PT] bx7 frame A 490,189 23x59
[PT] bx7 frame I
[PT] ds7 text A 12m
[PT] ds7 text I
[PT] tick 424 enemies=52
[PT] bx0 frame A 738,215 5x12
[PT] bx0 frame I
[PT] bx1 frame A 86,209 21x53
[PT] bx1 frame I
[PT] bx2 frame A 269,210 16x40
[PT] bx2 frame I
[PT] ds2 text A 24m
[PT] ds2 text I
[PT] bx3 frame A 501,210 12x29
[PT] bx3 frame I
[PT] ds3 text A 31m
[PT] ds3 text I
[PT] bx4 frame A 226,226 65x162
[PT] bx4 frame I
[PT] bx5 frame A 155,192 15x38
[PT] bx5 frame I
[PT] bx6 frame A 437,166 34x84
[PT] bx6 frame I
[PT] ds6 text A 11m
[PT] ds6 text I
[PT] bx7 frame A 498,180 29x74
[PT] bx7 frame I
[PT] tick 425 enemies=52
[PT] bx0 frame A 692,210 4x10
[PT] bx0 frame I
[PT] bx1 frame A 148,208 18x45
[PT] bx1 frame I
[PT] ds1 text A 20m
[PT] ds1 text I
[PT] bx2 frame A 298,207 13x33
[PT] bx2 frame I
[PT] bx3 frame A 487,206 10x25
[PT] bx3 frame I
[PT] bx4 frame A 315,226 44x109
[PT] bx4 frame I
[PT] bx5 frame A 190,192 13x33
[PT] bx5 frame I
[PT] bx6 frame A 458,191 25x62
[PT] bx6 frame I
[PT] bx7 frame A 491,188 22x56
[PT] bx7 frame I
[PT] ds7 text A 13m
[PT] ds7 text I
[PT] tick 426 enemies=52
[PT] bx0 frame A 715,206 4x10
[PT] bx0 frame I
[PT] bx1 frame A 176,205 18x44
[PT] bx1 frame I
[PT] bx2 frame A 319,204 13x32
[PT] bx2 frame I
[PT] bx3 frame A 505,203 10x24
[PT] bx3 frame I
[PT] ds3 text A 32m
[PT] ds3 text I
[PT] bx4 frame A 344,223 43x108
[PT] bx4 frame I
[PT] bx5 frame A 208,189 13x33
[PT] bx5 frame I
[PT] bx6 frame A 481,188 25x62
[PT] bx6 frame I
[PT] bx7 frame A 513,189 22x55
[PT] bx7 frame I
[PT] tick 427 enemies=52
[PT] bx0 frame A 749,194 4x11
[PT] bx0 frame I
[PT] bx1 frame A 212,193 18x44
[PT] bx1 frame I
[PT] ds1 text A 19m
[PT] ds1 text I
[PT] bx2 frame A 343,191 13x32
[PT] bx2 frame I
[PT] bx3 frame A 530,190 10x24
[PT] bx3 frame I
[PT] bx4 frame A 379,213 42x106
[PT] bx4 frame I
[PT] bx5 frame A 233,182 13x32
[PT] bx5 frame I
[PT] ds5 text A 26m
[PT] ds5 text I
[PT] bx6 frame A 480,163 27x67
[PT] bx6 frame I
[PT] ds6 text A 10m
[PT] ds6 text I
[PT] bx7 frame A 542,183 21x53
[PT] bx7 frame I
[PT] ds7 text A 14m
[PT] ds7 text I
[PT] tick 428 enemies=52
[PT] bx0 frame A 806,170 5x11
[PT] bx0 frame I
[PT] ds0 text A 88m
[PT] ds0 text I
[PT] bx1 frame A -1,169 6x15
[PT] bx1 frame I
[PT] ds1 text A 77m
[PT] ds1 text I
[PT] bx2 frame A 261,170 17x43
[PT] bx2 frame I
[PT] ds2 text A 19m
[PT] ds2 text I
[PT] bx3 frame A 379,168 13x32
[PT] bx3 frame I
[PT] ds3 text A 24m
[PT] ds3 text I
[PT] bx4 frame A 570,167 10x24
[PT] bx4 frame I
[PT] ds4 text A 32m
[PT] ds4 text I
[PT] bx5 frame A 423,194 41x104
[PT] bx5 frame I
[PT] ds5 text A 6m
[PT] ds5 text I
[PT] bx6 frame A 274,159 12x31
[PT] bx6 frame I
[PT] nm6 text A Player
[PT] nm6 text I
[PT] ds6 text A 27m
[PT] ds6 text I
[PT] bx7 frame A 522,141 27x68
[PT] bx7 frame I
[PT] nm7 text A BOT
[PT] nm7 text I
[PT] ds7 text A 10m
[PT] ds7 text I
[PT] bx8 frame A 584,165 21x53
[PT] bx8 frame I
[PT] bx8 show A
[PT] nm8 show A
[PT] ds8 text A 14m
[PT] ds8 text I
[PT] ds8 show A
[PT] tick 429 enemies=52
[PT] bx0 frame A 863,147 5x12
[PT] bx0 frame I
[PT] bx1 frame A 58,145 6x14
[PT] bx1 frame I
[PT] ds1 text A 76m
[PT] ds1 text I
[PT] bx2 frame A 299,149 17x43
[PT] bx2 frame I
[PT] ds2 text A 18m
[PT] ds2 text I
[PT] bx3 frame A 412,146 13x32
[PT] bx3 frame I
[PT] bx4 frame A 606,144 10x25
[PT] bx4 frame I
[PT] ds4 text A 33m
[PT] ds4 text I
[PT] bx5 frame A 462,176 41x103
[PT] bx5 frame I
[PT] bx6 frame A 313,137 12x31
[PT] bx6 frame I
[PT] bx7 frame A 562,120 28x70
[PT] bx7 frame I
[PT] bx8 frame A 623,150 21x53
[PT] bx8 frame I
[PT] tick 430 enemies=52
[PT] bx0 frame A 857,139 5x12
[PT] bx0 frame I
[PT] bx1 frame A 51,138 6x14
[PT] bx1 frame I
[PT] bx2 frame A 298,142 18x45
[PT] bx2 frame I
[PT] bx3 frame A 411,139 13x32
[PT] bx3 frame I
[PT] bx4 frame A 599,137 10x25
[PT] bx4 frame I
[PT] bx5 frame A 473,170 41x103
[PT] bx5 frame I
[PT] bx6 frame A 311,130 12x31
[PT] bx6 frame I
[PT] ds6 text A 26m
[PT] ds6 text I
[PT] bx7 frame A 567,114 28x70
[PT] bx7 frame I
[PT] bx8 frame A 625,143 20x51
[PT] bx8 frame I
[PT] ds8 text A 15m
[PT] ds8 text I
[PT] tick 431 enemies=52
[PT] bx0 frame A 851,137 5x12
[PT] bx0 frame I
[PT] bx1 frame A 248,131 21x53
[PT] bx1 frame I
[PT] ds1 text A 17m
[PT] ds1 text I
[PT] bx2 frame A 389,131 15x37
[PT] bx2 frame I
[PT] ds2 text A 23m
[PT] ds2 text I
[PT] bx3 frame A 587,131 11x27
[PT] bx3 frame I
[PT] ds3 text A 33m
[PT] ds3 text I
[PT] bx4 frame A 455,146 57x142
[PT] bx4 frame I
[PT] ds4 text A 6m
[PT] ds4 text I
[PT] bx5 frame A 272,121 14x35
[PT] bx5 frame I
[PT] ds5 text A 26m
[PT] ds5 text I
[PT] bx6 frame A 421,153 57x144
[PT] bx6 frame I
[PT] nm6 text A BOT
[PT] nm6 text I
[PT] ds6 text A 6m
[PT] ds6 text I
[PT] bx7 frame A 632,129 24x60
[PT] bx7 frame I
[PT] nm7 text A Player
[PT] nm7 text I
[PT] ds7 text A 15m
[PT] ds7 text I
[PT] bx8 hide A
[PT] nm8 hide A
[PT] ds8 hide A
[PT] tick 432 enemies=52
[PT] bx0 frame A 882,134 6x14
[PT] bx0 frame I
[PT] bx1 frame A 188,127 26x65
[PT] bx1 frame I
[PT] bx2 frame A 367,127 17x43
[PT] bx2 frame I
[PT] bx3 frame A 580,127 12x31
[PT] bx3 frame I
[PT] bx4 frame A 446,145 66x166
[PT] bx4 frame I
[PT] bx5 frame A 221,115 16x41
[PT] bx5 frame I
[PT] bx6 frame A 437,139 68x171
[PT] bx6 frame I
[PT] bx7 frame A 642,125 28x69
[PT] bx7 frame I
[PT] tick 433 enemies=52
[PT] bx0 frame A 780,141 4x11
[PT] bx0 frame I
[PT] bx1 frame A 247,145 20x49
[PT] bx1 frame I
[PT] ds1 text A 16m
[PT] ds1 text I
[PT] bx2 frame A 382,141 13x33
[PT] bx2 frame I
[PT] bx3 frame A 539,138 10x24
[PT] bx3 frame I
[PT] ds3 text A 32m
[PT] ds3 text I
[PT] bx4 frame A 462,172 41x102
[PT] bx4 frame I
[PT] bx5 frame A 264,131 13x32
[PT] bx5 frame I
[PT] bx6 frame A 439,169 23x57
[PT] bx6 frame I
[PT] ds6 text A 12m
[PT] ds6 text I
[PT] bx7 frame A 589,144 20x49
[PT] bx7 frame I
[PT] tick 434 enemies=52
[PT] bx0 frame A 783,134 4x11
[PT] bx0 frame I
[PT] bx1 frame A 235,139 20x50
[PT] bx1 frame I
[PT] bx2 frame A 390,134 13x33
[PT] bx2 frame I
[PT] bx3 frame A 539,132 10x25
[PT] bx3 frame I
[PT] bx4 frame A 474,167 42x104
[PT] bx4 frame I
[PT] bx5 frame A 267,125 13x32
[PT] bx5 frame I
[PT] bx6 frame A 445,163 23x58
[PT] bx6 frame I
[PT] bx7 frame A 599,138 20x49
[PT] bx7 frame I
[PT] ds7 text A 16m
[PT] ds7 text I
[PT] tick 435 enemies=52
[PT] bx0 frame A 827,135 5x12
[PT] bx0 frame I
[PT] bx1 frame A 189,129 23x59
[PT] bx1 frame I
[PT] bx2 frame A 389,129 15x38
[PT] bx2 frame I
[PT] bx3 frame A 554,129 11x28
[PT] bx3 frame I
[PT] bx4 frame A 465,146 61x152
[PT] bx4 frame I
[PT] ds4 text A 5m
[PT] ds4 text I
[PT] bx5 frame A 254,119 14x36
[PT] bx5 frame I
[PT] bx6 frame A 445,175 35x86
[PT] bx6 frame I
[PT] ds6 text A 9m
[PT] ds6 text I
[PT] bx7 frame A 639,128 23x57
[PT] bx7 frame I
[PT] tick 436 enemies=51
[PT] bx0 frame A 868,130 6x14
[PT] bx0 frame I
[PT] bx1 frame A 126,123 27x67
[PT] bx1 frame I
[PT] ds1 text A 17m
[PT] ds1 text I
[PT] bx2 frame A 370,130 17x44
[PT] bx2 frame I
[PT] ds2 text A 22m
[PT] ds2 text I
[PT] bx3 frame A 556,123 13x31
[PT] bx3 frame I
[PT] ds3 text A 31m
[PT] ds3 text I
[PT] bx4 frame A 452,142 70x175
[PT] bx4 frame I
[PT] bx5 frame A 219,111 16x41
[PT] bx5 frame I
[PT] bx6 frame A 430,174 38x95
[PT] bx6 frame I
[PT] ds6 text A 10m
[PT] ds6 text I
[PT] bx7 frame A 659,123 25x63
[PT] bx7 frame I
[PT] tick 437 enemies=51
[PT] bx0 frame A 777,139 4x11
[PT] bx0 frame I
[PT] bx1 frame A 196,153 20x51
[PT] bx1 frame I
[PT] ds1 text A 16m
[PT] ds1 text I
[PT] bx2 frame A 377,146 14x34
[PT] bx2 frame I
[PT] bx3 frame A 521,138 10x25
[PT] bx3 frame I
[PT] bx4 frame A 469,173 44x109
[PT] bx4 frame I
[PT] bx5 frame A 259,130 13x33
[PT] bx5 frame I
[PT] bx6 frame A 437,169 24x59
[PT] bx6 frame I
[PT] ds6 text A 12m
[PT] ds6 text I
[PT] bx7 frame A 607,143 19x47
[PT] bx7 frame I
[PT] ds7 text A 17m
[PT] ds7 text I
[PT] tick 438 enemies=51
[PT] bx0 frame A 788,138 5x11
[PT] bx0 frame I
[PT] bx1 frame A 156,141 24x59
[PT] bx1 frame I
[PT] bx2 frame A 362,132 15x38
[PT] bx2 frame I
[PT] bx3 frame A 521,132 11x27
[PT] bx3 frame I
[PT] bx4 frame A 463,148 59x146
[PT] bx4 frame I
[PT] bx5 frame A 243,122 14x35
[PT] bx5 frame I
[PT] bx6 frame A 628,132 20x51
[PT] bx6 frame I
[PT] nm6 text A Player
[PT] nm6 text I
[PT] ds6 text A 17m
[PT] ds6 text I
[PT] bx7 hide A
[PT] nm7 hide A
[PT] ds7 hide A
[PT] tick 439 enemies=51
[PT] bx0 frame A 817,128 5x13
[PT] bx0 frame I
[PT] bx1 frame A 99,121 28x69
[PT] bx1 frame I
[PT] bx2 frame A 335,121 17x43
[PT] bx2 frame I
[PT] ds2 text A 23m
[PT] ds2 text I
[PT] bx3 frame A 517,121 12x31
[PT] bx3 frame I
[PT] bx4 frame A 460,139 66x165
[PT] bx4 frame I
[PT] bx5 frame A 201,109 16x41
[PT] bx5 frame I
[PT] bx6 frame A 426,170 37x92
[PT] bx6 frame I
[PT] nm6 text A BOT
[PT] nm6 text I
[PT] ds6 text A 10m
[PT] ds6 text I
[PT] bx7 frame A 640,121 23x57
[PT] bx7 frame I
[PT] bx7 show A
[PT] nm7 show A
[PT] ds7 text A 18m
[PT] ds7 text I
[PT] ds7 show A
[PT] tick 440 enemies=51
[PT] bx0 frame A 732,128 4x11
[PT] bx0 frame I
[PT] bx1 frame A 156,136 22x56
[PT] bx1 frame I
[PT] bx2 frame A 338,130 14x34
[PT] bx2 frame I
[PT] bx3 frame A 478,127 10x26
[PT] bx3 frame I
[PT] bx4 frame A 456,164 42x104
[PT] bx4 frame I
[PT] ds4 text A 6m
[PT] ds4 text I
[PT] bx5 frame A 222,114 14x34
[PT] bx5 frame I
[PT] bx6 frame A 440,169 43x106
[PT] bx6 frame I
[PT] ds6 text A 5m
[PT] ds6 text I
[PT] bx7 frame A 580,132 17x42
[PT] bx7 frame I
[PT] tick 441 enemies=51
[PT] bx0 frame A 734,140 4x11
[PT] bx0 frame I
[PT] bx1 frame A 90,135 26x65
[PT] bx1 frame I
[PT] bx2 frame A 323,141 15x36
[PT] bx2 frame I
[PT] bx3 frame A 466,135 11x27
[PT] bx3 frame I
[PT] ds3 text A 30m
[PT] ds3 text I
[PT] bx4 frame A 413,150 56x140
[PT] bx4 frame I
[PT] bx5 frame A 192,118 15x37
[PT] bx5 frame I
[PT] bx6 frame A 431,125 58x145
[PT] bx6 frame I
[PT] ds6 text A 6m
[PT] ds6 text I
[PT] bx7 frame A 578,135 19x46
[PT] bx7 frame I
[PT] tick 442 enemies=51
[PT] bx0 frame A 763,127 5x12
[PT] bx0 frame I
[PT] bx1 frame A 20,134 30x76
[PT] bx1 frame I
[PT] bx2 frame A 298,128 17x42
[PT] bx2 frame I
[PT] bx3 frame A 453,121 12x31
[PT] bx3 frame I
[PT] bx4 frame A 389,139 64x159
[PT] bx4 frame I
[PT] bx5 frame A 128,102 17x44
[PT] bx5 frame I
[PT] bx6 frame A 448,169 36x89
[PT] bx6 frame I
[PT] ds6 text A 10m
[PT] ds6 text I
[PT] bx7 frame A 606,121 21x52
[PT] bx7 frame I
[PT] ds7 text A 19m
[PT] ds7 text I
[PT] tick 443 enemies=51
[PT] bx0 frame A 702,128 4x10
[PT] bx0 frame I
[PT] bx1 frame A 111,147 24x59
[PT] bx1 frame I
[PT] ds1 text A 15m
[PT] ds1 text I
[PT] bx2 frame A 319,130 14x34
[PT] bx2 frame I
[PT] bx3 frame A 439,128 10x26
[PT] bx3 frame I
[PT] bx4 frame A 413,163 41x103
[PT] bx4 frame I
[PT] bx5 frame A 169,114 15x36
[PT] bx5 frame I
[PT] ds5 text A 25m
[PT] ds5 text I
[PT] bx6 frame A 445,175 26x65
[PT] bx6 frame I
[PT] bx7 frame A 574,131 16x41
[PT] bx7 frame I
[PT] tick 444 enemies=51
[PT] bx0 frame A 717,132 4x11
[PT] bx0 frame I
[PT] bx1 frame A 131,150 23x58
[PT] bx1 frame I
[PT] bx2 frame A 333,134 14x34
[PT] bx2 frame I
[PT] bx3 frame A 444,131 10x26
[PT] bx3 frame I
[PT] bx4 frame A 424,165 40x100
[PT] bx4 frame I
[PT] bx5 frame A 179,118 14x36
[PT] bx5 frame I
[PT] bx6 frame A 456,177 26x64
[PT] bx6 frame I
[PT] bx7 frame A 589,133 16x41
[PT] bx7 frame I
[PT] tick 445 enemies=51
[PT] bx0 frame A 792,131 5x12
[PT] bx0 frame I
[PT] bx1 frame A 78,125 29x73
[PT] bx1 frame I
[PT] bx2 frame A 334,125 16x40
[PT] bx2 frame I
[PT] bx3 frame A 467,125 12x30
[PT] bx3 frame I
[PT] bx4 frame A 422,140 58x144
[PT] bx4 frame I
[PT] bx5 frame A 157,106 17x42
[PT] bx5 frame I
[PT] bx6 frame A 476,169 34x84
[PT] bx6 frame I
[PT] bx7 frame A 647,122 20x50
[PT] bx7 frame I
[PT] tick 446 enemies=51
[PT] bx0 frame A 736,129 4x11
[PT] bx0 frame I
[PT] ds0 text A 89m
[PT] ds0 text I
[PT] bx1 frame A 152,138 24x59
[PT] bx1 frame I
[PT] bx2 frame A 343,131 14x34
[PT] bx2 frame I
[PT] bx3 frame A 451,129 10x26
[PT] bx3 frame I
[PT] bx4 frame A 443,161 39x97
[PT] bx4 frame I
[PT] bx5 frame A 186,115 14x36
[PT] bx5 frame I
[PT] bx6 frame A 472,174 25x63
[PT] bx6 frame I
[PT] ds6 text A 11m
[PT] ds6 text I
[PT] bx7 frame A 605,131 16x41
[PT] bx7 frame I
[PT] tick 447 enemies=51
[PT] bx0 frame A 727,128 4x11
[PT] bx0 frame I
[PT] bx1 frame A 149,138 24x60
[PT] bx1 frame I
[PT] bx2 frame A 335,130 13x33
[PT] bx2 frame I
[PT] ds2 text A 24m
[PT] ds2 text I
[PT] bx3 frame A 443,127 10x26
[PT] bx3 frame I
[PT] bx4 frame A 446,160 38x95
[PT] bx4 frame I
[PT] bx5 frame A 177,114 15x37
[PT] bx5 frame I
[PT] bx6 frame A 471,172 25x62
[PT] bx6 frame I
[PT] bx7 frame A 600,129 16x40
[PT] bx7 frame I
[PT] ds7 text A 20m
[PT] ds7 text I
[PT] tick 448 enemies=51
[PT] bx0 frame A 705,126 4x10
[PT] bx0 frame I
[PT] bx1 frame A 133,147 24x61
[PT] bx1 frame I
[PT] bx2 frame A 323,128 13x33
[PT] bx2 frame I
[PT] bx3 frame A 422,126 10x26
[PT] bx3 frame I
[PT] bx4 frame A 443,158 38x95
[PT] bx4 frame I
[PT] bx5 frame A 149,112 15x38
[PT] bx5 frame I
[PT] bx6 frame A 460,170 25x61
[PT] bx6 frame I
[PT] bx7 frame A 584,128 16x39
[PT] bx7 frame I
[PT] tick 449 enemies=51
[PT] bx0 frame A 707,134 4x10
[PT] bx0 frame I
[PT] bx1 frame A 335,135 12x30
[PT] bx1 frame I
[PT] ds1 text A 26m
[PT] ds1 text I
[PT] bx2 frame A 439,134 11x27
[PT] bx2 frame I
[PT] ds2 text A 29m
[PT] ds2 text I
[PT] bx3 frame A 291,126 11x28
[PT] bx3 frame I
[PT] bx4 frame A 459,174 23x58
[PT] bx4 frame I
[PT] nm4 text A BOT
[PT] nm4 text I
[PT] ds4 text A 12m
[PT] ds4 text I
[PT] bx5 frame A 779,135 15x38
[PT] bx5 frame I
[PT] ds5 text A 24m
[PT] ds5 text I
[PT] bx6 frame A 557,137 16x41
[PT] bx6 frame I
[PT] nm6 text A Player
[PT] nm6 text I
[PT] ds6 text A 19m
[PT] ds6 text I
[PT] bx7 hide A
[PT] nm7 hide A
[PT] ds7 hide A
[PT] tick 450 enemies=53
00:59:18.908  [PE] 投影自检：中心=(463,214) 前方点->(463,214) 自身->(508,316)（前方点须≈中心；自身应在中下方——偏差方向告诉我即可修）
[PT] bx0 frame A 782,48 51x128
[PT] bx0 frame I
[PT] nm0 text A Player
[PT] nm0 text I
[PT] ds0 text A 4m
[PT] ds0 text I
[PT] bx1 frame A 111,38 42x105
[PT] bx1 frame I
[PT] nm1 text A BOT
[PT] nm1 text I
[PT] ds1 text A 6m
[PT] ds1 text I
[PT] bx2 hide A
[PT] nm2 hide A
[PT] ds2 hide A
[PT] bx3 hide A
[PT] nm3 hide A
[PT] ds3 hide A
[PT] bx4 hide A
[PT] nm4 hide A
[PT] ds4 hide A
[PT] bx5 hide A
[PT] nm5 hide A
[PT] ds5 hide A
[PT] bx6 hide A
[PT] nm6 hide A
[PT] ds6 hide A
00:59:18.921  [PE] 绘制诊断：actors=53 w2s=32 onscreen=2 visibleViews=2
[PT] tick 451 enemies=53
[PT] bx0 frame A 592,-120 63x157
[PT] bx0 frame I
[PT] ds0 text A 3m
[PT] ds0 text I
[PT] bx1 hide A
[PT] nm1 hide A
[PT] ds1 hide A
[PT] tick 452 enemies=53
[PT] bx0 frame A 594,-113 62x156
[PT] bx0 frame I
[PT] tick 453 enemies=53
[PT] bx0 frame A 596,-113 62x156
[PT] bx0 frame I
[PT] tick 454 enemies=53
[PT] bx0 frame A 595,-89 60x151
[PT] bx0 frame I
[PT] tick 455 enemies=53
[PT] bx0 frame A 616,-40 57x144
[PT] bx0 frame I
[PT] tick 456 enemies=53
[PT] bx0 frame A 647,-8 56x140
[PT] bx0 frame I
[PT] bx1 frame A 424,-88 44x110
[PT] bx1 frame I
[PT] bx1 show A
[PT] nm1 text A Player
[PT] nm1 text I
[PT] nm1 show A
[PT] ds1 show A
[PT] tick 457 enemies=53
[PT] bx0 frame A -13,318 19x49
[PT] bx0 frame I
[PT] nm0 text A BOT
[PT] nm0 text I
[PT] ds0 text A 4m
[PT] ds0 text I
[PT] bx1 frame A 677,-27 57x142
[PT] bx1 frame I
[PT] ds1 text A 3m
[PT] ds1 text I
[PT] tick 458 enemies=53
[PT] bx0 frame A 23,239 25x63
[PT] bx0 frame I
[PT] bx1 frame A 741,-20 56x140
[PT] bx1 frame I
[PT] tick 459 enemies=53
[PT] bx0 frame A 33,220 28x69
[PT] bx0 frame I
[PT] bx1 frame A 758,-10 55x138
[PT] bx1 frame I
[PT] tick 460 enemies=53
[PT] bx0 frame A 31,224 27x67
[PT] bx0 frame I
[PT] bx1 frame A 754,-13 55x139
[PT] bx1 frame I
[PT] tick 461 enemies=53
[PT] bx0 frame A 32,229 29x74
[PT] bx0 frame I
[PT] bx1 frame A 752,5 55x137
[PT] bx1 frame I
[PT] tick 462 enemies=53
[PT] bx0 frame A 17,263 31x79
[PT] bx0 frame I
[PT] bx1 frame A 726,25 55x138
[PT] bx1 frame I
[PT] bx2 frame A 517,-81 44x109
[PT] bx2 frame I
[PT] bx2 show A
[PT] nm2 show A
[PT] ds2 text A 6m
[PT] ds2 text I
[PT] ds2 show A
[PT] tick 463 enemies=53
[PT] bx0 frame A 2,290 34x86
[PT] bx0 frame I
[PT] bx1 frame A 707,45 55x138
[PT] bx1 frame I
[PT] bx2 frame A 503,-41 41x103
[PT] bx2 frame I
[PT] tick 464 enemies=53
[PT] bx0 frame A 8,282 34x85
[PT] bx0 frame I
[PT] bx1 frame A 713,43 55x138
[PT] bx1 frame I
[PT] bx2 frame A 509,-48 42x104
[PT] bx2 frame I
[PT] tick 465 enemies=53
[PT] bx0 frame A -11,309 33x82
[PT] bx0 frame I
[PT] bx1 frame A 691,39 55x138
[PT] bx1 frame I
[PT] bx2 frame A 486,-42 41x103
[PT] bx2 frame I
[PT] tick 466 enemies=53
[PT] bx0 frame A -25,330 31x77
[PT] bx0 frame I
[PT] bx1 frame A 675,35 55x138
[PT] bx1 frame I
[PT] bx2 frame A 468,-41 41x103
[PT] bx2 frame I
[PT] tick 467 enemies=53
[PT] bx1 frame A 674,36 55x138
[PT] bx1 frame I
[PT] bx2 frame A 468,-40 41x103
[PT] bx2 frame I
[PT] tick 468 enemies=53
[PT] bx0 frame A -17,318 33x83
[PT] bx0 frame I
[PT] bx1 frame A 686,45 55x138
[PT] bx1 frame I
[PT] bx2 frame A 482,-32 41x102
[PT] bx2 frame I
[PT] tick 469 enemies=53
[PT] bx0 frame A 8,284 36x90
[PT] bx0 frame I
[PT] bx1 frame A 714,53 55x138
[PT] bx1 frame I
[PT] bx2 frame A 513,-33 41x102
[PT] bx2 frame I
[PT] tick 470 enemies=53
[PT] bx0 frame A 57,216 37x93
[PT] bx0 frame I
[PT] bx1 frame A 774,58 54x136
[PT] bx1 frame I
[PT] bx2 frame A 575,-59 43x107
[PT] bx2 frame I
[PT] tick 471 enemies=53
[PT] bx0 frame A 99,158 39x97
[PT] bx0 frame I
[PT] bx1 frame A 837,73 52x130
[PT] bx1 frame I
[PT] bx2 frame A 643,-79 45x112
[PT] bx2 frame I
[PT] tick 472 enemies=53
[PT] bx0 frame A 160,91 42x105
[PT] bx0 frame I
[PT] bx1 frame A 749,-75 46x116
[PT] bx1 frame I
[PT] ds1 text A 6m
[PT] ds1 text I
[PT] bx2 hide A
[PT] nm2 hide A
[PT] ds2 hide A
[PT] tick 473 enemies=53
[PT] bx0 frame A 220,61 44x111
[PT] bx0 frame I
[PT] bx1 frame A 838,-27 45x112
[PT] bx1 frame I
[PT] tick 474 enemies=53
[PT] bx0 frame A 230,58 45x111
[PT] bx0 frame I
[PT] bx1 frame A 854,-18 44x111
[PT] bx1 frame I
[PT] tick 475 enemies=53
[PT] bx0 frame A 183,45 43x107
[PT] bx0 frame I
[PT] bx1 frame A 815,-99 49x122
[PT] bx1 frame I
[PT] tick 476 enemies=53
[PT] bx0 frame A 122,94 38x96
[PT] bx0 frame I
[PT] bx1 hide A
[PT] nm1 hide A
[PT] ds1 hide A
[PT] tick 477 enemies=53
[PT] bx0 frame A 48,207 32x80
[PT] bx0 frame I
[PT] tick 478 enemies=53
[PT] bx0 frame A 413,-68 43x107
[PT] bx0 frame I
[PT] nm0 text A Player
[PT] nm0 text I
[PT] ds0 text A 6m
[PT] ds0 text I
[PT] tick 479 enemies=53
[PT] bx0 frame A 423,-63 43x106
[PT] bx0 frame I
[PT] tick 480 enemies=53
[PT] bx0 frame A 417,-47 42x104
[PT] bx0 frame I
[PT] tick 481 enemies=53
[PT] bx0 frame A 817,164 50x124
[PT] bx0 frame I
[PT] ds0 text A 3m
[PT] ds0 text I
[PT] bx1 frame A 399,-5 39x99
[PT] bx1 frame I
[PT] bx1 show A
[PT] nm1 show A
[PT] ds1 show A
[PT] tick 482 enemies=53
[PT] bx0 frame A 818,171 52x130
[PT] bx0 frame I
[PT] bx1 frame A 384,29 38x95
[PT] bx1 frame I
[PT] tick 483 enemies=53
[PT] bx0 frame A 834,172 52x129
[PT] bx0 frame I
[PT] bx1 frame A 391,24 38x95
[PT] bx1 frame I
[PT] tick 484 enemies=53
[PT] bx0 frame A 925,130 52x129
[PT] bx0 frame I
[PT] ds0 text A 4m
[PT] ds0 text I
[PT] bx1 frame A 771,57 55x137
[PT] bx1 frame I
[PT] ds1 text A 4m
[PT] ds1 text I
[PT] bx2 frame A 255,16 40x101
[PT] bx2 frame I
[PT] bx2 show A
[PT] nm2 show A
[PT] ds2 show A
[PT] tick 485 enemies=53
[PT] bx0 frame A 925,142 52x131
[PT] bx0 frame I
[PT] bx1 frame A 808,62 55x136
[PT] bx1 frame I
[PT] bx2 frame A 262,33 40x99
[PT] bx2 frame I
[PT] tick 486 enemies=53
[PT] bx0 frame A 859,96 55x139
[PT] bx0 frame I
[PT] bx1 frame A 303,55 38x96
[PT] bx1 frame I
[PT] ds1 text A 6m
[PT] ds1 text I
[PT] bx2 hide A
[PT] nm2 hide A
[PT] ds2 hide A
[PT] tick 487 enemies=53
[PT] bx0 frame A 914,114 56x140
[PT] bx0 frame I
[PT] ds0 text A 5m
[PT] ds0 text I
[PT] bx1 frame A 322,75 37x94
[PT] bx1 frame I
[PT] tick 488 enemies=53
[PT] bx0 frame A 681,-29 18x46
[PT] bx0 frame I
[PT] ds0 text A 22m
[PT] ds0 text I
[PT] bx1 frame A 334,91 37x92
[PT] bx1 frame I
[PT] tick 489 enemies=53
[PT] bx0 frame A 872,157 55x137
[PT] bx0 frame I
[PT] ds0 text A 4m
[PT] ds0 text I
[PT] bx1 frame A 831,73 51x128
[PT] bx1 frame I
[PT] ds1 text A 5m
[PT] ds1 text I
[PT] bx2 frame A 237,92 39x97
[PT] bx2 frame I
[PT] bx2 show A
[PT] nm2 show A
[PT] ds2 show A
[PT] tick 490 enemies=53
[PT] bx0 frame A 820,133 53x133
[PT] bx0 frame I
[PT] bx1 frame A 774,56 50x125
[PT] bx1 frame I
[PT] bx2 frame A 192,97 40x99
[PT] bx2 frame I
[PT] tick 491 enemies=52
[PT] bx0 frame A 791,109 52x130
[PT] bx0 frame I
[PT] bx1 frame A 744,32 50x124
[PT] bx1 frame I
[PT] bx2 frame A 156,89 41x101
[PT] bx2 frame I
[PT] tick 492 enemies=52
[PT] bx0 frame A 787,96 52x129
[PT] bx0 frame I
[PT] bx1 frame A 740,18 50x125
[PT] bx1 frame I
[PT] bx2 frame A 146,80 41x102
[PT] bx2 frame I
[PT] tick 493 enemies=52
[PT] bx0 frame A 802,92 52x129
[PT] bx0 frame I
[PT] bx1 frame A 776,3 53x132
[PT] bx1 frame I
[PT] bx2 frame A 156,65 41x102
[PT] bx2 frame I
[PT] tick 494 enemies=52
[PT] bx0 frame A 853,122 53x132
[PT] bx0 frame I
[PT] bx1 frame A 860,26 56x140
[PT] bx1 frame I
[PT] bx2 frame A 210,63 40x100
[PT] bx2 frame I
[PT] tick 495 enemies=52
[PT] bx0 frame A 884,147 54x134
[PT] bx0 frame I
[PT] bx1 frame A 907,49 58x144
[PT] bx1 frame I
[PT] bx2 frame A 242,71 39x98
[PT] bx2 frame I
[PT] tick 496 enemies=52
[PT] bx0 frame A 897,141 53x133
[PT] bx0 frame I
[PT] bx1 frame A 246,53 39x98
[PT] bx1 frame I
[PT] ds1 text A 6m
[PT] ds1 text I
[PT] bx2 hide A
[PT] nm2 hide A
[PT] ds2 hide A
[PT] tick 497 enemies=52
[PT] bx0 frame A 279,32 39x98
[PT] bx0 frame I
[PT] ds0 text A 6m
[PT] ds0 text I
[PT] bx1 hide A
[PT] nm1 hide A
[PT] ds1 hide A
[PT] tick 498 enemies=52
[PT] bx0 frame A 315,23 39x98
[PT] bx0 frame I
[PT] tick 499 enemies=52
[PT] bx0 frame A 351,16 39x97
[PT] bx0 frame I
[PT] tick 500 enemies=52
[PT] bx0 frame A 353,7 39x98
[PT] bx0 frame I
[PT] tick 501 enemies=52
[PT] bx0 frame A 351,2 39x99
[PT] bx0 frame I
[PT] tick 502 enemies=52
[PT] bx0 frame A 392,47 37x93
[PT] bx0 frame I
[PT] tick 503 enemies=52
[PT] bx0 frame A 383,55 37x93
[PT] bx0 frame I
[PT] tick 504 enemies=52
[PT] bx0 frame A 371,62 37x93
[PT] bx0 frame I
[PT] tick 505 enemies=52
[PT] bx0 frame A 358,56 37x94
[PT] bx0 frame I
[PT] tick 506 enemies=52
[PT] bx0 frame A 358,54 38x94
[PT] bx0 frame I
[PT] tick 507 enemies=52
[PT] bx0 frame A 354,46 38x94
[PT] bx0 frame I
[PT] tick 508 enemies=52
[PT] bx0 frame A 354,44 38x95
[PT] bx0 frame I
[PT] tick 509 enemies=52
[PT] bx0 frame A 350,39 38x95
[PT] bx0 frame I
[PT] tick 510 enemies=52
[PT] bx0 frame A 346,33 38x96
[PT] bx0 frame I
[PT] tick 511 enemies=52
[PT] bx0 frame A 348,33 38x96
[PT] bx0 frame I
[PT] tick 512 enemies=52
[PT] bx0 frame A 344,22 39x97
[PT] bx0 frame I
[PT] tick 513 enemies=52
[PT] bx0 frame A 346,11 39x98
[PT] bx0 frame I
[PT] tick 514 enemies=52
[PT] bx0 frame A 348,4 39x99
[PT] bx0 frame I
[PT] tick 515 enemies=52
[PT] bx0 frame A 353,-7 40x100
[PT] bx0 frame I
[PT] tick 516 enemies=52
[PT] bx0 frame A 352,-11 40x100
[PT] bx0 frame I
[PT] tick 517 enemies=52
[PT] bx0 frame A 351,-13 40x100
[PT] bx0 frame I
[PT] tick 518 enemies=52
[PT] bx0 frame A 348,-20 41x102
[PT] bx0 frame I
[PT] tick 519 enemies=52
[PT] bx0 frame A 352,-43 42x104
[PT] bx0 frame I
[PT] tick 520 enemies=52
[PT] bx0 frame A 352,-48 42x105
[PT] bx0 frame I
[PT] tick 521 enemies=52
[PT] bx0 frame A 351,-51 42x106
[PT] bx0 frame I
[PT] tick 522 enemies=52
[PT] bx0 frame A 354,-50 42x105
[PT] bx0 frame I
[PT] tick 523 enemies=52
[PT] bx0 frame A 355,-56 43x106
[PT] bx0 frame I
[PT] tick 524 enemies=52
[PT] bx0 frame A 358,-59 43x107
[PT] bx0 frame I
[PT] tick 525 enemies=52
[PT] bx0 frame A 357,-62 43x107
[PT] bx0 frame I
[PT] tick 526 enemies=52
[PT] bx0 frame A 358,-62 43x107
[PT] bx0 frame I
[PT] tick 527 enemies=52
[PT] bx0 frame A 357,-70 43x108
[PT] bx0 frame I
[PT] tick 528 enemies=52
[PT] bx0 frame A 365,-73 44x109
[PT] bx0 frame I
[PT] tick 529 enemies=52
[PT] bx0 frame A 373,-76 44x109
[PT] bx0 frame I
[PT] tick 530 enemies=52
[PT] bx0 frame A 377,-77 44x109
[PT] bx0 frame I
[PT] tick 531 enemies=52
[PT] bx0 frame A 375,-78 44x109
[PT] bx0 frame I
[PT] tick 532 enemies=52
[PT] bx0 frame A 372,-86 44x111
[PT] bx0 frame I
[PT] tick 533 enemies=52
[PT] bx0 frame A 375,-91 45x112
[PT] bx0 frame I
[PT] tick 534 enemies=52
[PT] bx0 frame A 387,-95 45x112
[PT] bx0 frame I
[PT] tick 535 enemies=52
[PT] bx0 frame A 388,-100 45x113
[PT] bx0 frame I
[PT] tick 536 enemies=52
[PT] bx0 frame A 388,-105 46x114
[PT] bx0 frame I
[PT] tick 537 enemies=52
[PT] bx0 frame A 393,-111 46x115
[PT] bx0 frame I
[PT] tick 538 enemies=52
[PT] bx0 frame A 394,-107 46x114
[PT] bx0 frame I
[PT] tick 539 enemies=52
[PT] bx0 frame A 380,-114 46x116
[PT] bx0 frame I
[PT] tick 540 enemies=52
[PT] bx0 frame A 390,-108 46x115
[PT] bx0 frame I
[PT] tick 541 enemies=52
[PT] bx0 frame A 399,-104 45x114
[PT] bx0 frame I
[PT] tick 542 enemies=52
[PT] bx0 frame A 398,-106 46x114
[PT] bx0 frame I
[PT] tick 543 enemies=52
[PT] bx0 frame A 398,-104 45x114
[PT] bx0 frame I
[PT] tick 544 enemies=52
[PT] bx0 frame A 391,-111 46x115
[PT] bx0 frame I
[PT] tick 545 enemies=52
[PT] bx0 hide A
[PT] nm0 hide A
[PT] ds0 hide A
[PT] tick 546 enemies=52
[PT] tick 547 enemies=52
[PT] tick 548 enemies=52
[PT] tick 549 enemies=52
[PT] tick 550 enemies=52
[PT] tick 551 enemies=52
[PT] tick 552 enemies=52
[PT] tick 553 enemies=52
[PT] bx0 frame A 416,-97 45x112
[PT] bx0 frame I
[PT] bx0 show A
[PT] nm0 show A
[PT] ds0 show A
[PT] tick 554 enemies=52
[PT] bx0 frame A 416,-24 40x101
[PT] bx0 frame I
[PT] tick 555 enemies=52
[PT] bx0 frame A 781,-18 19x49
[PT] bx0 frame I
[PT] ds0 text A 22m
[PT] ds0 text I
[PT] bx1 frame A 396,88 36x91
[PT] bx1 frame I
[PT] bx1 show A
[PT] nm1 show A
[PT] ds1 show A
[PT] tick 556 enemies=52
[PT] bx0 frame A 284,82 8x20
[PT] bx0 frame I
[PT] nm0 text A BOT
[PT] nm0 text I
[PT] ds0 text A 43m
[PT] ds0 text I
[PT] bx1 frame A 570,74 6x16
[PT] bx1 frame I
[PT] ds1 text A 54m
[PT] ds1 text I
[PT] bx2 frame A 692,68 6x14
[PT] bx2 frame I
[PT] bx2 show A
[PT] nm2 text A BOT
[PT] nm2 text I
[PT] nm2 show A
[PT] ds2 text A 68m
[PT] ds2 text I
[PT] ds2 show A
[PT] bx3 frame A 35,75 7x16
[PT] bx3 frame I
[PT] bx3 show A
[PT] nm3 show A
[PT] ds3 text A 70m
[PT] ds3 text I
[PT] ds3 show A
[PT] bx4 frame A 730,111 16x41
[PT] bx4 frame I
[PT] bx4 show A
[PT] nm4 text A Player
[PT] nm4 text I
[PT] nm4 show A
[PT] ds4 text A 22m
[PT] ds4 text I
[PT] ds4 show A
[PT] bx5 frame A 123,82 15x38
[PT] bx5 frame I
[PT] bx5 show A
[PT] nm5 show A
[PT] ds5 text A 26m
[PT] ds5 text I
[PT] ds5 show A
[PT] bx6 frame A 510,74 11x26
[PT] bx6 frame I
[PT] bx6 show A
[PT] nm6 show A
[PT] ds6 text A 31m
[PT] ds6 text I
[PT] ds6 show A
[PT] bx7 frame A 246,56 9x21
[PT] bx7 frame I
[PT] bx7 show A
[PT] nm7 show A
[PT] ds7 text A 44m
[PT] ds7 text I
[PT] ds7 show A
[PT] bx8 frame A 584,72 6x15
[PT] bx8 frame I
[PT] bx8 show A
[PT] nm8 show A
[PT] ds8 text A 60m
[PT] ds8 text I
[PT] ds8 show A
[PT] bx9 frame A 385,188 36x91
[PT] bx9 frame I
[PT] bx9 show A
[PT] nm9 show A
[PT] ds9 text A 6m
[PT] ds9 text I
[PT] ds9 show A
[PT] bx10 frame A 359,63 9x23
[PT] bx10 frame I
[PT] bx10 show A
[PT] nm10 show A
[PT] ds10 text A 37m
[PT] ds10 text I
[PT] ds10 show A
[PT] bx11 frame A 390,61 8x20
[PT] bx11 frame I
[PT] bx11 show A
[PT] nm11 show A
[PT] ds11 text A 44m
[PT] ds11 text I
[PT] ds11 show A
[PT] tick 557 enemies=52
[PT] bx0 frame A 189,217 8x21
[PT] bx0 frame I
[PT] bx1 frame A 480,209 6x14
[PT] bx1 frame I
[PT] bx2 frame A 585,204 5x12
[PT] bx2 frame I
[PT] bx3 frame A 627,232 15x37
[PT] bx3 frame I
[PT] ds3 text A 22m
[PT] ds3 text I
[PT] bx4 frame A -3,213 17x42
[PT] bx4 frame I
[PT] ds4 text A 26m
[PT] ds4 text I
[PT] bx5 frame A 426,206 10x24
[PT] bx5 frame I
[PT] ds5 text A 31m
[PT] ds5 text I
[PT] bx6 frame A 149,191 9x22
[PT] bx6 frame I
[PT] ds6 text A 44m
[PT] ds6 text I
[PT] bx7 frame A 492,207 5x13
[PT] bx7 frame I
[PT] ds7 text A 60m
[PT] ds7 text I
[PT] bx8 frame A 312,297 42x105
[PT] bx8 frame I
[PT] ds8 text A 6m
[PT] ds8 text I
[PT] bx9 frame A 271,198 9x23
[PT] bx9 frame I
[PT] ds9 text A 36m
[PT] ds9 text I
[PT] bx10 frame A 306,197 7x19
[PT] bx10 frame I
[PT] ds10 text A 44m
[PT] ds10 text I
[PT] bx11 hide A
[PT] nm11 hide A
[PT] ds11 hide A
[PT] tick 558 enemies=52
[PT] bx0 frame A 159,229 9x22
[PT] bx0 frame I
[PT] bx1 frame A 458,221 6x14
[PT] bx1 frame I
[PT] bx2 frame A 561,215 5x12
[PT] bx2 frame I
[PT] bx3 frame A 604,243 15x36
[PT] bx3 frame I
[PT] bx4 frame A 886,29 3x7
[PT] bx4 frame I
[PT] ds4 text A 159m
[PT] ds4 text I
[PT] bx5 frame A 405,218 10x25
[PT] bx5 frame I
[PT] bx6 frame A 116,202 9x22
[PT] bx6 frame I
[PT] bx7 frame A 470,219 5x13
[PT] bx7 frame I
[PT] bx8 frame A 899,223 7x17
[PT] bx8 frame I
[PT] ds8 text A 64m
[PT] ds8 text I
[PT] bx9 frame A 292,308 44x109
[PT] bx9 frame I
[PT] ds9 text A 6m
[PT] ds9 text I
[PT] bx10 frame A 241,209 9x24
[PT] bx10 frame I
[PT] ds10 text A 36m
[PT] ds10 text I
[PT] bx11 frame A 281,209 8x19
[PT] bx11 frame I
[PT] bx11 show A
[PT] nm11 show A
[PT] ds11 show A
[PT] tick 559 enemies=52
[PT] bx0 frame A 220,244 8x20
[PT] bx0 frame I
[PT] bx1 frame A 504,237 6x15
[PT] bx1 frame I
[PT] bx2 frame A 611,232 5x12
[PT] bx2 frame I
[PT] bx3 frame A 654,260 15x38
[PT] bx3 frame I
[PT] bx4 frame A 41,242 17x42
[PT] bx4 frame I
[PT] ds4 text A 25m
[PT] ds4 text I
[PT] bx5 frame A 450,234 10x25
[PT] bx5 frame I
[PT] bx6 frame A 183,219 8x21
[PT] bx6 frame I
[PT] bx7 frame A 517,236 5x13
[PT] bx7 frame I
[PT] bx8 frame A 331,319 43x108
[PT] bx8 frame I
[PT] ds8 text A 6m
[PT] ds8 text I
[PT] bx9 frame A 288,225 9x23
[PT] bx9 frame I
[PT] ds9 text A 36m
[PT] ds9 text I
[PT] bx10 frame A 332,225 7x18
[PT] bx10 frame I
[PT] ds10 text A 44m
[PT] ds10 text I
[PT] bx11 hide A
[PT] nm11 hide A
[PT] ds11 hide A
[PT] tick 560 enemies=52
[PT] bx0 frame A 243,229 8x20
[PT] bx0 frame I
[PT] bx1 frame A 522,223 6x15
[PT] bx1 frame I
[PT] bx2 frame A 631,218 5x12
[PT] bx2 frame I
[PT] bx3 frame A 674,247 15x38
[PT] bx3 frame I
[PT] bx4 frame A 73,228 16x41
[PT] bx4 frame I
[PT] ds4 text A 24m
[PT] ds4 text I
[PT] bx5 frame A 468,220 10x24
[PT] bx5 frame I
[PT] bx6 frame A 207,205 8x20
[PT] bx6 frame I
[PT] bx7 frame A 535,221 5x13
[PT] bx7 frame I
[PT] bx8 frame A 347,306 42x105
[PT] bx8 frame I
[PT] bx9 frame A 302,211 9x23
[PT] bx9 frame I
[PT] bx10 frame A 351,211 7x18
[PT] bx10 frame I
[PT] tick 561 enemies=52
[PT] bx0 frame A 250,233 8x20
[PT] bx0 frame I
[PT] bx1 frame A 528,227 6x15
[PT] bx1 frame I
[PT] bx2 frame A 638,222 5x12
[PT] bx2 frame I
[PT] bx3 frame A 681,251 15x39
[PT] bx3 frame I
[PT] bx4 frame A 83,232 16x41
[PT] bx4 frame I
[PT] bx5 frame A 474,224 10x24
[PT] bx5 frame I
[PT] bx6 frame A 215,209 8x20
[PT] bx6 frame I
[PT] bx7 frame A 541,226 5x13
[PT] bx7 frame I
[PT] bx8 frame A 352,309 42x105
[PT] bx8 frame I
[PT] bx9 frame A 305,216 9x23
[PT] bx9 frame I
[PT] bx10 frame A 358,215 7x18
[PT] bx10 frame I
[PT] tick 562 enemies=52
[PT] bx0 frame A 245,238 8x20
[PT] bx0 frame I
[PT] bx1 frame A 525,232 6x15
[PT] bx1 frame I
[PT] bx2 frame A 634,227 5x12
[PT] bx2 frame I
[PT] bx3 frame A 677,255 15x39
[PT] bx3 frame I
[PT] bx4 frame A 76,237 17x42
[PT] bx4 frame I
[PT] ds4 text A 23m
[PT] ds4 text I
[PT] bx5 frame A 470,229 10x24
[PT] bx5 frame I
[PT] bx6 frame A 210,214 8x20
[PT] bx6 frame I
[PT] bx7 frame A 537,230 5x13
[PT] bx7 frame I
[PT] bx8 frame A 348,313 42x106
[PT] bx8 frame I
[PT] bx9 frame A 294,220 9x23
[PT] bx9 frame I
[PT] ds9 text A 35m
[PT] ds9 text I
[PT] bx10 frame A 354,220 7x18
[PT] bx10 frame I
[PT] tick 563 enemies=52
[PT] bx0 frame A 216,231 8x20
[PT] bx0 frame I
[PT] bx1 frame A 501,224 6x14
[PT] bx1 frame I
[PT] bx2 frame A 607,219 5x12
[PT] bx2 frame I
[PT] bx3 frame A 649,247 15x38
[PT] bx3 frame I
[PT] bx4 frame A 35,231 18x45
[PT] bx4 frame I
[PT] bx5 frame A 447,221 10x24
[PT] bx5 frame I
[PT] bx6 frame A 178,206 8x21
[PT] bx6 frame I
[PT] bx7 frame A 513,222 5x13
[PT] bx7 frame I
[PT] bx8 frame A 329,308 42x106
[PT] bx8 frame I
[PT] bx9 frame A 262,212 10x24
[PT] bx9 frame I
[PT] bx10 frame A 329,212 7x18
[PT] bx10 frame I
[PT] tick 564 enemies=52
[PT] bx0 frame A 186,220 8x21
[PT] bx0 frame I
[PT] bx1 frame A 477,212 6x14
[PT] bx1 frame I
[PT] bx2 frame A 582,207 5x12
[PT] bx2 frame I
[PT] bx3 frame A 624,235 15x37
[PT] bx3 frame I
[PT] bx4 frame A -11,222 19x48
[PT] bx4 frame I
[PT] bx5 frame A 424,210 10x24
[PT] bx5 frame I
[PT] bx6 frame A 145,194 9x22
[PT] bx6 frame I
[PT] bx7 frame A 490,211 5x13
[PT] bx7 frame I
[PT] bx8 frame A 310,300 42x106
[PT] bx8 frame I
[PT] bx9 frame A 228,201 10x25
[PT] bx9 frame I
[PT] bx10 frame A 303,200 7x19
[PT] bx10 frame I
[PT] tick 565 enemies=52
[PT] bx0 frame A 205,213 8x21
[PT] bx0 frame I
[PT] bx1 frame A 492,206 6x14
[PT] bx1 frame I
[PT] bx2 frame A 598,201 5x12
[PT] bx2 frame I
[PT] bx3 frame A 640,230 15x37
[PT] bx3 frame I
[PT] bx4 frame A 12,216 19x48
[PT] bx4 frame I
[PT] ds4 text A 22m
[PT] ds4 text I
[PT] bx5 frame A 438,204 10x24
[PT] bx5 frame I
[PT] bx6 frame A 166,188 8x21
[PT] bx6 frame I
[PT] bx7 frame A 504,204 5x13
[PT] bx7 frame I
[PT] bx8 frame A 323,294 42x104
[PT] bx8 frame I
[PT] bx9 frame A 243,195 10x25
[PT] bx9 frame I
[PT] bx10 frame A 319,194 7x18
[PT] bx10 frame I
[PT] tick 566 enemies=52
[PT] bx0 frame A 229,206 8x20
[PT] bx0 frame I
[PT] bx1 frame A 511,199 6x15
[PT] bx1 frame I
[PT] bx2 frame A 619,194 5x12
[PT] bx2 frame I
[PT] bx3 frame A 661,224 15x38
[PT] bx3 frame I
[PT] bx4 frame A 34,209 19x47
[PT] bx4 frame I
[PT] bx5 frame A 457,197 10x24
[PT] bx5 frame I
[PT] bx6 frame A 192,181 8x21
[PT] bx6 frame I
[PT] bx7 frame A 524,197 5x13
[PT] bx7 frame I
[PT] bx8 frame A 340,287 41x102
[PT] bx8 frame I
[PT] bx9 frame A 262,188 10x25
[PT] bx9 frame I
[PT] ds9 text A 34m
[PT] ds9 text I
[PT] bx10 frame A 339,187 7x18
[PT] bx10 frame I
[PT] tick 567 enemies=52
[PT] bx0 frame A 221,186 8x20
[PT] bx0 frame I
[PT] bx1 frame A 505,179 6x15
[PT] bx1 frame I
[PT] bx2 frame A 613,173 5x12
[PT] bx2 frame I
[PT] bx3 frame A 654,204 15x37
[PT] bx3 frame I
[PT] bx4 frame A 12,191 19x48
[PT] bx4 frame I
[PT] bx5 frame A 451,177 10x24
[PT] bx5 frame I
[PT] bx6 frame A 183,161 8x21
[PT] bx6 frame I
[PT] bx7 frame A 518,177 5x13
[PT] bx7 frame I
[PT] bx8 frame A 336,271 40x100
[PT] bx8 frame I
[PT] bx9 frame A 250,168 10x25
[PT] bx9 frame I
[PT] bx10 frame A 333,167 7x18
[PT] bx10 frame I
[PT] tick 568 enemies=52
[PT] bx0 frame A 220,186 8x20
[PT] bx0 frame I
[PT] bx2 frame A 612,173 5x12
[PT] bx2 frame I
[PT] bx3 frame A 653,204 15x37
[PT] bx3 frame I
[PT] bx4 frame A -11,191 20x49
[PT] bx4 frame I
[PT] bx6 frame A 181,161 8x21
[PT] bx6 frame I
[PT] bx9 frame A 246,168 10x25
[PT] bx9 frame I
[PT] ds9 text A 33m
[PT] ds9 text I
[PT] bx10 frame A 332,167 7x18
[PT] bx10 frame I
[PT] tick 569 enemies=52
[PT] bx0 frame A 217,185 8x20
[PT] bx0 frame I
[PT] bx1 frame A 502,177 6x15
[PT] bx1 frame I
[PT] bx2 frame A 609,172 5x12
[PT] bx2 frame I
[PT] bx3 frame A 651,203 15x37
[PT] bx3 frame I
[PT] bx4 frame A 448,176 10x24
[PT] bx4 frame I
[PT] ds4 text A 31m
[PT] ds4 text I
[PT] bx5 frame A 178,160 8x21
[PT] bx5 frame I
[PT] ds5 text A 44m
[PT] ds5 text I
[PT] bx6 frame A 515,175 5x13
[PT] bx6 frame I
[PT] ds6 text A 60m
[PT] ds6 text I
[PT] bx7 frame A 333,271 40x100
[PT] bx7 frame I
[PT] ds7 text A 6m
[PT] ds7 text I
[PT] bx8 frame A 240,165 10x26
[PT] bx8 frame I
[PT] ds8 text A 33m
[PT] ds8 text I
[PT] bx9 frame A 329,165 7x18
[PT] bx9 frame I
[PT] ds9 text A 44m
[PT] ds9 text I
[PT] bx10 hide A
[PT] nm10 hide A
[PT] ds10 hide A
[PT] tick 570 enemies=53
[PT] bx0 frame A 225,186 8x20
[PT] bx0 frame I
[PT] bx1 frame A 508,179 6x15
[PT] bx1 frame I
[PT] bx2 frame A 616,173 5x12
[PT] bx2 frame I
[PT] bx3 frame A 657,205 15x37
[PT] bx3 frame I
[PT] bx4 frame A 453,177 10x24
[PT] bx4 frame I
[PT] bx5 frame A 186,161 8x21
[PT] bx5 frame I
[PT] bx6 frame A 520,177 5x13
[PT] bx6 frame I
[PT] bx7 frame A 338,271 40x100
[PT] bx7 frame I
[PT] bx8 frame A 242,165 10x26
[PT] bx8 frame I
[PT] bx9 frame A 335,167 7x18
[PT] bx9 frame I
[PT] tick 571 enemies=53
[PT] bx0 frame A 235,190 8x20
[PT] bx0 frame I
[PT] bx1 frame A 516,183 6x15
[PT] bx1 frame I
[PT] bx2 frame A 625,178 5x12
[PT] bx2 frame I
[PT] bx3 frame A 666,209 15x38
[PT] bx3 frame I
[PT] bx4 frame A 461,181 10x24
[PT] bx4 frame I
[PT] bx5 frame A 197,165 8x21
[PT] bx5 frame I
[PT] bx6 frame A 529,181 5x13
[PT] bx6 frame I
[PT] bx7 frame A 344,274 40x100
[PT] bx7 frame I
[PT] bx8 frame A 250,170 10x26
[PT] bx8 frame I
[PT] ds8 text A 32m
[PT] ds8 text I
[PT] bx9 frame A 344,171 7x18
[PT] bx9 frame I
[PT] tick 572 enemies=53
[PT] bx0 frame A 238,198 8x20
[PT] bx0 frame I
[PT] bx1 frame A 519,191 6x15
[PT] bx1 frame I
[PT] bx2 frame A 628,186 5x12
[PT] bx2 frame I
[PT] bx3 frame A 669,216 15x38
[PT] bx3 frame I
[PT] bx4 frame A 464,189 10x24
[PT] bx4 frame I
[PT] bx5 frame A 201,173 8x20
[PT] bx5 frame I
[PT] bx6 frame A 532,189 5x13
[PT] bx6 frame I
[PT] bx7 frame A 346,280 40x101
[PT] bx7 frame I
[PT] bx8 frame A 250,175 11x26
[PT] bx8 frame I
[PT] bx9 frame A 347,179 7x18
[PT] bx9 frame I
[PT] tick 573 enemies=53
[PT] bx0 frame A 239,203 8x20
[PT] bx0 frame I
[PT] bx1 frame A 519,196 6x15
[PT] bx1 frame I
[PT] bx2 frame A 628,191 5x12
[PT] bx2 frame I
[PT] bx3 frame A 670,221 15x38
[PT] bx3 frame I
[PT] bx4 frame A 465,194 10x24
[PT] bx4 frame I
[PT] bx5 frame A 202,178 8x20
[PT] bx5 frame I
[PT] bx6 frame A 532,194 5x13
[PT] bx6 frame I
[PT] bx7 frame A 346,284 40x101
[PT] bx7 frame I
[PT] bx8 frame A 246,179 11x27
[PT] bx8 frame I
[PT] bx9 frame A 348,184 7x18
[PT] bx9 frame I
[PT] tick 574 enemies=53
[PT] bx0 frame A 247,207 8x20
[PT] bx0 frame I
[PT] bx1 frame A 525,201 6x15
[PT] bx1 frame I
[PT] bx2 frame A 635,196 5x12
[PT] bx2 frame I
[PT] bx3 frame A 677,226 15x38
[PT] bx3 frame I
[PT] bx4 frame A 471,198 10x24
[PT] bx4 frame I
[PT] bx5 frame A 210,183 8x20
[PT] bx5 frame I
[PT] bx6 frame A 538,199 5x13
[PT] bx6 frame I
[PT] bx7 frame A 351,288 41x101
[PT] bx7 frame I
[PT] bx8 frame A 250,184 11x27
[PT] bx8 frame I
[PT] ds8 text A 31m
[PT] ds8 text I
[PT] bx9 frame A 354,189 7x18
[PT] bx9 frame I
[PT] tick 575 enemies=53
[PT] bx0 frame A 275,217 8x19
[PT] bx0 frame I
[PT] bx1 frame A 550,212 6x15
[PT] bx1 frame I
[PT] bx2 frame A 663,207 5x13
[PT] bx2 frame I
[PT] bx3 frame A 26,213 6x16
[PT] bx3 frame I
[PT] ds3 text A 70m
[PT] ds3 text I
[PT] bx4 frame A 705,237 16x39
[PT] bx4 frame I
[PT] ds4 text A 22m
[PT] ds4 text I
[PT] bx5 frame A 5,228 19x48
[PT] bx5 frame I
[PT] ds5 text A 22m
[PT] ds5 text I
[PT] bx6 frame A 494,209 10x24
[PT] bx6 frame I
[PT] ds6 text A 31m
[PT] ds6 text I
[PT] bx7 frame A 241,194 8x20
[PT] bx7 frame I
[PT] ds7 text A 44m
[PT] ds7 text I
[PT] bx8 frame A 563,210 5x13
[PT] bx8 frame I
[PT] ds8 text A 60m
[PT] ds8 text I
[PT] bx9 frame A 370,296 41x102
[PT] bx9 frame I
[PT] ds9 text A 6m
[PT] ds9 text I
[PT] bx10 frame A 272,193 11x27
[PT] bx10 frame I
[PT] bx10 show A
[PT] nm10 show A
[PT] ds10 text A 31m
[PT] ds10 text I
[PT] ds10 show A
[PT] bx11 frame A 379,199 7x18
[PT] bx11 frame I
[PT] bx11 show A
[PT] nm11 show A
[PT] ds11 show A
[PT] tick 576 enemies=53
[PT] bx0 frame A 311,225 8x19
[PT] bx0 frame I
[PT] bx1 frame A 584,220 6x15
[PT] bx1 frame I
[PT] bx2 frame A 703,215 5x13
[PT] bx2 frame I
[PT] bx3 frame A 84,220 6x15
[PT] bx3 frame I
[PT] bx4 frame A 747,247 16x41
[PT] bx4 frame I
[PT] bx5 frame A 62,234 18x45
[PT] bx5 frame I
[PT] bx6 frame A 526,217 10x25
[PT] bx6 frame I
[PT] bx7 frame A 279,202 8x19
[PT] bx7 frame I
[PT] bx8 frame A 597,218 5x14
[PT] bx8 frame I
[PT] bx9 frame A 396,301 41x102
[PT] bx9 frame I
[PT] bx10 frame A 304,201 11x26
[PT] bx10 frame I
[PT] bx11 frame A 412,207 7x18
[PT] bx11 frame I
[PT] tick 577 enemies=53
[PT] bx0 frame A 321,228 7x19
[PT] bx0 frame I
[PT] bx1 frame A -8,237 11x29
[PT] bx1 frame I
[PT] ds1 text A 39m
[PT] ds1 text I
[PT] bx2 frame A 593,224 6x15
[PT] bx2 frame I
[PT] nm2 text A Player
[PT] nm2 text I
[PT] ds2 text A 54m
[PT] ds2 text I
[PT] bx3 frame A 714,219 5x13
[PT] bx3 frame I
[PT] nm3 text A BOT
[PT] nm3 text I
[PT] ds3 text A 68m
[PT] ds3 text I
[PT] bx4 frame A 99,223 6x14
[PT] bx4 frame I
[PT] ds4 text A 70m
[PT] ds4 text I
[PT] bx5 frame A 759,250 17x42
[PT] bx5 frame I
[PT] bx6 frame A 77,237 18x44
[PT] bx6 frame I
[PT] ds6 text A 22m
[PT] ds6 text I
[PT] bx7 frame A 534,220 10x25
[PT] bx7 frame I
[PT] ds7 text A 31m
[PT] ds7 text I
[PT] bx8 frame A 289,205 8x19
[PT] bx8 frame I
[PT] ds8 text A 44m
[PT] ds8 text I
[PT] bx9 frame A 607,222 5x14
[PT] bx9 frame I
[PT] ds9 text A 60m
[PT] ds9 text I
[PT] bx10 frame A 403,304 41x102
[PT] bx10 frame I
[PT] ds10 text A 6m
[PT] ds10 text I
[PT] bx11 frame A 309,205 11x27
[PT] bx11 frame I
[PT] ds11 text A 30m
[PT] ds11 text I
[PT] bx12 frame A 421,211 7x18
[PT] bx12 frame I
[PT] bx12 show A
[PT] nm12 show A
[PT] ds12 text A 44m
[PT] ds12 text I
[PT] ds12 show A
[PT] tick 578 enemies=53
[PT] bx0 frame A 332,225 7x19
[PT] bx0 frame I
[PT] bx1 frame A 13,233 11x28
[PT] bx1 frame I
[PT] bx2 frame A 605,220 6x15
[PT] bx2 frame I
[PT] bx3 frame A 728,216 5x13
[PT] bx3 frame I
[PT] bx4 frame A 116,219 6x14
[PT] bx4 frame I
[PT] bx5 frame A 773,248 17x42
[PT] bx5 frame I
[PT] bx6 frame A 94,233 17x43
[PT] bx6 frame I
[PT] bx7 frame A 545,217 10x25
[PT] bx7 frame I
[PT] bx8 frame A 301,202 8x19
[PT] bx8 frame I
[PT] bx9 frame A 619,218 5x14
[PT] bx9 frame I
[PT] bx10 frame A 411,300 40x101
[PT] bx10 frame I
[PT] bx11 frame A 317,201 11x27
[PT] bx11 frame I
[PT] bx12 frame A 431,207 7x18
[PT] bx12 frame I
[PT] tick 579 enemies=53
[PT] bx0 frame A 330,218 8x21
[PT] bx0 frame I
[PT] bx1 frame A 635,214 7x17
[PT] bx1 frame I
[PT] ds1 text A 54m
[PT] ds1 text I
[PT] bx2 frame A 775,209 6x15
[PT] bx2 frame I
[PT] nm2 text A BOT
[PT] nm2 text I
[PT] ds2 text A 68m
[PT] ds2 text I
[PT] bx3 frame A 100,212 6x15
[PT] bx3 frame I
[PT] nm3 text A Player
[PT] nm3 text I
[PT] ds3 text A 70m
[PT] ds3 text I
[PT] bx4 frame A 848,245 21x51
[PT] bx4 frame I
[PT] ds4 text A 22m
[PT] ds4 text I
[PT] bx5 frame A 42,226 20x50
[PT] bx5 frame I
[PT] bx6 frame A 568,209 11x28
[PT] bx6 frame I
[PT] ds6 text A 31m
[PT] ds6 text I
[PT] bx7 frame A 295,193 8x21
[PT] bx7 frame I
[PT] ds7 text A 44m
[PT] ds7 text I
[PT] bx8 frame A 651,212 6x15
[PT] bx8 frame I
[PT] ds8 text A 60m
[PT] ds8 text I
[PT] bx9 frame A 385,319 56x141
[PT] bx9 frame I
[PT] ds9 text A 6m
[PT] ds9 text I
[PT] bx10 frame A 301,194 12x31
[PT] bx10 frame I
[PT] ds10 text A 30m
[PT] ds10 text I
[PT] bx11 frame A 440,199 8x20
[PT] bx11 frame I
[PT] ds11 text A 44m
[PT] ds11 text I
[PT] bx12 hide A
[PT] nm12 hide A
[PT] ds12 hide A
[PT] tick 580 enemies=53
[PT] bx0 frame A 320,218 9x23
[PT] bx0 frame I
[PT] bx1 frame A 663,213 8x19
[PT] bx1 frame I
[PT] bx2 frame A 823,208 7x17
[PT] bx2 frame I
[PT] bx3 frame A 64,211 7x17
[PT] bx3 frame I
[PT] bx4 frame A 907,249 23x58
[PT] bx4 frame I
[PT] bx5 frame A 0,227 22x56
[PT] bx5 frame I
[PT] bx6 frame A 588,208 13x32
[PT] bx6 frame I
[PT] bx7 frame A 281,189 9x23
[PT] bx7 frame I
[PT] bx8 frame A 681,211 7x17
[PT] bx8 frame I
[PT] bx9 frame A 382,331 63x158
[PT] bx9 frame I
[PT] bx10 frame A 280,192 14x35
[PT] bx10 frame I
[PT] ds10 text A 29m
[PT] ds10 text I
[PT] bx11 frame A 443,197 9x22
[PT] bx11 frame I
[PT] tick 581 enemies=53
[PT] bx0 frame A 313,222 10x25
[PT] bx0 frame I
[PT] bx1 frame A 690,217 8x21
[PT] bx1 frame I
[PT] bx2 frame A 867,210 8x19
[PT] bx2 frame I
[PT] bx3 frame A 36,214 7x19
[PT] bx3 frame I
[PT] bx4 frame A 607,211 14x35
[PT] bx4 frame I
[PT] ds4 text A 31m
[PT] ds4 text I
[PT] bx5 frame A 272,190 10x25
[PT] bx5 frame I
[PT] ds5 text A 44m
[PT] ds5 text I
[PT] bx6 frame A 710,214 8x19
[PT] bx6 frame I
[PT] ds6 text A 60m
[PT] ds6 text I
[PT] bx7 frame A 381,345 69x174
[PT] bx7 frame I
[PT] ds7 text A 6m
[PT] ds7 text I
[PT] bx8 frame A 261,195 16x39
[PT] bx8 frame I
[PT] ds8 text A 29m
[PT] ds8 text I
[PT] bx9 frame A 448,198 10x24
[PT] bx9 frame I
[PT] ds9 text A 44m
[PT] ds9 text I
[PT] bx10 hide A
[PT] nm10 hide A
[PT] ds10 hide A
[PT] bx11 hide A
[PT] nm11 hide A
[PT] ds11 hide A
[PT] tick 582 enemies=53
[PT] bx0 frame A 311,224 11x27
[PT] bx0 frame I
[PT] bx1 frame A 711,218 9x22
[PT] bx1 frame I
[PT] bx2 frame A 900,212 8x20
[PT] bx2 frame I
[PT] bx3 frame A 20,216 8x20
[PT] bx3 frame I
[PT] bx4 frame A 622,212 15x37
[PT] bx4 frame I
[PT] bx5 frame A 267,191 11x27
[PT] bx5 frame I
[PT] bx6 frame A 732,216 8x20
[PT] bx6 frame I
[PT] bx7 frame A 382,355 74x184
[PT] bx7 frame I
[PT] bx8 frame A 249,196 17x41
[PT] bx8 frame I
[PT] bx9 frame A 454,199 10x26
[PT] bx9 frame I
[PT] tick 583 enemies=53
[PT] bx0 frame A 310,226 11x27
[PT] bx0 frame I
[PT] bx1 frame A 719,221 9x23
[PT] bx1 frame I
[PT] bx2 frame A 913,214 8x21
[PT] bx2 frame I
[PT] bx3 frame A 14,218 8x20
[PT] bx3 frame I
[PT] bx4 frame A 628,215 15x38
[PT] bx4 frame I
[PT] bx5 frame A 266,193 11x27
[PT] bx5 frame I
[PT] bx6 frame A 740,218 8x21
[PT] bx6 frame I
[PT] bx7 frame A 383,360 75x188
[PT] bx7 frame I
[PT] bx8 frame A 239,200 17x43
[PT] bx8 frame I
[PT] ds8 text A 28m
[PT] ds8 text I
[PT] bx9 frame A 456,201 11x26
[PT] bx9 frame I
[PT] tick 584 enemies=53
[PT] bx0 frame A 309,224 11x27
[PT] bx0 frame I
[PT] bx1 frame A 718,219 9x23
[PT] bx1 frame I
[PT] bx2 frame A 911,212 8x21
[PT] bx2 frame I
[PT] bx3 frame A 13,216 8x20
[PT] bx3 frame I
[PT] bx4 frame A 627,213 15x38
[PT] bx4 frame I
[PT] bx5 frame A 265,191 11x27
[PT] bx5 frame I
[PT] bx6 frame A 739,216 8x21
[PT] bx6 frame I
[PT] bx7 frame A 382,358 75x188
[PT] bx7 frame I
[PT] bx8 frame A 228,200 17x44
[PT] bx8 frame I
[PT] bx9 frame A 455,199 11x26
[PT] bx9 frame I
[PT] tick 585 enemies=53
[PT] bx0 frame A 308,223 11x27
[PT] bx0 frame I
[PT] bx1 frame A 716,217 9x23
[PT] bx1 frame I
[PT] bx2 frame A 910,211 8x20
[PT] bx2 frame I
[PT] bx3 frame A 11,215 8x20
[PT] bx3 frame I
[PT] bx4 frame A 626,211 15x38
[PT] bx4 frame I
[PT] bx5 frame A 263,189 11x27
[PT] bx5 frame I
[PT] bx6 frame A 738,215 8x21
[PT] bx6 frame I
[PT] bx7 frame A 381,356 75x188
[PT] bx7 frame I
[PT] bx8 frame A 217,200 18x44
[PT] bx8 frame I
[PT] bx9 frame A 454,197 11x26
[PT] bx9 frame I
[PT] tick 586 enemies=53
[PT] bx0 frame A 304,220 11x27
[PT] bx0 frame I
[PT] bx1 frame A 712,215 9x23
[PT] bx1 frame I
[PT] bx2 frame A 904,208 8x20
[PT] bx2 frame I
[PT] bx3 frame A 5,212 8x20
[PT] bx3 frame I
[PT] bx4 frame A 621,209 15x38
[PT] bx4 frame I
[PT] bx5 frame A 259,186 11x28
[PT] bx5 frame I
[PT] bx6 frame A 733,212 8x21
[PT] bx6 frame I
[PT] bx7 frame A 446,179 28x71
[PT] bx7 frame I
[PT] nm7 text A BOT
[PT] nm7 text I
[PT] ds7 text A 16m
[PT] ds7 text I
[PT] bx8 frame A 377,354 75x187
[PT] bx8 frame I
[PT] ds8 text A 6m
[PT] ds8 text I
[PT] bx9 frame A 206,198 18x45
[PT] bx9 frame I
[PT] ds9 text A 28m
[PT] ds9 text I
[PT] bx10 frame A 450,195 11x26
[PT] bx10 frame I
[PT] bx10 show A
[PT] nm10 show A
[PT] ds10 text A 44m
[PT] ds10 text I
[PT] ds10 show A
[PT] tick 587 enemies=53
[PT] bx0 frame A 307,218 11x27
[PT] bx0 frame I
[PT] bx1 frame A 716,213 9x23
[PT] bx1 frame I
[PT] bx2 frame A 909,206 8x20
[PT] bx2 frame I
[PT] bx3 frame A 10,210 8x20
[PT] bx3 frame I
[PT] bx4 frame A 625,207 15x38
[PT] bx4 frame I
[PT] bx5 frame A 263,184 11x27
[PT] bx5 frame I
[PT] bx6 frame A 737,210 8x21
[PT] bx6 frame I
[PT] bx7 frame A 459,199 9x23
[PT] bx7 frame I
[PT] ds7 text A 49m
[PT] ds7 text I
[PT] bx8 frame A 380,352 75x187
[PT] bx8 frame I
[PT] bx9 frame A 198,198 18x45
[PT] bx9 frame I
[PT] ds9 text A 27m
[PT] ds9 text I
[PT] bx10 frame A 453,193 11x26
[PT] bx10 frame I
[PT] tick 588 enemies=53
[PT] bx0 frame A 311,221 11x27
[PT] bx0 frame I
[PT] bx1 frame A 719,215 9x23
[PT] bx1 frame I
[PT] bx2 frame A 913,209 8x21
[PT] bx2 frame I
[PT] bx3 frame A 14,213 8x20
[PT] bx3 frame I
[PT] bx4 frame A 628,209 15x38
[PT] bx4 frame I
[PT] bx5 frame A 266,187 11x27
[PT] bx5 frame I
[PT] bx6 frame A 741,213 8x21
[PT] bx6 frame I
[PT] bx7 frame A 460,200 11x26
[PT] bx7 frame I
[PT] ds7 text A 44m
[PT] ds7 text I
[PT] bx8 frame A 383,355 75x188
[PT] bx8 frame I
[PT] bx9 frame A 192,202 18x46
[PT] bx9 frame I
[PT] bx10 frame A 456,195 11x26
[PT] bx10 frame I
[PT] tick 589 enemies=52
[PT] bx0 frame A 311,223 11x27
[PT] bx0 frame I
[PT] bx1 frame A 720,217 9x23
[PT] bx1 frame I
[PT] bx2 frame A 914,211 8x21
[PT] bx2 frame I
[PT] bx3 frame A 15,214 8x20
[PT] bx3 frame I
[PT] bx4 frame A 629,211 15x38
[PT] bx4 frame I
[PT] bx5 frame A 267,189 11x27
[PT] bx5 frame I
[PT] bx6 frame A 742,215 8x21
[PT] bx6 frame I
[PT] bx7 frame A 459,198 11x26
[PT] bx7 frame I
[PT] bx8 frame A 186,206 19x47
[PT] bx8 frame I
[PT] ds8 text A 27m
[PT] ds8 text I
[PT] bx9 frame A 457,197 11x26
[PT] bx9 frame I
[PT] ds9 text A 44m
[PT] ds9 text I
[PT] bx10 hide A
[PT] nm10 hide A
[PT] ds10 hide A
[PT] tick 590 enemies=53
[PT] bx0 frame A 307,223 11x27
[PT] bx0 frame I
[PT] bx1 frame A 716,218 9x23
[PT] bx1 frame I
[PT] bx2 frame A 909,211 8x20
[PT] bx2 frame I
[PT] bx3 frame A 10,215 8x20
[PT] bx3 frame I
[PT] bx4 frame A 625,212 15x38
[PT] bx4 frame I
[PT] bx5 frame A 263,190 11x27
[PT] bx5 frame I
[PT] bx6 frame A 737,215 8x21
[PT] bx6 frame I
[PT] bx7 frame A 453,194 15x36
[PT] bx7 frame I
[PT] ds7 text A 32m
[PT] ds7 text I
[PT] bx8 frame A 380,357 75x188
[PT] bx8 frame I
[PT] ds8 text A 6m
[PT] ds8 text I
[PT] bx9 frame A 169,207 19x48
[PT] bx9 frame I
[PT] ds9 text A 26m
[PT] ds9 text I
[PT] bx10 frame A 453,198 11x26
[PT] bx10 frame I
[PT] bx10 show A
[PT] nm10 show A
[PT] ds10 show A
[PT] tick 591 enemies=52
[PT] bx0 frame A 307,227 11x27
[PT] bx0 frame I
[PT] bx1 frame A 715,221 9x23
[PT] bx1 frame I
[PT] bx2 frame A 908,215 8x20
[PT] bx2 frame I
[PT] bx3 frame A 9,219 8x20
[PT] bx3 frame I
[PT] bx4 frame A 625,215 15x38
[PT] bx4 frame I
[PT] bx5 frame A 262,193 11x27
[PT] bx5 frame I
[PT] bx6 frame A 737,219 8x21
[PT] bx6 frame I
[PT] bx7 frame A 453,198 15x36
[PT] bx7 frame I
[PT] bx8 frame A 156,211 19x48
[PT] bx8 frame I
[PT] ds8 text A 26m
[PT] ds8 text I
[PT] bx9 frame A 452,201 11x26
[PT] bx9 frame I
[PT] ds9 text A 44m
[PT] ds9 text I
[PT] bx10 hide A
[PT] nm10 hide A
[PT] ds10 hide A
[PT] tick 592 enemies=52
[PT] bx0 frame A 307,228 11x27
[PT] bx0 frame I
[PT] bx1 frame A 715,222 9x23
[PT] bx1 frame I
[PT] bx2 frame A 908,216 8x20
[PT] bx2 frame I
[PT] bx3 frame A 9,220 8x20
[PT] bx3 frame I
[PT] bx4 frame A 624,216 15x38
[PT] bx4 frame I
[PT] bx5 frame A 262,194 11x27
[PT] bx5 frame I
[PT] bx6 frame A 736,220 8x21
[PT] bx6 frame I
[PT] bx7 frame A 455,203 11x26
[PT] bx7 frame I
[PT] ds7 text A 44m
[PT] ds7 text I
[PT] bx8 frame A 147,212 20x49
[PT] bx8 frame I
[PT] bx9 frame A 452,202 11x26
[PT] bx9 frame I
[PT] tick 593 enemies=52
[PT] bx0 frame A 305,227 11x27
[PT] bx0 frame I
[PT] bx1 frame A 713,221 9x23
[PT] bx1 frame I
[PT] bx2 frame A 905,215 8x20
[PT] bx2 frame I
[PT] bx3 frame A 6,219 8x20
[PT] bx3 frame I
[PT] bx4 frame A 623,215 15x38
[PT] bx4 frame I
[PT] bx5 frame A 260,193 11x28
[PT] bx5 frame I
[PT] bx6 frame A 735,219 8x21
[PT] bx6 frame I
[PT] bx7 frame A 453,202 11x26
[PT] bx7 frame I
[PT] bx8 frame A 137,212 20x50
[PT] bx8 frame I
[PT] bx9 frame A 451,202 11x26
[PT] bx9 frame I
[PT] tick 594 enemies=52
[PT] bx0 frame A 306,226 11x27
[PT] bx0 frame I
[PT] bx1 frame A 714,221 9x23
[PT] bx1 frame I
[PT] bx2 frame A 907,214 8x20
[PT] bx2 frame I
[PT] bx3 frame A 8,218 8x20
[PT] bx3 frame I
[PT] bx4 frame A 624,215 15x38
[PT] bx4 frame I
[PT] bx5 frame A 261,193 11x27
[PT] bx5 frame I
[PT] bx6 frame A 736,218 8x21
[PT] bx6 frame I
[PT] bx7 frame A 454,202 11x26
[PT] bx7 frame I
[PT] bx8 frame A 124,217 20x51
[PT] bx8 frame I
[PT] bx9 frame A 452,201 11x26
[PT] bx9 frame I
[PT] tick 595 enemies=52
[PT] bx0 frame A 306,225 11x27
[PT] bx0 frame I
[PT] bx1 frame A 714,220 9x23
[PT] bx1 frame I
[PT] bx2 frame A 907,213 8x20
[PT] bx2 frame I
[PT] bx3 frame A 8,217 8x20
[PT] bx3 frame I
[PT] bx4 frame A 624,214 15x38
[PT] bx4 frame I
[PT] bx5 frame A 262,191 11x27
[PT] bx5 frame I
[PT] bx6 frame A 736,217 8x21
[PT] bx6 frame I
[PT] bx7 frame A 455,201 11x26
[PT] bx7 frame I
[PT] bx8 frame A 116,216 20x51
[PT] bx8 frame I
[PT] ds8 text A 25m
[PT] ds8 text I
[PT] bx9 frame A 452,200 11x26
[PT] bx9 frame I
[PT] tick 596 enemies=52
[PT] bx0 frame A 305,224 11x27
[PT] bx0 frame I
[PT] bx1 frame A 713,219 9x23
[PT] bx1 frame I
[PT] bx2 frame A 906,212 8x20
[PT] bx2 frame I
[PT] bx3 frame A 7,216 8x20
[PT] bx3 frame I
[PT] bx4 frame A 623,213 15x38
[PT] bx4 frame I
[PT] bx5 frame A 261,190 11x27
[PT] bx5 frame I
[PT] bx6 frame A 735,216 8x21
[PT] bx6 frame I
[PT] bx7 frame A 454,200 11x26
[PT] bx7 frame I
[PT] bx8 frame A 99,216 21x52
[PT] bx8 frame I
[PT] bx9 frame A 451,199 11x26
[PT] bx9 frame I
[PT] tick 597 enemies=52
[PT] bx0 frame A 310,222 11x27
[PT] bx0 frame I
[PT] bx1 frame A 718,216 9x23
[PT] bx1 frame I
[PT] bx2 frame A 912,210 8x21
[PT] bx2 frame I
[PT] bx3 frame A 13,213 8x20
[PT] bx3 frame I
[PT] bx4 frame A 628,210 15x38
[PT] bx4 frame I
[PT] bx5 frame A 265,188 11x27
[PT] bx5 frame I
[PT] bx6 frame A 740,214 8x21
[PT] bx6 frame I
[PT] bx7 frame A 462,200 10x24
[PT] bx7 frame I
[PT] ds7 text A 48m
[PT] ds7 text I
[PT] bx8 frame A 92,216 21x53
[PT] bx8 frame I
[PT] bx9 frame A 455,196 11x26
[PT] bx9 frame I
[PT] tick 598 enemies=52
[PT] bx0 frame A 306,228 11x27
[PT] bx0 frame I
[PT] bx1 frame A 714,223 9x23
[PT] bx1 frame I
[PT] bx2 frame A 907,216 8x20
[PT] bx2 frame I
[PT] bx3 frame A 8,220 8x20
[PT] bx3 frame I
[PT] bx4 frame A 624,217 15x38
[PT] bx4 frame I
[PT] bx5 frame A 261,195 11x27
[PT] bx5 frame I
[PT] bx6 frame A 736,220 8x21
[PT] bx6 frame I
[PT] bx7 frame A 461,213 5x12
[PT] bx7 frame I
[PT] ds7 text A 99m
[PT] ds7 text I
[PT] bx8 frame A 77,223 22x54
[PT] bx8 frame I
[PT] bx9 frame A 452,203 11x26
[PT] bx9 frame I
[PT] tick 599 enemies=51
[PT] bx0 frame A 311,229 11x27
[PT] bx0 frame I
[PT] bx1 frame A 720,223 9x23
[PT] bx1 frame I
[PT] bx2 frame A 914,217 8x21
[PT] bx2 frame I
[PT] bx3 frame A 15,221 8x20
[PT] bx3 frame I
[PT] bx4 frame A 629,217 15x38
[PT] bx4 frame I
[PT] bx5 frame A 266,195 11x27
[PT] bx5 frame I
[PT] bx6 frame A 741,221 8x21
[PT] bx6 frame I
[PT] bx7 frame A 454,209 4x9
[PT] bx7 frame I
[PT] ds7 text A 128m
[PT] ds7 text I
[PT] bx8 frame A 456,203 11x26
[PT] bx8 frame I
[PT] ds8 text A 44m
[PT] ds8 text I
[PT] bx9 hide A
[PT] nm9 hide A
[PT] ds9 hide A
[PT] tick 600 enemies=52
00:59:35.207  [PE] 投影自检：中心=(463,214) 前方点->(463,214) 自身->(508,329)（前方点须≈中心；自身应在中下方——偏差方向告诉我即可修）
[PT] bx0 frame A 276,27 40x99
[PT] bx0 frame I
[PT] nm0 text A Player
[PT] nm0 text I
[PT] ds0 text A 6m
[PT] ds0 text I
[PT] bx1 hide A
[PT] nm1 hide A
[PT] ds1 hide A
[PT] bx2 hide A
[PT] nm2 hide A
[PT] ds2 hide A
[PT] bx3 hide A
[PT] nm3 hide A
[PT] ds3 hide A
[PT] bx4 hide A
[PT] nm4 hide A
[PT] ds4 hide A
[PT] bx5 hide A
[PT] nm5 hide A
[PT] ds5 hide A
[PT] bx6 hide A
[PT] nm6 hide A
[PT] ds6 hide A
[PT] bx7 hide A
[PT] nm7 hide A
[PT] ds7 hide A
[PT] bx8 hide A
[PT] nm8 hide A
[PT] ds8 hide A
00:59:35.223  [PE] 绘制诊断：actors=52 w2s=37 onscreen=1 visibleViews=1
[PT] tick 601 enemies=52
[PT] bx0 frame A 274,26 40x99
[PT] bx0 frame I
[PT] tick 602 enemies=52
[PT] bx0 frame A 298,42 39x97
[PT] bx0 frame I
[PT] tick 603 enemies=52
[PT] bx0 frame A 350,41 38x95
[PT] bx0 frame I
[PT] tick 604 enemies=52
[PT] bx0 frame A 429,-3 39x98
[PT] bx0 frame I
[PT] tick 605 enemies=52
[PT] bx0 frame A 32,261 40x100
[PT] bx0 frame I
[PT] nm0 text A BOT
[PT] nm0 text I
[PT] ds0 text A 4m
[PT] ds0 text I
[PT] bx1 frame A 543,-12 40x100
[PT] bx1 frame I
[PT] bx1 show A
[PT] nm1 show A
[PT] ds1 text A 6m
[PT] ds1 text I
[PT] ds1 show A
[PT] tick 606 enemies=52
[PT] bx0 frame A 138,163 44x110
[PT] bx0 frame I
[PT] bx1 frame A 677,-2 41x103
[PT] bx1 frame I
[PT] tick 607 enemies=52
[PT] bx0 frame A 214,117 45x113
[PT] bx0 frame I
[PT] bx1 frame A 787,30 42x105
[PT] bx1 frame I
[PT] tick 608 enemies=52
[PT] bx0 frame A 263,124 46x115
[PT] bx0 frame I
[PT] bx1 frame A 851,90 42x105
[PT] bx1 frame I
[PT] tick 609 enemies=52
[PT] bx0 frame A 252,158 47x119
[PT] bx0 frame I
[PT] bx1 frame A 818,116 42x104
[PT] bx1 frame I
[PT] tick 610 enemies=52
[PT] bx0 frame A 239,164 48x119
[PT] bx0 frame I
[PT] bx1 frame A 797,111 41x103
[PT] bx1 frame I
[PT] tick 611 enemies=52
[PT] bx0 frame A 243,181 49x122
[PT] bx0 frame I
[PT] bx1 frame A 798,136 41x103
[PT] bx1 frame I
[PT] tick 612 enemies=52
[PT] bx0 frame A 876,8 11x27
[PT] bx0 frame I
[PT] ds0 text A 43m
[PT] ds0 text I
[PT] bx1 frame A 557,1 10x24
[PT] bx1 frame I
[PT] ds1 text A 39m
[PT] ds1 text I
[PT] bx2 frame A 254,210 51x128
[PT] bx2 frame I
[PT] bx2 show A
[PT] nm2 show A
[PT] ds2 text A 4m
[PT] ds2 text I
[PT] ds2 show A
[PT] bx3 frame A 452,-6 8x20
[PT] bx3 frame I
[PT] bx3 show A
[PT] nm3 text A BOT
[PT] nm3 text I
[PT] nm3 show A
[PT] ds3 text A 47m
[PT] ds3 text I
[PT] ds3 show A
[PT] bx4 frame A 639,-14 6x15
[PT] bx4 frame I
[PT] bx4 show A
[PT] nm4 show A
[PT] ds4 text A 70m
[PT] ds4 text I
[PT] ds4 show A
[PT] bx5 frame A 282,2 15x39
[PT] bx5 frame I
[PT] bx5 show A
[PT] nm5 show A
[PT] ds5 text A 24m
[PT] ds5 text I
[PT] ds5 show A
[PT] bx6 frame A 423,7 11x28
[PT] bx6 frame I
[PT] bx6 show A
[PT] nm6 show A
[PT] ds6 text A 33m
[PT] ds6 text I
[PT] ds6 show A
[PT] bx7 frame A 810,179 43x107
[PT] bx7 frame I
[PT] bx7 show A
[PT] nm7 text A Player
[PT] nm7 text I
[PT] nm7 show A
[PT] ds7 text A 6m
[PT] ds7 text I
[PT] ds7 show A
[PT] bx8 frame A 352,-7 12x30
[PT] bx8 frame I
[PT] bx8 show A
[PT] nm8 show A
[PT] ds8 text A 31m
[PT] ds8 text I
[PT] ds8 show A
[PT] tick 613 enemies=52
[PT] bx0 frame A 868,127 10x24
[PT] bx0 frame I
[PT] bx1 frame A 129,108 5x11
[PT] bx1 frame I
[PT] nm1 text A BOT
[PT] nm1 text I
[PT] ds1 text A 90m
[PT] ds1 text I
[PT] bx2 frame A 505,106 4x9
[PT] bx2 frame I
[PT] ds2 text A 89m
[PT] ds2 text I
[PT] bx3 frame A 564,121 8x21
[PT] bx3 frame I
[PT] nm3 text A Player
[PT] nm3 text I
[PT] ds3 text A 39m
[PT] ds3 text I
[PT] bx4 frame A 463,104 3x8
[PT] bx4 frame I
[PT] ds4 text A 108m
[PT] ds4 text I
[PT] bx5 frame A 257,276 58x146
[PT] bx5 frame I
[PT] nm5 text A BOT
[PT] nm5 text I
[PT] ds5 text A 4m
[PT] ds5 text I
[PT] bx6 frame A 466,116 7x17
[PT] bx6 frame I
[PT] nm6 text A BOT
[PT] nm6 text I
[PT] ds6 text A 47m
[PT] ds6 text I
[PT] bx7 frame A 446,103 3x7
[PT] bx7 frame I
[PT] ds7 text A 128m
[PT] ds7 text I
[PT] bx8 frame A 417,102 2x6
[PT] bx8 frame I
[PT] ds8 text A 144m
[PT] ds8 text I
[PT] bx9 frame A 640,110 5x13
[PT] bx9 frame I
[PT] bx9 show A
[PT] nm9 show A
[PT] ds9 text A 70m
[PT] ds9 text I
[PT] ds9 show A
[PT] bx10 frame A 476,103 3x8
[PT] bx10 frame I
[PT] bx10 show A
[PT] nm10 show A
[PT] ds10 text A 110m
[PT] ds10 text I
[PT] ds10 show A
[PT] bx11 frame A 319,117 13x33
[PT] bx11 frame I
[PT] bx11 show A
[PT] nm11 show A
[PT] ds11 text A 24m
[PT] ds11 text I
[PT] ds11 show A
[PT] bx12 frame A 439,125 10x24
[PT] bx12 frame I
[PT] bx12 show A
[PT] nm12 show A
[PT] ds12 text A 33m
[PT] ds12 text I
[PT] ds12 show A
[PT] bx13 frame A 827,96 9x24
[PT] bx13 frame I
[PT] bx13 show A
[PT] nm13 show A
[PT] ds13 text A 44m
[PT] ds13 text I
[PT] ds13 show A
[PT] bx14 frame A 448,101 3x8
[PT] bx14 frame I
[PT] bx14 show A
[PT] nm14 show A
[PT] ds14 text A 107m
[PT] ds14 text I
[PT] ds14 show A
[PT] bx15 frame A 505,103 3x7
[PT] bx15 frame I
[PT] bx15 show A
[PT] nm15 show A
[PT] ds15 text A 114m
[PT] ds15 text I
[PT] ds15 show A
[PT] bx16 frame A 826,261 48x119
[PT] bx16 frame I
[PT] bx16 show A
[PT] nm16 show A
[PT] ds16 text A 6m
[PT] ds16 text I
[PT] ds16 show A
[PT] bx17 frame A 369,113 11x27
[PT] bx17 frame I
[PT] bx17 show A
[PT] nm17 show A
[PT] ds17 text A 30m
[PT] ds17 text I
[PT] ds17 show A
[PT] bx18 frame A 492,103 3x8
[PT] bx18 frame I
[PT] bx18 show A
[PT] nm18 show A
[PT] ds18 text A 112m
[PT] ds18 text I
[PT] ds18 show A
[PT] tick 614 enemies=52
[PT] bx0 frame A 813,168 9x23
[PT] bx0 frame I
[PT] bx1 frame A 86,153 5x12
[PT] bx1 frame I
[PT] bx2 frame A 474,151 4x9
[PT] bx2 frame I
[PT] bx3 frame A 531,164 8x20
[PT] bx3 frame I
[PT] bx4 frame A 432,149 3x8
[PT] bx4 frame I
[PT] bx5 frame A 228,309 64x161
[PT] bx5 frame I
[PT] bx6 frame A 436,160 7x17
[PT] bx6 frame I
[PT] bx7 frame A 415,148 3x6
[PT] bx7 frame I
[PT] bx8 frame A 386,147 2x6
[PT] bx8 frame I
[PT] bx9 frame A 603,154 5x12
[PT] bx9 frame I
[PT] bx10 frame A 445,148 3x7
[PT] bx10 frame I
[PT] bx11 frame A 287,159 13x32
[PT] bx11 frame I
[PT] ds11 text A 25m
[PT] ds11 text I
[PT] bx12 frame A 410,168 9x24
[PT] bx12 frame I
[PT] bx13 frame A 774,140 9x22
[PT] bx13 frame I
[PT] bx14 frame A 417,146 3x8
[PT] bx14 frame I
[PT] bx15 frame A 473,148 3x7
[PT] bx15 frame I
[PT] bx16 frame A 791,284 48x121
[PT] bx16 frame I
[PT] bx17 frame A 332,156 11x27
[PT] bx17 frame I
[PT] bx18 frame A 461,148 3x7
[PT] bx18 frame I
[PT] tick 615 enemies=52
[PT] bx0 frame A 710,154 8x21
[PT] bx0 frame I
[PT] bx1 frame A 398,139 4x9
[PT] bx1 frame I
[PT] ds1 text A 89m
[PT] ds1 text I
[PT] bx2 frame A 458,152 8x20
[PT] bx2 frame I
[PT] nm2 text A Player
[PT] nm2 text I
[PT] ds2 text A 39m
[PT] ds2 text I
[PT] bx3 frame A 354,137 3x8
[PT] bx3 frame I
[PT] ds3 text A 108m
[PT] ds3 text I
[PT] bx4 frame A 167,318 68x170
[PT] bx4 frame I
[PT] nm4 text A BOT
[PT] nm4 text I
[PT] ds4 text A 4m
[PT] ds4 text I
[PT] bx5 frame A 360,149 7x17
[PT] bx5 frame I
[PT] ds5 text A 47m
[PT] ds5 text I
[PT] bx6 frame A 336,136 3x7
[PT] bx6 frame I
[PT] nm6 text A Player
[PT] nm6 text I
[PT] ds6 text A 128m
[PT] ds6 text I
[PT] bx7 frame A 305,135 2x6
[PT] bx7 frame I
[PT] ds7 text A 144m
[PT] ds7 text I
[PT] bx8 frame A 525,142 5x12
[PT] bx8 frame I
[PT] ds8 text A 70m
[PT] ds8 text I
[PT] bx9 frame A 368,136 3x8
[PT] bx9 frame I
[PT] ds9 text A 110m
[PT] ds9 text I
[PT] bx10 frame A 196,149 14x34
[PT] bx10 frame I
[PT] ds10 text A 26m
[PT] ds10 text I
[PT] bx11 frame A 334,158 10x25
[PT] bx11 frame I
[PT] ds11 text A 33m
[PT] ds11 text I
[PT] bx12 frame A 677,128 8x20
[PT] bx12 frame I
[PT] ds12 text A 44m
[PT] ds12 text I
[PT] bx13 frame A 338,134 3x8
[PT] bx13 frame I
[PT] ds13 text A 107m
[PT] ds13 text I
[PT] bx14 frame A 863,137 3x8
[PT] bx14 frame I
[PT] nm14 text A BOT
[PT] nm14 text I
[PT] ds14 text A 128m
[PT] ds14 text I
[PT] bx15 frame A 397,136 3x7
[PT] bx15 frame I
[PT] bx16 frame A 709,261 43x108
[PT] bx16 frame I
[PT] bx17 frame A 243,146 12x29
[PT] bx17 frame I
[PT] ds17 text A 29m
[PT] ds17 text I
[PT] bx18 frame A 856,136 9x24
[PT] bx18 frame I
[PT] ds18 text A 44m
[PT] ds18 text I
[PT] bx19 frame A 384,136 3x7
[PT] bx19 frame I
[PT] bx19 show A
[PT] nm19 show A
[PT] ds19 text A 112m
[PT] ds19 text I
[PT] ds19 show A
[PT] tick 616 enemies=52
[PT] bx0 frame A 660,146 8x20
[PT] bx0 frame I
[PT] bx1 frame A 354,132 4x9
[PT] bx1 frame I
[PT] bx2 frame A 417,145 8x20
[PT] bx2 frame I
[PT] bx3 frame A 308,130 3x8
[PT] bx3 frame I
[PT] bx4 frame A 130,326 71x176
[PT] bx4 frame I
[PT] bx5 frame A 316,142 7x18
[PT] bx5 frame I
[PT] bx6 frame A 289,129 3x7
[PT] bx6 frame I
[PT] bx7 frame A 255,128 3x6
[PT] bx7 frame I
[PT] bx8 frame A 483,135 5x12
[PT] bx8 frame I
[PT] bx9 frame A 323,129 3x8
[PT] bx9 frame I
[PT] bx10 frame A 136,144 14x36
[PT] bx10 frame I
[PT] bx11 frame A 289,151 10x25
[PT] bx11 frame I
[PT] bx12 frame A 629,121 8x19
[PT] bx12 frame I
[PT] bx13 frame A 291,127 3x8
[PT] bx13 frame I
[PT] bx14 frame A 796,129 3x8
[PT] bx14 frame I
[PT] bx15 frame A 353,129 3x7
[PT] bx15 frame I
[PT] bx16 frame A 669,250 41x103
[PT] bx16 frame I
[PT] bx17 frame A 185,140 12x31
[PT] bx17 frame I
[PT] bx18 frame A 791,128 9x22
[PT] bx18 frame I
[PT] bx19 frame A 339,129 3x8
[PT] bx19 frame I
[PT] tick 617 enemies=52
[PT] bx0 frame A 616,141 8x19
[PT] bx0 frame I
[PT] bx1 frame A 311,128 4x10
[PT] bx1 frame I
[PT] bx2 frame A 377,142 8x20
[PT] bx2 frame I
[PT] bx3 frame A 262,126 3x8
[PT] bx3 frame I
[PT] bx4 frame A 91,337 74x184
[PT] bx4 frame I
[PT] bx5 frame A 272,139 7x18
[PT] bx5 frame I
[PT] bx6 frame A 241,125 3x7
[PT] bx6 frame I
[PT] bx7 frame A 205,124 3x7
[PT] bx7 frame I
[PT] bx8 frame A 443,131 5x12
[PT] bx8 frame I
[PT] bx9 frame A 277,125 3x8
[PT] bx9 frame I
[PT] bx10 frame A 77,141 15x38
[PT] bx10 frame I
[PT] bx11 frame A 244,149 11x26
[PT] bx11 frame I
[PT] bx12 frame A 910,141 14x35
[PT] bx12 frame I
[PT] ds12 text A 31m
[PT] ds12 text I
[PT] bx13 frame A 586,117 8x19
[PT] bx13 frame I
[PT] ds13 text A 44m
[PT] ds13 text I
[PT] bx14 frame A 244,123 3x9
[PT] bx14 frame I
[PT] nm14 text A Player
[PT] nm14 text I
[PT] ds14 text A 107m
[PT] ds14 text I
[PT] bx15 frame A 739,124 3x8
[PT] bx15 frame I
[PT] nm15 text A BOT
[PT] nm15 text I
[PT] ds15 text A 128m
[PT] ds15 text I
[PT] bx16 frame A 309,125 3x8
[PT] bx16 frame I
[PT] ds16 text A 114m
[PT] ds16 text I
[PT] bx17 frame A 634,243 40x100
[PT] bx17 frame I
[PT] ds17 text A 6m
[PT] ds17 text I
[PT] bx18 frame A 121,138 13x34
[PT] bx18 frame I
[PT] ds18 text A 29m
[PT] ds18 text I
[PT] bx19 frame A 736,124 8x21
[PT] bx19 frame I
[PT] ds19 text A 44m
[PT] ds19 text I
[PT] bx20 frame A 295,125 3x8
[PT] bx20 frame I
[PT] bx20 show A
[PT] nm20 show A
[PT] ds20 text A 112m
[PT] ds20 text I
[PT] ds20 show A
[PT] tick 618 enemies=52
[PT] bx0 frame A 588,137 8x19
[PT] bx0 frame I
[PT] bx1 frame A 280,125 4x10
[PT] bx1 frame I
[PT] bx2 frame A 350,139 8x21
[PT] bx2 frame I
[PT] bx3 frame A 229,123 3x9
[PT] bx3 frame I
[PT] bx4 frame A 64,345 76x190
[PT] bx4 frame I
[PT] bx5 frame A 240,136 8x19
[PT] bx5 frame I
[PT] bx6 frame A 207,122 3x7
[PT] bx6 frame I
[PT] bx7 frame A 168,121 3x7
[PT] bx7 frame I
[PT] bx8 frame A 416,127 5x12
[PT] bx8 frame I
[PT] bx9 frame A 245,122 3x8
[PT] bx9 frame I
[PT] bx10 frame A 40,139 16x40
[PT] bx10 frame I
[PT] bx11 frame A 212,147 11x27
[PT] bx11 frame I
[PT] bx12 frame A 864,137 13x33
[PT] bx12 frame I
[PT] bx13 frame A 559,114 8x19
[PT] bx13 frame I
[PT] bx14 frame A 210,120 4x9
[PT] bx14 frame I
[PT] bx15 frame A 705,121 3x7
[PT] bx15 frame I
[PT] bx16 frame A 279,122 3x8
[PT] bx16 frame I
[PT] bx17 frame A 611,238 39x98
[PT] bx17 frame I
[PT] bx18 frame A 70,137 14x36
[PT] bx18 frame I
[PT] ds18 text A 28m
[PT] ds18 text I
[PT] bx19 frame A 702,120 8x21
[PT] bx19 frame I
[PT] bx20 frame A 264,122 3x8
[PT] bx20 frame I
[PT] tick 619 enemies=52
[PT] bx0 frame A 513,118 7x19
[PT] bx0 frame I
[PT] bx1 frame A 186,107 4x11
[PT] bx1 frame I
[PT] bx2 frame A 269,122 9x22
[PT] bx2 frame I
[PT] bx3 frame A 848,118 8x19
[PT] bx3 frame I
[PT] ds3 text A 54m
[PT] ds3 text I
[PT] bx4 frame A 124,105 4x10
[PT] bx4 frame I
[PT] nm4 text A Player
[PT] nm4 text I
[PT] ds4 text A 108m
[PT] ds4 text I
[PT] bx5 frame A -18,373 81x202
[PT] bx5 frame I
[PT] ds5 text A 4m
[PT] ds5 text I
[PT] bx6 frame A 141,120 8x21
[PT] bx6 frame I
[PT] nm6 text A BOT
[PT] nm6 text I
[PT] ds6 text A 47m
[PT] ds6 text I
[PT] bx7 frame A 96,104 3x8
[PT] bx7 frame I
[PT] ds7 text A 128m
[PT] ds7 text I
[PT] bx8 frame A 48,103 3x8
[PT] bx8 frame I
[PT] ds8 text A 144m
[PT] ds8 text I
[PT] bx9 frame A 339,109 5x12
[PT] bx9 frame I
[PT] ds9 text A 70m
[PT] ds9 text I
[PT] bx10 frame A 144,104 4x9
[PT] bx10 frame I
[PT] ds10 text A 110m
[PT] ds10 text I
[PT] bx11 frame A 109,132 12x30
[PT] bx11 frame I
[PT] bx12 frame A 755,116 12x30
[PT] bx12 frame I
[PT] bx13 frame A 485,95 7x19
[PT] bx13 frame I
[PT] bx14 frame A 100,101 4x10
[PT] bx14 frame I
[PT] bx15 frame A 872,116 7x18
[PT] bx15 frame I
[PT] nm15 text A Player
[PT] nm15 text I
[PT] ds15 text A 60m
[PT] ds15 text I
[PT] bx16 frame A 618,101 3x7
[PT] bx16 frame I
[PT] nm16 text A BOT
[PT] nm16 text I
[PT] ds16 text A 128m
[PT] ds16 text I
[PT] bx17 frame A 183,103 3x9
[PT] bx17 frame I
[PT] ds17 text A 114m
[PT] ds17 text I
[PT] bx18 frame A 552,218 37x93
[PT] bx18 frame I
[PT] ds18 text A 6m
[PT] ds18 text I
[PT] bx19 frame A 617,101 8x20
[PT] bx19 frame I
[PT] bx20 frame A 166,103 4x9
[PT] bx20 frame I
[PT] tick 620 enemies=52
[PT] bx0 frame A 468,118 7x18
[PT] bx0 frame I
[PT] bx1 frame A 121,108 5x11
[PT] bx1 frame I
[PT] bx2 frame A 215,124 9x23
[PT] bx2 frame I
[PT] bx3 frame A 778,117 7x18
[PT] bx3 frame I
[PT] bx4 frame A 50,106 4x10
[PT] bx4 frame I
[PT] bx5 frame A -82,404 87x217
[PT] bx5 frame I
[PT] bx6 frame A 71,122 9x22
[PT] bx6 frame I
[PT] bx7 frame A 17,105 4x9
[PT] bx7 frame I
[PT] bx8 frame A 289,110 5x13
[PT] bx8 frame I
[PT] ds8 text A 70m
[PT] ds8 text I
[PT] bx9 frame A 73,105 4x10
[PT] bx9 frame I
[PT] ds9 text A 110m
[PT] ds9 text I
[PT] bx10 frame A 35,136 13x32
[PT] bx10 frame I
[PT] ds10 text A 33m
[PT] ds10 text I
[PT] bx11 frame A 697,115 11x28
[PT] bx11 frame I
[PT] ds11 text A 31m
[PT] ds11 text I
[PT] bx12 frame A 440,95 7x19
[PT] bx12 frame I
[PT] ds12 text A 44m
[PT] ds12 text I
[PT] bx13 frame A 22,102 4x11
[PT] bx13 frame I
[PT] ds13 text A 107m
[PT] ds13 text I
[PT] bx14 frame A 799,115 7x17
[PT] bx14 frame I
[PT] ds14 text A 60m
[PT] ds14 text I
[PT] bx15 frame A 568,101 3x7
[PT] bx15 frame I
[PT] nm15 text A BOT
[PT] nm15 text I
[PT] ds15 text A 128m
[PT] ds15 text I
[PT] bx16 frame A 118,104 4x9
[PT] bx16 frame I
[PT] nm16 text A Player
[PT] nm16 text I
[PT] ds16 text A 114m
[PT] ds16 text I
[PT] bx17 frame A 517,217 37x92
[PT] bx17 frame I
[PT] ds17 text A 6m
[PT] ds17 text I
[PT] bx18 frame A 569,101 8x19
[PT] bx18 frame I
[PT] ds18 text A 44m
[PT] ds18 text I
[PT] bx19 frame A 98,105 4x9
[PT] bx19 frame I
[PT] ds19 text A 112m
[PT] ds19 text I
[PT] bx20 hide A
[PT] nm20 hide A
[PT] ds20 hide A
[PT] tick 621 enemies=52
[PT] bx0 frame A 445,106 7x19
[PT] bx0 frame I
[PT] bx1 frame A 80,96 5x12
[PT] bx1 frame I
[PT] bx2 frame A 183,112 10x24
[PT] bx2 frame I
[PT] bx3 frame A 747,104 7x18
[PT] bx3 frame I
[PT] bx4 frame A 3,94 4x11
[PT] bx4 frame I
[PT] bx5 frame A 27,111 9x24
[PT] bx5 frame I
[PT] ds5 text A 47m
[PT] ds5 text I
[PT] bx6 frame A 919,99 7x17
[PT] bx6 frame I
[PT] ds6 text A 68m
[PT] ds6 text I
[PT] bx7 frame A 260,97 5x13
[PT] bx7 frame I
[PT] ds7 text A 70m
[PT] ds7 text I
[PT] bx8 frame A 27,93 4x10
[PT] bx8 frame I
[PT] ds8 text A 110m
[PT] ds8 text I
[PT] bx9 frame A -12,126 14x34
[PT] bx9 frame I
[PT] ds9 text A 33m
[PT] ds9 text I
[PT] bx10 frame A 670,102 11x28
[PT] bx10 frame I
[PT] ds10 text A 31m
[PT] ds10 text I
[PT] bx11 frame A 415,82 8x19
[PT] bx11 frame I
[PT] ds11 text A 44m
[PT] ds11 text I
[PT] bx12 frame A 766,101 7x16
[PT] bx12 frame I
[PT] ds12 text A 60m
[PT] ds12 text I
[PT] bx13 frame A 544,88 3x7
[PT] bx13 frame I
[PT] nm13 text A BOT
[PT] nm13 text I
[PT] ds13 text A 128m
[PT] ds13 text I
[PT] bx14 frame A 77,92 4x10
[PT] bx14 frame I
[PT] ds14 text A 114m
[PT] ds14 text I
[PT] bx15 frame A 499,206 36x91
[PT] bx15 frame I
[PT] nm15 text A Player
[PT] nm15 text I
[PT] ds15 text A 6m
[PT] ds15 text I
[PT] bx16 frame A 545,88 8x19
[PT] bx16 frame I
[PT] ds16 text A 44m
[PT] ds16 text I
[PT] bx17 frame A 55,92 4x10
[PT] bx17 frame I
[PT] ds17 text A 112m
[PT] ds17 text I
[PT] bx18 hide A
[PT] nm18 hide A
[PT] ds18 hide A
[PT] bx19 hide A
[PT] nm19 hide A
[PT] ds19 hide A
[PT] tick 622 enemies=52
[PT] bx0 frame A 423,76 8x19
[PT] bx0 frame I
[PT] bx1 frame A 36,65 5x13
[PT] bx1 frame I
[PT] bx2 frame A 149,83 10x25
[PT] bx2 frame I
[PT] bx3 frame A 723,72 7x18
[PT] bx3 frame I
[PT] bx4 frame A 887,67 7x17
[PT] bx4 frame I
[PT] nm4 text A BOT
[PT] nm4 text I
[PT] ds4 text A 68m
[PT] ds4 text I
[PT] bx5 frame A 230,67 5x14
[PT] bx5 frame I
[PT] nm5 text A Player
[PT] nm5 text I
[PT] ds5 text A 70m
[PT] ds5 text I
[PT] bx6 frame A 649,72 11x28
[PT] bx6 frame I
[PT] nm6 text A Player
[PT] nm6 text I
[PT] ds6 text A 31m
[PT] ds6 text I
[PT] bx7 frame A 392,51 8x20
[PT] bx7 frame I
[PT] ds7 text A 44m
[PT] ds7 text I
[PT] bx8 frame A 742,70 7x16
[PT] bx8 frame I
[PT] ds8 text A 60m
[PT] ds8 text I
[PT] bx9 frame A 522,56 3x7
[PT] bx9 frame I
[PT] nm9 text A BOT
[PT] nm9 text I
[PT] ds9 text A 128m
[PT] ds9 text I
[PT] bx10 frame A 31,61 4x10
[PT] bx10 frame I
[PT] ds10 text A 114m
[PT] ds10 text I
[PT] bx11 frame A 484,183 36x89
[PT] bx11 frame I
[PT] ds11 text A 6m
[PT] ds11 text I
[PT] bx12 frame A 524,57 8x20
[PT] bx12 frame I
[PT] ds12 text A 44m
[PT] ds12 text I
[PT] bx13 frame A 7,61 4x11
[PT] bx13 frame I
[PT] nm13 text A Player
[PT] nm13 text I
[PT] ds13 text A 112m
[PT] ds13 text I
[PT] bx14 hide A
[PT] nm14 hide A
[PT] ds14 hide A
[PT] bx15 hide A
[PT] nm15 hide A
[PT] ds15 hide A
[PT] bx16 hide A
[PT] nm16 hide A
[PT] ds16 hide A
[PT] bx17 hide A
[PT] nm17 hide A
[PT] ds17 hide A
[PT] tick 623 enemies=52
[PT] bx0 frame A 383,48 8x20
[PT] bx0 frame I
[PT] bx1 frame A 86,58 11x28
[PT] bx1 frame I
[PT] nm1 text A Player
[PT] nm1 text I
[PT] ds1 text A 39m
[PT] ds1 text I
[PT] bx2 frame A 679,43 7x18
[PT] bx2 frame I
[PT] ds2 text A 54m
[PT] ds2 text I
[PT] bx3 frame A 830,37 7x16
[PT] bx3 frame I
[PT] nm3 text A BOT
[PT] nm3 text I
[PT] ds3 text A 68m
[PT] ds3 text I
[PT] bx4 frame A 174,39 6x15
[PT] bx4 frame I
[PT] nm4 text A Player
[PT] nm4 text I
[PT] ds4 text A 70m
[PT] ds4 text I
[PT] bx5 frame A 868,91 19x47
[PT] bx5 frame I
[PT] ds5 text A 22m
[PT] ds5 text I
[PT] bx6 frame A 610,43 11x28
[PT] bx6 frame I
[PT] bx7 frame A 349,22 8x21
[PT] bx7 frame I
[PT] bx8 frame A 697,40 7x16
[PT] bx8 frame I
[PT] bx9 frame A 483,26 3x7
[PT] bx9 frame I
[PT] bx10 frame A 456,163 36x89
[PT] bx10 frame I
[PT] ds10 text A 6m
[PT] ds10 text I
[PT] bx11 frame A 486,28 8x20
[PT] bx11 frame I
[PT] ds11 text A 44m
[PT] ds11 text I
[PT] bx12 hide A
[PT] nm12 hide A
[PT] ds12 hide A
[PT] bx13 hide A
[PT] nm13 hide A
[PT] ds13 hide A
[PT] tick 624 enemies=52
[PT] bx0 frame A 313,47 8x21
[PT] bx0 frame I
[PT] bx1 frame A 604,40 7x17
[PT] bx1 frame I
[PT] ds1 text A 54m
[PT] ds1 text I
[PT] bx2 frame A 735,34 6x15
[PT] bx2 frame I
[PT] nm2 text A BOT
[PT] nm2 text I
[PT] ds2 text A 68m
[PT] ds2 text I
[PT] bx3 frame A 76,39 7x16
[PT] bx3 frame I
[PT] nm3 text A Player
[PT] nm3 text I
[PT] ds3 text A 70m
[PT] ds3 text I
[PT] bx4 frame A 773,82 17x43
[PT] bx4 frame I
[PT] ds4 text A 22m
[PT] ds4 text I
[PT] bx5 frame A 541,41 11x28
[PT] bx5 frame I
[PT] ds5 text A 31m
[PT] ds5 text I
[PT] bx6 frame A 276,20 9x22
[PT] bx6 frame I
[PT] ds6 text A 44m
[PT] ds6 text I
[PT] bx7 frame A 620,37 6x15
[PT] bx7 frame I
[PT] ds7 text A 60m
[PT] ds7 text I
[PT] bx8 frame A 414,24 3x7
[PT] bx8 frame I
[PT] nm8 text A BOT
[PT] nm8 text I
[PT] ds8 text A 128m
[PT] ds8 text I
[PT] bx9 frame A 407,162 36x89
[PT] bx9 frame I
[PT] nm9 text A Player
[PT] nm9 text I
[PT] ds9 text A 6m
[PT] ds9 text I
[PT] bx10 frame A 419,26 8x20
[PT] bx10 frame I
[PT] ds10 text A 44m
[PT] ds10 text I
[PT] bx11 hide A
[PT] nm11 hide A
[PT] ds11 hide A
[PT] tick 625 enemies=52
[PT] bx0 frame A 262,40 9x22
[PT] bx0 frame I
[PT] bx1 frame A 557,31 7x17
[PT] bx1 frame I
[PT] bx2 frame A 680,24 6x15
[PT] bx2 frame I
[PT] bx3 frame A -7,32 7x18
[PT] bx3 frame I
[PT] bx4 frame A 718,71 17x42
[PT] bx4 frame I
[PT] bx5 frame A 496,32 11x28
[PT] bx5 frame I
[PT] bx6 frame A 220,12 9x23
[PT] bx6 frame I
[PT] bx7 frame A 571,28 6x15
[PT] bx7 frame I
[PT] bx8 frame A 366,16 3x8
[PT] bx8 frame I
[PT] bx9 frame A 374,159 36x90
[PT] bx9 frame I
[PT] bx10 frame A 372,18 8x21
[PT] bx10 frame I
[PT] tick 626 enemies=52
[PT] bx0 frame A 273,29 9x22
[PT] bx0 frame I
[PT] bx1 frame A 570,20 7x17
[PT] bx1 frame I
[PT] bx2 frame A 696,14 6x15
[PT] bx2 frame I
[PT] bx3 frame A 11,21 7x18
[PT] bx3 frame I
[PT] bx4 frame A 733,62 17x42
[PT] bx4 frame I
[PT] bx5 frame A 508,22 11x28
[PT] bx5 frame I
[PT] bx6 frame A 232,1 9x23
[PT] bx6 frame I
[PT] bx7 frame A 585,17 6x16
[PT] bx7 frame I
[PT] bx8 frame A 377,4 3x8
[PT] bx8 frame I
[PT] bx9 frame A 382,151 36x90
[PT] bx9 frame I
[PT] bx10 frame A 383,7 8x21
[PT] bx10 frame I
[PT] tick 627 enemies=52
[PT] bx0 frame A 265,-6 9x23
[PT] bx0 frame I
[PT] bx1 frame A 571,-16 7x18
[PT] bx1 frame I
[PT] bx2 frame A -7,-15 8x19
[PT] bx2 frame I
[PT] nm2 text A Player
[PT] nm2 text I
[PT] ds2 text A 70m
[PT] ds2 text I
[PT] bx3 frame A 738,30 18x44
[PT] bx3 frame I
[PT] ds3 text A 22m
[PT] ds3 text I
[PT] bx4 frame A 507,-13 12x30
[PT] bx4 frame I
[PT] ds4 text A 31m
[PT] ds4 text I
[PT] bx5 frame A 380,126 36x90
[PT] bx5 frame I
[PT] ds5 text A 6m
[PT] ds5 text I
[PT] bx6 hide A
[PT] nm6 hide A
[PT] ds6 hide A
[PT] bx7 hide A
[PT] nm7 hide A
[PT] ds7 hide A
[PT] bx8 hide A
[PT] nm8 hide A
[PT] ds8 hide A
[PT] bx9 hide A
[PT] nm9 hide A
[PT] ds9 hide A
[PT] bx10 hide A
[PT] nm10 hide A
[PT] ds10 hide A
[PT] tick 628 enemies=52
[PT] bx2 frame A -5,-15 8x19
[PT] bx2 frame I
[PT] bx3 frame A 739,30 18x44
[PT] bx3 frame I
[PT] tick 629 enemies=52
[PT] bx0 frame A 280,-16 9x23
[PT] bx0 frame I
[PT] bx1 frame A 757,24 18x45
[PT] bx1 frame I
[PT] ds1 text A 22m
[PT] ds1 text I
[PT] bx2 frame A 522,-22 12x30
[PT] bx2 frame I
[PT] ds2 text A 31m
[PT] ds2 text I
[PT] bx3 frame A 390,120 36x90
[PT] bx3 frame I
[PT] ds3 text A 6m
[PT] ds3 text I
[PT] bx4 hide A
[PT] nm4 hide A
[PT] ds4 hide A
[PT] bx5 hide A
[PT] nm5 hide A
[PT] ds5 hide A
[PT] tick 630 enemies=52
[PT] bx0 frame A 312,-12 9x23
[PT] bx0 frame I
[PT] bx1 frame A 792,31 19x46
[PT] bx1 frame I
[PT] bx2 frame A 551,-17 12x30
[PT] bx2 frame I
[PT] bx3 frame A 411,122 36x89
[PT] bx3 frame I
[PT] tick 631 enemies=52
[PT] bx0 frame A 321,-14 9x23
[PT] bx0 frame I
[PT] bx1 frame A 805,29 19x47
[PT] bx1 frame I
[PT] bx2 frame A 560,-20 12x31
[PT] bx2 frame I
[PT] bx3 frame A 417,120 36x89
[PT] bx3 frame I
[PT] tick 632 enemies=52
[PT] bx0 frame A 808,21 19x47
[PT] bx0 frame I
[PT] nm0 text A Player
[PT] nm0 text I
[PT] ds0 text A 22m
[PT] ds0 text I
[PT] bx1 frame A 561,-29 12x31
[PT] bx1 frame I
[PT] ds1 text A 31m
[PT] ds1 text I
[PT] bx2 frame A 417,113 36x89
[PT] bx2 frame I
[PT] ds2 text A 6m
[PT] ds2 text I
[PT] bx3 hide A
[PT] nm3 hide A
[PT] ds3 hide A
[PT] tick 633 enemies=52
[PT] bx0 frame A 873,-21 21x53
[PT] bx0 frame I
[PT] bx1 frame A 441,78 36x91
[PT] bx1 frame I
[PT] ds1 text A 6m
[PT] ds1 text I
[PT] bx2 hide A
[PT] nm2 hide A
[PT] ds2 hide A
[PT] tick 634 enemies=52
[PT] bx0 frame A 924,-27 22x56
[PT] bx0 frame I
[PT] bx1 frame A 463,70 36x91
[PT] bx1 frame I
[PT] tick 635 enemies=52
[PT] bx0 frame A 466,58 37x92
[PT] bx0 frame I
[PT] ds0 text A 6m
[PT] ds0 text I
[PT] bx1 hide A
[PT] nm1 hide A
[PT] ds1 hide A
[PT] tick 636 enemies=52
[PT] bx0 frame A 438,53 37x92
[PT] bx0 frame I
[PT] tick 637 enemies=52
[PT] bx0 frame A 417,52 37x93
[PT] bx0 frame I
[PT] tick 638 enemies=52
[PT] bx0 frame A 415,47 37x93
[PT] bx0 frame I
[PT] tick 639 enemies=52
[PT] bx0 frame A 428,38 37x94
[PT] bx0 frame I
[PT] tick 640 enemies=52
[PT] bx0 frame A 444,31 38x94
[PT] bx0 frame I
[PT] tick 641 enemies=52
[PT] bx0 frame A 452,27 38x95
[PT] bx0 frame I
[PT] tick 642 enemies=52
[PT] bx0 frame A 439,44 37x93
[PT] bx0 frame I
[PT] tick 643 enemies=52
[PT] bx0 frame A 433,31 38x94
[PT] bx0 frame I
[PT] tick 644 enemies=52
[PT] bx0 frame A 419,22 38x95
[PT] bx0 frame I
[PT] tick 645 enemies=52
[PT] bx0 frame A 434,20 38x95
[PT] bx0 frame I
[PT] tick 646 enemies=52
[PT] bx0 frame A 472,22 38x95
[PT] bx0 frame I
[PT] tick 647 enemies=52
[PT] bx0 frame A -15,318 41x103
[PT] bx0 frame I
[PT] nm0 text A BOT
[PT] nm0 text I
[PT] ds0 text A 4m
[PT] ds0 text I
[PT] bx1 frame A 499,15 38x96
[PT] bx1 frame I
[PT] bx1 show A
[PT] nm1 show A
[PT] ds1 show A
[PT] tick 648 enemies=52
[PT] bx0 frame A -9,313 42x104
[PT] bx0 frame I
[PT] bx1 frame A 504,17 38x96
[PT] bx1 frame I
[PT] tick 649 enemies=52
[PT] bx0 frame A -24,329 40x101
[PT] bx0 frame I
[PT] bx1 frame A 489,15 38x96
[PT] bx1 frame I
[PT] tick 650 enemies=52
[PT] bx0 frame A -34,341 40x99
[PT] bx0 frame I
[PT] bx1 frame A 480,16 38x96
[PT] bx1 frame I
[PT] tick 651 enemies=52
[PT] bx0 frame A -27,334 43x107
[PT] bx0 frame I
[PT] bx1 frame A 491,29 38x94
[PT] bx1 frame I
[PT] tick 652 enemies=52
[PT] bx0 frame A -21,328 45x112
[PT] bx0 frame I
[PT] bx1 frame A 500,41 37x94
[PT] bx1 frame I
[PT] tick 653 enemies=52
[PT] bx0 frame A -13,329 53x132
[PT] bx0 frame I
[PT] bx1 frame A 518,84 36x91
[PT] bx1 frame I
[PT] tick 654 enemies=52
[PT] bx0 frame A 194,-17 11x27
[PT] bx0 frame I
[PT] nm0 text A Player
[PT] nm0 text I
[PT] ds0 text A 39m
[PT] ds0 text I
[PT] bx1 frame A -18,340 58x146
[PT] bx1 frame I
[PT] nm1 text A BOT
[PT] nm1 text I
[PT] ds1 text A 4m
[PT] ds1 text I
[PT] bx2 frame A 36,-19 11x26
[PT] bx2 frame I
[PT] bx2 show A
[PT] nm2 text A BOT
[PT] nm2 text I
[PT] nm2 show A
[PT] ds2 text A 47m
[PT] ds2 text I
[PT] ds2 show A
[PT] bx3 frame A 1,2 15x37
[PT] bx3 frame I
[PT] bx3 show A
[PT] nm3 show A
[PT] ds3 text A 33m
[PT] ds3 text I
[PT] ds3 show A
[PT] bx4 frame A 726,-25 14x34
[PT] bx4 frame I
[PT] bx4 show A
[PT] nm4 show A
[PT] ds4 show A
[PT] bx5 frame A 522,115 36x90
[PT] bx5 frame I
[PT] bx5 show A
[PT] nm5 show A
[PT] ds5 show A
[PT] tick 655 enemies=52
[PT] bx0 frame A 445,8 8x21
[PT] bx0 frame I
[PT] nm0 text A BOT
[PT] nm0 text I
[PT] ds0 text A 43m
[PT] ds0 text I
[PT] bx1 frame A 55,-5 6x14
[PT] bx1 frame I
[PT] ds1 text A 89m
[PT] ds1 text I
[PT] bx2 frame A 167,16 11x27
[PT] bx2 frame I
[PT] nm2 text A Player
[PT] nm2 text I
[PT] ds2 text A 39m
[PT] ds2 text I
[PT] bx3 frame A 769,5 8x20
[PT] bx3 frame I
[PT] ds3 text A 54m
[PT] ds3 text I
[PT] bx4 frame A -58,373 64x160
[PT] bx4 frame I
[PT] nm4 text A BOT
[PT] nm4 text I
[PT] ds4 text A 4m
[PT] ds4 text I
[PT] bx5 frame A 1,15 11x26
[PT] bx5 frame I
[PT] nm5 text A BOT
[PT] nm5 text I
[PT] ds5 text A 47m
[PT] ds5 text I
[PT] bx6 frame A 247,-3 6x15
[PT] bx6 frame I
[PT] bx6 show A
[PT] nm6 show A
[PT] ds6 text A 70m
[PT] ds6 text I
[PT] ds6 show A
[PT] bx7 frame A -2,-9 5x12
[PT] bx7 frame I
[PT] bx7 show A
[PT] nm7 show A
[PT] ds7 text A 110m
[PT] ds7 text I
[PT] ds7 show A
[PT] bx8 frame A 687,6 13x32
[PT] bx8 frame I
[PT] bx8 show A
[PT] nm8 text A Player
[PT] nm8 text I
[PT] nm8 show A
[PT] ds8 text A 31m
[PT] ds8 text I
[PT] ds8 show A
[PT] bx9 frame A 413,-19 9x22
[PT] bx9 frame I
[PT] bx9 show A
[PT] nm9 show A
[PT] ds9 text A 44m
[PT] ds9 text I
[PT] ds9 show A
[PT] bx10 frame A 790,2 7x19
[PT] bx10 frame I
[PT] bx10 show A
[PT] nm10 show A
[PT] ds10 text A 60m
[PT] ds10 text I
[PT] ds10 show A
[PT] bx11 frame A 50,-11 4x11
[PT] bx11 frame I
[PT] bx11 show A
[PT] nm11 show A
[PT] ds11 text A 114m
[PT] ds11 text I
[PT] ds11 show A
[PT] bx12 frame A 502,136 36x89
[PT] bx12 frame I
[PT] bx12 show A
[PT] nm12 show A
[PT] ds12 text A 6m
[PT] ds12 text I
[PT] ds12 show A
[PT] bx13 frame A 553,-12 9x22
[PT] bx13 frame I
[PT] bx13 show A
[PT] nm13 show A
[PT] ds13 text A 44m
[PT] ds13 text I
[PT] ds13 show A
[PT] bx14 frame A 28,-10 5x11
[PT] bx14 frame I
[PT] bx14 show A
[PT] nm14 show A
[PT] ds14 text A 112m
[PT] ds14 text I
[PT] ds14 show A
[PT] tick 656 enemies=52
[PT] bx0 frame A 427,2 9x21
[PT] bx0 frame I
[PT] bx1 frame A 22,-11 6x14
[PT] bx1 frame I
[PT] bx2 frame A 141,11 11x28
[PT] bx2 frame I
[PT] bx3 frame A 746,-1 8x20
[PT] bx3 frame I
[PT] bx4 frame A 924,-7 8x19
[PT] bx4 frame I
[PT] ds4 text A 68m
[PT] ds4 text I
[PT] bx5 frame A 224,-9 6x15
[PT] bx5 frame I
[PT] nm5 text A Player
[PT] nm5 text I
[PT] ds5 text A 70m
[PT] ds5 text I
[PT] bx6 frame A 667,-0 13x31
[PT] bx6 frame I
[PT] ds6 text A 31m
[PT] ds6 text I
[PT] bx7 frame A 767,-5 7x18
[PT] bx7 frame I
[PT] ds7 text A 60m
[PT] ds7 text I
[PT] bx8 frame A 489,131 36x89
[PT] bx8 frame I
[PT] ds8 text A 6m
[PT] ds8 text I
[PT] bx9 frame A 535,-18 9x22
[PT] bx9 frame I
[PT] bx10 hide A
[PT] nm10 hide A
[PT] ds10 hide A
[PT] bx11 hide A
[PT] nm11 hide A
[PT] ds11 hide A
[PT] bx12 hide A
[PT] nm12 hide A
[PT] ds12 hide A
[PT] bx13 hide A
[PT] nm13 hide A
[PT] ds13 hide A
[PT] bx14 hide A
[PT] nm14 hide A
[PT] ds14 hide A
[PT] tick 657 enemies=52
[PT] bx0 frame A 422,-14 9x22
[PT] bx0 frame I
[PT] bx1 frame A 131,-4 11x28
[PT] bx1 frame I
[PT] nm1 text A Player
[PT] nm1 text I
[PT] ds1 text A 39m
[PT] ds1 text I
[PT] bx2 frame A 744,-17 8x20
[PT] bx2 frame I
[PT] ds2 text A 54m
[PT] ds2 text I
[PT] bx3 frame A 665,-16 13x32
[PT] bx3 frame I
[PT] ds3 text A 31m
[PT] ds3 text I
[PT] bx4 frame A 486,121 36x89
[PT] bx4 frame I
[PT] nm4 text A Player
[PT] nm4 text I
[PT] ds4 text A 6m
[PT] ds4 text I
[PT] bx5 hide A
[PT] nm5 hide A
[PT] ds5 hide A
[PT] bx6 hide A
[PT] nm6 hide A
[PT] ds6 hide A
[PT] bx7 hide A
[PT] nm7 hide A
[PT] ds7 hide A
[PT] bx8 hide A
[PT] nm8 hide A
[PT] ds8 hide A
[PT] bx9 hide A
[PT] nm9 hide A
[PT] ds9 hide A
[PT] tick 658 enemies=51
[PT] bx0 frame A 107,-20 12x30
[PT] bx0 frame I
[PT] nm0 text A Player
[PT] nm0 text I
[PT] ds0 text A 39m
[PT] ds0 text I
[PT] bx1 frame A 477,109 36x89
[PT] bx1 frame I
[PT] ds1 text A 6m
[PT] ds1 text I
[PT] bx2 hide A
[PT] nm2 hide A
[PT] ds2 hide A
[PT] bx3 hide A
[PT] nm3 hide A
[PT] ds3 hide A
[PT] bx4 hide A
[PT] nm4 hide A
[PT] ds4 hide A
[PT] tick 659 enemies=51
[PT] bx0 frame A 90,-20 12x30
[PT] bx0 frame I
[PT] bx1 frame A 919,24 21x53
[PT] bx1 frame I
[PT] ds1 text A 22m
[PT] ds1 text I
[PT] bx2 frame A 469,108 36x89
[PT] bx2 frame I
[PT] bx2 show A
[PT] nm2 show A
[PT] ds2 text A 6m
[PT] ds2 text I
[PT] ds2 show A
[PT] tick 660 enemies=51
[PT] bx0 frame A 60,-21 12x31
[PT] bx0 frame I
[PT] bx1 frame A 889,20 20x51
[PT] bx1 frame I
[PT] bx2 frame A 455,106 36x89
[PT] bx2 frame I
[PT] tick 661 enemies=51
[PT] bx0 frame A 71,-27 12x31
[PT] bx0 frame I
[PT] bx1 frame A 905,16 21x52
[PT] bx1 frame I
[PT] bx2 frame A 462,102 36x89
[PT] bx2 frame I
[PT] tick 662 enemies=50
[PT] bx0 frame A 893,-11 21x53
[PT] bx0 frame I
[PT] ds0 text A 22m
[PT] ds0 text I
[PT] bx1 frame A 452,84 36x90
[PT] bx1 frame I
[PT] ds1 text A 6m
[PT] ds1 text I
[PT] bx2 hide A
[PT] nm2 hide A
[PT] ds2 hide A
[PT] tick 663 enemies=50
[PT] bx0 frame A 912,-26 22x55
[PT] bx0 frame I
[PT] bx1 frame A 458,72 36x91
[PT] bx1 frame I
[PT] tick 664 enemies=50
[PT] bx0 frame A 468,66 37x91
[PT] bx0 frame I
[PT] ds0 text A 6m
[PT] ds0 text I
[PT] bx1 hide A
[PT] nm1 hide A
[PT] ds1 hide A
[PT] tick 665 enemies=50
[PT] bx0 frame A 473,64 37x91
[PT] bx0 frame I
[PT] tick 666 enemies=50
[PT] bx0 frame A 464,61 37x92
[PT] bx0 frame I
[PT] tick 667 enemies=50
[PT] bx0 frame A 462,61 37x92
[PT] bx0 frame I
[PT] tick 668 enemies=50
[PT] bx0 frame A 915,-40 22x56
[PT] bx0 frame I
[PT] ds0 text A 22m
[PT] ds0 text I
[PT] bx1 frame A 456,61 37x92
[PT] bx1 frame I
[PT] bx1 show A
[PT] nm1 show A
[PT] ds1 show A
[PT] tick 669 enemies=50
[PT] bx0 frame A 898,-56 23x57
[PT] bx0 frame I
[PT] bx1 frame A 446,52 37x92
[PT] bx1 frame I
[PT] tick 670 enemies=50
[PT] bx0 frame A 448,50 37x93
[PT] bx0 frame I
[PT] ds0 text A 6m
[PT] ds0 text I
[PT] bx1 hide A
[PT] nm1 hide A
[PT] ds1 hide A
[PT] tick 671 enemies=50
[PT] bx0 frame A 461,42 37x93
[PT] bx0 frame I
[PT] tick 672 enemies=50
[PT] bx0 frame A 462,37 37x94
[PT] bx0 frame I
[PT] tick 673 enemies=50
[PT] bx0 frame A 467,39 37x93
[PT] bx0 frame I
[PT] tick 674 enemies=50
[PT] bx0 frame A 473,41 37x93
[PT] bx0 frame I
[PT] tick 675 enemies=50
[PT] bx0 frame A 473,39 37x93
[PT] bx0 frame I
[PT] tick 676 enemies=50
[PT] bx0 frame A -39,347 44x111
[PT] bx0 frame I
[PT] nm0 text A BOT
[PT] nm0 text I
[PT] ds0 text A 4m
[PT] ds0 text I
[PT] bx1 frame A 484,42 37x93
[PT] bx1 frame I
[PT] bx1 show A
[PT] nm1 show A
[PT] ds1 show A
[PT] tick 677 enemies=50
[PT] bx0 frame A -37,346 47x117
[PT] bx0 frame I
[PT] bx1 frame A 490,54 37x92
[PT] bx1 frame I
[PT] tick 678 enemies=50
[PT] bx0 frame A -18,335 54x136
[PT] bx0 frame I
[PT] bx1 frame A 517,94 36x90
[PT] bx1 frame I
[PT] tick 679 enemies=50
[PT] bx0 frame A 556,1 9x22
[PT] bx0 frame I
[PT] ds0 text A 43m
[PT] ds0 text I
[PT] bx1 frame A 297,5 10x25
[PT] bx1 frame I
[PT] ds1 text A 39m
[PT] ds1 text I
[PT] bx2 frame A 57,298 59x148
[PT] bx2 frame I
[PT] bx2 show A
[PT] nm2 text A BOT
[PT] nm2 text I
[PT] nm2 show A
[PT] ds2 text A 4m
[PT] ds2 text I
[PT] ds2 show A
[PT] bx3 frame A 168,2 9x23
[PT] bx3 frame I
[PT] bx3 show A
[PT] nm3 text A BOT
[PT] nm3 text I
[PT] nm3 show A
[PT] ds3 text A 47m
[PT] ds3 text I
[PT] ds3 show A
[PT] bx4 frame A 369,-12 6x14
[PT] bx4 frame I
[PT] bx4 show A
[PT] nm4 show A
[PT] ds4 text A 70m
[PT] ds4 text I
[PT] ds4 show A
[PT] bx5 frame A 92,-3 12x30
[PT] bx5 frame I
[PT] bx5 show A
[PT] nm5 show A
[PT] ds5 text A 38m
[PT] ds5 text I
[PT] ds5 show A
[PT] bx6 frame A 138,18 13x32
[PT] bx6 frame I
[PT] bx6 show A
[PT] nm6 show A
[PT] ds6 text A 33m
[PT] ds6 text I
[PT] ds6 show A
[PT] bx7 frame A 834,3 14x36
[PT] bx7 frame I
[PT] bx7 show A
[PT] nm7 show A
[PT] ds7 text A 31m
[PT] ds7 text I
[PT] ds7 show A
[PT] bx8 frame A 584,137 37x91
[PT] bx8 frame I
[PT] bx8 show A
[PT] nm8 show A
[PT] ds8 show A
[PT] bx9 frame A 676,-19 9x24
[PT] bx9 frame I
[PT] bx9 show A
[PT] nm9 show A
[PT] ds9 show A
[PT] tick 680 enemies=50
[PT] bx0 frame A 644,32 9x22
[PT] bx0 frame I
[PT] bx1 frame A 318,14 4x11
[PT] bx1 frame I
[PT] nm1 text A BOT
[PT] nm1 text I
[PT] ds1 text A 89m
[PT] ds1 text I
[PT] bx2 frame A 389,32 9x23
[PT] bx2 frame I
[PT] nm2 text A Player
[PT] nm2 text I
[PT] ds2 text A 39m
[PT] ds2 text I
[PT] bx3 frame A 268,11 4x9
[PT] bx3 frame I
[PT] nm3 text A Player
[PT] nm3 text I
[PT] ds3 text A 108m
[PT] ds3 text I
[PT] bx4 frame A 128,273 59x147
[PT] bx4 frame I
[PT] nm4 text A BOT
[PT] nm4 text I
[PT] ds4 text A 4m
[PT] ds4 text I
[PT] bx5 frame A 278,28 8x20
[PT] bx5 frame I
[PT] nm5 text A BOT
[PT] nm5 text I
[PT] ds5 text A 47m
[PT] ds5 text I
[PT] bx6 frame A 245,10 3x8
[PT] bx6 frame I
[PT] ds6 text A 128m
[PT] ds6 text I
[PT] bx7 frame A 208,9 3x7
[PT] bx7 frame I
[PT] ds7 text A 144m
[PT] ds7 text I
[PT] bx8 frame A 459,17 5x13
[PT] bx8 frame I
[PT] ds8 text A 70m
[PT] ds8 text I
[PT] bx9 frame A 284,10 4x9
[PT] bx9 frame I
[PT] ds9 text A 110m
[PT] ds9 text I
[PT] bx10 frame A 222,23 10x26
[PT] bx10 frame I
[PT] bx10 show A
[PT] nm10 show A
[PT] ds10 text A 38m
[PT] ds10 text I
[PT] ds10 show A
[PT] bx11 frame A 251,41 11x29
[PT] bx11 frame I
[PT] bx11 show A
[PT] nm11 show A
[PT] ds11 text A 33m
[PT] ds11 text I
[PT] ds11 show A
[PT] bx12 frame A 614,4 9x22
[PT] bx12 frame I
[PT] bx12 show A
[PT] nm12 show A
[PT] ds12 text A 44m
[PT] ds12 text I
[PT] ds12 show A
[PT] bx13 frame A 248,7 4x10
[PT] bx13 frame I
[PT] bx13 show A
[PT] nm13 show A
[PT] ds13 text A 107m
[PT] ds13 text I
[PT] ds13 show A
[PT] bx14 frame A 784,9 4x9
[PT] bx14 frame I
[PT] bx14 show A
[PT] nm14 text A BOT
[PT] nm14 text I
[PT] nm14 show A
[PT] ds14 text A 128m
[PT] ds14 text I
[PT] ds14 show A
[PT] bx15 frame A 317,10 3x9
[PT] bx15 frame I
[PT] bx15 show A
[PT] nm15 show A
[PT] ds15 text A 114m
[PT] ds15 text I
[PT] ds15 show A
[PT] bx16 frame A 650,165 38x95
[PT] bx16 frame I
[PT] bx16 show A
[PT] nm16 show A
[PT] ds16 text A 6m
[PT] ds16 text I
[PT] ds16 show A
[PT] bx17 frame A 779,12 10x25
[PT] bx17 frame I
[PT] bx17 show A
[PT] nm17 show A
[PT] ds17 text A 44m
[PT] ds17 text I
[PT] ds17 show A
[PT] bx18 frame A 302,10 4x9
[PT] bx18 frame I
[PT] bx18 show A
[PT] nm18 show A
[PT] ds18 text A 112m
[PT] ds18 text I
[PT] ds18 show A
[PT] tick 681 enemies=50
[PT] bx0 frame A 782,166 9x22
[PT] bx0 frame I
[PT] bx1 frame A 50,153 5x12
[PT] bx1 frame I
[PT] ds1 text A 90m
[PT] ds1 text I
[PT] bx2 frame A 453,150 4x9
[PT] bx2 frame I
[PT] nm2 text A BOT
[PT] nm2 text I
[PT] ds2 text A 89m
[PT] ds2 text I
[PT] bx3 frame A 511,163 8x20
[PT] bx3 frame I
[PT] ds3 text A 39m
[PT] ds3 text I
[PT] bx4 frame A 411,148 3x8
[PT] bx4 frame I
[PT] nm4 text A Player
[PT] nm4 text I
[PT] ds4 text A 108m
[PT] ds4 text I
[PT] bx5 frame A 212,312 66x164
[PT] bx5 frame I
[PT] ds5 text A 4m
[PT] ds5 text I
[PT] bx6 frame A 415,159 7x17
[PT] bx6 frame I
[PT] nm6 text A BOT
[PT] nm6 text I
[PT] ds6 text A 47m
[PT] ds6 text I
[PT] bx7 frame A 394,147 3x6
[PT] bx7 frame I
[PT] ds7 text A 128m
[PT] ds7 text I
[PT] bx8 frame A 364,146 2x6
[PT] bx8 frame I
[PT] ds8 text A 144m
[PT] ds8 text I
[PT] bx9 frame A 581,153 5x12
[PT] bx9 frame I
[PT] ds9 text A 70m
[PT] ds9 text I
[PT] bx10 frame A 424,147 3x7
[PT] bx10 frame I
[PT] ds10 text A 110m
[PT] ds10 text I
[PT] bx11 frame A 376,153 8x21
[PT] bx11 frame I
[PT] ds11 text A 39m
[PT] ds11 text I
[PT] bx12 frame A 389,167 10x24
[PT] bx12 frame I
[PT] ds12 text A 33m
[PT] ds12 text I
[PT] bx13 frame A 745,139 8x21
[PT] bx13 frame I
[PT] ds13 text A 44m
[PT] ds13 text I
[PT] bx14 frame A 396,145 3x8
[PT] bx14 frame I
[PT] nm14 text A Player
[PT] nm14 text I
[PT] ds14 text A 107m
[PT] ds14 text I
[PT] bx15 frame A 452,147 3x7
[PT] bx15 frame I
[PT] bx16 frame A 767,279 47x117
[PT] bx16 frame I
[PT] bx17 frame A 440,147 3x7
[PT] bx17 frame I
[PT] ds17 text A 112m
[PT] ds17 text I
[PT] bx18 hide A
[PT] nm18 hide A
[PT] ds18 hide A
[PT] tick 682 enemies=50
[PT] bx0 frame A 659,162 8x20
[PT] bx0 frame I
[PT] bx1 frame A 354,148 4x9
[PT] bx1 frame I
[PT] ds1 text A 89m
[PT] ds1 text I
[PT] bx2 frame A 417,161 8x20
[PT] bx2 frame I
[PT] nm2 text A Player
[PT] nm2 text I
[PT] ds2 text A 39m
[PT] ds2 text I
[PT] bx3 frame A 309,146 3x8
[PT] bx3 frame I
[PT] ds3 text A 108m
[PT] ds3 text I
[PT] bx4 frame A 126,335 73x183
[PT] bx4 frame I
[PT] nm4 text A BOT
[PT] nm4 text I
[PT] ds4 text A 4m
[PT] ds4 text I
[PT] bx5 frame A 316,158 7x18
[PT] bx5 frame I
[PT] ds5 text A 47m
[PT] ds5 text I
[PT] bx6 frame A 289,145 3x7
[PT] bx6 frame I
[PT] nm6 text A Player
[PT] nm6 text I
[PT] ds6 text A 128m
[PT] ds6 text I
[PT] bx7 frame A 256,145 2x6
[PT] bx7 frame I
[PT] ds7 text A 144m
[PT] ds7 text I
[PT] bx8 frame A 482,151 5x12
[PT] bx8 frame I
[PT] ds8 text A 70m
[PT] ds8 text I
[PT] bx9 frame A 323,146 3x8
[PT] bx9 frame I
[PT] ds9 text A 110m
[PT] ds9 text I
[PT] bx10 frame A 274,152 9x22
[PT] bx10 frame I
[PT] ds10 text A 39m
[PT] ds10 text I
[PT] bx11 frame A 290,167 10x25
[PT] bx11 frame I
[PT] ds11 text A 33m
[PT] ds11 text I
[PT] bx12 frame A 628,137 8x19
[PT] bx12 frame I
[PT] ds12 text A 44m
[PT] ds12 text I
[PT] bx13 frame A 292,143 3x8
[PT] bx13 frame I
[PT] ds13 text A 107m
[PT] ds13 text I
[PT] bx14 frame A 793,145 3x8
[PT] bx14 frame I
[PT] nm14 text A BOT
[PT] nm14 text I
[PT] ds14 text A 128m
[PT] ds14 text I
[PT] bx15 frame A 353,145 3x7
[PT] bx15 frame I
[PT] bx16 frame A 669,262 42x105
[PT] bx16 frame I
[PT] bx17 frame A 788,144 9x22
[PT] bx17 frame I
[PT] ds17 text A 44m
[PT] ds17 text I
[PT] bx18 frame A 340,145 3x7
[PT] bx18 frame I
[PT] bx18 show A
[PT] nm18 show A
[PT] ds18 show A
[PT] tick 683 enemies=50
[PT] bx0 frame A 647,101 8x20
[PT] bx0 frame I
[PT] bx1 frame A 336,85 4x10
[PT] bx1 frame I
[PT] bx2 frame A 402,101 8x21
[PT] bx2 frame I
[PT] bx3 frame A 288,83 3x8
[PT] bx3 frame I
[PT] bx4 frame A 126,305 66x164
[PT] bx4 frame I
[PT] bx5 frame A 297,97 7x19
[PT] bx5 frame I
[PT] bx6 frame A 268,82 3x7
[PT] bx6 frame I
[PT] bx7 frame A 233,81 3x7
[PT] bx7 frame I
[PT] bx8 frame A 469,88 5x12
[PT] bx8 frame I
[PT] bx9 frame A 304,82 3x8
[PT] bx9 frame I
[PT] bx10 frame A 256,91 9x23
[PT] bx10 frame I
[PT] bx11 frame A 270,108 11x26
[PT] bx11 frame I
[PT] bx12 frame A 617,75 8x20
[PT] bx12 frame I
[PT] bx13 frame A 271,80 3x9
[PT] bx13 frame I
[PT] bx14 frame A 782,82 3x8
[PT] bx14 frame I
[PT] bx15 frame A 335,82 3x8
[PT] bx15 frame I
[PT] bx16 frame A 656,215 39x99
[PT] bx16 frame I
[PT] bx17 frame A 777,82 9x23
[PT] bx17 frame I
[PT] bx18 frame A 321,82 3x8
[PT] bx18 frame I
[PT] tick 684 enemies=50
[PT] bx0 frame A 661,74 8x21
[PT] bx0 frame I
[PT] bx1 frame A 344,58 4x10
[PT] bx1 frame I
[PT] bx2 frame A 410,74 9x21
[PT] bx2 frame I
[PT] bx3 frame A 296,55 3x9
[PT] bx3 frame I
[PT] bx4 frame A 139,287 62x155
[PT] bx4 frame I
[PT] bx5 frame A 305,70 8x19
[PT] bx5 frame I
[PT] bx6 frame A 275,54 3x7
[PT] bx6 frame I
[PT] bx7 frame A 240,53 3x7
[PT] bx7 frame I
[PT] bx8 frame A 478,61 5x12
[PT] bx8 frame I
[PT] bx9 frame A 311,55 3x8
[PT] bx9 frame I
[PT] bx10 frame A 263,64 9x23
[PT] bx10 frame I
[PT] ds10 text A 40m
[PT] ds10 text I
[PT] bx11 frame A 278,82 11x27
[PT] bx11 frame I
[PT] bx12 frame A 630,48 8x21
[PT] bx12 frame I
[PT] bx13 frame A 278,52 4x9
[PT] bx13 frame I
[PT] bx14 frame A 802,54 3x8
[PT] bx14 frame I
[PT] bx15 frame A 343,54 3x8
[PT] bx15 frame I
[PT] bx16 frame A 665,197 39x98
[PT] bx16 frame I
[PT] bx17 frame A 796,56 9x24
[PT] bx17 frame I
[PT] bx18 frame A 329,54 3x8
[PT] bx18 frame I
[PT] tick 685 enemies=50
[PT] bx0 frame A 667,86 8x21
[PT] bx0 frame I
[PT] bx1 frame A 352,70 4x10
[PT] bx1 frame I
[PT] bx2 frame A 417,86 8x21
[PT] bx2 frame I
[PT] bx3 frame A 305,68 3x9
[PT] bx3 frame I
[PT] bx4 frame A 143,292 63x157
[PT] bx4 frame I
[PT] bx5 frame A 313,82 7x19
[PT] bx5 frame I
[PT] bx6 frame A 284,67 3x7
[PT] bx6 frame I
[PT] bx7 frame A 250,66 3x7
[PT] bx7 frame I
[PT] bx8 frame A 484,73 5x12
[PT] bx8 frame I
[PT] bx9 frame A 320,67 3x8
[PT] bx9 frame I
[PT] bx10 frame A 271,75 9x22
[PT] bx10 frame I
[PT] bx11 frame A 286,93 11x26
[PT] bx11 frame I
[PT] bx12 frame A 636,60 8x21
[PT] bx12 frame I
[PT] bx13 frame A 287,65 3x9
[PT] bx13 frame I
[PT] bx14 frame A 809,67 3x8
[PT] bx14 frame I
[PT] bx15 frame A 350,67 3x8
[PT] bx15 frame I
[PT] bx16 frame A 670,206 40x99
[PT] bx16 frame I
[PT] bx17 frame A 803,68 9x24
[PT] bx17 frame I
[PT] bx18 frame A 337,67 3x8
[PT] bx18 frame I
[PT] tick 686 enemies=50
[PT] bx0 frame A 696,129 8x21
[PT] bx0 frame I
[PT] bx1 frame A 383,114 4x9
[PT] bx1 frame I
[PT] bx2 frame A 445,128 8x20
[PT] bx2 frame I
[PT] bx3 frame A 339,112 3x8
[PT] bx3 frame I
[PT] bx4 frame A 160,307 66x165
[PT] bx4 frame I
[PT] bx5 frame A 346,124 7x18
[PT] bx5 frame I
[PT] bx6 frame A 320,111 3x7
[PT] bx6 frame I
[PT] bx7 frame A 288,110 2x6
[PT] bx7 frame I
[PT] bx8 frame A 512,117 5x12
[PT] bx8 frame I
[PT] bx9 frame A 353,111 3x8
[PT] bx9 frame I
[PT] bx10 frame A 312,118 8x21
[PT] bx10 frame I
[PT] bx11 frame A 319,134 10x25
[PT] bx11 frame I
[PT] bx12 frame A 664,104 8x20
[PT] bx12 frame I
[PT] bx13 frame A 323,109 3x8
[PT] bx13 frame I
[PT] bx14 frame A 845,111 3x8
[PT] bx14 frame I
[PT] bx15 frame A 382,111 3x7
[PT] bx15 frame I
[PT] bx16 frame A 696,241 42x104
[PT] bx16 frame I
[PT] bx17 frame A 838,111 9x24
[PT] bx17 frame I
[PT] bx18 frame A 369,111 3x8
[PT] bx18 frame I
[PT] tick 687 enemies=50
[PT] bx0 frame A 684,140 8x20
[PT] bx0 frame I
[PT] bx1 frame A 375,125 4x9
[PT] bx1 frame I
[PT] bx2 frame A 436,139 8x20
[PT] bx2 frame I
[PT] bx3 frame A 330,123 3x8
[PT] bx3 frame I
[PT] bx4 frame A 150,316 68x170
[PT] bx4 frame I
[PT] bx5 frame A 337,135 7x18
[PT] bx5 frame I
[PT] bx6 frame A 311,122 3x7
[PT] bx6 frame I
[PT] bx7 frame A 279,121 2x6
[PT] bx7 frame I
[PT] bx8 frame A 503,128 5x12
[PT] bx8 frame I
[PT] bx9 frame A 344,123 3x8
[PT] bx9 frame I
[PT] bx10 frame A 307,128 8x21
[PT] bx10 frame I
[PT] bx11 frame A 311,145 10x25
[PT] bx11 frame I
[PT] bx12 frame A 653,115 8x20
[PT] bx12 frame I
[PT] bx13 frame A 314,120 3x8
[PT] bx13 frame I
[PT] bx14 frame A 829,122 3x8
[PT] bx14 frame I
[PT] bx15 frame A 374,122 3x7
[PT] bx15 frame I
[PT] bx16 frame A 688,248 42x105
[PT] bx16 frame I
[PT] bx17 frame A 822,122 9x23
[PT] bx17 frame I
[PT] bx18 frame A 361,122 3x8
[PT] bx18 frame I
[PT] tick 688 enemies=50
[PT] bx0 frame A 673,145 8x20
[PT] bx0 frame I
[PT] bx1 frame A 366,131 4x9
[PT] bx1 frame I
[PT] bx2 frame A 428,145 8x20
[PT] bx2 frame I
[PT] bx3 frame A 321,129 3x8
[PT] bx3 frame I
[PT] bx4 frame A 141,322 70x174
[PT] bx4 frame I
[PT] bx5 frame A 328,141 7x18
[PT] bx5 frame I
[PT] bx6 frame A 301,128 3x7
[PT] bx6 frame I
[PT] bx7 frame A 269,127 2x6
[PT] bx7 frame I
[PT] bx8 frame A 494,134 5x12
[PT] bx8 frame I
[PT] bx9 frame A 335,129 3x8
[PT] bx9 frame I
[PT] bx10 frame A 302,134 8x21
[PT] bx10 frame I
[PT] bx11 frame A 302,151 10x25
[PT] bx11 frame I
[PT] bx12 frame A 642,120 8x20
[PT] bx12 frame I
[PT] bx13 frame A 304,126 3x8
[PT] bx13 frame I
[PT] bx14 frame A 814,128 3x8
[PT] bx14 frame I
[PT] bx15 frame A 365,128 3x7
[PT] bx15 frame I
[PT] bx16 frame A 680,251 42x104
[PT] bx16 frame I
[PT] bx17 frame A 808,128 9x23
[PT] bx17 frame I
[PT] bx18 frame A 351,128 3x8
[PT] bx18 frame I
[PT] tick 689 enemies=50
[PT] bx0 frame A 658,153 8x20
[PT] bx0 frame I
[PT] bx1 frame A 353,139 4x9
[PT] bx1 frame I
[PT] bx2 frame A 416,152 8x20
[PT] bx2 frame I
[PT] bx3 frame A 308,137 3x8
[PT] bx3 frame I
[PT] bx4 frame A 127,330 72x179
[PT] bx4 frame I
[PT] bx5 frame A 315,149 7x18
[PT] bx5 frame I
[PT] bx6 frame A 288,136 3x7
[PT] bx6 frame I
[PT] bx7 frame A 255,135 3x6
[PT] bx7 frame I
[PT] bx8 frame A 482,142 5x12
[PT] bx8 frame I
[PT] bx9 frame A 322,137 3x8
[PT] bx9 frame I
[PT] bx10 frame A 292,142 8x21
[PT] bx10 frame I
[PT] bx11 frame A 289,158 10x25
[PT] bx11 frame I
[PT] bx12 frame A 628,128 8x19
[PT] bx12 frame I
[PT] bx13 frame A 291,134 3x8
[PT] bx13 frame I
[PT] bx14 frame A 794,136 3x8
[PT] bx14 frame I
[PT] bx15 frame A 352,136 3x7
[PT] bx15 frame I
[PT] bx16 frame A 668,255 42x104
[PT] bx16 frame I
[PT] bx17 frame A 788,135 9x22
[PT] bx17 frame I
[PT] bx18 frame A 339,136 3x8
[PT] bx18 frame I
[PT] tick 690 enemies=50
[PT] bx0 frame A 612,160 8x19
[PT] bx0 frame I
[PT] bx1 frame A 309,148 4x10
[PT] bx1 frame I
[PT] bx2 frame A 375,161 8x20
[PT] bx2 frame I
[PT] bx3 frame A 261,146 3x8
[PT] bx3 frame I
[PT] bx4 frame A 83,349 77x193
[PT] bx4 frame I
[PT] bx5 frame A 270,158 7x18
[PT] bx5 frame I
[PT] bx6 frame A 239,145 3x7
[PT] bx6 frame I
[PT] bx7 frame A 203,144 3x7
[PT] bx7 frame I
[PT] bx8 frame A 441,150 5x12
[PT] bx8 frame I
[PT] bx9 frame A 276,145 3x8
[PT] bx9 frame I
[PT] bx10 frame A 251,151 9x21
[PT] bx10 frame I
[PT] bx11 frame A 242,168 10x26
[PT] bx11 frame I
[PT] bx12 frame A 903,159 14x34
[PT] bx12 frame I
[PT] ds12 text A 31m
[PT] ds12 text I
[PT] bx13 frame A 583,136 7x19
[PT] bx13 frame I
[PT] ds13 text A 44m
[PT] ds13 text I
[PT] bx14 frame A 243,143 3x8
[PT] bx14 frame I
[PT] nm14 text A Player
[PT] nm14 text I
[PT] ds14 text A 107m
[PT] ds14 text I
[PT] bx15 frame A 734,144 3x7
[PT] bx15 frame I
[PT] nm15 text A BOT
[PT] nm15 text I
[PT] ds15 text A 128m
[PT] ds15 text I
[PT] bx16 frame A 308,145 3x7
[PT] bx16 frame I
[PT] ds16 text A 114m
[PT] ds16 text I
[PT] bx17 frame A 632,257 41x101
[PT] bx17 frame I
[PT] ds17 text A 6m
[PT] ds17 text I
[PT] bx18 frame A 731,143 8x21
[PT] bx18 frame I
[PT] ds18 text A 44m
[PT] ds18 text I
[PT] bx19 frame A 294,145 3x8
[PT] bx19 frame I
[PT] bx19 show A
[PT] nm19 show A
[PT] ds19 show A
[PT] tick 691 enemies=50
[PT] bx0 frame A 629,148 8x19
[PT] bx0 frame I
[PT] bx1 frame A 324,135 4x9
[PT] bx1 frame I
[PT] bx2 frame A 390,148 8x20
[PT] bx2 frame I
[PT] bx3 frame A 277,133 3x8
[PT] bx3 frame I
[PT] bx4 frame A 102,336 74x184
[PT] bx4 frame I
[PT] bx5 frame A 286,145 7x18
[PT] bx5 frame I
[PT] bx6 frame A 256,132 3x7
[PT] bx6 frame I
[PT] bx7 frame A 221,131 3x6
[PT] bx7 frame I
[PT] bx8 frame A 455,137 5x12
[PT] bx8 frame I
[PT] bx9 frame A 292,132 3x8
[PT] bx9 frame I
[PT] bx10 frame A 271,132 8x21
[PT] bx10 frame I
[PT] ds10 text A 41m
[PT] ds10 text I
[PT] bx11 frame A 259,155 10x26
[PT] bx11 frame I
[PT] bx12 frame A 599,124 8x19
[PT] bx12 frame I
[PT] ds12 text A 44m
[PT] ds12 text I
[PT] bx13 frame A 259,129 3x8
[PT] bx13 frame I
[PT] ds13 text A 107m
[PT] ds13 text I
[PT] bx14 frame A 756,131 3x8
[PT] bx14 frame I
[PT] nm14 text A BOT
[PT] nm14 text I
[PT] ds14 text A 128m
[PT] ds14 text I
[PT] bx15 frame A 323,131 3x7
[PT] bx15 frame I
[PT] nm15 text A Player
[PT] nm15 text I
[PT] ds15 text A 114m
[PT] ds15 text I
[PT] bx16 frame A 645,249 41x101
[PT] bx16 frame I
[PT] ds16 text A 6m
[PT] ds16 text I
[PT] bx17 frame A 751,130 9x21
[PT] bx17 frame I
[PT] ds17 text A 44m
[PT] ds17 text I
[PT] bx18 frame A 309,132 3x8
[PT] bx18 frame I
[PT] ds18 text A 112m
[PT] ds18 text I
[PT] bx19 hide A
[PT] nm19 hide A
[PT] ds19 hide A
[PT] tick 692 enemies=50
[PT] bx0 frame A 639,132 8x20
[PT] bx0 frame I
[PT] bx1 frame A 333,118 4x10
[PT] bx1 frame I
[PT] bx2 frame A 398,132 8x20
[PT] bx2 frame I
[PT] bx3 frame A 286,116 3x8
[PT] bx3 frame I
[PT] bx4 frame A 115,324 70x175
[PT] bx4 frame I
[PT] bx5 frame A 294,128 7x18
[PT] bx5 frame I
[PT] bx6 frame A 265,115 3x7
[PT] bx6 frame I
[PT] bx7 frame A 231,114 3x6
[PT] bx7 frame I
[PT] bx8 frame A 464,121 5x12
[PT] bx8 frame I
[PT] bx9 frame A 301,115 3x8
[PT] bx9 frame I
[PT] bx10 frame A 285,112 8x21
[PT] bx10 frame I
[PT] bx11 frame A 267,139 10x26
[PT] bx11 frame I
[PT] bx12 frame A 609,107 8x19
[PT] bx12 frame I
[PT] bx13 frame A 268,112 3x8
[PT] bx13 frame I
[PT] bx14 frame A 770,114 3x8
[PT] bx14 frame I
[PT] bx15 frame A 332,115 3x8
[PT] bx15 frame I
[PT] bx16 frame A 652,237 40x101
[PT] bx16 frame I
[PT] bx17 frame A 765,114 9x22
[PT] bx17 frame I
[PT] bx18 frame A 318,115 3x8
[PT] bx18 frame I
[PT] tick 693 enemies=50
[PT] bx0 frame A 599,117 8x19
[PT] bx0 frame I
[PT] bx1 frame A 290,104 4x10
[PT] bx1 frame I
[PT] bx2 frame A 359,119 8x21
[PT] bx2 frame I
[PT] bx3 frame A 239,102 3x9
[PT] bx3 frame I
[PT] bx4 frame A 80,330 71x179
[PT] bx4 frame I
[PT] bx5 frame A 250,116 8x19
[PT] bx5 frame I
[PT] bx6 frame A 217,101 3x7
[PT] bx6 frame I
[PT] bx7 frame A 179,100 3x7
[PT] bx7 frame I
[PT] bx8 frame A 426,107 5x12
[PT] bx8 frame I
[PT] bx9 frame A 255,101 3x8
[PT] bx9 frame I
[PT] bx10 frame A 242,98 9x22
[PT] bx10 frame I
[PT] bx11 frame A 222,127 11x27
[PT] bx11 frame I
[PT] bx12 frame A 884,118 14x34
[PT] bx12 frame I
[PT] ds12 text A 31m
[PT] ds12 text I
[PT] bx13 frame A 570,93 8x19
[PT] bx13 frame I
[PT] ds13 text A 44m
[PT] ds13 text I
[PT] bx14 frame A 220,99 4x9
[PT] bx14 frame I
[PT] nm14 text A Player
[PT] nm14 text I
[PT] ds14 text A 107m
[PT] ds14 text I
[PT] bx15 frame A 720,100 3x8
[PT] bx15 frame I
[PT] nm15 text A BOT
[PT] nm15 text I
[PT] ds15 text A 128m
[PT] ds15 text I
[PT] bx16 frame A 288,101 3x8
[PT] bx16 frame I
[PT] ds16 text A 114m
[PT] ds16 text I
[PT] bx17 frame A 619,223 39x97
[PT] bx17 frame I
[PT] ds17 text A 6m
[PT] ds17 text I
[PT] bx18 frame A 717,100 8x21
[PT] bx18 frame I
[PT] ds18 text A 44m
[PT] ds18 text I
[PT] bx19 frame A 274,101 3x8
[PT] bx19 frame I
[PT] bx19 show A
[PT] nm19 show A
[PT] ds19 show A
[PT] tick 694 enemies=50
[PT] bx0 frame A 597,118 8x19
[PT] bx0 frame I
[PT] bx1 frame A 288,105 4x10
[PT] bx1 frame I
[PT] bx2 frame A 358,119 8x21
[PT] bx2 frame I
[PT] bx3 frame A 237,103 3x9
[PT] bx3 frame I
[PT] bx4 frame A 78,331 72x179
[PT] bx4 frame I
[PT] bx5 frame A 248,116 8x19
[PT] bx5 frame I
[PT] bx6 frame A 215,101 3x7
[PT] bx6 frame I
[PT] bx7 frame A 177,101 3x7
[PT] bx7 frame I
[PT] bx8 frame A 424,107 5x12
[PT] bx8 frame I
[PT] bx9 frame A 254,102 3x8
[PT] bx9 frame I
[PT] bx10 frame A 247,96 9x22
[PT] bx10 frame I
[PT] bx11 frame A 220,127 11x27
[PT] bx11 frame I
[PT] bx12 frame A 881,118 14x34
[PT] bx12 frame I
[PT] bx13 frame A 568,94 8x19
[PT] bx13 frame I
[PT] bx14 frame A 218,99 4x9
[PT] bx14 frame I
[PT] bx15 frame A 718,100 3x8
[PT] bx15 frame I
[PT] bx16 frame A 286,101 3x8
[PT] bx16 frame I
[PT] bx17 frame A 618,224 39x97
[PT] bx17 frame I
[PT] bx18 frame A 715,100 8x21
[PT] bx18 frame I
[PT] bx19 frame A 272,102 3x8
[PT] bx19 frame I
[PT] tick 695 enemies=50
[PT] bx0 frame A 599,115 8x19
[PT] bx0 frame I
[PT] bx1 frame A 290,101 4x10
[PT] bx1 frame I
[PT] bx2 frame A 359,116 8x21
[PT] bx2 frame I
[PT] bx3 frame A 239,99 3x9
[PT] bx3 frame I
[PT] bx4 frame A 81,329 71x178
[PT] bx4 frame I
[PT] bx5 frame A 250,113 8x19
[PT] bx5 frame I
[PT] bx6 frame A 217,98 3x7
[PT] bx6 frame I
[PT] bx7 frame A 179,97 3x7
[PT] bx7 frame I
[PT] bx8 frame A 426,104 5x12
[PT] bx8 frame I
[PT] bx9 frame A 255,98 3x8
[PT] bx9 frame I
[PT] bx10 frame A 253,93 9x22
[PT] bx10 frame I
[PT] bx11 frame A 222,124 11x27
[PT] bx11 frame I
[PT] bx12 frame A 884,115 14x34
[PT] bx12 frame I
[PT] bx13 frame A 570,90 8x19
[PT] bx13 frame I
[PT] bx14 frame A 220,96 4x9
[PT] bx14 frame I
[PT] bx15 frame A 720,97 3x8
[PT] bx15 frame I
[PT] bx16 frame A 288,98 3x8
[PT] bx16 frame I
[PT] bx17 frame A 620,221 39x97
[PT] bx17 frame I
[PT] bx18 frame A 717,97 8x21
[PT] bx18 frame I
[PT] bx19 frame A 274,98 3x8
[PT] bx19 frame I
[PT] tick 696 enemies=50
[PT] bx0 frame A 621,107 8x20
[PT] bx0 frame I
[PT] bx1 frame A 311,93 4x10
[PT] bx1 frame I
[PT] bx2 frame A 378,108 8x21
[PT] bx2 frame I
[PT] bx3 frame A 262,91 3x9
[PT] bx3 frame I
[PT] bx4 frame A 102,317 68x171
[PT] bx4 frame I
[PT] bx5 frame A 272,105 7x19
[PT] bx5 frame I
[PT] bx6 frame A 240,90 3x7
[PT] bx6 frame I
[PT] bx7 frame A 204,89 3x7
[PT] bx7 frame I
[PT] bx8 frame A 445,96 5x12
[PT] bx8 frame I
[PT] bx9 frame A 277,89 3x8
[PT] bx9 frame I
[PT] bx10 frame A 280,85 9x22
[PT] bx10 frame I
[PT] bx11 frame A 244,116 11x27
[PT] bx11 frame I
[PT] bx12 frame A 921,108 14x36
[PT] bx12 frame I
[PT] bx13 frame A 591,82 8x20
[PT] bx13 frame I
[PT] bx14 frame A 243,87 4x9
[PT] bx14 frame I
[PT] bx15 frame A 747,89 3x8
[PT] bx15 frame I
[PT] bx16 frame A 309,89 3x8
[PT] bx16 frame I
[PT] bx17 frame A 636,217 39x97
[PT] bx17 frame I
[PT] bx18 frame A 744,89 9x22
[PT] bx18 frame I
[PT] bx19 frame A 295,90 3x8
[PT] bx19 frame I
[PT] tick 697 enemies=50
[PT] bx0 frame A 613,106 8x20
[PT] bx0 frame I
[PT] bx1 frame A 303,91 4x10
[PT] bx1 frame I
[PT] bx2 frame A 371,106 8x21
[PT] bx2 frame I
[PT] bx3 frame A 253,89 3x9
[PT] bx3 frame I
[PT] bx4 frame A 96,319 69x171
[PT] bx4 frame I
[PT] bx5 frame A 263,103 8x19
[PT] bx5 frame I
[PT] bx6 frame A 231,88 3x7
[PT] bx6 frame I
[PT] bx7 frame A 194,87 3x7
[PT] bx7 frame I
[PT] bx8 frame A 438,94 5x12
[PT] bx8 frame I
[PT] bx9 frame A 269,86 3x8
[PT] bx9 frame I
[PT] bx10 frame A 274,84 9x22
[PT] bx10 frame I
[PT] bx11 frame A 235,114 11x27
[PT] bx11 frame I
[PT] bx12 frame A 908,107 14x35
[PT] bx12 frame I
[PT] bx13 frame A 584,81 8x20
[PT] bx13 frame I
[PT] bx14 frame A 234,86 4x9
[PT] bx14 frame I
[PT] bx15 frame A 738,87 3x8
[PT] bx15 frame I
[PT] bx16 frame A 301,88 3x8
[PT] bx16 frame I
[PT] bx17 frame A 630,215 39x97
[PT] bx17 frame I
[PT] bx18 frame A 734,88 9x22
[PT] bx18 frame I
[PT] bx19 frame A 287,88 3x8
[PT] bx19 frame I
[PT] tick 698 enemies=50
[PT] bx0 frame A 619,87 8x20
[PT] bx0 frame I
[PT] bx1 frame A 305,72 4x10
[PT] bx1 frame I
[PT] bx2 frame A 374,88 9x21
[PT] bx2 frame I
[PT] bx3 frame A 255,70 4x9
[PT] bx3 frame I
[PT] bx4 frame A 103,308 66x164
[PT] bx4 frame I
[PT] bx5 frame A 265,85 8x19
[PT] bx5 frame I
[PT] bx6 frame A 233,69 3x8
[PT] bx6 frame I
[PT] bx7 frame A 196,68 3x7
[PT] bx7 frame I
[PT] bx8 frame A 441,75 5x12
[PT] bx8 frame I
[PT] bx9 frame A 271,66 3x9
[PT] bx9 frame I
[PT] bx10 frame A 282,67 9x22
[PT] bx10 frame I
[PT] bx11 frame A 238,96 11x27
[PT] bx11 frame I
[PT] bx12 frame A 919,89 14x36
[PT] bx12 frame I
[PT] bx13 frame A 589,62 8x20
[PT] bx13 frame I
[PT] bx14 frame A 236,67 4x9
[PT] bx14 frame I
[PT] bx15 frame A 746,68 3x8
[PT] bx15 frame I
[PT] bx16 frame A 303,69 3x8
[PT] bx16 frame I
[PT] bx17 frame A 633,202 38x96
[PT] bx17 frame I
[PT] bx18 frame A 742,69 9x22
[PT] bx18 frame I
[PT] bx19 frame A 289,69 3x8
[PT] bx19 frame I
[PT] tick 699 enemies=50
[PT] bx0 frame A 614,79 8x20
[PT] bx0 frame I
[PT] bx1 frame A 299,64 4x10
[PT] bx1 frame I
[PT] bx2 frame A 369,80 9x22
[PT] bx2 frame I
[PT] bx3 frame A 248,61 4x9
[PT] bx3 frame I
[PT] bx4 frame A 100,305 65x163
[PT] bx4 frame I
[PT] bx5 frame A 259,76 8x19
[PT] bx5 frame I
[PT] bx6 frame A 226,60 3x8
[PT] bx6 frame I
[PT] bx7 frame A 188,59 3x7
[PT] bx7 frame I
[PT] bx8 frame A 436,67 5x12
[PT] bx8 frame I
[PT] bx9 frame A 264,57 3x9
[PT] bx9 frame I
[PT] bx10 frame A 281,61 9x22
[PT] bx10 frame I
[PT] ds10 text A 42m
[PT] ds10 text I
[PT] bx11 frame A 231,88 11x28
[PT] bx11 frame I
[PT] bx12 frame A 913,81 14x36
[PT] bx12 frame I
[PT] bx13 frame A 585,53 8x20
[PT] bx13 frame I
[PT] bx14 frame A 229,58 4x9
[PT] bx14 frame I
[PT] bx15 frame A 741,59 3x8
[PT] bx15 frame I
[PT] bx16 frame A 297,60 3x8
[PT] bx16 frame I
[PT] bx17 frame A 629,196 38x95
[PT] bx17 frame I
[PT] bx18 frame A 738,61 9x22
[PT] bx18 frame I
[PT] bx19 frame A 282,60 3x8
[PT] bx19 frame I
[PT] tick 700 enemies=50
[PT] bx0 frame A 619,80 8x20
[PT] bx0 frame I
[PT] bx1 frame A 304,65 4x10
[PT] bx1 frame I
[PT] bx2 frame A 374,81 9x22
[PT] bx2 frame I
[PT] bx3 frame A 254,62 4x9
[PT] bx3 frame I
[PT] bx4 frame A 105,304 65x162
[PT] bx4 frame I
[PT] bx5 frame A 265,77 8x19
[PT] bx5 frame I
[PT] bx6 frame A 232,61 3x8
[PT] bx6 frame I
[PT] bx7 frame A 194,60 3x7
[PT] bx7 frame I
[PT] bx8 frame A 441,68 5x12
[PT] bx8 frame I
[PT] bx9 frame A 270,58 3x9
[PT] bx9 frame I
[PT] bx10 frame A 289,64 9x22
[PT] bx10 frame I
[PT] bx11 frame A 237,89 11x27
[PT] bx11 frame I
[PT] bx12 frame A 921,82 15x36
[PT] bx12 frame I
[PT] bx13 frame A 590,54 8x20
[PT] bx13 frame I
[PT] bx14 frame A 235,59 4x9
[PT] bx14 frame I
[PT] bx15 frame A 748,60 3x8
[PT] bx15 frame I
[PT] bx16 frame A 303,61 3x8
[PT] bx16 frame I
[PT] bx17 frame A 634,197 38x96
[PT] bx17 frame I
[PT] bx18 frame A 744,62 9x22
[PT] bx18 frame I
[PT] bx19 frame A 288,61 3x8
[PT] bx19 frame I
[PT] tick 701 enemies=49
[PT] bx0 frame A 621,78 8x20
[PT] bx0 frame I
[PT] bx1 frame A 306,63 4x10
[PT] bx1 frame I
[PT] bx2 frame A 375,79 9x22
[PT] bx2 frame I
[PT] bx3 frame A 256,61 4x9
[PT] bx3 frame I
[PT] bx4 frame A 107,302 65x161
[PT] bx4 frame I
[PT] bx5 frame A 267,76 8x19
[PT] bx5 frame I
[PT] bx6 frame A 234,59 3x8
[PT] bx6 frame I
[PT] bx7 frame A 197,58 3x7
[PT] bx7 frame I
[PT] bx8 frame A 443,66 5x12
[PT] bx8 frame I
[PT] bx9 frame A 272,57 3x9
[PT] bx9 frame I
[PT] bx10 frame A 296,66 9x21
[PT] bx10 frame I
[PT] bx11 frame A 239,88 11x27
[PT] bx11 frame I
[PT] bx12 frame A 925,81 15x36
[PT] bx12 frame I
[PT] bx13 frame A 592,52 8x20
[PT] bx13 frame I
[PT] bx14 frame A 237,57 4x9
[PT] bx14 frame I
[PT] bx15 frame A 751,59 3x8
[PT] bx15 frame I
[PT] bx16 frame A 305,59 3x8
[PT] bx16 frame I
[PT] bx17 frame A 635,196 38x96
[PT] bx17 frame I
[PT] bx18 frame A 290,59 3x8
[PT] bx18 frame I
[PT] ds18 text A 112m
[PT] ds18 text I
[PT] bx19 hide A
[PT] nm19 hide A
[PT] ds19 hide A
[PT] tick 702 enemies=49
[PT] bx0 frame A 619,73 8x20
[PT] bx0 frame I
[PT] bx1 frame A 303,57 4x10
[PT] bx1 frame I
[PT] bx2 frame A 373,74 9x22
[PT] bx2 frame I
[PT] bx3 frame A 252,55 4x9
[PT] bx3 frame I
[PT] bx4 frame A 106,300 64x160
[PT] bx4 frame I
[PT] bx5 frame A 263,70 8x19
[PT] bx5 frame I
[PT] bx6 frame A 230,54 3x8
[PT] bx6 frame I
[PT] bx7 frame A 192,53 3x7
[PT] bx7 frame I
[PT] bx8 frame A 441,60 5x12
[PT] bx8 frame I
[PT] bx9 frame A 268,52 3x9
[PT] bx9 frame I
[PT] bx10 frame A 296,61 9x21
[PT] bx10 frame I
[PT] bx11 frame A 235,82 11x28
[PT] bx11 frame I
[PT] bx12 frame A 922,75 15x36
[PT] bx12 frame I
[PT] bx13 frame A 590,47 8x20
[PT] bx13 frame I
[PT] bx14 frame A 233,51 4x9
[PT] bx14 frame I
[PT] bx15 frame A 748,53 3x8
[PT] bx15 frame I
[PT] bx16 frame A 301,54 3x8
[PT] bx16 frame I
[PT] bx17 frame A 633,192 38x95
[PT] bx17 frame I
[PT] bx18 frame A 287,54 3x8
[PT] bx18 frame I
[PT] tick 703 enemies=49
[PT] bx0 frame A 622,72 8x20
[PT] bx0 frame I
[PT] bx1 frame A 305,57 4x10
[PT] bx1 frame I
[PT] bx2 frame A 375,73 9x22
[PT] bx2 frame I
[PT] bx3 frame A 255,54 4x9
[PT] bx3 frame I
[PT] bx4 frame A 108,299 64x160
[PT] bx4 frame I
[PT] bx5 frame A 265,70 8x19
[PT] bx5 frame I
[PT] bx6 frame A 232,53 3x8
[PT] bx6 frame I
[PT] bx7 frame A 195,52 3x7
[PT] bx7 frame I
[PT] bx8 frame A 443,60 5x12
[PT] bx8 frame I
[PT] bx9 frame A 271,52 3x9
[PT] bx9 frame I
[PT] bx10 frame A 298,61 9x21
[PT] bx10 frame I
[PT] bx11 frame A 237,82 11x28
[PT] bx11 frame I
[PT] bx12 frame A 926,75 15x37
[PT] bx12 frame I
[PT] bx13 frame A 592,46 8x20
[PT] bx13 frame I
[PT] bx14 frame A 235,51 4x9
[PT] bx14 frame I
[PT] bx15 frame A 751,52 3x8
[PT] bx15 frame I
[PT] bx16 frame A 303,53 3x8
[PT] bx16 frame I
[PT] bx17 frame A 635,192 38x96
[PT] bx17 frame I
[PT] bx18 frame A 289,53 3x8
[PT] bx18 frame I
[PT] tick 704 enemies=49
[PT] bx0 frame A 632,69 8x21
[PT] bx0 frame I
[PT] bx1 frame A 315,53 4x10
[PT] bx1 frame I
[PT] bx2 frame A 384,70 9x22
[PT] bx2 frame I
[PT] bx3 frame A 265,51 4x9
[PT] bx3 frame I
[PT] bx4 frame A 116,294 63x157
[PT] bx4 frame I
[PT] bx5 frame A 275,66 8x19
[PT] bx5 frame I
[PT] bx6 frame A 243,49 3x8
[PT] bx6 frame I
[PT] bx7 frame A 206,48 3x7
[PT] bx7 frame I
[PT] bx8 frame A 452,56 5x13
[PT] bx8 frame I
[PT] bx9 frame A 281,49 3x9
[PT] bx9 frame I
[PT] bx10 frame A 308,57 8x21
[PT] bx10 frame I
[PT] bx11 frame A 248,78 11x28
[PT] bx11 frame I
[PT] bx12 frame A 602,43 8x21
[PT] bx12 frame I
[PT] ds12 text A 44m
[PT] ds12 text I
[PT] bx13 frame A 246,47 4x9
[PT] bx13 frame I
[PT] ds13 text A 107m
[PT] ds13 text I
[PT] bx14 frame A 765,49 3x8
[PT] bx14 frame I
[PT] nm14 text A BOT
[PT] nm14 text I
[PT] ds14 text A 128m
[PT] ds14 text I
[PT] bx15 frame A 313,49 3x8
[PT] bx15 frame I
[PT] nm15 text A Player
[PT] nm15 text I
[PT] ds15 text A 114m
[PT] ds15 text I
[PT] bx16 frame A 643,190 38x96
[PT] bx16 frame I
[PT] ds16 text A 6m
[PT] ds16 text I
[PT] bx17 frame A 299,49 3x8
[PT] bx17 frame I
[PT] ds17 text A 112m
[PT] ds17 text I
[PT] bx18 hide A
[PT] nm18 hide A
[PT] ds18 hide A
[PT] tick 705 enemies=49
[PT] bx0 frame A 628,68 8x21
[PT] bx0 frame I
[PT] bx1 frame A 311,52 4x10
[PT] bx1 frame I
[PT] bx2 frame A 380,69 9x22
[PT] bx2 frame I
[PT] bx3 frame A 261,50 4x9
[PT] bx3 frame I
[PT] bx4 frame A 113,295 63x157
[PT] bx4 frame I
[PT] bx5 frame A 271,65 8x19
[PT] bx5 frame I
[PT] bx6 frame A 239,48 3x8
[PT] bx6 frame I
[PT] bx7 frame A 201,48 3x7
[PT] bx7 frame I
[PT] bx8 frame A 448,55 5x13
[PT] bx8 frame I
[PT] bx9 frame A 277,48 3x9
[PT] bx9 frame I
[PT] bx10 frame A 307,56 8x21
[PT] bx10 frame I
[PT] ds10 text A 43m
[PT] ds10 text I
[PT] bx11 frame A 243,77 11x28
[PT] bx11 frame I
[PT] bx12 frame A 598,42 8x21
[PT] bx12 frame I
[PT] bx13 frame A 242,46 4x9
[PT] bx13 frame I
[PT] bx14 frame A 760,48 3x8
[PT] bx14 frame I
[PT] bx15 frame A 309,48 3x8
[PT] bx15 frame I
[PT] bx16 frame A 640,189 38x96
[PT] bx16 frame I
[PT] bx17 frame A 295,49 3x8
[PT] bx17 frame I
[PT] tick 706 enemies=49
[PT] bx0 frame A 626,69 8x20
[PT] bx0 frame I
[PT] bx1 frame A 309,54 4x10
[PT] bx1 frame I
[PT] bx2 frame A 378,70 9x22
[PT] bx2 frame I
[PT] bx3 frame A 259,51 4x9
[PT] bx3 frame I
[PT] bx4 frame A 112,296 63x158
[PT] bx4 frame I
[PT] bx5 frame A 269,67 8x19
[PT] bx5 frame I
[PT] bx6 frame A 237,50 3x8
[PT] bx6 frame I
[PT] bx7 frame A 199,49 3x7
[PT] bx7 frame I
[PT] bx8 frame A 446,57 5x13
[PT] bx8 frame I
[PT] bx9 frame A 275,50 3x9
[PT] bx9 frame I
[PT] bx10 frame A 307,57 8x21
[PT] bx10 frame I
[PT] bx11 frame A 242,79 11x28
[PT] bx11 frame I
[PT] bx12 frame A 596,43 8x21
[PT] bx12 frame I
[PT] bx13 frame A 240,48 4x9
[PT] bx13 frame I
[PT] bx14 frame A 757,49 3x8
[PT] bx14 frame I
[PT] bx15 frame A 307,50 3x8
[PT] bx15 frame I
[PT] bx16 frame A 638,190 38x96
[PT] bx16 frame I
[PT] bx17 frame A 293,50 3x8
[PT] bx17 frame I
[PT] tick 707 enemies=49
[PT] bx0 frame A 623,72 8x20
[PT] bx0 frame I
[PT] bx1 frame A 307,56 4x10
[PT] bx1 frame I
[PT] bx2 frame A 376,73 9x22
[PT] bx2 frame I
[PT] bx3 frame A 257,54 4x9
[PT] bx3 frame I
[PT] bx4 frame A 109,299 64x159
[PT] bx4 frame I
[PT] bx5 frame A 267,69 8x19
[PT] bx5 frame I
[PT] bx6 frame A 234,53 3x8
[PT] bx6 frame I
[PT] bx7 frame A 197,52 3x7
[PT] bx7 frame I
[PT] bx8 frame A 444,60 5x13
[PT] bx8 frame I
[PT] bx9 frame A 273,53 3x9
[PT] bx9 frame I
[PT] bx10 frame A 307,60 8x21
[PT] bx10 frame I
[PT] bx11 frame A 239,81 11x28
[PT] bx11 frame I
[PT] bx12 frame A 594,46 8x21
[PT] bx12 frame I
[PT] bx13 frame A 237,51 4x9
[PT] bx13 frame I
[PT] bx14 frame A 754,52 3x8
[PT] bx14 frame I
[PT] bx15 frame A 305,53 3x8
[PT] bx15 frame I
[PT] bx16 frame A 636,192 38x96
[PT] bx16 frame I
[PT] bx17 frame A 291,53 3x8
[PT] bx17 frame I
[PT] tick 708 enemies=49
[PT] bx0 frame A 625,66 8x21
[PT] bx0 frame I
[PT] bx1 frame A 307,51 4x10
[PT] bx1 frame I
[PT] bx2 frame A 377,67 9x22
[PT] bx2 frame I
[PT] bx3 frame A 257,48 4x9
[PT] bx3 frame I
[PT] bx4 frame A 111,295 63x157
[PT] bx4 frame I
[PT] bx5 frame A 268,64 8x20
[PT] bx5 frame I
[PT] bx6 frame A 235,47 3x8
[PT] bx6 frame I
[PT] bx7 frame A 197,46 3x7
[PT] bx7 frame I
[PT] bx8 frame A 445,54 5x13
[PT] bx8 frame I
[PT] bx9 frame A 273,47 3x9
[PT] bx9 frame I
[PT] bx10 frame A 310,54 8x21
[PT] bx10 frame I
[PT] ds10 text A 44m
[PT] ds10 text I
[PT] bx11 frame A 240,76 11x28
[PT] bx11 frame I
[PT] bx12 frame A 595,40 8x21
[PT] bx12 frame I
[PT] bx13 frame A 238,45 4x9
[PT] bx13 frame I
[PT] bx14 frame A 756,46 3x8
[PT] bx14 frame I
[PT] bx15 frame A 306,47 3x8
[PT] bx15 frame I
[PT] bx16 frame A 637,188 38x96
[PT] bx16 frame I
[PT] bx17 frame A 291,47 3x8
[PT] bx17 frame I
[PT] tick 709 enemies=49
[PT] bx0 frame A 623,64 8x21
[PT] bx0 frame I
[PT] bx1 frame A 305,49 4x10
[PT] bx1 frame I
[PT] bx2 frame A 375,65 9x22
[PT] bx2 frame I
[PT] bx3 frame A 254,46 4x9
[PT] bx3 frame I
[PT] bx4 frame A 109,295 63x157
[PT] bx4 frame I
[PT] bx5 frame A 265,62 8x20
[PT] bx5 frame I
[PT] bx6 frame A 232,45 3x8
[PT] bx6 frame I
[PT] bx7 frame A 194,44 3x7
[PT] bx7 frame I
[PT] bx8 frame A 443,52 5x13
[PT] bx8 frame I
[PT] bx9 frame A 270,45 4x9
[PT] bx9 frame I
[PT] bx10 frame A 310,52 8x21
[PT] bx10 frame I
[PT] bx11 frame A 237,74 11x28
[PT] bx11 frame I
[PT] bx12 frame A 593,38 8x21
[PT] bx12 frame I
[PT] bx13 frame A 235,43 4x9
[PT] bx13 frame I
[PT] bx14 frame A 753,44 3x8
[PT] bx14 frame I
[PT] bx15 frame A 303,45 3x8
[PT] bx15 frame I
[PT] bx16 frame A 635,186 38x95
[PT] bx16 frame I
[PT] bx17 frame A 288,45 3x9
[PT] bx17 frame I
[PT] tick 710 enemies=49
[PT] bx0 frame A 622,65 8x21
[PT] bx0 frame I
[PT] bx1 frame A 304,49 4x10
[PT] bx1 frame I
[PT] bx2 frame A 374,66 9x22
[PT] bx2 frame I
[PT] bx3 frame A 253,47 4x9
[PT] bx3 frame I
[PT] bx4 frame A 108,296 63x157
[PT] bx4 frame I
[PT] bx5 frame A 264,62 8x20
[PT] bx5 frame I
[PT] bx6 frame A 230,45 3x8
[PT] bx6 frame I
[PT] bx7 frame A 193,44 3x7
[PT] bx7 frame I
[PT] bx8 frame A 442,52 5x13
[PT] bx8 frame I
[PT] bx9 frame A 269,46 4x9
[PT] bx9 frame I
[PT] bx11 frame A 236,75 11x28
[PT] bx11 frame I
[PT] bx12 frame A 592,39 8x21
[PT] bx12 frame I
[PT] bx13 frame A 233,43 4x9
[PT] bx13 frame I
[PT] bx14 frame A 752,44 3x8
[PT] bx14 frame I
[PT] bx15 frame A 302,45 3x8
[PT] bx15 frame I
[PT] bx17 frame A 287,45 3x9
[PT] bx17 frame I
[PT] tick 711 enemies=49
[PT] bx0 frame A 621,63 8x21
[PT] bx0 frame I
[PT] bx1 frame A 303,47 4x10
[PT] bx1 frame I
[PT] bx2 frame A 373,64 9x22
[PT] bx2 frame I
[PT] bx3 frame A 252,45 4x9
[PT] bx3 frame I
[PT] bx5 frame A 889,152 49x121
[PT] bx5 frame I
[PT] nm5 text A Player
[PT] nm5 text I
[PT] ds5 text A 7m
[PT] ds5 text I
[PT] bx6 frame A 263,61 8x20
[PT] bx6 frame I
[PT] nm6 text A BOT
[PT] nm6 text I
[PT] ds6 text A 47m
[PT] ds6 text I
[PT] bx7 frame A 229,44 3x8
[PT] bx7 frame I
[PT] ds7 text A 128m
[PT] ds7 text I
[PT] bx8 frame A 191,43 3x7
[PT] bx8 frame I
[PT] ds8 text A 144m
[PT] ds8 text I
[PT] bx9 frame A 441,51 5x13
[PT] bx9 frame I
[PT] ds9 text A 70m
[PT] ds9 text I
[PT] bx10 frame A 268,44 4x9
[PT] bx10 frame I
[PT] ds10 text A 110m
[PT] ds10 text I
[PT] bx11 frame A 311,51 8x20
[PT] bx11 frame I
[PT] ds11 text A 44m
[PT] ds11 text I
[PT] bx12 frame A 235,73 11x28
[PT] bx12 frame I
[PT] ds12 text A 33m
[PT] ds12 text I
[PT] bx13 frame A 592,37 8x21
[PT] bx13 frame I
[PT] ds13 text A 44m
[PT] ds13 text I
[PT] bx14 frame A 232,42 4x9
[PT] bx14 frame I
[PT] nm14 text A Player
[PT] nm14 text I
[PT] ds14 text A 107m
[PT] ds14 text I
[PT] bx15 frame A 751,43 3x8
[PT] bx15 frame I
[PT] nm15 text A BOT
[PT] nm15 text I
[PT] ds15 text A 128m
[PT] ds15 text I
[PT] bx16 frame A 301,44 3x8
[PT] bx16 frame I
[PT] ds16 text A 114m
[PT] ds16 text I
[PT] bx17 frame A 634,185 38x95
[PT] bx17 frame I
[PT] ds17 text A 6m
[PT] ds17 text I
[PT] bx18 frame A 286,44 3x9
[PT] bx18 frame I
[PT] bx18 show A
[PT] nm18 show A
[PT] ds18 show A
[PT] tick 712 enemies=49
[PT] bx5 frame A 817,143 46x114
[PT] bx5 frame I
[PT] bx11 frame A 314,51 8x20
[PT] bx11 frame I
[PT] ds11 text A 45m
[PT] ds11 text I
[PT] bx13 frame A 926,67 15x37
[PT] bx13 frame I
[PT] ds13 text A 31m
[PT] ds13 text I
[PT] bx14 frame A 591,38 8x21
[PT] bx14 frame I
[PT] ds14 text A 44m
[PT] ds14 text I
[PT] bx15 frame A 232,42 4x9
[PT] bx15 frame I
[PT] nm15 text A Player
[PT] nm15 text I
[PT] ds15 text A 107m
[PT] ds15 text I
[PT] bx16 frame A 751,43 3x8
[PT] bx16 frame I
[PT] nm16 text A BOT
[PT] nm16 text I
[PT] ds16 text A 128m
[PT] ds16 text I
[PT] bx17 frame A 301,44 3x8
[PT] bx17 frame I
[PT] ds17 text A 114m
[PT] ds17 text I
[PT] bx18 frame A 634,186 38x95
[PT] bx18 frame I
[PT] ds18 text A 6m
[PT] ds18 text I
[PT] bx19 frame A 286,44 3x9
[PT] bx19 frame I
[PT] bx19 show A
[PT] nm19 show A
[PT] ds19 show A
[PT] tick 713 enemies=49
[PT] bx0 frame A 616,82 8x20
[PT] bx0 frame I
[PT] bx1 frame A 301,67 4x10
[PT] bx1 frame I
[PT] bx2 frame A 371,83 9x22
[PT] bx2 frame I
[PT] bx3 frame A 251,65 4x9
[PT] bx3 frame I
[PT] bx4 frame A 101,306 65x163
[PT] bx4 frame I
[PT] bx5 frame A 784,153 44x111
[PT] bx5 frame I
[PT] bx6 frame A 262,80 8x19
[PT] bx6 frame I
[PT] bx7 frame A 229,64 3x8
[PT] bx7 frame I
[PT] bx8 frame A 191,63 3x7
[PT] bx8 frame I
[PT] bx9 frame A 438,70 5x12
[PT] bx9 frame I
[PT] bx10 frame A 267,64 3x9
[PT] bx10 frame I
[PT] bx11 frame A 314,70 8x20
[PT] bx11 frame I
[PT] bx12 frame A 234,92 11x27
[PT] bx12 frame I
[PT] bx13 frame A 915,84 14x36
[PT] bx13 frame I
[PT] bx14 frame A 586,57 8x20
[PT] bx14 frame I
[PT] bx15 frame A 232,62 4x9
[PT] bx15 frame I
[PT] bx16 frame A 743,63 3x8
[PT] bx16 frame I
[PT] bx17 frame A 300,64 3x8
[PT] bx17 frame I
[PT] bx18 frame A 631,199 38x96
[PT] bx18 frame I
[PT] bx19 frame A 285,64 3x8
[PT] bx19 frame I
[PT] tick 714 enemies=49
[PT] bx0 frame A 609,125 8x19
[PT] bx0 frame I
[PT] bx1 frame A 301,112 4x10
[PT] bx1 frame I
[PT] bx2 frame A 369,126 8x21
[PT] bx2 frame I
[PT] bx3 frame A 251,110 3x8
[PT] bx3 frame I
[PT] bx4 frame A 88,331 72x180
[PT] bx4 frame I
[PT] bx5 frame A 735,179 43x107
[PT] bx5 frame I
[PT] bx6 frame A 262,123 7x19
[PT] bx6 frame I
[PT] bx7 frame A 230,109 3x7
[PT] bx7 frame I
[PT] bx8 frame A 193,108 3x7
[PT] bx8 frame I
[PT] bx9 frame A 435,115 5x12
[PT] bx9 frame I
[PT] bx10 frame A 267,109 3x8
[PT] bx10 frame I
[PT] bx11 frame A 315,113 7x19
[PT] bx11 frame I
[PT] ds11 text A 46m
[PT] ds11 text I
[PT] bx12 frame A 234,134 11x27
[PT] bx12 frame I
[PT] bx13 frame A 899,126 14x35
[PT] bx13 frame I
[PT] bx14 frame A 579,101 8x19
[PT] bx14 frame I
[PT] bx15 frame A 233,107 3x9
[PT] bx15 frame I
[PT] bx16 frame A 731,108 3x8
[PT] bx16 frame I
[PT] bx17 frame A 299,109 3x8
[PT] bx17 frame I
[PT] bx18 frame A 627,230 39x98
[PT] bx18 frame I
[PT] bx19 frame A 285,109 3x8
[PT] bx19 frame I
[PT] tick 715 enemies=49
[PT] bx0 frame A 606,146 8x19
[PT] bx0 frame I
[PT] bx1 frame A 300,133 4x10
[PT] bx1 frame I
[PT] bx2 frame A 368,147 8x21
[PT] bx2 frame I
[PT] bx3 frame A 251,131 3x8
[PT] bx3 frame I
[PT] bx4 frame A 80,343 75x189
[PT] bx4 frame I
[PT] bx5 frame A 695,191 41x103
[PT] bx5 frame I
[PT] bx6 frame A 261,144 7x18
[PT] bx6 frame I
[PT] bx7 frame A 230,130 3x7
[PT] bx7 frame I
[PT] bx8 frame A 193,129 3x7
[PT] bx8 frame I
[PT] bx9 frame A 434,136 5x12
[PT] bx9 frame I
[PT] bx10 frame A 267,130 3x8
[PT] bx10 frame I
[PT] bx11 frame A 314,134 7x18
[PT] bx11 frame I
[PT] bx12 frame A 233,154 11x26
[PT] bx12 frame I
[PT] bx13 frame A 892,145 14x34
[PT] bx13 frame I
[PT] bx14 frame A 576,122 8x19
[PT] bx14 frame I
[PT] bx15 frame A 233,128 3x9
[PT] bx15 frame I
[PT] bx16 frame A 726,129 3x7
[PT] bx16 frame I
[PT] bx17 frame A 299,130 3x8
[PT] bx17 frame I
[PT] bx18 frame A 626,245 40x100
[PT] bx18 frame I
[PT] bx19 frame A 285,130 3x8
[PT] bx19 frame I
[PT] tick 716 enemies=49
[PT] bx0 frame A 600,153 8x19
[PT] bx0 frame I
[PT] bx1 frame A 295,140 4x10
[PT] bx1 frame I
[PT] bx2 frame A 363,154 8x20
[PT] bx2 frame I
[PT] bx3 frame A 246,139 3x8
[PT] bx3 frame I
[PT] bx4 frame A 73,349 77x193
[PT] bx4 frame I
[PT] bx5 frame A 657,192 39x98
[PT] bx5 frame I
[PT] bx6 frame A 256,151 7x18
[PT] bx6 frame I
[PT] bx7 frame A 224,137 3x7
[PT] bx7 frame I
[PT] bx8 frame A 187,137 3x7
[PT] bx8 frame I
[PT] bx9 frame A 429,143 5x12
[PT] bx9 frame I
[PT] bx10 frame A 262,138 3x8
[PT] bx10 frame I
[PT] bx11 frame A 305,141 7x18
[PT] bx11 frame I
[PT] bx12 frame A 228,161 11x27
[PT] bx12 frame I
[PT] bx13 frame A 883,152 13x34
[PT] bx13 frame I
[PT] bx14 frame A 571,129 7x19
[PT] bx14 frame I
[PT] bx15 frame A 227,135 3x9
[PT] bx15 frame I
[PT] bx16 frame A 719,136 3x7
[PT] bx16 frame I
[PT] bx17 frame A 294,137 3x8
[PT] bx17 frame I
[PT] bx18 frame A 622,250 40x100
[PT] bx18 frame I
[PT] bx19 frame A 280,138 3x8
[PT] bx19 frame I
[PT] tick 717 enemies=49
[PT] bx0 frame A 600,151 8x19
[PT] bx0 frame I
[PT] bx1 frame A 295,139 4x10
[PT] bx1 frame I
[PT] bx2 frame A 363,152 8x20
[PT] bx2 frame I
[PT] bx3 frame A 246,137 3x8
[PT] bx3 frame I
[PT] bx5 frame A 640,189 38x95
[PT] bx5 frame I
[PT] bx6 frame A 256,149 7x18
[PT] bx6 frame I
[PT] bx7 frame A 224,136 3x7
[PT] bx7 frame I
[PT] bx8 frame A 187,135 3x7
[PT] bx8 frame I
[PT] bx9 frame A 429,141 5x12
[PT] bx9 frame I
[PT] bx10 frame A 262,136 3x8
[PT] bx10 frame I
[PT] bx11 frame A 301,139 7x18
[PT] bx11 frame I
[PT] ds11 text A 47m
[PT] ds11 text I
[PT] bx12 frame A 228,159 11x27
[PT] bx12 frame I
[PT] bx13 frame A 883,150 13x34
[PT] bx13 frame I
[PT] bx14 frame A 571,127 7x19
[PT] bx14 frame I
[PT] bx15 frame A 227,134 3x9
[PT] bx15 frame I
[PT] bx16 frame A 720,135 3x7
[PT] bx16 frame I
[PT] bx17 frame A 294,136 3x8
[PT] bx17 frame I
[PT] bx18 frame A 622,249 40x100
[PT] bx18 frame I
[PT] bx19 frame A 280,136 3x8
[PT] bx19 frame I
[PT] tick 718 enemies=49
[PT] bx0 frame A 598,148 8x19
[PT] bx0 frame I
[PT] bx1 frame A 292,136 4x10
[PT] bx1 frame I
[PT] bx2 frame A 361,149 8x21
[PT] bx2 frame I
[PT] bx3 frame A 243,134 3x8
[PT] bx3 frame I
[PT] bx4 frame A 71,347 77x192
[PT] bx4 frame I
[PT] bx5 frame A 610,184 36x91
[PT] bx5 frame I
[PT] bx6 frame A 253,146 7x19
[PT] bx6 frame I
[PT] bx7 frame A 221,133 3x7
[PT] bx7 frame I
[PT] bx8 frame A 183,132 3x7
[PT] bx8 frame I
[PT] bx9 frame A 426,138 5x12
[PT] bx9 frame I
[PT] bx10 frame A 259,133 3x8
[PT] bx10 frame I
[PT] bx11 frame A 295,136 7x18
[PT] bx11 frame I
[PT] bx12 frame A 225,157 11x27
[PT] bx12 frame I
[PT] bx13 frame A 879,147 13x34
[PT] bx13 frame I
[PT] bx14 frame A 569,124 7x19
[PT] bx14 frame I
[PT] bx15 frame A 224,131 3x9
[PT] bx15 frame I
[PT] bx16 frame A 716,132 3x7
[PT] bx16 frame I
[PT] bx17 frame A 291,133 3x8
[PT] bx17 frame I
[PT] bx18 frame A 620,247 40x99
[PT] bx18 frame I
[PT] bx19 frame A 276,133 3x8
[PT] bx19 frame I
[PT] tick 719 enemies=49
[PT] bx5 frame A 586,181 35x87
[PT] bx5 frame I
[PT] bx11 frame A 290,136 7x18
[PT] bx11 frame I
[PT] bx13 frame A 880,146 13x34
[PT] bx13 frame I
[PT] tick 720 enemies=49
[PT] bx0 frame A 599,140 8x19
[PT] bx0 frame I
[PT] bx1 frame A 293,128 4x10
[PT] bx1 frame I
[PT] bx2 frame A 361,141 8x21
[PT] bx2 frame I
[PT] bx3 frame A 243,126 3x8
[PT] bx3 frame I
[PT] bx4 frame A 75,343 75x188
[PT] bx4 frame I
[PT] bx5 frame A 563,173 33x84
[PT] bx5 frame I
[PT] ds5 text A 8m
[PT] ds5 text I
[PT] bx6 frame A 253,139 7x19
[PT] bx6 frame I
[PT] bx7 frame A 221,125 3x7
[PT] bx7 frame I
[PT] bx8 frame A 183,124 3x7
[PT] bx8 frame I
[PT] bx9 frame A 427,130 5x12
[PT] bx9 frame I
[PT] bx10 frame A 259,125 3x8
[PT] bx10 frame I
[PT] bx11 frame A 287,128 7x18
[PT] bx11 frame I
[PT] ds11 text A 48m
[PT] ds11 text I
[PT] bx12 frame A 225,149 11x27
[PT] bx12 frame I
[PT] bx13 frame A 881,140 13x34
[PT] bx13 frame I
[PT] bx14 frame A 570,117 8x19
[PT] bx14 frame I
[PT] bx15 frame A 224,122 3x9
[PT] bx15 frame I
[PT] bx16 frame A 718,124 3x7
[PT] bx16 frame I
[PT] bx17 frame A 291,125 3x8
[PT] bx17 frame I
[PT] bx18 frame A 620,241 39x99
[PT] bx18 frame I
[PT] bx19 frame A 277,125 3x8
[PT] bx19 frame I
[PT] tick 721 enemies=49
[PT] bx0 frame A 606,128 8x19
[PT] bx0 frame I
[PT] bx1 frame A 298,115 4x10
[PT] bx1 frame I
[PT] bx2 frame A 367,129 8x21
[PT] bx2 frame I
[PT] bx3 frame A 249,113 3x8
[PT] bx3 frame I
[PT] bx4 frame A 84,334 73x182
[PT] bx4 frame I
[PT] bx5 frame A 555,162 33x82
[PT] bx5 frame I
[PT] bx6 frame A 259,127 7x19
[PT] bx6 frame I
[PT] bx7 frame A 227,112 3x7
[PT] bx7 frame I
[PT] bx8 frame A 190,111 3x7
[PT] bx8 frame I
[PT] bx9 frame A 433,118 5x12
[PT] bx9 frame I
[PT] bx10 frame A 265,113 3x8
[PT] bx10 frame I
[PT] bx11 frame A 292,116 7x18
[PT] bx11 frame I
[PT] bx12 frame A 231,137 11x27
[PT] bx12 frame I
[PT] bx13 frame A 894,128 14x34
[PT] bx13 frame I
[PT] bx14 frame A 576,104 8x19
[PT] bx14 frame I
[PT] bx15 frame A 230,110 3x9
[PT] bx15 frame I
[PT] bx16 frame A 727,111 3x8
[PT] bx16 frame I
[PT] bx17 frame A 297,112 3x8
[PT] bx17 frame I
[PT] bx18 frame A 625,232 39x98
[PT] bx18 frame I
[PT] bx19 frame A 282,112 3x8
[PT] bx19 frame I
[PT] tick 722 enemies=49
[PT] bx0 frame A 597,133 8x19
[PT] bx0 frame I
[PT] bx1 frame A 290,120 4x10
[PT] bx1 frame I
[PT] bx2 frame A 359,134 8x21
[PT] bx2 frame I
[PT] bx3 frame A 240,118 3x8
[PT] bx3 frame I
[PT] bx4 frame A 75,339 74x185
[PT] bx4 frame I
[PT] bx5 frame A 528,163 31x79
[PT] bx5 frame I
[PT] bx6 frame A 250,131 7x19
[PT] bx6 frame I
[PT] bx7 frame A 218,117 3x7
[PT] bx7 frame I
[PT] bx8 frame A 180,116 3x7
[PT] bx8 frame I
[PT] bx9 frame A 425,123 5x12
[PT] bx9 frame I
[PT] bx10 frame A 256,117 3x8
[PT] bx10 frame I
[PT] bx11 frame A 288,121 7x18
[PT] bx11 frame I
[PT] bx12 frame A 222,142 11x27
[PT] bx12 frame I
[PT] bx13 frame A 879,132 13x34
[PT] bx13 frame I
[PT] bx14 frame A 568,109 8x19
[PT] bx14 frame I
[PT] bx15 frame A 221,115 3x9
[PT] bx15 frame I
[PT] bx16 frame A 717,116 3x7
[PT] bx16 frame I
[PT] bx17 frame A 289,117 3x8
[PT] bx17 frame I
[PT] bx18 frame A 619,235 39x98
[PT] bx18 frame I
[PT] bx19 frame A 274,117 3x8
[PT] bx19 frame I
[PT] tick 723 enemies=49
[PT] bx0 frame A 574,134 8x19
[PT] bx0 frame I
[PT] bx1 frame A 265,122 4x10
[PT] bx1 frame I
[PT] bx2 frame A 336,136 8x21
[PT] bx2 frame I
[PT] bx3 frame A 212,120 3x9
[PT] bx3 frame I
[PT] bx4 frame A 50,349 77x192
[PT] bx4 frame I
[PT] bx5 frame A 491,162 30x76
[PT] bx5 frame I
[PT] ds5 text A 9m
[PT] ds5 text I
[PT] bx6 frame A 224,133 8x19
[PT] bx6 frame I
[PT] bx7 frame A 189,119 3x8
[PT] bx7 frame I
[PT] bx8 frame A 149,118 3x7
[PT] bx8 frame I
[PT] bx9 frame A 403,124 5x12
[PT] bx9 frame I
[PT] bx10 frame A 229,119 3x8
[PT] bx10 frame I
[PT] bx11 frame A 266,123 7x18
[PT] bx11 frame I
[PT] bx12 frame A 195,144 11x27
[PT] bx12 frame I
[PT] bx13 frame A 842,133 13x32
[PT] bx13 frame I
[PT] bx14 frame A 546,111 7x19
[PT] bx14 frame I
[PT] bx15 frame A 192,117 4x9
[PT] bx15 frame I
[PT] bx16 frame A 689,117 3x7
[PT] bx16 frame I
[PT] bx17 frame A 263,119 3x8
[PT] bx17 frame I
[PT] bx18 frame A 819,90 81x202
[PT] bx18 frame I
[PT] ds18 text A 4m
[PT] ds18 text I
[PT] bx19 frame A 601,234 39x97
[PT] bx19 frame I
[PT] ds19 text A 6m
[PT] ds19 text I
[PT] bx20 frame A 248,119 3x8
[PT] bx20 frame I
[PT] bx20 show A
[PT] nm20 show A
[PT] ds20 show A
[PT] tick 724 enemies=49
[PT] bx0 frame A 538,162 7x18
[PT] bx0 frame I
[PT] bx1 frame A 224,151 4x10
[PT] bx1 frame I
[PT] bx2 frame A 300,165 8x21
[PT] bx2 frame I
[PT] bx3 frame A 886,163 8x20
[PT] bx3 frame I
[PT] ds3 text A 54m
[PT] ds3 text I
[PT] bx4 frame A 168,150 4x9
[PT] bx4 frame I
[PT] nm4 text A Player
[PT] nm4 text I
[PT] ds4 text A 108m
[PT] ds4 text I
[PT] bx5 frame A -4,382 88x219
[PT] bx5 frame I
[PT] nm5 text A BOT
[PT] nm5 text I
[PT] ds5 text A 4m
[PT] ds5 text I
[PT] bx6 frame A 444,184 29x73
[PT] bx6 frame I
[PT] nm6 text A Player
[PT] nm6 text I
[PT] ds6 text A 9m
[PT] ds6 text I
[PT] bx7 frame A 181,163 8x20
[PT] bx7 frame I
[PT] nm7 text A BOT
[PT] nm7 text I
[PT] ds7 text A 47m
[PT] ds7 text I
[PT] bx8 frame A 142,149 3x8
[PT] bx8 frame I
[PT] ds8 text A 128m
[PT] ds8 text I
[PT] bx9 frame A 99,148 3x7
[PT] bx9 frame I
[PT] ds9 text A 144m
[PT] ds9 text I
[PT] bx10 frame A 368,153 5x12
[PT] bx10 frame I
[PT] ds10 text A 70m
[PT] ds10 text I
[PT] bx11 frame A 186,149 3x9
[PT] bx11 frame I
[PT] ds11 text A 110m
[PT] ds11 text I
[PT] bx12 frame A 231,154 7x18
[PT] bx12 frame I
[PT] ds12 text A 48m
[PT] ds12 text I
[PT] bx13 frame A 150,173 11x28
[PT] bx13 frame I
[PT] ds13 text A 33m
[PT] ds13 text I
[PT] bx14 frame A 786,159 12x30
[PT] bx14 frame I
[PT] ds14 text A 31m
[PT] ds14 text I
[PT] bx15 frame A 509,139 7x18
[PT] bx15 frame I
[PT] ds15 text A 44m
[PT] ds15 text I
[PT] bx16 frame A 146,146 4x9
[PT] bx16 frame I
[PT] nm16 text A Player
[PT] nm16 text I
[PT] ds16 text A 107m
[PT] ds16 text I
[PT] bx17 frame A 912,161 7x18
[PT] bx17 frame I
[PT] ds17 text A 60m
[PT] ds17 text I
[PT] bx18 frame A 644,147 3x7
[PT] bx18 frame I
[PT] nm18 text A BOT
[PT] nm18 text I
[PT] ds18 text A 128m
[PT] ds18 text I
[PT] bx19 frame A 222,148 3x8
[PT] bx19 frame I
[PT] ds19 text A 114m
[PT] ds19 text I
[PT] bx20 frame A 715,129 69x173
[PT] bx20 frame I
[PT] ds20 text A 4m
[PT] ds20 text I
[PT] bx21 frame A 572,254 39x97
[PT] bx21 frame I
[PT] bx21 show A
[PT] nm21 show A
[PT] ds21 text A 6m
[PT] ds21 text I
[PT] ds21 show A
[PT] bx22 frame A 206,149 3x8
[PT] bx22 frame I
[PT] bx22 show A
[PT] nm22 text A Player
[PT] nm22 text I
[PT] nm22 show A
[PT] ds22 text A 112m
[PT] ds22 text I
[PT] ds22 show A
[PT] tick 725 enemies=49
[PT] bx0 frame A 532,140 7x18
[PT] bx0 frame I
[PT] bx1 frame A 214,129 4x10
[PT] bx1 frame I
[PT] bx2 frame A 292,143 9x21
[PT] bx2 frame I
[PT] bx3 frame A 877,141 8x20
[PT] bx3 frame I
[PT] bx4 frame A 156,127 4x9
[PT] bx4 frame I
[PT] bx5 frame A -3,373 83x208
[PT] bx5 frame I
[PT] bx6 frame A 413,163 28x70
[PT] bx6 frame I
[PT] bx7 frame A 171,141 8x20
[PT] bx7 frame I
[PT] bx8 frame A 130,126 3x8
[PT] bx8 frame I
[PT] bx9 frame A 85,125 3x7
[PT] bx9 frame I
[PT] bx10 frame A 360,131 5x12
[PT] bx10 frame I
[PT] bx11 frame A 175,126 4x9
[PT] bx11 frame I
[PT] bx12 frame A 222,132 7x18
[PT] bx12 frame I
[PT] ds12 text A 49m
[PT] ds12 text I
[PT] bx13 frame A 140,152 12x29
[PT] bx13 frame I
[PT] bx14 frame A 779,138 12x30
[PT] bx14 frame I
[PT] bx15 frame A 503,117 7x18
[PT] bx15 frame I
[PT] bx16 frame A 134,124 4x9
[PT] bx16 frame I
[PT] bx17 frame A 903,139 7x18
[PT] bx17 frame I
[PT] bx18 frame A 638,124 3x7
[PT] bx18 frame I
[PT] bx19 frame A 212,126 3x8
[PT] bx19 frame I
[PT] bx20 frame A 636,152 58x146
[PT] bx20 frame I
[PT] bx21 frame A 567,236 38x95
[PT] bx21 frame I
[PT] bx22 frame A 196,126 3x8
[PT] bx22 frame I
[PT] tick 726 enemies=49
[PT] bx0 frame A 561,108 8x19
[PT] bx0 frame I
[PT] bx1 frame A 246,95 4x10
[PT] bx1 frame I
[PT] bx2 frame A 321,110 9x22
[PT] bx2 frame I
[PT] bx3 frame A 191,93 4x9
[PT] bx3 frame I
[PT] ds3 text A 108m
[PT] ds3 text I
[PT] bx4 frame A 43,342 73x183
[PT] bx4 frame I
[PT] nm4 text A BOT
[PT] nm4 text I
[PT] ds4 text A 4m
[PT] ds4 text I
[PT] bx5 frame A 426,134 27x68
[PT] bx5 frame I
[PT] nm5 text A Player
[PT] nm5 text I
[PT] ds5 text A 10m
[PT] ds5 text I
[PT] bx6 frame A 204,108 8x20
[PT] bx6 frame I
[PT] nm6 text A BOT
[PT] nm6 text I
[PT] ds6 text A 47m
[PT] ds6 text I
[PT] bx7 frame A 166,92 3x8
[PT] bx7 frame I
[PT] nm7 text A Player
[PT] nm7 text I
[PT] ds7 text A 128m
[PT] ds7 text I
[PT] bx8 frame A 124,91 3x7
[PT] bx8 frame I
[PT] ds8 text A 144m
[PT] ds8 text I
[PT] bx9 frame A 388,98 5x12
[PT] bx9 frame I
[PT] ds9 text A 70m
[PT] ds9 text I
[PT] bx10 frame A 209,92 3x9
[PT] bx10 frame I
[PT] ds10 text A 110m
[PT] ds10 text I
[PT] bx11 frame A 253,99 7x18
[PT] bx11 frame I
[PT] ds11 text A 49m
[PT] ds11 text I
[PT] bx12 frame A 175,119 11x28
[PT] bx12 frame I
[PT] ds12 text A 33m
[PT] ds12 text I
[PT] bx13 frame A 825,107 13x32
[PT] bx13 frame I
[PT] ds13 text A 31m
[PT] ds13 text I
[PT] bx14 frame A 533,84 8x19
[PT] bx14 frame I
[PT] ds14 text A 44m
[PT] ds14 text I
[PT] bx15 frame A 170,90 4x9
[PT] bx15 frame I
[PT] ds15 text A 107m
[PT] ds15 text I
[PT] bx16 frame A 675,90 3x7
[PT] bx16 frame I
[PT] nm16 text A BOT
[PT] nm16 text I
[PT] ds16 text A 128m
[PT] ds16 text I
[PT] bx17 frame A 244,92 3x8
[PT] bx17 frame I
[PT] ds17 text A 114m
[PT] ds17 text I
[PT] bx18 frame A 628,152 55x136
[PT] bx18 frame I
[PT] nm18 text A Player
[PT] nm18 text I
[PT] ds18 text A 4m
[PT] ds18 text I
[PT] bx19 frame A 590,213 38x94
[PT] bx19 frame I
[PT] ds19 text A 6m
[PT] ds19 text I
[PT] bx20 frame A 228,92 3x8
[PT] bx20 frame I
[PT] ds20 text A 112m
[PT] ds20 text I
[PT] bx21 hide A
[PT] nm21 hide A
[PT] ds21 hide A
[PT] bx22 hide A
[PT] nm22 hide A
[PT] ds22 hide A
[PT] tick 727 enemies=49
[PT] bx0 frame A 571,105 8x19
[PT] bx0 frame I
[PT] bx1 frame A 256,92 4x10
[PT] bx1 frame I
[PT] bx2 frame A 330,107 9x21
[PT] bx2 frame I
[PT] bx3 frame A 202,90 4x9
[PT] bx3 frame I
[PT] bx4 frame A 54,336 72x180
[PT] bx4 frame I
[PT] bx5 frame A 416,129 26x65
[PT] bx5 frame I
[PT] bx6 frame A 215,105 8x20
[PT] bx6 frame I
[PT] bx7 frame A 178,89 3x8
[PT] bx7 frame I
[PT] bx8 frame A 137,88 3x7
[PT] bx8 frame I
[PT] bx9 frame A 397,95 5x12
[PT] bx9 frame I
[PT] bx10 frame A 219,89 3x9
[PT] bx10 frame I
[PT] bx11 frame A 263,96 7x18
[PT] bx11 frame I
[PT] bx12 frame A 186,116 11x28
[PT] bx12 frame I
[PT] bx13 frame A 839,105 13x33
[PT] bx13 frame I
[PT] bx14 frame A 542,81 8x19
[PT] bx14 frame I
[PT] bx15 frame A 182,87 4x9
[PT] bx15 frame I
[PT] bx16 frame A 686,87 3x7
[PT] bx16 frame I
[PT] bx17 frame A 254,89 3x8
[PT] bx17 frame I
[PT] bx18 frame A 588,178 48x120
[PT] bx18 frame I
[PT] ds18 text A 5m
[PT] ds18 text I
[PT] bx19 frame A 597,212 38x95
[PT] bx19 frame I
[PT] bx20 frame A 239,89 3x8
[PT] bx20 frame I
[PT] tick 728 enemies=49
[PT] bx0 frame A 179,73 9x22
[PT] bx0 frame I
[PT] bx1 frame A 483,62 6x16
[PT] bx1 frame I
[PT] nm1 text A Player
[PT] nm1 text I
[PT] ds1 text A 54m
[PT] ds1 text I
[PT] bx2 frame A -28,124 37x92
[PT] bx2 frame I
[PT] ds2 text A 11m
[PT] ds2 text I
[PT] bx3 frame A 594,56 5x13
[PT] bx3 frame I
[PT] nm3 text A BOT
[PT] nm3 text I
[PT] ds3 text A 68m
[PT] ds3 text I
[PT] bx4 frame A 635,96 15x38
[PT] bx4 frame I
[PT] nm4 text A Player
[PT] nm4 text I
[PT] ds4 text A 22m
[PT] ds4 text I
[PT] bx5 frame A 427,63 11x27
[PT] bx5 frame I
[PT] ds5 text A 31m
[PT] ds5 text I
[PT] bx6 frame A 131,45 10x24
[PT] bx6 frame I
[PT] nm6 text A Player
[PT] nm6 text I
[PT] ds6 text A 44m
[PT] ds6 text I
[PT] bx7 frame A 496,60 6x14
[PT] bx7 frame I
[PT] ds7 text A 60m
[PT] ds7 text I
[PT] bx8 frame A 289,49 3x7
[PT] bx8 frame I
[PT] nm8 text A BOT
[PT] nm8 text I
[PT] ds8 text A 128m
[PT] ds8 text I
[PT] bx9 frame A 306,152 47x118
[PT] bx9 frame I
[PT] ds9 text A 5m
[PT] ds9 text I
[PT] bx10 frame A 319,186 37x93
[PT] bx10 frame I
[PT] ds10 text A 6m
[PT] ds10 text I
[PT] bx11 hide A
[PT] nm11 hide A
[PT] ds11 hide A
[PT] bx12 hide A
[PT] nm12 hide A
[PT] ds12 hide A
[PT] bx13 hide A
[PT] nm13 hide A
[PT] ds13 hide A
[PT] bx14 hide A
[PT] nm14 hide A
[PT] ds14 hide A
[PT] bx15 hide A
[PT] nm15 hide A
[PT] ds15 hide A
[PT] bx16 hide A
[PT] nm16 hide A
[PT] ds16 hide A
[PT] bx17 hide A
[PT] nm17 hide A
[PT] ds17 hide A
[PT] bx18 hide A
[PT] nm18 hide A
[PT] ds18 hide A
[PT] bx19 hide A
[PT] nm19 hide A
[PT] ds19 hide A
[PT] bx20 hide A
[PT] nm20 hide A
[PT] ds20 hide A
[PT] tick 729 enemies=49
[PT] bx0 frame A 620,159 49x123
[PT] bx0 frame I
[PT] nm0 text A Player
[PT] nm0 text I
[PT] ds0 text A 4m
[PT] ds0 text I
[PT] bx1 frame A 675,104 35x87
[PT] bx1 frame I
[PT] ds1 text A 8m
[PT] ds1 text I
[PT] bx2 frame A 900,93 32x79
[PT] bx2 frame I
[PT] ds2 text A 12m
[PT] ds2 text I
[PT] bx3 frame A 58,35 8x21
[PT] bx3 frame I
[PT] nm3 text A Player
[PT] nm3 text I
[PT] ds3 text A 54m
[PT] ds3 text I
[PT] bx4 frame A 210,23 6x15
[PT] bx4 frame I
[PT] nm4 text A BOT
[PT] nm4 text I
[PT] ds4 text A 68m
[PT] ds4 text I
[PT] bx5 frame A 289,65 16x39
[PT] bx5 frame I
[PT] ds5 text A 22m
[PT] ds5 text I
[PT] bx6 frame A 578,-5 3x7
[PT] bx6 frame I
[PT] ds6 text A 136m
[PT] ds6 text I
[PT] bx7 frame A 573,-5 3x7
[PT] bx7 frame I
[PT] ds7 text A 137m
[PT] ds7 text I
[PT] bx8 frame A 77,31 8x19
[PT] bx8 frame I
[PT] nm8 text A Player
[PT] nm8 text I
[PT] ds8 text A 60m
[PT] ds8 text I
[PT] bx9 frame A 503,25 6x14
[PT] bx9 frame I
[PT] ds9 text A 64m
[PT] ds9 text I
[PT] bx10 frame A -63,205 66x164
[PT] bx10 frame I
[PT] ds10 text A 5m
[PT] ds10 text I
[PT] tick 730 enemies=49
[PT] bx0 frame A 620,155 49x122
[PT] bx0 frame I
[PT] bx1 frame A 675,99 35x87
[PT] bx1 frame I
[PT] bx2 frame A 901,88 32x79
[PT] bx2 frame I
[PT] bx3 frame A 56,29 9x21
[PT] bx3 frame I
[PT] bx4 frame A 209,16 6x15
[PT] bx4 frame I
[PT] bx5 frame A 288,59 16x39
[PT] bx5 frame I
[PT] bx6 frame A 75,25 8x19
[PT] bx6 frame I
[PT] ds6 text A 60m
[PT] ds6 text I
[PT] bx7 frame A 503,18 6x14
[PT] bx7 frame I
[PT] ds7 text A 64m
[PT] ds7 text I
[PT] bx8 hide A
[PT] nm8 hide A
[PT] ds8 hide A
[PT] bx9 hide A
[PT] nm9 hide A
[PT] ds9 hide A
[PT] bx10 hide A
[PT] nm10 hide A
[PT] ds10 hide A
[PT] tick 731 enemies=49
[PT] bx0 frame A 623,150 49x122
[PT] bx0 frame I
[PT] bx1 frame A 679,92 35x87
[PT] bx1 frame I
[PT] bx2 frame A 907,81 32x80
[PT] bx2 frame I
[PT] bx3 frame A 57,19 9x22
[PT] bx3 frame I
[PT] bx4 frame A 210,6 6x15
[PT] bx4 frame I
[PT] bx5 frame A 289,50 16x40
[PT] bx5 frame I
[PT] bx6 frame A 76,15 8x19
[PT] bx6 frame I
[PT] bx7 frame A 506,8 6x15
[PT] bx7 frame I
[PT] tick 732 enemies=49
[PT] bx0 frame A 641,137 49x123
[PT] bx0 frame I
[PT] bx1 frame A 704,74 36x90
[PT] bx1 frame I
[PT] bx2 frame A 84,-9 9x22
[PT] bx2 frame I
[PT] ds2 text A 54m
[PT] ds2 text I
[PT] bx3 frame A 309,25 16x41
[PT] bx3 frame I
[PT] ds3 text A 22m
[PT] ds3 text I
[PT] bx4 frame A -2,-1 16x39
[PT] bx4 frame I
[PT] nm4 text A Player
[PT] nm4 text I
[PT] ds4 text A 31m
[PT] ds4 text I
[PT] bx5 frame A 102,-13 8x19
[PT] bx5 frame I
[PT] ds5 text A 60m
[PT] ds5 text I
[PT] bx6 frame A -25,218 47x118
[PT] bx6 frame I
[PT] ds6 text A 6m
[PT] ds6 text I
[PT] bx7 hide A
[PT] nm7 hide A
[PT] ds7 hide A
[PT] tick 733 enemies=49
[PT] bx0 frame A 641,141 49x123
[PT] bx0 frame I
[PT] bx1 frame A 704,79 36x90
[PT] bx1 frame I
[PT] bx2 frame A 88,-2 9x22
[PT] bx2 frame I
[PT] bx3 frame A 235,-15 6x16
[PT] bx3 frame I
[PT] nm3 text A BOT
[PT] nm3 text I
[PT] ds3 text A 68m
[PT] ds3 text I
[PT] bx4 frame A 311,31 16x40
[PT] bx4 frame I
[PT] ds4 text A 22m
[PT] ds4 text I
[PT] bx5 frame A 3,5 16x39
[PT] bx5 frame I
[PT] ds5 text A 31m
[PT] ds5 text I
[PT] bx6 frame A 106,-7 8x19
[PT] bx6 frame I
[PT] ds6 text A 60m
[PT] ds6 text I
[PT] bx7 frame A 530,-13 6x15
[PT] bx7 frame I
[PT] bx7 show A
[PT] nm7 show A
[PT] ds7 show A
[PT] bx8 frame A -24,221 47x119
[PT] bx8 frame I
[PT] bx8 show A
[PT] nm8 show A
[PT] ds8 text A 6m
[PT] ds8 text I
[PT] ds8 show A
[PT] tick 734 enemies=49
[PT] bx0 frame A 628,117 49x122
[PT] bx0 frame I
[PT] bx1 frame A 687,49 36x91
[PT] bx1 frame I
[PT] bx2 frame A 926,36 34x84
[PT] bx2 frame I
[PT] ds2 text A 12m
[PT] ds2 text I
[PT] bx3 frame A 280,-4 17x43
[PT] bx3 frame I
[PT] nm3 text A Player
[PT] nm3 text I
[PT] ds3 text A 21m
[PT] ds3 text I
[PT] bx4 hide A
[PT] nm4 hide A
[PT] ds4 hide A
[PT] bx5 hide A
[PT] nm5 hide A
[PT] ds5 hide A
[PT] bx6 hide A
[PT] nm6 hide A
[PT] ds6 hide A
[PT] bx7 hide A
[PT] nm7 hide A
[PT] ds7 hide A
[PT] bx8 hide A
[PT] nm8 hide A
[PT] ds8 hide A
[PT] tick 735 enemies=49
[PT] bx0 frame A 628,116 50x125
[PT] bx0 frame I
[PT] bx1 frame A 682,37 38x94
[PT] bx1 frame I
[PT] bx2 frame A 919,20 34x86
[PT] bx2 frame I
[PT] bx3 frame A 254,-20 18x45
[PT] bx3 frame I
[PT] tick 736 enemies=49
[PT] bx0 frame A 642,133 52x130
[PT] bx0 frame I
[PT] ds0 text A 3m
[PT] ds0 text I
[PT] bx1 frame A 701,44 39x98
[PT] bx1 frame I
[PT] ds1 text A 7m
[PT] ds1 text I
[PT] bx2 frame A 264,-21 18x46
[PT] bx2 frame I
[PT] ds2 text A 21m
[PT] ds2 text I
[PT] bx3 hide A
[PT] nm3 hide A
[PT] ds3 hide A
[PT] tick 737 enemies=49
[PT] bx0 frame A 650,156 54x136
[PT] bx0 frame I
[PT] bx1 frame A 719,59 41x102
[PT] bx1 frame I
[PT] bx2 frame A 281,-14 18x45
[PT] bx2 frame I
[PT] tick 738 enemies=49
[PT] bx0 frame A 719,71 41x104
[PT] bx0 frame I
[PT] ds0 text A 7m
[PT] ds0 text I
[PT] bx1 frame A 280,-4 18x45
[PT] bx1 frame I
[PT] ds1 text A 20m
[PT] ds1 text I
[PT] bx2 hide A
[PT] nm2 hide A
[PT] ds2 hide A
[PT] tick 739 enemies=49
[PT] bx0 frame A 719,73 43x106
[PT] bx0 frame I
[PT] ds0 text A 6m
[PT] ds0 text I
[PT] bx1 frame A 275,-9 18x46
[PT] bx1 frame I
[PT] tick 740 enemies=49
[PT] bx0 frame A 721,78 44x110
[PT] bx0 frame I
[PT] bx1 frame A 274,-12 19x47
[PT] bx1 frame I
[PT] tick 741 enemies=49
[PT] bx0 frame A 713,88 45x113
[PT] bx0 frame I
[PT] bx1 frame A 265,-5 19x47
[PT] bx1 frame I
[PT] tick 742 enemies=50
[PT] bx0 frame A 712,97 47x116
[PT] bx0 frame I
[PT] ds0 text A 5m
[PT] ds0 text I
[PT] bx1 frame A 266,-6 19x47
[PT] bx1 frame I
[PT] tick 743 enemies=50
[PT] bx0 frame A 707,94 48x121
[PT] bx0 frame I
[PT] bx1 frame A 261,-11 19x48
[PT] bx1 frame I
[PT] ds1 text A 19m
[PT] ds1 text I
[PT] tick 744 enemies=50
[PT] bx0 frame A 713,86 50x126
[PT] bx0 frame I
[PT] bx1 frame A 265,-26 20x49
[PT] bx1 frame I
[PT] tick 745 enemies=50
[PT] bx0 frame A 699,100 51x128
[PT] bx0 frame I
[PT] ds0 text A 4m
[PT] ds0 text I
[PT] bx1 frame A 257,-12 19x49
[PT] bx1 frame I
[PT] tick 746 enemies=50
[PT] bx0 frame A 685,115 52x130
[PT] bx0 frame I
[PT] bx1 frame A 252,-10 20x49
[PT] bx1 frame I
[PT] tick 747 enemies=50
[PT] bx0 frame A 676,130 53x132
[PT] bx0 frame I
[PT] bx1 frame A 251,-5 19x49
[PT] bx1 frame I
[PT] tick 748 enemies=50
[PT] bx0 frame A 667,144 54x135
[PT] bx0 frame I
[PT] ds0 text A 3m
[PT] ds0 text I
[PT] bx1 frame A 252,-1 19x49
[PT] bx1 frame I
[PT] tick 749 enemies=48
[PT] bx0 frame A 245,7 20x50
[PT] bx0 frame I
[PT] ds0 text A 18m
[PT] ds0 text I
[PT] bx1 hide A
[PT] nm1 hide A
[PT] ds1 hide A
[PT] tick 750 enemies=52
00:59:56.561  [PE] 投影自检：中心=(463,214) 前方点->(463,214) 自身->(0,0)(不可见)（前方点须≈中心；自身应在中下方——偏差方向告诉我即可修）
[PT] bx0 frame A 247,242 2x6
[PT] bx0 frame I
[PT] nm0 text A BOT
[PT] nm0 text I
[PT] ds0 text A 172m
[PT] ds0 text I
[PT] bx1 frame A 735,215 81x204
[PT] bx1 frame I
[PT] bx1 show A
[PT] nm1 show A
[PT] ds1 text A 5m
[PT] ds1 text I
[PT] ds1 show A
[PT] bx2 frame A 313,210 50x124
[PT] bx2 frame I
[PT] bx2 show A
[PT] nm2 show A
[PT] ds2 text A 8m
[PT] ds2 text I
[PT] ds2 show A
[PT] bx3 frame A 453,205 13x33
[PT] bx3 frame I
[PT] bx3 show A
[PT] nm3 show A
[PT] ds3 text A 29m
[PT] ds3 text I
[PT] ds3 show A
[PT] bx4 frame A 740,202 16x40
[PT] bx4 frame I
[PT] bx4 show A
[PT] nm4 show A
[PT] ds4 text A 26m
[PT] ds4 text I
[PT] ds4 show A
[PT] bx5 frame A 453,201 2x4
[PT] bx5 frame I
[PT] bx5 show A
[PT] nm5 text A BOT
[PT] nm5 text I
[PT] nm5 show A
[PT] ds5 text A 247m
[PT] ds5 text I
[PT] ds5 show A
[PT] bx6 frame A 459,209 5x12
[PT] bx6 frame I
[PT] bx6 show A
[PT] nm6 text A BOT
[PT] nm6 text I
[PT] nm6 show A
[PT] ds6 text A 81m
[PT] ds6 text I
[PT] ds6 show A
00:59:56.593  [PE] 绘制诊断：actors=52 w2s=21 onscreen=7 visibleViews=7
[PT] tick 751 enemies=52
[PT] bx0 frame A 427,91 3x7
[PT] bx0 frame I
[PT] nm0 text A Player
[PT] nm0 text I
[PT] ds0 text A 126m
[PT] ds0 text I
[PT] bx1 frame A 429,99 3x7
[PT] bx1 frame I
[PT] ds1 text A 127m
[PT] ds1 text I
[PT] bx2 frame A 420,99 3x7
[PT] bx2 frame I
[PT] ds2 text A 122m
[PT] ds2 text I
[PT] bx3 frame A 333,130 7x17
[PT] bx3 frame I
[PT] ds3 text A 49m
[PT] ds3 text I
[PT] bx4 hide A
[PT] nm4 hide A
[PT] ds4 hide A
[PT] bx5 hide A
[PT] nm5 hide A
[PT] ds5 hide A
[PT] bx6 hide A
[PT] nm6 hide A
[PT] ds6 hide A
[PT] tick 752 enemies=52
[PT] bx0 frame A 417,104 3x7
[PT] bx0 frame I
[PT] bx1 frame A 420,112 3x7
[PT] bx1 frame I
[PT] ds1 text A 126m
[PT] ds1 text I
[PT] bx2 frame A 409,113 3x7
[PT] bx2 frame I
[PT] ds2 text A 121m
[PT] ds2 text I
[PT] bx3 frame A 324,145 7x17
[PT] bx3 frame I
[PT] tick 753 enemies=52
[PT] bx0 frame A 446,91 3x7
[PT] bx0 frame I
[PT] ds0 text A 125m
[PT] ds0 text I
[PT] bx1 frame A 448,99 3x7
[PT] bx1 frame I
[PT] bx2 frame A 438,99 3x7
[PT] bx2 frame I
[PT] bx3 frame A 354,132 7x17
[PT] bx3 frame I
[PT] tick 754 enemies=52
[PT] bx0 frame A 158,126 8x20
[PT] bx0 frame I
[PT] ds0 text A 47m
[PT] ds0 text I
[PT] bx1 frame A 334,114 6x15
[PT] bx1 frame I
[PT] nm1 text A BOT
[PT] nm1 text I
[PT] ds1 text A 57m
[PT] ds1 text I
[PT] bx2 frame A 78,208 28x69
[PT] bx2 frame I
[PT] ds2 text A 13m
[PT] ds2 text I
[PT] bx3 frame A 799,75 3x8
[PT] bx3 frame I
[PT] ds3 text A 125m
[PT] ds3 text I
[PT] bx4 frame A 801,85 3x8
[PT] bx4 frame I
[PT] bx4 show A
[PT] nm4 show A
[PT] ds4 text A 126m
[PT] ds4 text I
[PT] ds4 show A
[PT] bx5 frame A 784,86 3x9
[PT] bx5 frame I
[PT] bx5 show A
[PT] nm5 text A Player
[PT] nm5 text I
[PT] nm5 show A
[PT] ds5 text A 121m
[PT] ds5 text I
[PT] ds5 show A
[PT] bx6 frame A 196,122 7x18
[PT] bx6 frame I
[PT] bx6 show A
[PT] nm6 text A Player
[PT] nm6 text I
[PT] nm6 show A
[PT] ds6 text A 52m
[PT] ds6 text I
[PT] ds6 show A
[PT] bx7 frame A 662,123 7x18
[PT] bx7 frame I
[PT] bx7 show A
[PT] nm7 show A
[PT] ds7 text A 48m
[PT] ds7 text I
[PT] ds7 show A
[PT] tick 755 enemies=52
[PT] bx0 frame A 205,128 8x20
[PT] bx0 frame I
[PT] nm0 text A BOT
[PT] nm0 text I
[PT] ds0 text A 46m
[PT] ds0 text I
[PT] bx1 frame A 530,123 7x17
[PT] bx1 frame I
[PT] nm1 text A Player
[PT] nm1 text I
[PT] ds1 text A 46m
[PT] ds1 text I
[PT] bx2 frame A 696,117 6x16
[PT] bx2 frame I
[PT] nm2 text A BOT
[PT] nm2 text I
[PT] ds2 text A 57m
[PT] ds2 text I
[PT] bx3 frame A 51,118 6x14
[PT] bx3 frame I
[PT] ds3 text A 76m
[PT] ds3 text I
[PT] bx4 frame A 428,182 22x54
[PT] bx4 frame I
[PT] ds4 text A 12m
[PT] ds4 text I
[PT] bx5 frame A 358,125 12x29
[PT] bx5 frame I
[PT] ds5 text A 27m
[PT] ds5 text I
[PT] bx6 frame A 169,103 8x20
[PT] bx6 frame I
[PT] ds6 text A 47m
[PT] ds6 text I
[PT] bx7 frame A 561,120 6x16
[PT] bx7 frame I
[PT] ds7 text A 52m
[PT] ds7 text I
[PT] bx8 frame A -7,126 13x33
[PT] bx8 frame I
[PT] bx8 show A
[PT] nm8 show A
[PT] ds8 text A 34m
[PT] ds8 text I
[PT] ds8 show A
[PT] tick 756 enemies=52
[PT] bx0 frame A 169,141 8x20
[PT] bx0 frame I
[PT] ds0 text A 45m
[PT] ds0 text I
[PT] bx1 frame A 504,136 7x17
[PT] bx1 frame I
[PT] bx2 frame A 665,130 6x15
[PT] bx2 frame I
[PT] ds2 text A 56m
[PT] ds2 text I
[PT] bx3 frame A 4,132 6x15
[PT] bx3 frame I
[PT] bx4 frame A 399,192 22x55
[PT] bx4 frame I
[PT] bx5 frame A 329,137 12x29
[PT] bx5 frame I
[PT] bx6 frame A 132,116 8x21
[PT] bx6 frame I
[PT] bx7 frame A 534,133 6x16
[PT] bx7 frame I
[PT] bx8 hide A
[PT] nm8 hide A
[PT] ds8 hide A
[PT] tick 757 enemies=52
[PT] bx0 frame A 148,150 8x21
[PT] bx0 frame I
[PT] bx1 frame A 490,145 7x17
[PT] bx1 frame I
[PT] bx2 frame A 649,139 6x15
[PT] bx2 frame I
[PT] bx3 frame A 380,198 23x57
[PT] bx3 frame I
[PT] ds3 text A 12m
[PT] ds3 text I
[PT] bx4 frame A 312,145 12x30
[PT] bx4 frame I
[PT] ds4 text A 27m
[PT] ds4 text I
[PT] bx5 frame A 110,124 9x21
[PT] bx5 frame I
[PT] ds5 text A 47m
[PT] ds5 text I
[PT] bx6 frame A 520,142 6x16
[PT] bx6 frame I
[PT] ds6 text A 51m
[PT] ds6 text I
[PT] bx7 hide A
[PT] nm7 hide A
[PT] ds7 hide A
[PT] tick 758 enemies=52
[PT] bx0 frame A 146,141 8x21
[PT] bx0 frame I
[PT] bx1 frame A 490,136 7x17
[PT] bx1 frame I
[PT] ds1 text A 45m
[PT] ds1 text I
[PT] bx2 frame A 652,130 6x15
[PT] bx2 frame I
[PT] bx3 frame A 374,188 23x58
[PT] bx3 frame I
[PT] bx4 frame A 309,135 12x30
[PT] bx4 frame I
[PT] ds4 text A 26m
[PT] ds4 text I
[PT] bx5 frame A 107,115 9x22
[PT] bx5 frame I
[PT] bx6 frame A 521,133 6x16
[PT] bx6 frame I
[PT] tick 759 enemies=52
[PT] bx0 frame A 191,143 8x20
[PT] bx0 frame I
[PT] bx1 frame A 524,139 7x18
[PT] bx1 frame I
[PT] bx2 frame A 692,134 6x16
[PT] bx2 frame I
[PT] bx3 frame A 41,136 6x14
[PT] bx3 frame I
[PT] ds3 text A 76m
[PT] ds3 text I
[PT] bx4 frame A 396,185 24x59
[PT] bx4 frame I
[PT] ds4 text A 11m
[PT] ds4 text I
[PT] bx5 frame A 341,136 12x30
[PT] bx5 frame I
[PT] ds5 text A 26m
[PT] ds5 text I
[PT] bx6 frame A 155,118 8x21
[PT] bx6 frame I
[PT] ds6 text A 47m
[PT] ds6 text I
[PT] bx7 frame A 555,137 6x16
[PT] bx7 frame I
[PT] bx7 show A
[PT] nm7 show A
[PT] ds7 text A 51m
[PT] ds7 text I
[PT] ds7 show A
[PT] tick 760 enemies=52
[PT] bx0 frame A 146,139 8x21
[PT] bx0 frame I
[PT] bx1 frame A 493,135 7x18
[PT] bx1 frame I
[PT] bx2 frame A 657,130 6x16
[PT] bx2 frame I
[PT] ds2 text A 55m
[PT] ds2 text I
[PT] bx3 frame A 361,177 24x61
[PT] bx3 frame I
[PT] ds3 text A 11m
[PT] ds3 text I
[PT] bx4 frame A 305,131 12x31
[PT] bx4 frame I
[PT] ds4 text A 26m
[PT] ds4 text I
[PT] bx5 frame A 107,113 9x22
[PT] bx5 frame I
[PT] ds5 text A 47m
[PT] ds5 text I
[PT] bx6 frame A 524,133 6x16
[PT] bx6 frame I
[PT] ds6 text A 50m
[PT] ds6 text I
[PT] bx7 hide A
[PT] nm7 hide A
[PT] ds7 hide A
[PT] tick 761 enemies=52
[PT] bx0 frame A 126,147 9x22
[PT] bx0 frame I
[PT] nm0 text A Player
[PT] nm0 text I
[PT] bx1 frame A 318,138 6x15
[PT] bx1 frame I
[PT] nm1 text A BOT
[PT] nm1 text I
[PT] ds1 text A 55m
[PT] ds1 text I
[PT] bx2 frame A 789,104 3x8
[PT] bx2 frame I
[PT] nm2 text A Player
[PT] nm2 text I
[PT] ds2 text A 123m
[PT] ds2 text I
[PT] bx3 frame A 791,114 3x8
[PT] bx3 frame I
[PT] ds3 text A 124m
[PT] ds3 text I
[PT] bx4 frame A 771,114 3x8
[PT] bx4 frame I
[PT] ds4 text A 119m
[PT] ds4 text I
[PT] bx5 frame A 169,144 7x19
[PT] bx5 frame I
[PT] ds5 text A 50m
[PT] ds5 text I
[PT] bx6 frame A 658,144 7x19
[PT] bx6 frame I
[PT] ds6 text A 46m
[PT] ds6 text I
[PT] tick 762 enemies=52
[PT] bx0 frame A 140,154 7x18
[PT] bx0 frame I
[PT] nm0 text A BOT
[PT] nm0 text I
[PT] ds0 text A 55m
[PT] ds0 text I
[PT] bx1 frame A 604,122 3x7
[PT] bx1 frame I
[PT] nm1 text A Player
[PT] nm1 text I
[PT] ds1 text A 123m
[PT] ds1 text I
[PT] bx2 frame A 607,131 3x7
[PT] bx2 frame I
[PT] ds2 text A 124m
[PT] ds2 text I
[PT] bx3 frame A 591,131 3x7
[PT] bx3 frame I
[PT] ds3 text A 119m
[PT] ds3 text I
[PT] bx4 frame A 507,157 7x17
[PT] bx4 frame I
[PT] ds4 text A 46m
[PT] ds4 text I
[PT] bx5 hide A
[PT] nm5 hide A
[PT] ds5 hide A
[PT] bx6 hide A
[PT] nm6 hide A
[PT] ds6 hide A
[PT] tick 763 enemies=52
[PT] bx0 frame A 100,156 7x18
[PT] bx0 frame I
[PT] bx1 frame A 576,125 3x7
[PT] bx1 frame I
[PT] bx2 frame A 578,133 3x7
[PT] bx2 frame I
[PT] ds2 text A 123m
[PT] ds2 text I
[PT] bx3 frame A 563,133 3x7
[PT] bx3 frame I
[PT] bx4 frame A 481,159 7x17
[PT] bx4 frame I
[PT] tick 764 enemies=52
[PT] bx0 frame A 111,139 7x18
[PT] bx0 frame I
[PT] bx1 frame A 588,107 3x7
[PT] bx1 frame I
[PT] bx2 frame A 590,115 3x7
[PT] bx2 frame I
[PT] bx3 frame A 573,116 3x7
[PT] bx3 frame I
[PT] bx4 frame A 490,142 7x17
[PT] bx4 frame I
[PT] tick 765 enemies=52
[PT] bx0 frame A 99,145 7x19
[PT] bx0 frame I
[PT] ds0 text A 54m
[PT] ds0 text I
[PT] bx1 frame A 580,112 3x7
[PT] bx1 frame I
[PT] ds1 text A 122m
[PT] ds1 text I
[PT] bx2 frame A 582,121 3x7
[PT] bx2 frame I
[PT] bx3 frame A 566,121 3x7
[PT] bx3 frame I
[PT] ds3 text A 118m
[PT] ds3 text I
[PT] bx4 frame A 484,147 7x17
[PT] bx4 frame I
[PT] tick 766 enemies=52
[PT] bx0 frame A 87,142 8x19
[PT] bx0 frame I
[PT] bx1 frame A 575,109 3x7
[PT] bx1 frame I
[PT] bx2 frame A 577,118 3x7
[PT] bx2 frame I
[PT] bx3 frame A 560,118 3x7
[PT] bx3 frame I
[PT] bx4 frame A 478,145 7x17
[PT] bx4 frame I
[PT] ds4 text A 45m
[PT] ds4 text I
[PT] tick 767 enemies=52
[PT] bx0 frame A 89,148 8x19
[PT] bx0 frame I
[PT] bx1 frame A 578,116 3x7
[PT] bx1 frame I
[PT] bx2 frame A 581,124 3x7
[PT] bx2 frame I
[PT] ds2 text A 122m
[PT] ds2 text I
[PT] bx3 frame A 563,124 3x7
[PT] bx3 frame I
[PT] bx4 frame A 481,151 7x17
[PT] bx4 frame I
[PT] tick 768 enemies=52
[PT] bx0 frame A 95,144 8x19
[PT] bx0 frame I
[PT] bx1 frame A 585,111 3x7
[PT] bx1 frame I
[PT] bx2 frame A 587,119 3x7
[PT] bx2 frame I
[PT] bx3 frame A 569,120 3x7
[PT] bx3 frame I
[PT] ds3 text A 117m
[PT] ds3 text I
[PT] bx4 frame A 486,146 7x18
[PT] bx4 frame I
[PT] tick 769 enemies=52
[PT] bx0 frame A 95,142 8x19
[PT] bx0 frame I
[PT] bx1 frame A 588,110 3x7
[PT] bx1 frame I
[PT] ds1 text A 121m
[PT] ds1 text I
[PT] bx2 frame A 590,118 3x7
[PT] bx2 frame I
[PT] bx3 frame A 572,118 3x7
[PT] bx3 frame I
[PT] bx4 frame A 488,145 7x18
[PT] bx4 frame I
[PT] ds4 text A 44m
[PT] ds4 text I
[PT] tick 770 enemies=52
[PT] bx0 frame A 86,142 8x19
[PT] bx0 frame I
[PT] ds0 text A 53m
[PT] ds0 text I
[PT] bx1 frame A 584,110 3x7
[PT] bx1 frame I
[PT] bx2 frame A 586,118 3x7
[PT] bx2 frame I
[PT] ds2 text A 121m
[PT] ds2 text I
[PT] bx3 frame A 567,118 3x7
[PT] bx3 frame I
[PT] bx4 frame A 484,145 7x18
[PT] bx4 frame I
[PT] tick 771 enemies=52
[PT] bx0 frame A 83,142 8x19
[PT] bx0 frame I
[PT] tick 772 enemies=51
[PT] bx0 frame A 56,146 8x20
[PT] bx0 frame I
[PT] bx1 frame A 571,113 3x7
[PT] bx1 frame I
[PT] ds1 text A 120m
[PT] ds1 text I
[PT] bx2 frame A 573,121 3x7
[PT] bx2 frame I
[PT] ds2 text A 120m
[PT] ds2 text I
[PT] bx3 frame A 554,121 3x7
[PT] bx3 frame I
[PT] ds3 text A 116m
[PT] ds3 text I
[PT] bx4 frame A 472,148 7x18
[PT] bx4 frame I
[PT] ds4 text A 43m
[PT] ds4 text I
[PT] tick 773 enemies=52
[PT] bx0 frame A 36,137 8x21
[PT] bx0 frame I
[PT] ds0 text A 52m
[PT] ds0 text I
[PT] bx1 frame A 567,103 3x7
[PT] bx1 frame I
[PT] ds1 text A 119m
[PT] ds1 text I
[PT] bx2 frame A 567,111 3x7
[PT] bx2 frame I
[PT] ds2 text A 118m
[PT] ds2 text I
[PT] bx3 frame A 549,112 3x7
[PT] bx3 frame I
[PT] ds3 text A 115m
[PT] ds3 text I
[PT] bx4 frame A 466,140 7x18
[PT] bx4 frame I
[PT] tick 774 enemies=52
[PT] bx0 frame A 8,134 9x22
[PT] bx0 frame I
[PT] ds0 text A 51m
[PT] ds0 text I
[PT] bx1 frame A 561,99 3x7
[PT] bx1 frame I
[PT] ds1 text A 118m
[PT] ds1 text I
[PT] bx2 frame A 557,108 3x7
[PT] bx2 frame I
[PT] ds2 text A 116m
[PT] ds2 text I
[PT] bx3 frame A 541,108 3x7
[PT] bx3 frame I
[PT] ds3 text A 114m
[PT] ds3 text I
[PT] bx4 frame A 458,137 8x19
[PT] bx4 frame I
[PT] ds4 text A 41m
[PT] ds4 text I
[PT] tick 775 enemies=52
[PT] bx0 frame A 6,132 9x22
[PT] bx0 frame I
[PT] bx1 frame A 563,97 3x7
[PT] bx1 frame I
[PT] bx2 frame A 557,105 3x7
[PT] bx2 frame I
[PT] ds2 text A 115m
[PT] ds2 text I
[PT] bx3 frame A 542,105 3x7
[PT] bx3 frame I
[PT] bx4 frame A 459,134 8x19
[PT] bx4 frame I
[PT] tick 776 enemies=52
[PT] bx0 frame A 2,130 9x22
[PT] bx0 frame I
[PT] bx1 frame A 563,95 3x7
[PT] bx1 frame I
[PT] ds1 text A 117m
[PT] ds1 text I
[PT] bx2 frame A 556,103 3x7
[PT] bx2 frame I
[PT] bx3 frame A 542,103 3x7
[PT] bx3 frame I
[PT] bx4 frame A 458,132 8x19
[PT] bx4 frame I
[PT] tick 777 enemies=53
[PT] bx0 frame A 560,98 3x7
[PT] bx0 frame I
[PT] nm0 text A Player
[PT] nm0 text I
[PT] ds0 text A 117m
[PT] ds0 text I
[PT] bx1 frame A 550,107 3x7
[PT] bx1 frame I
[PT] ds1 text A 114m
[PT] ds1 text I
[PT] bx2 frame A 538,106 3x7
[PT] bx2 frame I
[PT] ds2 text A 113m
[PT] ds2 text I
[PT] bx3 frame A 454,136 8x19
[PT] bx3 frame I
[PT] ds3 text A 41m
[PT] ds3 text I
[PT] bx4 hide A
[PT] nm4 hide A
[PT] ds4 hide A
[PT] tick 778 enemies=53
[PT] bx1 frame A 547,107 3x7
[PT] bx1 frame I
[PT] bx2 frame A 537,107 3x7
[PT] bx2 frame I
[PT] bx3 frame A 453,136 8x20
[PT] bx3 frame I
[PT] ds3 text A 40m
[PT] ds3 text I
[PT] tick 779 enemies=53
[PT] bx0 frame A 558,100 3x7
[PT] bx0 frame I
[PT] ds0 text A 116m
[PT] ds0 text I
[PT] bx1 frame A 545,109 3x7
[PT] bx1 frame I
[PT] ds1 text A 113m
[PT] ds1 text I
[PT] bx2 frame A 536,109 3x7
[PT] bx2 frame I
[PT] bx3 frame A 452,139 8x20
[PT] bx3 frame I
[PT] tick 780 enemies=53
[PT] bx0 frame A 558,102 3x7
[PT] bx0 frame I
[PT] bx1 frame A 543,111 3x7
[PT] bx1 frame I
[PT] bx2 frame A 535,111 3x7
[PT] bx2 frame I
[PT] ds2 text A 112m
[PT] ds2 text I
[PT] bx3 frame A 451,140 8x20
[PT] bx3 frame I
[PT] ds3 text A 39m
[PT] ds3 text I
[PT] tick 781 enemies=53
[PT] bx0 frame A 556,107 3x7
[PT] bx0 frame I
[PT] ds0 text A 115m
[PT] ds0 text I
[PT] bx1 frame A 538,116 3x7
[PT] bx1 frame I
[PT] ds1 text A 112m
[PT] ds1 text I
[PT] bx2 frame A 533,116 3x7
[PT] bx2 frame I
[PT] bx3 frame A 448,145 8x20
[PT] bx3 frame I
[PT] tick 782 enemies=53
[PT] bx0 frame A 556,108 3x7
[PT] bx0 frame I
[PT] bx1 frame A 536,117 3x7
[PT] bx1 frame I
[PT] bx2 frame A 532,117 3x8
[PT] bx2 frame I
[PT] bx3 frame A 447,146 8x20
[PT] bx3 frame I
[PT] tick 783 enemies=53
[PT] bx0 frame A 554,110 3x7
[PT] bx0 frame I
[PT] bx1 frame A 535,119 3x7
[PT] bx1 frame I
[PT] bx2 frame A 530,119 3x8
[PT] bx2 frame I
[PT] ds2 text A 111m
[PT] ds2 text I
[PT] bx3 frame A 445,149 8x20
[PT] bx3 frame I
[PT] ds3 text A 38m
[PT] ds3 text I
[PT] tick 784 enemies=53
[PT] bx0 frame A 552,111 3x7
[PT] bx0 frame I
[PT] ds0 text A 114m
[PT] ds0 text I
[PT] bx1 frame A 533,120 3x7
[PT] bx1 frame I
[PT] ds1 text A 111m
[PT] ds1 text I
[PT] bx2 frame A 528,120 3x8
[PT] bx2 frame I
[PT] bx3 frame A 443,149 8x20
[PT] bx3 frame I
[PT] tick 785 enemies=53
[PT] bx0 frame A 554,112 3x7
[PT] bx0 frame I
[PT] bx1 frame A 534,121 3x8
[PT] bx1 frame I
[PT] bx2 frame A 529,121 3x8
[PT] bx2 frame I
[PT] ds2 text A 110m
[PT] ds2 text I
[PT] bx3 frame A 444,151 8x21
[PT] bx3 frame I
[PT] tick 786 enemies=53
[PT] bx0 frame A 555,115 3x7
[PT] bx0 frame I
[PT] bx1 frame A 535,124 3x8
[PT] bx1 frame I
[PT] bx2 frame A 530,124 3x8
[PT] bx2 frame I
[PT] bx3 frame A 444,154 8x21
[PT] bx3 frame I
[PT] ds3 text A 37m
[PT] ds3 text I
[PT] tick 787 enemies=53
[PT] bx0 frame A 548,117 3x7
[PT] bx0 frame I
[PT] ds0 text A 113m
[PT] ds0 text I
[PT] bx1 frame A 528,126 3x8
[PT] bx1 frame I
[PT] ds1 text A 110m
[PT] ds1 text I
[PT] bx2 frame A 522,126 3x8
[PT] bx2 frame I
[PT] bx3 frame A 437,156 8x21
[PT] bx3 frame I
[PT] tick 788 enemies=53
[PT] bx0 frame A 539,124 3x7
[PT] bx0 frame I
[PT] bx1 frame A 518,133 3x7
[PT] bx1 frame I
[PT] bx2 frame A 513,133 3x8
[PT] bx2 frame I
[PT] ds2 text A 109m
[PT] ds2 text I
[PT] bx3 frame A 428,163 8x21
[PT] bx3 frame I
[PT] tick 789 enemies=53
[PT] bx0 frame A 530,126 3x7
[PT] bx0 frame I
[PT] ds0 text A 112m
[PT] ds0 text I
[PT] bx1 frame A 509,135 3x7
[PT] bx1 frame I
[PT] ds1 text A 109m
[PT] ds1 text I
[PT] bx2 frame A 504,135 3x8
[PT] bx2 frame I
[PT] bx3 frame A 419,165 9x21
[PT] bx3 frame I
[PT] ds3 text A 36m
[PT] ds3 text I
[PT] tick 790 enemies=53
[PT] bx0 frame A 520,126 3x7
[PT] bx0 frame I
[PT] bx1 frame A 498,135 3x7
[PT] bx1 frame I
[PT] bx2 frame A 493,135 3x8
[PT] bx2 frame I
[PT] bx3 frame A 408,165 9x22
[PT] bx3 frame I
[PT] tick 791 enemies=53
[PT] bx0 frame A 509,130 3x7
[PT] bx0 frame I
[PT] bx1 frame A 487,139 3x7
[PT] bx1 frame I
[PT] bx2 frame A 482,139 3x8
[PT] bx2 frame I
[PT] ds2 text A 108m
[PT] ds2 text I
[PT] bx3 frame A 396,168 9x22
[PT] bx3 frame I
[PT] ds3 text A 35m
[PT] ds3 text I
[PT] tick 792 enemies=53
[PT] bx0 frame A 509,125 3x7
[PT] bx0 frame I
[PT] ds0 text A 111m
[PT] ds0 text I
[PT] bx1 frame A 487,134 3x8
[PT] bx1 frame I
[PT] ds1 text A 108m
[PT] ds1 text I
[PT] bx2 frame A 482,134 3x8
[PT] bx2 frame I
[PT] bx3 frame A 395,164 9x22
[PT] bx3 frame I
[PT] tick 793 enemies=53
[PT] bx0 frame A 517,120 3x7
[PT] bx0 frame I
[PT] bx1 frame A 494,129 3x8
[PT] bx1 frame I
[PT] bx2 frame A 489,129 3x8
[PT] bx2 frame I
[PT] ds2 text A 107m
[PT] ds2 text I
[PT] bx3 frame A 402,160 9x22
[PT] bx3 frame I
[PT] tick 794 enemies=53
[PT] bx0 frame A 531,114 3x8
[PT] bx0 frame I
[PT] ds0 text A 110m
[PT] ds0 text I
[PT] bx1 frame A 508,123 3x8
[PT] bx1 frame I
[PT] bx2 frame A 502,123 3x8
[PT] bx2 frame I
[PT] bx3 frame A 413,154 9x23
[PT] bx3 frame I
[PT] ds3 text A 34m
[PT] ds3 text I
[PT] tick 795 enemies=53
[PT] bx0 frame A 544,105 3x8
[PT] bx0 frame I
[PT] bx1 frame A 520,115 3x8
[PT] bx1 frame I
[PT] ds1 text A 107m
[PT] ds1 text I
[PT] bx2 frame A 514,115 3x8
[PT] bx2 frame I
[PT] bx3 frame A 424,147 9x23
[PT] bx3 frame I
[PT] tick 796 enemies=53
[PT] bx0 frame A 554,101 3x8
[PT] bx0 frame I
[PT] bx1 frame A 529,111 3x8
[PT] bx1 frame I
[PT] bx2 frame A 524,111 3x8
[PT] bx2 frame I
[PT] ds2 text A 106m
[PT] ds2 text I
[PT] bx3 frame A 432,143 9x23
[PT] bx3 frame I
[PT] tick 797 enemies=53
[PT] bx0 frame A 562,97 3x8
[PT] bx0 frame I
[PT] ds0 text A 109m
[PT] ds0 text I
[PT] bx1 frame A 536,107 3x8
[PT] bx1 frame I
[PT] ds1 text A 106m
[PT] ds1 text I
[PT] bx2 frame A 530,107 3x8
[PT] bx2 frame I
[PT] bx3 frame A 437,140 9x23
[PT] bx3 frame I
[PT] ds3 text A 33m
[PT] ds3 text I
[PT] tick 798 enemies=53
[PT] tick 799 enemies=53
[PT] bx0 frame A 556,93 3x8
[PT] bx0 frame I
[PT] ds0 text A 108m
[PT] ds0 text I
[PT] bx1 frame A 529,103 3x8
[PT] bx1 frame I
[PT] bx2 frame A 523,103 3x8
[PT] bx2 frame I
[PT] ds2 text A 105m
[PT] ds2 text I
[PT] bx3 frame A 430,137 10x24
[PT] bx3 frame I
[PT] ds3 text A 32m
[PT] ds3 text I
[PT] tick 800 enemies=53
[PT] bx0 frame A 552,89 3x8
[PT] bx0 frame I
[PT] bx1 frame A 524,99 3x8
[PT] bx1 frame I
[PT] ds1 text A 105m
[PT] ds1 text I
[PT] bx2 frame A 519,99 3x8
[PT] bx2 frame I
[PT] bx3 frame A 425,133 10x24
[PT] bx3 frame I
[PT] tick 801 enemies=53
[PT] bx0 frame A 538,90 3x8
[PT] bx0 frame I
[PT] bx1 frame A 510,100 3x8
[PT] bx1 frame I
[PT] bx2 frame A 505,100 3x8
[PT] bx2 frame I
[PT] ds2 text A 104m
[PT] ds2 text I
[PT] bx3 frame A 411,136 10x24
[PT] bx3 frame I
[PT] tick 802 enemies=53
[PT] bx0 frame A 533,86 3x8
[PT] bx0 frame I
[PT] ds0 text A 107m
[PT] ds0 text I
[PT] bx1 frame A 504,96 3x8
[PT] bx1 frame I
[PT] bx2 frame A 502,96 3x8
[PT] bx2 frame I
[PT] bx3 frame A 405,136 10x25
[PT] bx3 frame I
[PT] ds3 text A 31m
[PT] ds3 text I
[PT] tick 803 enemies=53
[PT] bx0 frame A 531,85 3x8
[PT] bx0 frame I
[PT] bx1 frame A 502,95 3x8
[PT] bx1 frame I
[PT] ds1 text A 104m
[PT] ds1 text I
[PT] bx2 frame A 501,95 3x8
[PT] bx2 frame I
[PT] ds2 text A 103m
[PT] ds2 text I
[PT] bx3 frame A 402,136 10x25
[PT] bx3 frame I
[PT] tick 804 enemies=53
[PT] bx0 frame A 530,83 3x8
[PT] bx0 frame I
[PT] ds0 text A 106m
[PT] ds0 text I
[PT] bx1 frame A 501,94 3x8
[PT] bx1 frame I
[PT] bx2 frame A 502,93 3x8
[PT] bx2 frame I
[PT] bx3 frame A 401,137 10x25
[PT] bx3 frame I
[PT] tick 805 enemies=53
[PT] bx0 frame A 522,88 3x8
[PT] bx0 frame I
[PT] bx1 frame A 493,99 3x8
[PT] bx1 frame I
[PT] bx2 frame A 495,99 3x8
[PT] bx2 frame I
[PT] ds2 text A 102m
[PT] ds2 text I
[PT] bx3 frame A 392,143 10x26
[PT] bx3 frame I
[PT] ds3 text A 30m
[PT] ds3 text I
[PT] tick 806 enemies=53
[PT] bx0 frame A 503,87 3x8
[PT] bx0 frame I
[PT] bx1 frame A 473,97 3x8
[PT] bx1 frame I
[PT] ds1 text A 103m
[PT] ds1 text I
[PT] bx2 frame A 477,97 3x8
[PT] bx2 frame I
[PT] bx3 frame A 372,143 10x26
[PT] bx3 frame I
[PT] tick 807 enemies=53
[PT] bx0 frame A 823,80 5x12
[PT] bx0 frame I
[PT] ds0 text A 89m
[PT] ds0 text I
[PT] bx1 frame A 208,85 4x9
[PT] bx1 frame I
[PT] ds1 text A 105m
[PT] ds1 text I
[PT] bx2 frame A 170,96 4x10
[PT] bx2 frame I
[PT] ds2 text A 103m
[PT] ds2 text I
[PT] bx3 frame A 177,96 4x10
[PT] bx3 frame I
[PT] ds3 text A 101m
[PT] ds3 text I
[PT] bx4 frame A 40,158 14x35
[PT] bx4 frame I
[PT] bx4 show A
[PT] nm4 show A
[PT] ds4 text A 30m
[PT] ds4 text I
[PT] ds4 show A
[PT] tick 808 enemies=53
[PT] bx0 frame A 798,155 2x6
[PT] bx0 frame I
[PT] nm0 text A BOT
[PT] nm0 text I
[PT] ds0 text A 180m
[PT] ds0 text I
[PT] bx1 frame A 480,90 4x10
[PT] bx1 frame I
[PT] ds1 text A 89m
[PT] ds1 text I
[PT] bx2 frame A 540,87 4x10
[PT] bx2 frame I
[PT] ds2 text A 82m
[PT] ds2 text I
[PT] bx3 hide A
[PT] nm3 hide A
[PT] ds3 hide A
[PT] bx4 hide A
[PT] nm4 hide A
[PT] ds4 hide A
[PT] tick 809 enemies=53
[PT] bx0 frame A 822,145 2x6
[PT] bx0 frame I
[PT] bx1 frame A 496,78 4x10
[PT] bx1 frame I
[PT] bx2 frame A 557,76 4x11
[PT] bx2 frame I
[PT] tick 810 enemies=53
[PT] bx0 frame A 839,145 2x6
[PT] bx0 frame I
[PT] bx1 frame A 507,77 4x10
[PT] bx1 frame I
[PT] ds1 text A 88m
[PT] ds1 text I
[PT] bx2 frame A 569,74 4x11
[PT] bx2 frame I
[PT] ds2 text A 81m
[PT] ds2 text I
[PT] tick 811 enemies=53
[PT] bx0 frame A 846,143 2x6
[PT] bx0 frame I
[PT] bx1 frame A 513,74 4x10
[PT] bx1 frame I
[PT] bx2 frame A 575,71 4x11
[PT] bx2 frame I
[PT] tick 812 enemies=53
[PT] bx0 frame A 845,145 2x6
[PT] bx0 frame I
[PT] bx1 frame A 513,76 4x10
[PT] bx1 frame I
[PT] bx2 frame A 576,73 4x11
[PT] bx2 frame I
[PT] tick 813 enemies=54
[PT] bx0 frame A 844,152 2x6
[PT] bx0 frame I
[PT] bx1 frame A 513,84 4x10
[PT] bx1 frame I
[PT] bx2 frame A 575,82 4x11
[PT] bx2 frame I
[PT] tick 814 enemies=54
[PT] bx0 frame A 698,180 2x5
[PT] bx0 frame I
[PT] bx1 frame A 411,119 4x9
[PT] bx1 frame I
[PT] ds1 text A 87m
[PT] ds1 text I
[PT] bx2 frame A 471,117 4x10
[PT] bx2 frame I
[PT] ds2 text A 80m
[PT] ds2 text I
[PT] tick 815 enemies=54
[PT] bx0 frame A 697,187 2x5
[PT] bx0 frame I
[PT] ds0 text A 179m
[PT] ds0 text I
[PT] bx1 frame A 409,126 4x9
[PT] bx1 frame I
[PT] bx2 frame A 470,124 4x10
[PT] bx2 frame I
[PT] tick 816 enemies=54
[PT] bx0 frame A 697,190 2x5
[PT] bx0 frame I
[PT] bx1 frame A 410,130 4x9
[PT] bx1 frame I
[PT] ds1 text A 86m
[PT] ds1 text I
[PT] bx2 frame A 471,128 4x10
[PT] bx2 frame I
[PT] tick 817 enemies=54
[PT] bx0 frame A 687,193 2x5
[PT] bx0 frame I
[PT] bx1 frame A 401,133 4x10
[PT] bx1 frame I
[PT] bx2 frame A 462,132 4x10
[PT] bx2 frame I
[PT] ds2 text A 79m
[PT] ds2 text I
[PT] tick 818 enemies=54
[PT] bx0 frame A 680,193 2x5
[PT] bx0 frame I
[PT] ds0 text A 178m
[PT] ds0 text I
[PT] bx1 frame A 394,133 4x10
[PT] bx1 frame I
[PT] bx2 frame A 456,132 4x10
[PT] bx2 frame I
[PT] tick 819 enemies=54
[PT] bx0 frame A 675,192 2x5
[PT] bx0 frame I
[PT] bx1 frame A 389,133 4x10
[PT] bx1 frame I
[PT] ds1 text A 85m
[PT] ds1 text I
[PT] bx2 frame A 451,132 4x10
[PT] bx2 frame I
[PT] ds2 text A 78m
[PT] ds2 text I
[PT] tick 820 enemies=55
[PT] bx0 frame A 677,192 2x5
[PT] bx0 frame I
[PT] bx2 frame A 453,132 4x10
[PT] bx2 frame I
[PT] tick 821 enemies=55
[PT] bx0 frame A 667,191 2x5
[PT] bx0 frame I
[PT] ds0 text A 177m
[PT] ds0 text I
[PT] bx1 frame A 380,133 4x10
[PT] bx1 frame I
[PT] ds1 text A 84m
[PT] ds1 text I
[PT] bx2 frame A 443,132 4x11
[PT] bx2 frame I
[PT] ds2 text A 77m
[PT] ds2 text I
[PT] tick 822 enemies=55
[PT] bx0 frame A 661,189 2x5
[PT] bx0 frame I
[PT] ds0 text A 176m
[PT] ds0 text I
[PT] bx1 frame A 374,132 4x10
[PT] bx1 frame I
[PT] ds1 text A 83m
[PT] ds1 text I
[PT] bx2 frame A 438,131 4x11
[PT] bx2 frame I
[PT] ds2 text A 76m
[PT] ds2 text I
[PT] tick 823 enemies=55
[PT] bx0 frame A 661,188 2x5
[PT] bx0 frame I
[PT] tick 824 enemies=54
[PT] bx0 frame A 657,190 2x5
[PT] bx0 frame I
[PT] bx1 frame A 369,133 4x10
[PT] bx1 frame I
[PT] bx2 frame A 434,132 4x11
[PT] bx2 frame I
[PT] tick 825 enemies=54
[PT] bx0 frame A 659,188 2x5
[PT] bx0 frame I
[PT] bx1 frame A 370,131 4x10
[PT] bx1 frame I
[PT] ds1 text A 82m
[PT] ds1 text I
[PT] bx2 frame A 435,131 4x11
[PT] bx2 frame I
[PT] tick 826 enemies=54
[PT] bx0 frame A 657,189 2x5
[PT] bx0 frame I
[PT] ds0 text A 175m
[PT] ds0 text I
[PT] bx1 frame A 368,133 4x10
[PT] bx1 frame I
[PT] bx2 frame A 433,132 4x11
[PT] bx2 frame I
[PT] ds2 text A 75m
[PT] ds2 text I
[PT] tick 827 enemies=54
[PT] tick 828 enemies=54
[PT] bx1 frame A 365,133 4x10
[PT] bx1 frame I
[PT] ds1 text A 81m
[PT] ds1 text I
[PT] bx2 frame A 431,133 4x11
[PT] bx2 frame I
[PT] ds2 text A 74m
[PT] ds2 text I
[PT] tick 829 enemies=54
[PT] bx0 frame A 656,189 2x5
[PT] bx0 frame I
[PT] ds0 text A 174m
[PT] ds0 text I
[PT] bx1 frame A 364,133 4x10
[PT] bx1 frame I
[PT] bx2 frame A 430,133 4x11
[PT] bx2 frame I
[PT] tick 830 enemies=54
[PT] bx0 frame A 657,188 2x5
[PT] bx0 frame I
[PT] tick 831 enemies=54
[PT] bx0 frame A 654,186 2x5
[PT] bx0 frame I
[PT] bx1 frame A 361,131 4x10
[PT] bx1 frame I
[PT] ds1 text A 80m
[PT] ds1 text I
[PT] bx2 frame A 427,131 4x11
[PT] bx2 frame I
[PT] ds2 text A 73m
[PT] ds2 text I
[PT] tick 832 enemies=54
[PT] bx0 frame A 640,188 2x5
[PT] bx0 frame I
[PT] ds0 text A 173m
[PT] ds0 text I
[PT] bx1 frame A 347,134 4x10
[PT] bx1 frame I
[PT] bx2 frame A 415,133 4x11
[PT] bx2 frame I
[PT] tick 833 enemies=54
[PT] bx0 frame A 617,181 2x5
[PT] bx0 frame I
[PT] bx1 frame A 324,127 4x11
[PT] bx1 frame I
[PT] bx2 frame A 393,127 5x11
[PT] bx2 frame I
[PT] tick 834 enemies=54
[PT] bx0 frame A 592,180 2x5
[PT] bx0 frame I
[PT] bx1 frame A 298,127 4x11
[PT] bx1 frame I
[PT] ds1 text A 79m
[PT] ds1 text I
[PT] bx2 frame A 370,126 5x11
[PT] bx2 frame I
[PT] ds2 text A 72m
[PT] ds2 text I
[PT] bx3 frame A 898,171 5x12
[PT] bx3 frame I
[PT] bx3 show A
[PT] nm3 text A BOT
[PT] nm3 text I
[PT] nm3 show A
[PT] ds3 text A 94m
[PT] ds3 text I
[PT] ds3 show A
[PT] tick 835 enemies=54
[PT] bx0 frame A 594,180 2x5
[PT] bx0 frame I
[PT] bx3 frame A 902,172 5x12
[PT] bx3 frame I
[PT] ds3 text A 93m
[PT] ds3 text I
[PT] tick 836 enemies=54
[PT] bx0 frame A 599,179 2x5
[PT] bx0 frame I
[PT] ds0 text A 172m
[PT] ds0 text I
[PT] bx1 frame A 303,125 4x11
[PT] bx1 frame I
[PT] bx2 frame A 375,125 5x12
[PT] bx2 frame I
[PT] bx3 frame A 914,171 5x12
[PT] bx3 frame I
[PT] tick 837 enemies=54
[PT] bx0 frame A 605,180 2x5
[PT] bx0 frame I
[PT] bx1 frame A 308,126 4x11
[PT] bx1 frame I
[PT] ds1 text A 78m
[PT] ds1 text I
[PT] bx2 frame A 379,126 5x12
[PT] bx2 frame I
[PT] ds2 text A 71m
[PT] ds2 text I
[PT] bx3 hide A
[PT] nm3 hide A
[PT] ds3 hide A
[PT] tick 838 enemies=54
[PT] bx0 frame A 609,179 2x5
[PT] bx0 frame I
[PT] ds0 text A 171m
[PT] ds0 text I
[PT] bx1 frame A 310,125 4x11
[PT] bx1 frame I
[PT] bx2 frame A 381,125 5x12
[PT] bx2 frame I
[PT] tick 839 enemies=54
[PT] bx0 frame A 613,176 2x5
[PT] bx0 frame I
[PT] bx1 frame A 312,122 4x11
[PT] bx1 frame I
[PT] bx2 frame A 383,122 5x12
[PT] bx2 frame I
[PT] tick 840 enemies=54
[PT] bx0 frame A 613,179 2x5
[PT] bx0 frame I
[PT] bx1 frame A 311,124 4x11
[PT] bx1 frame I
[PT] bx2 frame A 382,124 5x12
[PT] bx2 frame I
[PT] tick 841 enemies=54
[PT] bx0 frame A 612,179 2x5
[PT] bx0 frame I
[PT] ds0 text A 170m
[PT] ds0 text I
[PT] bx1 frame A 308,125 4x11
[PT] bx1 frame I
[PT] ds1 text A 77m
[PT] ds1 text I
[PT] bx2 frame A 380,125 5x12
[PT] bx2 frame I
[PT] ds2 text A 70m
[PT] ds2 text I
[PT] tick 842 enemies=54
[PT] bx0 frame A 611,179 2x5
[PT] bx0 frame I
[PT] bx1 frame A 305,126 4x11
[PT] bx1 frame I
[PT] bx2 frame A 377,126 5x12
[PT] bx2 frame I
[PT] tick 843 enemies=54
[PT] bx0 frame A 612,180 2x5
[PT] bx0 frame I
[PT] bx1 frame A 305,127 4x11
[PT] bx1 frame I
[PT] bx2 frame A 377,127 5x12
[PT] bx2 frame I
[PT] tick 844 enemies=54
[PT] bx0 frame A 613,180 2x5
[PT] bx0 frame I
[PT] ds0 text A 169m
[PT] ds0 text I
[PT] tick 845 enemies=54
[PT] bx0 frame A 617,178 2x5
[PT] bx0 frame I
[PT] bx1 frame A 307,126 4x11
[PT] bx1 frame I
[PT] bx2 frame A 379,126 5x12
[PT] bx2 frame I
[PT] ds2 text A 69m
[PT] ds2 text I
[PT] tick 846 enemies=54
[PT] bx0 frame A 619,176 2x5
[PT] bx0 frame I
[PT] bx1 frame A 307,124 4x11
[PT] bx1 frame I
[PT] ds1 text A 76m
[PT] ds1 text I
[PT] bx2 frame A 379,124 5x12
[PT] bx2 frame I
[PT] tick 847 enemies=54
[PT] bx0 frame A 621,174 2x5
[PT] bx0 frame I
[PT] ds0 text A 168m
[PT] ds0 text I
[PT] bx1 frame A 307,122 5x11
[PT] bx1 frame I
[PT] bx2 frame A 379,122 5x12
[PT] bx2 frame I
[PT] tick 848 enemies=54
[PT] bx0 frame A 625,171 2x5
[PT] bx0 frame I
[PT] bx1 frame A 310,119 5x11
[PT] bx1 frame I
[PT] bx2 frame A 382,119 5x12
[PT] bx2 frame I
[PT] tick 849 enemies=54
[PT] bx0 frame A 629,168 2x5
[PT] bx0 frame I
[PT] bx1 frame A 312,116 5x11
[PT] bx1 frame I
[PT] bx2 frame A 384,116 5x12
[PT] bx2 frame I
[PT] ds2 text A 68m
[PT] ds2 text I
[PT] tick 850 enemies=54
[PT] bx0 frame A 633,164 2x5
[PT] bx0 frame I
[PT] ds0 text A 167m
[PT] ds0 text I
[PT] bx1 frame A 314,112 5x11
[PT] bx1 frame I
[PT] bx2 frame A 386,113 5x12
[PT] bx2 frame I
[PT] tick 851 enemies=54
[PT] bx1 frame A 313,114 5x11
[PT] bx1 frame I
[PT] ds1 text A 75m
[PT] ds1 text I
[PT] bx2 frame A 385,114 5x12
[PT] bx2 frame I
[PT] tick 852 enemies=54
[PT] bx0 frame A 636,163 2x5
[PT] bx0 frame I
[PT] bx1 frame A 313,112 5x11
[PT] bx1 frame I
[PT] bx2 frame A 385,112 5x12
[PT] bx2 frame I
[PT] tick 853 enemies=54
[PT] bx0 frame A 635,161 2x5
[PT] bx0 frame I
[PT] ds0 text A 166m
[PT] ds0 text I
[PT] bx1 frame A 310,111 5x12
[PT] bx1 frame I
[PT] bx2 frame A 383,112 5x12
[PT] bx2 frame I
[PT] ds2 text A 67m
[PT] ds2 text I
[PT] tick 854 enemies=54
[PT] bx0 frame A 636,161 2x5
[PT] bx0 frame I
[PT] tick 855 enemies=55
[PT] bx0 frame A 636,159 2x5
[PT] bx0 frame I
[PT] bx1 frame A 308,110 5x12
[PT] bx1 frame I
[PT] ds1 text A 74m
[PT] ds1 text I
[PT] bx2 frame A 381,110 5x12
[PT] bx2 frame I
[PT] tick 856 enemies=55
[PT] bx0 frame A 638,153 2x5
[PT] bx0 frame I
[PT] ds0 text A 165m
[PT] ds0 text I
[PT] bx1 frame A 306,104 5x12
[PT] bx1 frame I
[PT] bx2 frame A 380,105 5x13
[PT] bx2 frame I
[PT] ds2 text A 66m
[PT] ds2 text I
[PT] tick 857 enemies=55
[PT] bx0 frame A 640,144 2x5
[PT] bx0 frame I
[PT] ds0 text A 164m
[PT] ds0 text I
[PT] bx1 frame A 304,94 5x12
[PT] bx1 frame I
[PT] ds1 text A 73m
[PT] ds1 text I
[PT] bx2 frame A 378,95 5x13
[PT] bx2 frame I
[PT] tick 858 enemies=55
[PT] bx0 frame A 639,140 2x5
[PT] bx0 frame I
[PT] bx1 frame A 301,91 5x12
[PT] bx1 frame I
[PT] bx2 frame A 375,92 5x13
[PT] bx2 frame I
[PT] ds2 text A 65m
[PT] ds2 text I
[PT] tick 859 enemies=55
[PT] bx0 frame A 640,138 2x5
[PT] bx0 frame I
[PT] bx1 frame A 299,89 5x12
[PT] bx1 frame I
[PT] bx2 frame A 374,89 5x13
[PT] bx2 frame I
[PT] tick 860 enemies=56
[PT] bx0 frame A 639,137 2x5
[PT] bx0 frame I
[PT] ds0 text A 163m
[PT] ds0 text I
[PT] bx1 frame A 297,87 5x12
[PT] bx1 frame I
[PT] bx2 frame A 372,87 5x13
[PT] bx2 frame I
[PT] tick 861 enemies=55
[PT] bx0 frame A 636,145 2x5
[PT] bx0 frame I
[PT] ds0 text A 162m
[PT] ds0 text I
[PT] bx1 frame A 287,93 5x12
[PT] bx1 frame I
[PT] ds1 text A 72m
[PT] ds1 text I
[PT] bx2 frame A 363,93 5x13
[PT] bx2 frame I
[PT] ds2 text A 64m
[PT] ds2 text I
[PT] tick 862 enemies=56
[PT] bx0 frame A 636,150 2x5
[PT] bx0 frame I
[PT] bx1 frame A 287,98 5x12
[PT] bx1 frame I
[PT] bx2 frame A 363,99 5x13
[PT] bx2 frame I
[PT] tick 863 enemies=56
[PT] bx0 frame A 638,151 2x5
[PT] bx0 frame I
[PT] bx1 frame A 290,99 5x12
[PT] bx1 frame I
[PT] bx2 frame A 365,99 5x13
[PT] bx2 frame I
[PT] tick 864 enemies=56
[PT] bx0 frame A 640,156 2x5
[PT] bx0 frame I
[PT] bx1 frame A 292,104 5x12
[PT] bx1 frame I
[PT] bx2 frame A 367,104 5x13
[PT] bx2 frame I
[PT] tick 865 enemies=56
[PT] bx0 frame A 646,155 2x5
[PT] bx0 frame I
[PT] ds0 text A 161m
[PT] ds0 text I
[PT] bx1 frame A 296,103 5x12
[PT] bx1 frame I
[PT] ds1 text A 71m
[PT] ds1 text I
[PT] bx2 frame A 370,103 5x13
[PT] bx2 frame I
[PT] ds2 text A 63m
[PT] ds2 text I
[PT] tick 866 enemies=56
[PT] bx0 frame A 643,161 2x5
[PT] bx0 frame I
[PT] bx1 frame A 292,109 5x12
[PT] bx1 frame I
[PT] bx2 frame A 367,109 5x13
[PT] bx2 frame I
[PT] tick 867 enemies=56
[PT] bx0 frame A 647,154 2x5
[PT] bx0 frame I
[PT] ds0 text A 160m
[PT] ds0 text I
[PT] bx1 frame A 292,101 5x12
[PT] bx1 frame I
[PT] bx2 frame A 367,102 5x13
[PT] bx2 frame I
[PT] tick 868 enemies=56
[PT] bx0 frame A 650,156 2x5
[PT] bx0 frame I
[PT] bx1 frame A 293,103 5x12
[PT] bx1 frame I
[PT] ds1 text A 70m
[PT] ds1 text I
[PT] bx2 frame A 369,103 5x13
[PT] bx2 frame I
[PT] ds2 text A 62m
[PT] ds2 text I
[PT] tick 869 enemies=56
[PT] bx0 frame A 651,156 2x5
[PT] bx0 frame I
[PT] tick 870 enemies=56
[PT] ds0 text A 159m
[PT] ds0 text I
[PT] bx1 frame A 292,104 5x13
[PT] bx1 frame I
[PT] bx2 frame A 367,104 5x14
[PT] bx2 frame I
[PT] tick 871 enemies=56
[PT] bx0 frame A 650,159 2x5
[PT] bx0 frame I
[PT] bx1 frame A 288,106 5x13
[PT] bx1 frame I
[PT] bx2 frame A 364,106 5x14
[PT] bx2 frame I
[PT] ds2 text A 61m
[PT] ds2 text I
[PT] tick 872 enemies=56
[PT] bx1 frame A 287,106 5x13
[PT] bx1 frame I
[PT] ds1 text A 69m
[PT] ds1 text I
[PT] bx2 frame A 363,107 5x14
[PT] bx2 frame I
[PT] tick 873 enemies=56
[PT] bx0 frame A 651,161 2x5
[PT] bx0 frame I
[PT] ds0 text A 158m
[PT] ds0 text I
[PT] bx1 frame A 286,107 5x13
[PT] bx1 frame I
[PT] bx2 frame A 362,108 6x14
[PT] bx2 frame I
[PT] tick 874 enemies=56
[PT] bx0 frame A 651,163 2x5
[PT] bx0 frame I
[PT] bx1 frame A 285,109 5x13
[PT] bx1 frame I
[PT] bx2 frame A 361,110 6x14
[PT] bx2 frame I
[PT] ds2 text A 60m
[PT] ds2 text I
[PT] tick 875 enemies=56
[PT] bx0 frame A 653,163 2x5
[PT] bx0 frame I
[PT] ds1 text A 68m
[PT] ds1 text I
[PT] tick 876 enemies=56
[PT] bx0 frame A 656,165 2x6
[PT] bx0 frame I
[PT] ds0 text A 157m
[PT] ds0 text I
[PT] bx1 frame A 286,111 5x13
[PT] bx1 frame I
[PT] bx2 frame A 363,111 6x14
[PT] bx2 frame I
[PT] tick 877 enemies=56
[PT] bx0 frame A 658,166 2x6
[PT] bx0 frame I
[PT] bx1 frame A 288,112 5x13
[PT] bx1 frame I
[PT] bx2 frame A 365,113 6x14
[PT] bx2 frame I
[PT] ds2 text A 59m
[PT] ds2 text I
[PT] tick 878 enemies=57
[PT] bx0 frame A 662,166 2x6
[PT] bx0 frame I
[PT] bx1 frame A 290,112 5x13
[PT] bx1 frame I
[PT] ds1 text A 67m
[PT] ds1 text I
[PT] bx2 frame A 367,112 6x14
[PT] bx2 frame I
[PT] tick 879 enemies=57
[PT] bx0 frame A 665,168 2x6
[PT] bx0 frame I
[PT] ds0 text A 155m
[PT] ds0 text I
[PT] bx1 frame A 286,113 5x13
[PT] bx1 frame I
[PT] ds1 text A 66m
[PT] ds1 text I
[PT] bx2 frame A 365,114 6x14
[PT] bx2 frame I
[PT] ds2 text A 58m
[PT] ds2 text I
[PT] tick 880 enemies=57
[PT] bx1 frame A 285,113 5x13
[PT] bx1 frame I
[PT] bx2 frame A 364,114 6x15
[PT] bx2 frame I
[PT] ds2 text A 57m
[PT] ds2 text I
[PT] tick 881 enemies=57
[PT] bx0 frame A 666,168 2x6
[PT] bx0 frame I
[PT] ds1 text A 65m
[PT] ds1 text I
[PT] tick 882 enemies=57
[PT] bx0 frame A 667,169 2x6
[PT] bx0 frame I
[PT] ds0 text A 154m
[PT] ds0 text I
[PT] ds2 text A 56m
[PT] ds2 text I
[PT] tick 883 enemies=57
[PT] bx0 frame A 668,169 2x6
[PT] bx0 frame I
[PT] tick 884 enemies=57
[PT] bx0 frame A 672,170 2x6
[PT] bx0 frame I
[PT] ds0 text A 153m
[PT] ds0 text I
[PT] ds1 text A 64m
[PT] ds1 text I
[PT] bx2 frame A 365,115 6x15
[PT] bx2 frame I
[PT] tick 885 enemies=57
[PT] bx0 frame A 675,170 2x6
[PT] bx0 frame I
[PT] bx1 frame A 286,114 5x14
[PT] bx1 frame I
[PT] bx2 frame A 366,115 6x15
[PT] bx2 frame I
[PT] ds2 text A 55m
[PT] ds2 text I
[PT] tick 886 enemies=57
[PT] bx0 frame A 678,171 2x6
[PT] bx0 frame I
[PT] tick 887 enemies=57
[PT] bx0 frame A 679,172 2x6
[PT] bx0 frame I
[PT] ds0 text A 152m
[PT] ds0 text I
[PT] bx1 frame A 286,116 5x14
[PT] bx1 frame I
[PT] bx2 frame A 366,116 6x15
[PT] bx2 frame I
[PT] tick 888 enemies=57
[PT] bx1 frame A 285,115 6x14
[PT] bx1 frame I
[PT] ds1 text A 63m
[PT] ds1 text I
[PT] bx2 frame A 365,116 6x15
[PT] bx2 frame I
[PT] tick 889 enemies=57
[PT] bx1 frame A 283,115 6x14
[PT] bx1 frame I
[PT] bx2 frame A 363,116 6x15
[PT] bx2 frame I
[PT] ds2 text A 54m
[PT] ds2 text I
[PT] tick 890 enemies=57
[PT] bx0 frame A 682,172 2x6
[PT] bx0 frame I
[PT] ds0 text A 151m
[PT] ds0 text I
[PT] tick 891 enemies=57
[PT] bx1 frame A 280,115 6x14
[PT] bx1 frame I
[PT] bx2 frame A 361,116 6x15
[PT] bx2 frame I
[PT] tick 892 enemies=57
[PT] ds0 text A 150m
[PT] ds0 text I
[PT] bx1 frame A 279,115 6x14
[PT] bx1 frame I
[PT] ds1 text A 62m
[PT] ds1 text I
[PT] bx2 frame A 360,115 6x15
[PT] bx2 frame I
[PT] ds2 text A 53m
[PT] ds2 text I
[PT] tick 893 enemies=57
[PT] bx0 frame A 685,172 2x6
[PT] bx0 frame I
[PT] bx1 frame A 278,114 6x14
[PT] bx1 frame I
[PT] tick 894 enemies=57
[PT] bx1 frame A 275,114 6x14
[PT] bx1 frame I
[PT] bx2 frame A 357,115 6x16
[PT] bx2 frame I
[PT] tick 895 enemies=57
[PT] bx0 frame A 687,172 2x6
[PT] bx0 frame I
[PT] ds0 text A 149m
[PT] ds0 text I
[PT] tick 896 enemies=57
[PT] bx0 frame A 688,172 2x6
[PT] bx0 frame I
[PT] bx1 frame A 274,114 6x14
[PT] bx1 frame I
[PT] ds1 text A 61m
[PT] ds1 text I
[PT] bx2 frame A 355,115 6x16
[PT] bx2 frame I
[PT] ds2 text A 52m
[PT] ds2 text I
[PT] tick 897 enemies=57
[PT] bx0 frame A 690,173 2x6
[PT] bx0 frame I
[PT] tick 898 enemies=54
[PT] ds0 text A 148m
[PT] ds0 text I
[PT] bx1 frame A 271,114 6x14
[PT] bx1 frame I
[PT] bx2 frame A 353,114 6x16
[PT] bx2 frame I
[PT] tick 899 enemies=54
[PT] bx0 frame A 690,171 2x6
[PT] bx0 frame I
[PT] ds0 text A 147m
[PT] ds0 text I
[PT] bx1 frame A 347,121 19x47
[PT] bx1 frame I
[PT] ds1 text A 16m
[PT] ds1 text I
[PT] bx2 frame A 261,112 6x15
[PT] bx2 frame I
[PT] ds2 text A 60m
[PT] ds2 text I
[PT] bx3 frame A 344,113 7x16
[PT] bx3 frame I
[PT] bx3 show A
[PT] nm3 text A Player
[PT] nm3 text I
[PT] nm3 show A
[PT] ds3 text A 51m
[PT] ds3 text I
[PT] ds3 show A
[PT] tick 900 enemies=52
01:00:19.665  [PE] 投影自检：中心=(463,214) 前方点->(463,214) 自身->(509,367)（前方点须≈中心；自身应在中下方——偏差方向告诉我即可修）
[PT] bx0 frame A 549,112 3x7
[PT] bx0 frame I
[PT] ds0 text A 124m
[PT] ds0 text I
[PT] bx1 frame A 161,160 32x80
[PT] bx1 frame I
[PT] ds1 text A 9m
[PT] ds1 text I
[PT] bx2 frame A 747,139 28x69
[PT] bx2 frame I
[PT] ds2 text A 11m
[PT] ds2 text I
[PT] bx3 hide A
[PT] nm3 hide A
[PT] ds3 hide A
01:00:19.674  [PE] 绘制诊断：actors=52 w2s=7 onscreen=3 visibleViews=3
[PT] tick 901 enemies=52
[PT] bx0 frame A 586,99 3x7
[PT] bx0 frame I
[PT] ds0 text A 119m
[PT] ds0 text I
[PT] bx1 hide A
[PT] nm1 hide A
[PT] ds1 hide A
[PT] bx2 hide A
[PT] nm2 hide A
[PT] ds2 hide A
[PT] tick 902 enemies=52
[PT] bx0 frame A 601,84 3x7
[PT] bx0 frame I
[PT] tick 903 enemies=52
[PT] bx0 frame A 600,87 3x7
[PT] bx0 frame I
[PT] tick 904 enemies=52
[PT] bx0 frame A 584,95 3x7
[PT] bx0 frame I
[PT] tick 905 enemies=52
[PT] bx0 frame A 573,100 3x7
[PT] bx0 frame I
[PT] tick 906 enemies=52
[PT] bx0 frame A 564,100 3x7
[PT] bx0 frame I
[PT] tick 907 enemies=52
[PT] bx0 frame A 563,96 3x7
[PT] bx0 frame I
[PT] tick 908 enemies=52
[PT] bx0 frame A 578,90 3x7
[PT] bx0 frame I
[PT] tick 909 enemies=52
[PT] bx0 frame A 584,88 3x7
[PT] bx0 frame I
[PT] tick 910 enemies=52
[PT] bx0 frame A 588,85 3x7
[PT] bx0 frame I
[PT] tick 911 enemies=52
[PT] bx0 frame A 581,90 3x7
[PT] bx0 frame I
[PT] tick 912 enemies=52
[PT] bx0 frame A 576,94 3x7
[PT] bx0 frame I
[PT] tick 913 enemies=52
[PT] tick 914 enemies=52
[PT] bx0 frame A 580,92 3x7
[PT] bx0 frame I
[PT] tick 915 enemies=52
[PT] bx0 frame A 577,98 3x7
[PT] bx0 frame I
[PT] tick 916 enemies=52
[PT] bx0 frame A 576,92 3x7
[PT] bx0 frame I
[PT] tick 917 enemies=52
[PT] bx0 frame A 595,71 3x7
[PT] bx0 frame I
[PT] tick 918 enemies=52
[PT] bx0 frame A 616,41 3x8
[PT] bx0 frame I
[PT] tick 919 enemies=52
[PT] bx0 frame A 627,31 3x8
[PT] bx0 frame I
[PT] tick 920 enemies=51
[PT] bx0 frame A 637,15 3x8
[PT] bx0 frame I
[PT] tick 921 enemies=52
[PT] bx0 frame A 637,13 3x8
[PT] bx0 frame I
[PT] tick 922 enemies=52
[PT] bx0 frame A 636,19 3x8
[PT] bx0 frame I
[PT] tick 923 enemies=52
[PT] bx0 frame A 640,18 3x8
[PT] bx0 frame I
[PT] tick 924 enemies=52
[PT] bx0 frame A 635,27 3x8
[PT] bx0 frame I
[PT] tick 925 enemies=52
[PT] bx0 frame A 601,41 3x8
[PT] bx0 frame I
[PT] tick 926 enemies=52
[PT] bx0 frame A 561,88 3x7
[PT] bx0 frame I
[PT] tick 927 enemies=52
[PT] bx0 frame A 537,128 3x7
[PT] bx0 frame I
[PT] tick 928 enemies=51
[PT] bx0 frame A 533,140 3x7
[PT] bx0 frame I
[PT] tick 929 enemies=52
[PT] bx0 frame A 548,133 3x7
[PT] bx0 frame I
[PT] tick 930 enemies=52
[PT] bx0 frame A 552,130 3x7
[PT] bx0 frame I
[PT] tick 931 enemies=52
[PT] bx0 frame A 548,125 3x7
[PT] bx0 frame I
[PT] tick 932 enemies=52
[PT] bx0 frame A 545,117 3x7
[PT] bx0 frame I
[PT] tick 933 enemies=52
[PT] bx0 frame A 535,112 3x7
[PT] bx0 frame I
[PT] tick 934 enemies=52
[PT] bx0 frame A 532,111 3x7
[PT] bx0 frame I
[PT] tick 935 enemies=52
[PT] bx0 frame A 524,114 3x7
[PT] bx0 frame I
[PT] bx1 frame A 917,121 49x123
[PT] bx1 frame I
[PT] bx1 show A
[PT] nm1 show A
[PT] ds1 text A 7m
[PT] ds1 text I
[PT] ds1 show A
[PT] tick 936 enemies=52
[PT] bx0 frame A 525,120 3x7
[PT] bx0 frame I
[PT] bx1 frame A 918,125 49x124
[PT] bx1 frame I
[PT] tick 937 enemies=52
[PT] bx0 frame A 530,110 3x7
[PT] bx0 frame I
[PT] bx1 hide A
[PT] nm1 hide A
[PT] ds1 hide A
[PT] tick 938 enemies=51
[PT] bx0 frame A 558,100 3x7
[PT] bx0 frame I
[PT] tick 939 enemies=52
[PT] bx0 frame A 573,101 3x7
[PT] bx0 frame I
[PT] tick 940 enemies=52
[PT] bx0 frame A 588,106 3x7
[PT] bx0 frame I
[PT] tick 941 enemies=52
[PT] bx0 frame A 596,109 3x7
[PT] bx0 frame I
[PT] tick 942 enemies=52
[PT] bx0 frame A 612,109 3x7
[PT] bx0 frame I
[PT] tick 943 enemies=52
[PT] bx0 frame A 634,101 3x7
[PT] bx0 frame I
[PT] tick 944 enemies=52
[PT] bx0 frame A 658,95 3x8
[PT] bx0 frame I
[PT] tick 945 enemies=52
[PT] bx0 frame A 679,77 3x8
[PT] bx0 frame I
[PT] tick 946 enemies=51
[PT] bx0 frame A 704,48 3x8
[PT] bx0 frame I
[PT] bx1 frame A -51,81 53x132
[PT] bx1 frame I
[PT] bx1 show A
[PT] nm1 show A
[PT] ds1 show A
[PT] tick 947 enemies=52
[PT] bx0 frame A 699,42 3x8
[PT] bx0 frame I
[PT] bx1 hide A
[PT] nm1 hide A
[PT] ds1 hide A
[PT] tick 948 enemies=52
[PT] bx0 frame A 710,27 3x9
[PT] bx0 frame I
[PT] tick 949 enemies=52
[PT] bx0 frame A 711,13 3x9
[PT] bx0 frame I
[PT] tick 950 enemies=52
[PT] bx0 frame A 705,1 4x9
[PT] bx0 frame I
[PT] tick 951 enemies=52
[PT] bx0 frame A 671,19 3x8
[PT] bx0 frame I
[PT] tick 952 enemies=52
[PT] bx0 frame A 660,29 3x8
[PT] bx0 frame I
[PT] tick 953 enemies=52
[PT] bx0 frame A 680,30 3x8
[PT] bx0 frame I
[PT] tick 954 enemies=52
[PT] bx0 frame A 680,49 3x8
[PT] bx0 frame I
[PT] tick 955 enemies=52
[PT] bx0 frame A 698,54 3x8
[PT] bx0 frame I
[PT] bx1 frame A -45,87 53x133
[PT] bx1 frame I
[PT] bx1 show A
[PT] nm1 show A
[PT] ds1 show A
[PT] tick 956 enemies=52
[PT] bx0 frame A 711,57 3x8
[PT] bx0 frame I
[PT] bx1 frame A -6,88 53x132
[PT] bx1 frame I
[PT] ds1 text A 6m
[PT] ds1 text I
[PT] tick 957 enemies=52
[PT] bx0 frame A 728,56 3x8
[PT] bx0 frame I
[PT] bx1 frame A 29,92 53x131
[PT] bx1 frame I
[PT] tick 958 enemies=52
[PT] bx0 frame A 725,64 3x8
[PT] bx0 frame I
[PT] bx1 frame A 31,99 53x132
[PT] bx1 frame I
[PT] tick 959 enemies=52
[PT] bx0 frame A 711,70 3x8
[PT] bx0 frame I
[PT] bx1 frame A 19,105 54x134
[PT] bx1 frame I
[PT] tick 960 enemies=52
[PT] bx0 frame A 688,84 3x8
[PT] bx0 frame I
[PT] bx1 frame A -3,118 55x137
[PT] bx1 frame I
[PT] tick 961 enemies=52
[PT] bx0 frame A 672,102 3x8
[PT] bx0 frame I
[PT] bx1 frame A -17,132 56x140
[PT] bx1 frame I
[PT] tick 962 enemies=52
[PT] bx0 frame A 650,145 3x7
[PT] bx0 frame I
[PT] bx1 frame A -36,161 59x147
[PT] bx1 frame I
[PT] tick 963 enemies=52
[PT] bx0 frame A 641,144 3x7
[PT] bx0 frame I
[PT] bx1 frame A -61,171 62x156
[PT] bx1 frame I
[PT] tick 964 enemies=52
[PT] bx0 frame A 640,155 3x7
[PT] bx0 frame I
[PT] bx1 hide A
[PT] nm1 hide A
[PT] ds1 hide A
[PT] tick 965 enemies=52
[PT] bx0 frame A 657,171 3x7
[PT] bx0 frame I
[PT] ds0 text A 118m
[PT] ds0 text I
[PT] bx1 frame A -59,197 68x169
[PT] bx1 frame I
[PT] bx1 show A
[PT] nm1 show A
[PT] ds1 text A 5m
[PT] ds1 text I
[PT] ds1 show A
[PT] tick 966 enemies=52
[PT] bx0 frame A 675,190 3x7
[PT] bx0 frame I
[PT] bx1 frame A -53,214 72x179
[PT] bx1 frame I
[PT] tick 967 enemies=52
[PT] bx0 frame A 680,198 3x7
[PT] bx0 frame I
[PT] bx1 frame A -62,228 76x190
[PT] bx1 frame I
[PT] tick 968 enemies=52
[PT] bx0 frame A 697,190 3x7
[PT] bx0 frame I
[PT] bx1 frame A -69,233 80x199
[PT] bx1 frame I
[PT] ds1 text A 4m
[PT] ds1 text I
[PT] tick 969 enemies=52
[PT] bx0 frame A 701,190 3x8
[PT] bx0 frame I
[PT] ds0 text A 117m
[PT] ds0 text I
[PT] bx1 hide A
[PT] nm1 hide A
[PT] ds1 hide A
[PT] tick 970 enemies=52
[PT] bx0 frame A 710,191 3x8
[PT] bx0 frame I
[PT] tick 971 enemies=52
[PT] bx0 frame A 706,194 3x8
[PT] bx0 frame I
[PT] tick 972 enemies=52
[PT] tick 973 enemies=52
[PT] bx0 frame A 709,193 3x8
[PT] bx0 frame I
[PT] ds0 text A 116m
[PT] ds0 text I
[PT] tick 974 enemies=52
[PT] bx0 frame A 711,190 3x8
[PT] bx0 frame I
[PT] tick 975 enemies=52
[PT] bx0 frame A 710,192 3x8
[PT] bx0 frame I
[PT] tick 976 enemies=52
[PT] bx0 frame A 711,193 3x8
[PT] bx0 frame I
[PT] ds0 text A 115m
[PT] ds0 text I
[PT] tick 977 enemies=51
[PT] bx0 frame A 673,205 3x7
[PT] bx0 frame I
[PT] tick 978 enemies=52
[PT] bx0 frame A 641,223 3x7
[PT] bx0 frame I
[PT] tick 979 enemies=52
[PT] bx0 frame A 629,223 3x7
[PT] bx0 frame I
[PT] tick 980 enemies=52
[PT] bx0 frame A 647,225 3x7
[PT] bx0 frame I
[PT] tick 981 enemies=52
[PT] bx0 frame A 683,207 3x8
[PT] bx0 frame I
[PT] ds0 text A 114m
[PT] ds0 text I
[PT] tick 982 enemies=51
[PT] bx0 frame A 695,200 3x8
[PT] bx0 frame I
[PT] tick 983 enemies=52
[PT] bx0 frame A 698,197 3x8
[PT] bx0 frame I
[PT] tick 984 enemies=52
[PT] bx0 frame A 703,199 3x8
[PT] bx0 frame I
[PT] tick 985 enemies=52
[PT] bx0 frame A 709,201 3x8
[PT] bx0 frame I
[PT] tick 986 enemies=52
[PT] bx0 frame A 710,206 3x8
[PT] bx0 frame I
[PT] tick 987 enemies=52
[PT] bx0 frame A 708,204 3x8
[PT] bx0 frame I
[PT] tick 988 enemies=52
[PT] bx0 frame A 690,208 3x8
[PT] bx0 frame I
[PT] ds0 text A 113m
[PT] ds0 text I
[PT] tick 989 enemies=51
[PT] bx0 frame A 684,206 3x8
[PT] bx0 frame I
[PT] tick 990 enemies=52
[PT] tick 991 enemies=52
[PT] tick 992 enemies=52
[PT] bx0 frame A 681,198 3x8
[PT] bx0 frame I
[PT] tick 993 enemies=52
[PT] bx0 frame A 675,166 3x8
[PT] bx0 frame I
[PT] tick 994 enemies=52
[PT] bx0 frame A 684,164 3x8
[PT] bx0 frame I
[PT] tick 995 enemies=52
[PT] bx0 frame A 694,161 3x8
[PT] bx0 frame I
[PT] tick 996 enemies=52
[PT] bx0 frame A 745,146 3x8
[PT] bx0 frame I
[PT] tick 997 enemies=52
[PT] bx0 frame A 752,144 3x8
[PT] bx0 frame I
[PT] tick 998 enemies=52
[PT] bx0 frame A 752,155 3x8
[PT] bx0 frame I
[PT] tick 999 enemies=52
[PT] bx0 frame A 739,167 3x8
[PT] bx0 frame I
[PT] tick 1000 enemies=52
[PT] bx0 frame A 716,168 3x8
[PT] bx0 frame I
[PT] tick 1001 enemies=52
[PT] bx0 frame A 705,171 3x8
[PT] bx0 frame I
[PT] tick 1002 enemies=52
[PT] bx0 frame A 700,169 3x8
[PT] bx0 frame I
[PT] tick 1003 enemies=52
[PT] bx0 frame A 697,167 3x8
[PT] bx0 frame I
[PT] tick 1004 enemies=52
[PT] bx0 frame A 699,164 3x8
[PT] bx0 frame I
[PT] tick 1005 enemies=52
[PT] bx0 frame A 696,161 3x8
[PT] bx0 frame I
[PT] tick 1006 enemies=52
[PT] bx0 frame A 694,163 3x8
[PT] bx0 frame I
[PT] tick 1007 enemies=52
[PT] bx0 frame A 695,162 3x8
[PT] bx0 frame I
[PT] tick 1008 enemies=52
[PT] bx0 frame A 693,168 3x8
[PT] bx0 frame I
[PT] tick 1009 enemies=52
[PT] bx0 frame A 687,175 3x8
[PT] bx0 frame I
[PT] tick 1010 enemies=52
[PT] bx0 frame A 680,177 3x8
[PT] bx0 frame I
[PT] tick 1011 enemies=52
[PT] bx0 frame A 683,174 3x8
[PT] bx0 frame I
[PT] tick 1012 enemies=52
[PT] bx0 frame A 687,170 3x8
[PT] bx0 frame I
[PT] tick 1013 enemies=52
[PT] bx0 frame A 689,167 3x8
[PT] bx0 frame I
[PT] tick 1014 enemies=52
[PT] bx0 frame A 689,165 3x8
[PT] bx0 frame I
[PT] tick 1015 enemies=52
[PT] bx0 frame A 691,165 3x8
[PT] bx0 frame I
[PT] tick 1016 enemies=52
[PT] tick 1017 enemies=52
[PT] tick 1018 enemies=52
[PT] bx0 frame A 689,163 3x8
[PT] bx0 frame I
[PT] tick 1019 enemies=52
[PT] bx0 frame A 690,165 3x8
[PT] bx0 frame I
[PT] tick 1020 enemies=52
[PT] tick 1021 enemies=52
[PT] bx0 frame A 685,176 3x8
[PT] bx0 frame I
[PT] tick 1022 enemies=52
[PT] bx0 frame A 671,175 3x8
[PT] bx0 frame I
[PT] tick 1023 enemies=52
[PT] bx0 frame A 677,172 3x8
[PT] bx0 frame I
[PT] tick 1024 enemies=52
[PT] bx0 frame A 687,160 3x8
[PT] bx0 frame I
[PT] tick 1025 enemies=52
[PT] bx0 frame A 691,155 3x8
[PT] bx0 frame I
[PT] tick 1026 enemies=53
[PT] bx0 frame A 692,152 3x8
[PT] bx0 frame I
[PT] tick 1027 enemies=53
[PT] bx0 frame A 664,170 3x8
[PT] bx0 frame I
[PT] tick 1028 enemies=53
[PT] bx0 frame A 665,166 3x8
[PT] bx0 frame I
[PT] tick 1029 enemies=53
[PT] bx0 frame A 673,156 3x8
[PT] bx0 frame I
[PT] tick 1030 enemies=53
[PT] bx0 frame A 674,154 3x8
[PT] bx0 frame I
[PT] tick 1031 enemies=53
[PT] bx0 frame A 672,156 3x8
[PT] bx0 frame I
[PT] tick 1032 enemies=53
[PT] bx0 frame A 668,159 3x8
[PT] bx0 frame I
[PT] tick 1033 enemies=53
[PT] bx0 frame A 636,174 3x7
[PT] bx0 frame I
[PT] tick 1034 enemies=53
[PT] bx0 frame A 627,176 3x7
[PT] bx0 frame I
[PT] tick 1035 enemies=53
[PT] bx0 frame A 627,182 3x7
[PT] bx0 frame I
[PT] tick 1036 enemies=53
[PT] bx0 frame A 615,189 3x7
[PT] bx0 frame I
[PT] tick 1037 enemies=53
[PT] bx0 frame A 325,196 3x7
[PT] bx0 frame I
[PT] bx1 frame A 856,171 5x11
[PT] bx1 frame I
[PT] bx1 show A
[PT] nm1 text A BOT
[PT] nm1 text I
[PT] nm1 show A
[PT] ds1 text A 90m
[PT] ds1 text I
[PT] ds1 show A
[PT] tick 1038 enemies=53
[PT] bx0 frame A 96,219 3x9
[PT] bx0 frame I
[PT] bx1 frame A 922,147 3x6
[PT] bx1 frame I
[PT] ds1 text A 182m
[PT] ds1 text I
[PT] bx2 frame A 815,178 5x12
[PT] bx2 frame I
[PT] bx2 show A
[PT] nm2 text A BOT
[PT] nm2 text I
[PT] nm2 show A
[PT] ds2 text A 84m
[PT] ds2 text I
[PT] ds2 show A
[PT] bx3 frame A 616,164 4x9
[PT] bx3 frame I
[PT] bx3 show A
[PT] nm3 text A BOT
[PT] nm3 text I
[PT] nm3 show A
[PT] ds3 text A 90m
[PT] ds3 text I
[PT] ds3 show A
[PT] tick 1039 enemies=53
[PT] bx0 frame A 107,210 3x9
[PT] bx0 frame I
[PT] bx1 frame A 828,171 5x12
[PT] bx1 frame I
[PT] ds1 text A 84m
[PT] ds1 text I
[PT] bx2 frame A 625,156 4x9
[PT] bx2 frame I
[PT] ds2 text A 90m
[PT] ds2 text I
[PT] bx3 hide A
[PT] nm3 hide A
[PT] ds3 hide A
[PT] tick 1040 enemies=53
[PT] bx0 frame A 111,208 3x9
[PT] bx0 frame I
[PT] bx1 frame A 835,170 5x12
[PT] bx1 frame I
[PT] bx2 frame A 630,154 4x9
[PT] bx2 frame I
[PT] tick 1041 enemies=53
[PT] bx0 frame A 131,191 3x8
[PT] bx0 frame I
[PT] ds0 text A 112m
[PT] ds0 text I
[PT] bx1 frame A 861,158 5x12
[PT] bx1 frame I
[PT] bx2 frame A 647,140 4x10
[PT] bx2 frame I
[PT] tick 1042 enemies=53
[PT] bx0 frame A 158,182 3x8
[PT] bx0 frame I
[PT] bx1 frame A 898,155 5x13
[PT] bx1 frame I
[PT] bx2 frame A 672,135 4x10
[PT] bx2 frame I
[PT] tick 1043 enemies=53
[PT] bx0 frame A 152,187 3x8
[PT] bx0 frame I
[PT] bx1 frame A 893,159 5x13
[PT] bx1 frame I
[PT] ds1 text A 83m
[PT] ds1 text I
[PT] bx2 frame A 668,139 4x10
[PT] bx2 frame I
[PT] ds2 text A 89m
[PT] ds2 text I
[PT] tick 1044 enemies=53
[PT] bx0 frame A 47,213 4x9
[PT] bx0 frame I
[PT] ds0 text A 111m
[PT] ds0 text I
[PT] bx1 frame A 879,129 2x6
[PT] bx1 frame I
[PT] ds1 text A 181m
[PT] ds1 text I
[PT] bx2 frame A 785,165 5x12
[PT] bx2 frame I
[PT] ds2 text A 83m
[PT] ds2 text I
[PT] bx3 frame A 592,150 4x9
[PT] bx3 frame I
[PT] bx3 show A
[PT] nm3 show A
[PT] ds3 text A 89m
[PT] ds3 text I
[PT] ds3 show A
[PT] bx4 frame A 897,144 4x9
[PT] bx4 frame I
[PT] bx4 show A
[PT] nm4 show A
[PT] ds4 text A 121m
[PT] ds4 text I
[PT] ds4 show A
[PT] tick 1045 enemies=53
[PT] bx0 frame A 603,111 2x6
[PT] bx0 frame I
[PT] ds0 text A 142m
[PT] ds0 text I
[PT] bx1 frame A 354,102 2x5
[PT] bx1 frame I
[PT] bx2 frame A 511,100 2x4
[PT] bx2 frame I
[PT] ds2 text A 194m
[PT] ds2 text I
[PT] bx3 frame A 529,109 2x6
[PT] bx3 frame I
[PT] nm3 text A Player
[PT] nm3 text I
[PT] ds3 text A 143m
[PT] ds3 text I
[PT] bx4 frame A 719,117 3x7
[PT] bx4 frame I
[PT] ds4 text A 133m
[PT] ds4 text I
[PT] bx5 frame A 812,412 45x113
[PT] bx5 frame I
[PT] bx5 show A
[PT] nm5 text A BOT
[PT] nm5 text I
[PT] nm5 show A
[PT] ds5 text A 6m
[PT] ds5 text I
[PT] ds5 show A
[PT] bx6 frame A 539,107 3x6
[PT] bx6 frame I
[PT] bx6 show A
[PT] nm6 show A
[PT] ds6 text A 135m
[PT] ds6 text I
[PT] ds6 show A
[PT] bx7 frame A 413,111 3x7
[PT] bx7 frame I
[PT] bx7 show A
[PT] nm7 show A
[PT] ds7 text A 115m
[PT] ds7 text I
[PT] ds7 show A
[PT] bx8 frame A 500,107 2x6
[PT] bx8 frame I
[PT] bx8 show A
[PT] nm8 text A BOT
[PT] nm8 text I
[PT] nm8 show A
[PT] ds8 text A 151m
[PT] ds8 text I
[PT] ds8 show A
[PT] bx9 frame A 477,96 1x4
[PT] bx9 frame I
[PT] bx9 show A
[PT] nm9 show A
[PT] ds9 text A 231m
[PT] ds9 text I
[PT] ds9 show A
[PT] bx10 frame A 817,120 3x8
[PT] bx10 frame I
[PT] bx10 show A
[PT] nm10 text A BOT
[PT] nm10 text I
[PT] nm10 show A
[PT] ds10 text A 131m
[PT] ds10 text I
[PT] ds10 show A
[PT] bx11 frame A 459,94 1x3
[PT] bx11 frame I
[PT] bx11 show A
[PT] nm11 show A
[PT] ds11 text A 246m
[PT] ds11 text I
[PT] ds11 show A
[PT] bx12 frame A 488,195 20x51
[PT] bx12 frame I
[PT] bx12 show A
[PT] nm12 show A
[PT] ds12 text A 13m
[PT] ds12 text I
[PT] ds12 show A
[PT] bx13 frame A 565,104 2x5
[PT] bx13 frame I
[PT] bx13 show A
[PT] nm13 show A
[PT] ds13 text A 172m
[PT] ds13 text I
[PT] ds13 show A
[PT] bx14 frame A 612,123 3x8
[PT] bx14 frame I
[PT] bx14 show A
[PT] nm14 show A
[PT] ds14 text A 107m
[PT] ds14 text I
[PT] ds14 show A
[PT] bx15 frame A 411,111 3x7
[PT] bx15 frame I
[PT] bx15 show A
[PT] nm15 show A
[PT] ds15 text A 122m
[PT] ds15 text I
[PT] ds15 show A
[PT] bx16 frame A 445,119 3x8
[PT] bx16 frame I
[PT] bx16 show A
[PT] nm16 text A Player
[PT] nm16 text I
[PT] nm16 show A
[PT] ds16 text A 100m
[PT] ds16 text I
[PT] ds16 show A
[PT] bx17 frame A 513,108 3x6
[PT] bx17 frame I
[PT] bx17 show A
[PT] nm17 show A
[PT] ds17 text A 134m
[PT] ds17 text I
[PT] ds17 show A
[PT] bx18 frame A 628,113 3x7
[PT] bx18 frame I
[PT] bx18 show A
[PT] nm18 show A
[PT] ds18 text A 121m
[PT] ds18 text I
[PT] ds18 show A
[PT] bx19 frame A 404,128 4x9
[PT] bx19 frame I
[PT] bx19 show A
[PT] nm19 show A
[PT] ds19 text A 88m
[PT] ds19 text I
[PT] ds19 show A
[PT] bx20 frame A 596,103 2x6
[PT] bx20 frame I
[PT] bx20 show A
[PT] nm20 show A
[PT] ds20 text A 143m
[PT] ds20 text I
[PT] ds20 show A
[PT] bx21 frame A 503,113 3x7
[PT] bx21 frame I
[PT] bx21 show A
[PT] nm21 show A
[PT] ds21 text A 117m
[PT] ds21 text I
[PT] ds21 show A
[PT] bx22 frame A 561,99 2x6
[PT] bx22 frame I
[PT] bx22 show A
[PT] nm22 show A
[PT] ds22 text A 144m
[PT] ds22 text I
[PT] ds22 show A
[PT] bx23 frame A 305,137 4x10
[PT] bx23 frame I
[PT] bx23 show A
[PT] nm23 text A BOT
[PT] nm23 text I
[PT] nm23 show A
[PT] ds23 text A 83m
[PT] ds23 text I
[PT] ds23 show A
[PT] bx24 frame A 98,145 5x11
[PT] bx24 frame I
[PT] bx24 show A
[PT] nm24 text A BOT
[PT] nm24 text I
[PT] nm24 show A
[PT] ds24 text A 89m
[PT] ds24 text I
[PT] ds24 show A
[PT] bx25 frame A 446,110 3x7
[PT] bx25 frame I
[PT] bx25 show A
[PT] nm25 text A Player
[PT] nm25 text I
[PT] nm25 show A
[PT] ds25 text A 113m
[PT] ds25 text I
[PT] ds25 show A
[PT] bx26 frame A 511,97 2x4
[PT] bx26 frame I
[PT] bx26 show A
[PT] nm26 text A Player
[PT] nm26 text I
[PT] nm26 show A
[PT] ds26 text A 218m
[PT] ds26 text I
[PT] ds26 show A
[PT] bx27 frame A 517,113 3x7
[PT] bx27 frame I
[PT] bx27 show A
[PT] nm27 text A Player
[PT] nm27 text I
[PT] nm27 show A
[PT] ds27 text A 116m
[PT] ds27 text I
[PT] ds27 show A
[PT] bx28 frame A 479,113 3x7
[PT] bx28 frame I
[PT] bx28 show A
[PT] nm28 text A Player
[PT] nm28 text I
[PT] nm28 show A
[PT] ds28 text A 116m
[PT] ds28 text I
[PT] ds28 show A
[PT] bx29 frame A 533,119 3x8
[PT] bx29 frame I
[PT] bx29 show A
[PT] nm29 text A Player
[PT] nm29 text I
[PT] nm29 show A
[PT] ds29 text A 109m
[PT] ds29 text I
[PT] ds29 show A
[PT] bx30 frame A 437,117 3x8
[PT] bx30 frame I
[PT] bx30 show A
[PT] nm30 text A Player
[PT] nm30 text I
[PT] nm30 show A
[PT] ds30 text A 105m
[PT] ds30 text I
[PT] ds30 show A
[PT] bx31 frame A 489,97 2x4
[PT] bx31 frame I
[PT] bx31 show A
[PT] nm31 text A Player
[PT] nm31 text I
[PT] nm31 show A
[PT] ds31 text A 212m
[PT] ds31 text I
[PT] ds31 show A
[PT] bx32 frame A 521,113 3x7
[PT] bx32 frame I
[PT] bx32 show A
[PT] nm32 text A Player
[PT] nm32 text I
[PT] nm32 show A
[PT] ds32 text A 116m
[PT] ds32 text I
[PT] ds32 show A
[PT] bx33 frame A 369,113 3x7
[PT] bx33 frame I
[PT] bx33 show A
[PT] nm33 text A Player
[PT] nm33 text I
[PT] nm33 show A
[PT] ds33 text A 121m
[PT] ds33 text I
[PT] ds33 show A
[PT] bx34 frame A 619,105 2x6
[PT] bx34 frame I
[PT] bx34 show A
[PT] nm34 text A Player
[PT] nm34 text I
[PT] nm34 show A
[PT] ds34 text A 146m
[PT] ds34 text I
[PT] ds34 show A
[PT] bx35 frame A 460,111 3x7
[PT] bx35 frame I
[PT] bx35 show A
[PT] nm35 text A Player
[PT] nm35 text I
[PT] nm35 show A
[PT] ds35 text A 124m
[PT] ds35 text I
[PT] ds35 show A
[PT] bx36 frame A 452,110 3x7
[PT] bx36 frame I
[PT] bx36 show A
[PT] nm36 text A Player
[PT] nm36 text I
[PT] nm36 show A
[PT] ds36 text A 128m
[PT] ds36 text I
[PT] ds36 show A
[PT] bx37 frame A 445,109 3x6
[PT] bx37 frame I
[PT] bx37 show A
[PT] nm37 text A Player
[PT] nm37 text I
[PT] nm37 show A
[PT] ds37 text A 131m
[PT] ds37 text I
[PT] ds37 show A
[PT] bx38 frame A 456,110 3x7
[PT] bx38 frame I
[PT] bx38 show A
[PT] nm38 text A Player
[PT] nm38 text I
[PT] nm38 show A
[PT] ds38 text A 126m
[PT] ds38 text I
[PT] ds38 show A
[PT] bx39 frame A 496,97 2x4
[PT] bx39 frame I
[PT] bx39 show A
[PT] nm39 text A Player
[PT] nm39 text I
[PT] nm39 show A
[PT] ds39 text A 214m
[PT] ds39 text I
[PT] ds39 show A
[PT] bx40 frame A 521,125 4x9
[PT] bx40 frame I
[PT] bx40 show A
[PT] nm40 text A Player
[PT] nm40 text I
[PT] nm40 show A
[PT] ds40 text A 90m
[PT] ds40 text I
[PT] ds40 show A
[PT] bx41 frame A 513,125 4x9
[PT] bx41 frame I
[PT] bx41 show A
[PT] nm41 text A Player
[PT] nm41 text I
[PT] nm41 show A
[PT] ds41 text A 89m
[PT] ds41 text I
[PT] ds41 show A
[PT] bx42 frame A 561,106 2x6
[PT] bx42 frame I
[PT] bx42 show A
[PT] nm42 text A Player
[PT] nm42 text I
[PT] nm42 show A
[PT] ds42 text A 145m
[PT] ds42 text I
[PT] ds42 show A
[PT] bx43 frame A 504,97 2x4
[PT] bx43 frame I
[PT] bx43 show A
[PT] nm43 text A Player
[PT] nm43 text I
[PT] nm43 show A
[PT] ds43 text A 216m
[PT] ds43 text I
[PT] ds43 show A
[PT] tick 1046 enemies=53
[PT] bx0 frame A 625,104 3x6
[PT] bx0 frame I
[PT] ds0 text A 141m
[PT] ds0 text I
[PT] bx1 frame A 372,95 2x5
[PT] bx1 frame I
[PT] ds1 text A 180m
[PT] ds1 text I
[PT] bx2 frame A 530,93 2x4
[PT] bx2 frame I
[PT] ds2 text A 193m
[PT] ds2 text I
[PT] bx3 frame A 549,102 2x6
[PT] bx3 frame I
[PT] ds3 text A 142m
[PT] ds3 text I
[PT] bx4 frame A 747,111 3x7
[PT] bx4 frame I
[PT] ds4 text A 132m
[PT] ds4 text I
[PT] bx5 frame A 561,100 3x6
[PT] bx5 frame I
[PT] nm5 text A Player
[PT] nm5 text I
[PT] ds5 text A 134m
[PT] ds5 text I
[PT] bx6 frame A 432,102 3x7
[PT] bx6 frame I
[PT] ds6 text A 115m
[PT] ds6 text I
[PT] bx7 frame A 519,100 2x6
[PT] bx7 frame I
[PT] nm7 text A BOT
[PT] nm7 text I
[PT] ds7 text A 150m
[PT] ds7 text I
[PT] bx8 frame A 496,88 1x4
[PT] bx8 frame I
[PT] nm8 text A Player
[PT] nm8 text I
[PT] ds8 text A 230m
[PT] ds8 text I
[PT] bx9 frame A 851,114 3x8
[PT] bx9 frame I
[PT] nm9 text A BOT
[PT] nm9 text I
[PT] ds9 text A 131m
[PT] ds9 text I
[PT] bx10 frame A 477,87 1x4
[PT] bx10 frame I
[PT] nm10 text A Player
[PT] nm10 text I
[PT] ds10 text A 245m
[PT] ds10 text I
[PT] bx11 frame A 531,201 22x54
[PT] bx11 frame I
[PT] ds11 text A 12m
[PT] ds11 text I
[PT] bx12 frame A 585,97 2x5
[PT] bx12 frame I
[PT] ds12 text A 172m
[PT] ds12 text I
[PT] bx13 frame A 636,117 3x8
[PT] bx13 frame I
[PT] ds13 text A 106m
[PT] ds13 text I
[PT] bx14 frame A 431,105 3x7
[PT] bx14 frame I
[PT] ds14 text A 120m
[PT] ds14 text I
[PT] bx15 frame A 469,112 3x8
[PT] bx15 frame I
[PT] ds15 text A 99m
[PT] ds15 text I
[PT] bx16 frame A 533,101 3x6
[PT] bx16 frame I
[PT] ds16 text A 133m
[PT] ds16 text I
[PT] bx17 frame A 652,107 3x7
[PT] bx17 frame I
[PT] ds17 text A 121m
[PT] ds17 text I
[PT] bx18 frame A 424,121 4x9
[PT] bx18 frame I
[PT] ds18 text A 87m
[PT] ds18 text I
[PT] bx19 frame A 618,96 2x6
[PT] bx19 frame I
[PT] ds19 text A 142m
[PT] ds19 text I
[PT] bx20 frame A 523,106 3x7
[PT] bx20 frame I
[PT] ds20 text A 116m
[PT] ds20 text I
[PT] bx21 frame A 582,92 2x6
[PT] bx21 frame I
[PT] ds21 text A 143m
[PT] ds21 text I
[PT] bx22 frame A 325,131 4x10
[PT] bx22 frame I
[PT] nm22 text A BOT
[PT] nm22 text I
[PT] ds22 text A 82m
[PT] ds22 text I
[PT] bx23 frame A 121,138 5x11
[PT] bx23 frame I
[PT] ds23 text A 87m
[PT] ds23 text I
[PT] bx24 frame A 469,105 3x7
[PT] bx24 frame I
[PT] nm24 text A Player
[PT] nm24 text I
[PT] ds24 text A 113m
[PT] ds24 text I
[PT] bx25 frame A 529,89 2x4
[PT] bx25 frame I
[PT] ds25 text A 217m
[PT] ds25 text I
[PT] bx26 frame A 537,107 3x7
[PT] bx26 frame I
[PT] ds26 text A 115m
[PT] ds26 text I
[PT] bx27 frame A 504,106 3x7
[PT] bx27 frame I
[PT] bx28 frame A 554,113 3x8
[PT] bx28 frame I
[PT] ds28 text A 108m
[PT] ds28 text I
[PT] bx29 frame A 454,111 3x8
[PT] bx29 frame I
[PT] ds29 text A 105m
[PT] ds29 text I
[PT] bx30 frame A 507,90 2x4
[PT] bx30 frame I
[PT] ds30 text A 211m
[PT] ds30 text I
[PT] bx31 frame A 546,107 3x7
[PT] bx31 frame I
[PT] ds31 text A 115m
[PT] ds31 text I
[PT] bx32 frame A 383,106 3x7
[PT] bx32 frame I
[PT] ds32 text A 120m
[PT] ds32 text I
[PT] bx33 frame A 642,98 2x6
[PT] bx33 frame I
[PT] ds33 text A 145m
[PT] ds33 text I
[PT] bx34 frame A 479,104 3x7
[PT] bx34 frame I
[PT] ds34 text A 123m
[PT] ds34 text I
[PT] bx35 frame A 471,103 3x7
[PT] bx35 frame I
[PT] ds35 text A 127m
[PT] ds35 text I
[PT] bx36 frame A 464,102 3x6
[PT] bx36 frame I
[PT] ds36 text A 130m
[PT] ds36 text I
[PT] bx37 frame A 475,104 3x7
[PT] bx37 frame I
[PT] ds37 text A 125m
[PT] ds37 text I
[PT] bx38 frame A 514,90 2x4
[PT] bx38 frame I
[PT] ds38 text A 213m
[PT] ds38 text I
[PT] bx39 frame A 542,118 4x9
[PT] bx39 frame I
[PT] ds39 text A 90m
[PT] ds39 text I
[PT] bx40 frame A 534,119 4x9
[PT] bx40 frame I
[PT] ds40 text A 88m
[PT] ds40 text I
[PT] bx41 frame A 582,99 2x6
[PT] bx41 frame I
[PT] ds41 text A 144m
[PT] ds41 text I
[PT] bx42 frame A 523,90 2x4
[PT] bx42 frame I
[PT] ds42 text A 215m
[PT] ds42 text I
[PT] bx43 hide A
[PT] nm43 hide A
[PT] ds43 hide A
[PT] tick 1047 enemies=53
[PT] bx0 frame A 633,104 3x6
[PT] bx0 frame I
[PT] bx1 frame A 378,94 2x5
[PT] bx1 frame I
[PT] ds1 text A 179m
[PT] ds1 text I
[PT] bx2 frame A 536,92 2x4
[PT] bx2 frame I
[PT] ds2 text A 192m
[PT] ds2 text I
[PT] bx3 frame A 556,102 2x6
[PT] bx3 frame I
[PT] bx4 frame A 756,111 3x7
[PT] bx4 frame I
[PT] bx5 frame A 568,100 3x6
[PT] bx5 frame I
[PT] ds5 text A 133m
[PT] ds5 text I
[PT] bx6 frame A 438,102 3x7
[PT] bx6 frame I
[PT] bx7 frame A 526,100 2x6
[PT] bx7 frame I
[PT] ds7 text A 149m
[PT] ds7 text I
[PT] bx8 frame A 501,88 2x4
[PT] bx8 frame I
[PT] bx9 frame A 863,115 3x8
[PT] bx9 frame I
[PT] bx10 frame A 482,86 1x4
[PT] bx10 frame I
[PT] bx11 frame A 557,212 22x55
[PT] bx11 frame I
[PT] bx12 frame A 592,96 2x5
[PT] bx12 frame I
[PT] ds12 text A 171m
[PT] ds12 text I
[PT] bx13 frame A 644,117 3x8
[PT] bx13 frame I
[PT] bx14 frame A 438,105 3x7
[PT] bx14 frame I
[PT] ds14 text A 118m
[PT] ds14 text I
[PT] bx15 frame A 478,112 3x8
[PT] bx15 frame I
[PT] bx16 frame A 539,101 3x6
[PT] bx16 frame I
[PT] ds16 text A 132m
[PT] ds16 text I
[PT] bx17 frame A 660,107 3x7
[PT] bx17 frame I
[PT] bx18 frame A 431,122 4x9
[PT] bx18 frame I
[PT] ds18 text A 86m
[PT] ds18 text I
[PT] bx19 frame A 625,96 3x6
[PT] bx19 frame I
[PT] bx20 frame A 530,106 3x7
[PT] bx20 frame I
[PT] bx21 frame A 589,92 2x6
[PT] bx21 frame I
[PT] bx22 frame A 332,131 4x10
[PT] bx22 frame I
[PT] ds22 text A 81m
[PT] ds22 text I
[PT] bx23 frame A 129,138 5x11
[PT] bx23 frame I
[PT] bx24 frame A 477,107 3x7
[PT] bx24 frame I
[PT] bx25 frame A 535,89 2x4
[PT] bx25 frame I
[PT] bx26 frame A 544,107 3x7
[PT] bx26 frame I
[PT] ds26 text A 114m
[PT] ds26 text I
[PT] bx27 frame A 513,106 3x7
[PT] bx27 frame I
[PT] bx28 frame A 561,113 3x8
[PT] bx28 frame I
[PT] ds28 text A 107m
[PT] ds28 text I
[PT] bx29 frame A 461,110 3x8
[PT] bx29 frame I
[PT] ds29 text A 104m
[PT] ds29 text I
[PT] bx30 frame A 513,90 2x4
[PT] bx30 frame I
[PT] ds30 text A 210m
[PT] ds30 text I
[PT] bx31 frame A 555,106 3x7
[PT] bx31 frame I
[PT] bx32 frame A 386,106 3x7
[PT] bx32 frame I
[PT] bx33 frame A 649,98 2x6
[PT] bx33 frame I
[PT] bx34 frame A 485,104 3x7
[PT] bx34 frame I
[PT] bx35 frame A 477,103 3x7
[PT] bx35 frame I
[PT] ds35 text A 126m
[PT] ds35 text I
[PT] bx36 frame A 470,102 3x6
[PT] bx36 frame I
[PT] bx37 frame A 481,103 3x7
[PT] bx37 frame I
[PT] ds37 text A 124m
[PT] ds37 text I
[PT] bx38 frame A 520,89 2x4
[PT] bx38 frame I
[PT] bx39 frame A 550,119 4x9
[PT] bx39 frame I
[PT] ds39 text A 89m
[PT] ds39 text I
[PT] bx40 frame A 542,119 4x9
[PT] bx40 frame I
[PT] bx41 frame A 589,99 2x6
[PT] bx41 frame I
[PT] bx42 frame A 528,89 2x4
[PT] bx42 frame I
[PT] tick 1048 enemies=53
[PT] bx0 frame A 676,76 3x7
[PT] bx0 frame I
[PT] ds0 text A 140m
[PT] ds0 text I
[PT] bx1 frame A 412,64 2x5
[PT] bx1 frame I
[PT] bx2 frame A 574,62 2x5
[PT] bx2 frame I
[PT] bx3 frame A 595,73 3x6
[PT] bx3 frame I
[PT] ds3 text A 141m
[PT] ds3 text I
[PT] bx4 frame A 812,84 3x8
[PT] bx4 frame I
[PT] bx5 frame A 607,71 3x7
[PT] bx5 frame I
[PT] bx6 frame A 472,73 3x8
[PT] bx6 frame I
[PT] bx7 frame A 563,71 2x6
[PT] bx7 frame I
[PT] bx8 frame A 537,57 2x4
[PT] bx8 frame I
[PT] bx9 frame A 517,56 1x4
[PT] bx9 frame I
[PT] nm9 text A Player
[PT] nm9 text I
[PT] ds9 text A 245m
[PT] ds9 text I
[PT] bx10 frame A 607,202 23x56
[PT] bx10 frame I
[PT] ds10 text A 11m
[PT] ds10 text I
[PT] bx11 frame A 633,67 2x5
[PT] bx11 frame I
[PT] ds11 text A 171m
[PT] ds11 text I
[PT] bx12 frame A 688,90 4x9
[PT] bx12 frame I
[PT] ds12 text A 106m
[PT] ds12 text I
[PT] bx13 frame A 474,76 3x7
[PT] bx13 frame I
[PT] ds13 text A 117m
[PT] ds13 text I
[PT] bx14 frame A 516,84 3x9
[PT] bx14 frame I
[PT] ds14 text A 99m
[PT] ds14 text I
[PT] bx15 frame A 578,72 3x7
[PT] bx15 frame I
[PT] ds15 text A 132m
[PT] ds15 text I
[PT] bx16 frame A 706,80 3x8
[PT] bx16 frame I
[PT] ds16 text A 120m
[PT] ds16 text I
[PT] bx17 frame A 466,93 4x10
[PT] bx17 frame I
[PT] ds17 text A 86m
[PT] ds17 text I
[PT] bx18 frame A 669,67 3x7
[PT] bx18 frame I
[PT] ds18 text A 142m
[PT] ds18 text I
[PT] bx19 frame A 568,77 3x8
[PT] bx19 frame I
[PT] ds19 text A 115m
[PT] ds19 text I
[PT] bx20 frame A 630,63 3x7
[PT] bx20 frame I
[PT] ds20 text A 143m
[PT] ds20 text I
[PT] bx21 frame A 367,102 4x10
[PT] bx21 frame I
[PT] nm21 text A BOT
[PT] nm21 text I
[PT] ds21 text A 80m
[PT] ds21 text I
[PT] bx22 frame A 173,107 4x11
[PT] bx22 frame I
[PT] ds22 text A 86m
[PT] ds22 text I
[PT] bx23 frame A 513,79 3x8
[PT] bx23 frame I
[PT] nm23 text A Player
[PT] nm23 text I
[PT] ds23 text A 113m
[PT] ds23 text I
[PT] bx24 frame A 573,59 2x4
[PT] bx24 frame I
[PT] ds24 text A 217m
[PT] ds24 text I
[PT] bx25 frame A 583,78 3x8
[PT] bx25 frame I
[PT] ds25 text A 114m
[PT] ds25 text I
[PT] bx26 frame A 553,77 3x8
[PT] bx26 frame I
[PT] ds26 text A 116m
[PT] ds26 text I
[PT] bx27 frame A 600,85 3x8
[PT] bx27 frame I
[PT] ds27 text A 107m
[PT] ds27 text I
[PT] bx28 frame A 498,81 3x8
[PT] bx28 frame I
[PT] ds28 text A 104m
[PT] ds28 text I
[PT] bx29 frame A 550,59 2x4
[PT] bx29 frame I
[PT] ds29 text A 210m
[PT] ds29 text I
[PT] bx30 frame A 596,78 3x8
[PT] bx30 frame I
[PT] ds30 text A 114m
[PT] ds30 text I
[PT] bx31 frame A 418,77 3x7
[PT] bx31 frame I
[PT] ds31 text A 119m
[PT] ds31 text I
[PT] bx32 frame A 695,69 3x7
[PT] bx32 frame I
[PT] ds32 text A 145m
[PT] ds32 text I
[PT] bx33 frame A 521,75 3x7
[PT] bx33 frame I
[PT] ds33 text A 122m
[PT] ds33 text I
[PT] bx34 frame A 513,74 3x7
[PT] bx34 frame I
[PT] ds34 text A 126m
[PT] ds34 text I
[PT] bx35 frame A 506,73 3x7
[PT] bx35 frame I
[PT] ds35 text A 129m
[PT] ds35 text I
[PT] bx36 frame A 517,74 3x7
[PT] bx36 frame I
[PT] ds36 text A 124m
[PT] ds36 text I
[PT] bx37 frame A 557,59 2x4
[PT] bx37 frame I
[PT] ds37 text A 212m
[PT] ds37 text I
[PT] bx38 frame A 588,91 4x10
[PT] bx38 frame I
[PT] ds38 text A 89m
[PT] ds38 text I
[PT] bx39 frame A 580,92 4x10
[PT] bx39 frame I
[PT] ds39 text A 88m
[PT] ds39 text I
[PT] bx40 frame A 630,70 3x6
[PT] bx40 frame I
[PT] ds40 text A 143m
[PT] ds40 text I
[PT] bx41 frame A 566,59 2x4
[PT] bx41 frame I
[PT] ds41 text A 214m
[PT] ds41 text I
[PT] bx42 hide A
[PT] nm42 hide A
[PT] ds42 hide A
[PT] tick 1049 enemies=51
[PT] bx0 frame A 604,102 3x6
[PT] bx0 frame I
[PT] ds0 text A 139m
[PT] ds0 text I
[PT] bx1 frame A 345,93 2x5
[PT] bx1 frame I
[PT] ds1 text A 177m
[PT] ds1 text I
[PT] bx2 frame A 506,91 2x5
[PT] bx2 frame I
[PT] ds2 text A 190m
[PT] ds2 text I
[PT] bx3 frame A 528,100 2x6
[PT] bx3 frame I
[PT] ds3 text A 140m
[PT] ds3 text I
[PT] bx4 frame A 723,108 3x7
[PT] bx4 frame I
[PT] ds4 text A 131m
[PT] ds4 text I
[PT] bx5 frame A 479,207 26x64
[PT] bx5 frame I
[PT] ds5 text A 9m
[PT] ds5 text I
[PT] bx6 frame A 538,99 3x7
[PT] bx6 frame I
[PT] ds6 text A 130m
[PT] ds6 text I
[PT] bx7 frame A 405,105 3x7
[PT] bx7 frame I
[PT] nm7 text A Player
[PT] nm7 text I
[PT] ds7 text A 113m
[PT] ds7 text I
[PT] bx8 frame A 497,98 2x6
[PT] bx8 frame I
[PT] nm8 text A BOT
[PT] nm8 text I
[PT] ds8 text A 147m
[PT] ds8 text I
[PT] bx9 frame A 471,86 2x4
[PT] bx9 frame I
[PT] ds9 text A 228m
[PT] ds9 text I
[PT] bx10 frame A 824,111 3x8
[PT] bx10 frame I
[PT] nm10 text A BOT
[PT] nm10 text I
[PT] ds10 text A 130m
[PT] ds10 text I
[PT] bx11 frame A 451,85 1x4
[PT] bx11 frame I
[PT] ds11 text A 243m
[PT] ds11 text I
[PT] bx12 frame A 586,227 25x63
[PT] bx12 frame I
[PT] ds12 text A 10m
[PT] ds12 text I
[PT] bx13 frame A 562,94 2x5
[PT] bx13 frame I
[PT] ds13 text A 169m
[PT] ds13 text I
[PT] bx14 frame A 617,115 3x8
[PT] bx14 frame I
[PT] ds14 text A 104m
[PT] ds14 text I
[PT] bx15 frame A 415,105 3x7
[PT] bx15 frame I
[PT] ds15 text A 113m
[PT] ds15 text I
[PT] bx16 frame A 480,116 4x9
[PT] bx16 frame I
[PT] ds16 text A 88m
[PT] ds16 text I
[PT] bx17 frame A 511,100 3x7
[PT] bx17 frame I
[PT] ds17 text A 127m
[PT] ds17 text I
[PT] bx18 frame A 632,105 3x7
[PT] bx18 frame I
[PT] ds18 text A 119m
[PT] ds18 text I
[PT] bx19 frame A 361,120 4x10
[PT] bx19 frame I
[PT] ds19 text A 87m
[PT] ds19 text I
[PT] bx20 frame A 596,94 3x6
[PT] bx20 frame I
[PT] ds20 text A 140m
[PT] ds20 text I
[PT] bx21 frame A 551,101 3x7
[PT] bx21 frame I
[PT] nm21 text A Player
[PT] nm21 text I
[PT] ds21 text A 124m
[PT] ds21 text I
[PT] bx22 frame A 564,100 3x8
[PT] bx22 frame I
[PT] nm22 text A Player
[PT] nm22 text I
[PT] ds22 text A 114m
[PT] ds22 text I
[PT] bx23 frame A 300,132 4x11
[PT] bx23 frame I
[PT] nm23 text A BOT
[PT] nm23 text I
[PT] ds23 text A 79m
[PT] ds23 text I
[PT] bx24 frame A 75,141 5x12
[PT] bx24 frame I
[PT] nm24 text A BOT
[PT] nm24 text I
[PT] ds24 text A 84m
[PT] ds24 text I
[PT] bx25 frame A 421,105 3x8
[PT] bx25 frame I
[PT] ds25 text A 111m
[PT] ds25 text I
[PT] bx26 frame A 505,87 2x4
[PT] bx26 frame I
[PT] ds26 text A 215m
[PT] ds26 text I
[PT] bx27 frame A 521,109 3x8
[PT] bx27 frame I
[PT] ds27 text A 102m
[PT] ds27 text I
[PT] bx28 frame A 559,104 3x7
[PT] bx28 frame I
[PT] ds28 text A 116m
[PT] ds28 text I
[PT] bx29 frame A 534,111 3x8
[PT] bx29 frame I
[PT] ds29 text A 106m
[PT] ds29 text I
[PT] bx30 frame A 470,111 3x9
[PT] bx30 frame I
[PT] ds30 text A 96m
[PT] ds30 text I
[PT] bx31 frame A 483,88 2x4
[PT] bx31 frame I
[PT] ds31 text A 208m
[PT] ds31 text I
[PT] bx32 frame A 537,108 3x8
[PT] bx32 frame I
[PT] ds32 text A 105m
[PT] ds32 text I
[PT] bx33 frame A 358,106 3x7
[PT] bx33 frame I
[PT] ds33 text A 117m
[PT] ds33 text I
[PT] bx34 frame A 457,102 3x7
[PT] bx34 frame I
[PT] ds34 text A 121m
[PT] ds34 text I
[PT] bx35 frame A 449,101 3x7
[PT] bx35 frame I
[PT] ds35 text A 124m
[PT] ds35 text I
[PT] bx36 frame A 442,100 3x7
[PT] bx36 frame I
[PT] ds36 text A 127m
[PT] ds36 text I
[PT] bx37 frame A 453,102 3x7
[PT] bx37 frame I
[PT] ds37 text A 122m
[PT] ds37 text I
[PT] bx38 frame A 490,88 2x4
[PT] bx38 frame I
[PT] ds38 text A 211m
[PT] ds38 text I
[PT] bx39 frame A 517,118 4x10
[PT] bx39 frame I
[PT] ds39 text A 86m
[PT] ds39 text I
[PT] bx40 frame A 585,98 2x6
[PT] bx40 frame I
[PT] ds40 text A 145m
[PT] ds40 text I
[PT] bx41 frame A 498,87 2x4
[PT] bx41 frame I
[PT] ds41 text A 213m
[PT] ds41 text I
[PT] tick 1050 enemies=60
01:00:42.519  [PE] 投影自检：中心=(463,214) 前方点->(463,214) 自身->(463,2382)（前方点须≈中心；自身应在中下方——偏差方向告诉我即可修）
[PT] bx0 frame A 496,169 3x8
[PT] bx0 frame I
[PT] ds0 text A 78m
[PT] ds0 text I
[PT] bx1 frame A 106,164 3x7
[PT] bx1 frame I
[PT] ds1 text A 121m
[PT] ds1 text I
[PT] bx2 frame A 364,155 2x5
[PT] bx2 frame I
[PT] ds2 text A 128m
[PT] ds2 text I
[PT] bx3 frame A 392,169 3x9
[PT] bx3 frame I
[PT] ds3 text A 77m
[PT] ds3 text I
[PT] bx4 frame A 657,173 4x9
[PT] bx4 frame I
[PT] ds4 text A 77m
[PT] ds4 text I
[PT] bx5 frame A 263,184 6x14
[PT] bx5 frame I
[PT] ds5 text A 52m
[PT] ds5 text I
[PT] bx6 frame A 139,196 7x18
[PT] bx6 frame I
[PT] ds6 text A 47m
[PT] ds6 text I
[PT] bx7 frame A 348,167 3x8
[PT] bx7 frame I
[PT] nm7 text A BOT
[PT] nm7 text I
[PT] ds7 text A 85m
[PT] ds7 text I
[PT] bx8 frame A 322,151 2x4
[PT] bx8 frame I
[PT] nm8 text A Player
[PT] nm8 text I
[PT] ds8 text A 166m
[PT] ds8 text I
[PT] bx9 frame A 787,175 4x10
[PT] bx9 frame I
[PT] nm9 text A BOT
[PT] nm9 text I
[PT] ds9 text A 83m
[PT] ds9 text I
[PT] bx10 frame A 300,150 2x4
[PT] bx10 frame I
[PT] nm10 text A Player
[PT] nm10 text I
[PT] ds10 text A 181m
[PT] ds10 text I
[PT] bx11 frame A 433,159 2x6
[PT] bx11 frame I
[PT] ds11 text A 107m
[PT] ds11 text I
[PT] bx12 frame A 562,195 6x15
[PT] bx12 frame I
[PT] ds12 text A 45m
[PT] ds12 text I
[PT] bx13 frame A 170,188 6x15
[PT] bx13 frame I
[PT] ds13 text A 55m
[PT] ds13 text I
[PT] bx14 frame A 320,237 10x26
[PT] bx14 frame I
[PT] ds14 text A 25m
[PT] ds14 text I
[PT] bx15 frame A 344,178 5x12
[PT] bx15 frame I
[PT] ds15 text A 57m
[PT] ds15 text I
[PT] bx16 frame A 555,174 4x11
[PT] bx16 frame I
[PT] ds16 text A 60m
[PT] ds16 text I
[PT] bx17 frame A 121,224 25x62
[PT] bx17 frame I
[PT] ds17 text A 13m
[PT] ds17 text I
[PT] bx18 frame A 484,158 3x8
[PT] bx18 frame I
[PT] ds18 text A 79m
[PT] ds18 text I
[PT] bx19 frame A 368,201 8x20
[PT] bx19 frame I
[PT] ds19 text A 32m
[PT] ds19 text I
[PT] bx20 frame A 485,154 3x8
[PT] bx20 frame I
[PT] ds20 text A 83m
[PT] ds20 text I
[PT] bx21 frame A 448,158 3x7
[PT] bx21 frame I
[PT] nm21 text A BOT
[PT] nm21 text I
[PT] ds21 text A 100m
[PT] ds21 text I
[PT] bx22 frame A 443,166 4x9
[PT] bx22 frame I
[PT] nm22 text A BOT
[PT] nm22 text I
[PT] ds22 text A 70m
[PT] ds22 text I
[PT] bx23 frame A 137,193 6x15
[PT] bx23 frame I
[PT] nm23 text A Player
[PT] nm23 text I
[PT] ds23 text A 54m
[PT] ds23 text I
[PT] bx24 frame A 363,151 2x4
[PT] bx24 frame I
[PT] nm24 text A Player
[PT] nm24 text I
[PT] ds24 text A 153m
[PT] ds24 text I
[PT] bx25 frame A 383,227 10x25
[PT] bx25 frame I
[PT] ds25 text A 26m
[PT] ds25 text I
[PT] bx26 frame A 368,196 7x17
[PT] bx26 frame I
[PT] ds26 text A 39m
[PT] ds26 text I
[PT] bx27 frame A 411,195 6x15
[PT] bx27 frame I
[PT] ds27 text A 44m
[PT] ds27 text I
[PT] bx28 frame A 338,175 5x12
[PT] bx28 frame I
[PT] ds28 text A 59m
[PT] ds28 text I
[PT] bx29 frame A 336,153 2x5
[PT] bx29 frame I
[PT] ds29 text A 146m
[PT] ds29 text I
[PT] bx30 frame A 361,186 7x17
[PT] bx30 frame I
[PT] ds30 text A 40m
[PT] ds30 text I
[PT] bx31 frame A -3,199 7x16
[PT] bx31 frame I
[PT] ds31 text A 62m
[PT] ds31 text I
[PT] bx32 frame A 266,179 5x12
[PT] bx32 frame I
[PT] ds32 text A 59m
[PT] ds32 text I
[PT] bx33 frame A 254,177 5x12
[PT] bx33 frame I
[PT] ds33 text A 63m
[PT] ds33 text I
[PT] bx34 frame A 242,175 4x11
[PT] bx34 frame I
[PT] ds34 text A 67m
[PT] ds34 text I
[PT] bx35 frame A 260,178 5x12
[PT] bx35 frame I
[PT] ds35 text A 61m
[PT] ds35 text I
[PT] bx36 frame A 344,152 2x5
[PT] bx36 frame I
[PT] ds36 text A 148m
[PT] ds36 text I
[PT] bx37 frame A 376,235 10x26
[PT] bx37 frame I
[PT] ds37 text A 24m
[PT] ds37 text I
[PT] bx38 frame A 486,163 3x8
[PT] bx38 frame I
[PT] ds38 text A 84m
[PT] ds38 text I
[PT] bx39 frame A 354,152 2x5
[PT] bx39 frame I
[PT] ds39 text A 150m
[PT] ds39 text I
[PT] bx40 frame A 409,159 3x7
[PT] bx40 frame I
[PT] ds40 text A 95m
[PT] ds40 text I
[PT] bx41 frame A 463,188 5x13
[PT] bx41 frame I
[PT] ds41 text A 50m
[PT] ds41 text I
[PT] bx42 frame A 273,180 5x12
[PT] bx42 frame I
[PT] bx42 show A
[PT] nm42 show A
[PT] ds42 text A 58m
[PT] ds42 text I
[PT] ds42 show A
[PT] bx43 frame A 377,196 7x17
[PT] bx43 frame I
[PT] bx43 show A
[PT] nm43 show A
[PT] ds43 text A 39m
[PT] ds43 text I
[PT] ds43 show A
[PT] bx44 frame A 435,206 8x19
[PT] bx44 frame I
[PT] bx44 show A
[PT] nm44 text A Player
[PT] nm44 text I
[PT] nm44 show A
[PT] ds44 text A 33m
[PT] ds44 text I
[PT] ds44 show A
[PT] bx45 frame A 365,195 6x16
[PT] bx45 frame I
[PT] bx45 show A
[PT] nm45 text A Player
[PT] nm45 text I
[PT] nm45 show A
[PT] ds45 text A 41m
[PT] ds45 text I
[PT] ds45 show A
[PT] bx46 frame A 321,250 12x29
[PT] bx46 frame I
[PT] bx46 show A
[PT] nm46 text A Player
[PT] nm46 text I
[PT] nm46 show A
[PT] ds46 text A 22m
[PT] ds46 text I
[PT] ds46 show A
[PT] bx47 frame A 452,208 8x20
[PT] bx47 frame I
[PT] bx47 show A
[PT] nm47 text A Player
[PT] nm47 text I
[PT] nm47 show A
[PT] ds47 text A 32m
[PT] ds47 text I
[PT] ds47 show A
[PT] bx48 frame A 419,224 9x23
[PT] bx48 frame I
[PT] bx48 show A
[PT] nm48 text A Player
[PT] nm48 text I
[PT] nm48 show A
[PT] ds48 text A 27m
[PT] ds48 text I
[PT] ds48 show A
01:00:42.649  [PE] 绘制诊断：actors=60 w2s=49 onscreen=49 visibleViews=49
[PT] tick 1051 enemies=59
[PT] bx0 frame A 629,133 5x12
[PT] bx0 frame I
[PT] ds0 text A 71m
[PT] ds0 text I
[PT] bx1 frame A 171,116 3x8
[PT] bx1 frame I
[PT] ds1 text A 115m
[PT] ds1 text I
[PT] bx2 frame A 451,109 3x7
[PT] bx2 frame I
[PT] ds2 text A 121m
[PT] ds2 text I
[PT] bx3 frame A 482,130 5x11
[PT] bx3 frame I
[PT] ds3 text A 70m
[PT] ds3 text I
[PT] bx4 frame A 908,148 6x16
[PT] bx4 frame I
[PT] ds4 text A 71m
[PT] ds4 text I
[PT] bx5 frame A 314,148 7x18
[PT] bx5 frame I
[PT] ds5 text A 46m
[PT] ds5 text I
[PT] bx6 frame A 155,157 8x20
[PT] bx6 frame I
[PT] ds6 text A 46m
[PT] ds6 text I
[PT] bx7 frame A 427,125 4x10
[PT] bx7 frame I
[PT] ds7 text A 78m
[PT] ds7 text I
[PT] bx8 frame A 403,103 2x5
[PT] bx8 frame I
[PT] ds8 text A 159m
[PT] ds8 text I
[PT] bx9 frame A 377,101 2x5
[PT] bx9 frame I
[PT] nm9 text A Player
[PT] nm9 text I
[PT] ds9 text A 174m
[PT] ds9 text I
[PT] bx10 frame A 539,116 3x8
[PT] bx10 frame I
[PT] ds10 text A 100m
[PT] ds10 text I
[PT] bx11 frame A 737,182 9x23
[PT] bx11 frame I
[PT] ds11 text A 38m
[PT] ds11 text I
[PT] bx12 frame A 211,149 7x18
[PT] bx12 frame I
[PT] ds12 text A 49m
[PT] ds12 text I
[PT] bx13 frame A 353,237 15x37
[PT] bx13 frame I
[PT] ds13 text A 19m
[PT] ds13 text I
[PT] bx14 frame A 416,142 6x16
[PT] bx14 frame I
[PT] ds14 text A 50m
[PT] ds14 text I
[PT] bx15 frame A 724,145 7x17
[PT] bx15 frame I
[PT] ds15 text A 53m
[PT] ds15 text I
[PT] bx16 frame A 216,196 36x90
[PT] bx16 frame I
[PT] ds16 text A 7m
[PT] ds16 text I
[PT] bx17 frame A 612,117 5x12
[PT] bx17 frame I
[PT] ds17 text A 72m
[PT] ds17 text I
[PT] bx18 frame A 369,231 16x39
[PT] bx18 frame I
[PT] ds18 text A 17m
[PT] ds18 text I
[PT] bx19 frame A 652,117 5x14
[PT] bx19 frame I
[PT] ds19 text A 64m
[PT] ds19 text I
[PT] bx20 frame A 559,115 4x9
[PT] bx20 frame I
[PT] nm20 text A BOT
[PT] nm20 text I
[PT] ds20 text A 93m
[PT] ds20 text I
[PT] bx21 frame A 552,128 5x13
[PT] bx21 frame I
[PT] ds21 text A 63m
[PT] ds21 text I
[PT] bx22 frame A 153,147 7x18
[PT] bx22 frame I
[PT] nm22 text A Player
[PT] nm22 text I
[PT] ds22 text A 54m
[PT] ds22 text I
[PT] bx23 frame A 450,104 2x6
[PT] bx23 frame I
[PT] ds23 text A 146m
[PT] ds23 text I
[PT] bx24 frame A 421,233 15x38
[PT] bx24 frame I
[PT] ds24 text A 18m
[PT] ds24 text I
[PT] bx25 frame A 426,166 9x24
[PT] bx25 frame I
[PT] ds25 text A 31m
[PT] ds25 text I
[PT] bx26 frame A 500,171 8x21
[PT] bx26 frame I
[PT] ds26 text A 36m
[PT] ds26 text I
[PT] bx27 frame A 418,105 2x6
[PT] bx27 frame I
[PT] ds27 text A 139m
[PT] ds27 text I
[PT] bx28 frame A 349,182 10x25
[PT] bx28 frame I
[PT] ds28 text A 30m
[PT] ds28 text I
[PT] bx29 frame A 45,156 7x18
[PT] bx29 frame I
[PT] ds29 text A 57m
[PT] ds29 text I
[PT] bx30 frame A 322,140 6x16
[PT] bx30 frame I
[PT] ds30 text A 53m
[PT] ds30 text I
[PT] bx31 frame A 309,137 6x15
[PT] bx31 frame I
[PT] ds31 text A 57m
[PT] ds31 text I
[PT] bx32 frame A 298,134 6x14
[PT] bx32 frame I
[PT] ds32 text A 60m
[PT] ds32 text I
[PT] bx33 frame A 316,138 6x15
[PT] bx33 frame I
[PT] ds33 text A 55m
[PT] ds33 text I
[PT] bx34 frame A 428,105 2x6
[PT] bx34 frame I
[PT] ds34 text A 141m
[PT] ds34 text I
[PT] bx35 frame A 432,242 16x39
[PT] bx35 frame I
[PT] ds35 text A 17m
[PT] ds35 text I
[PT] bx36 frame A 653,133 5x13
[PT] bx36 frame I
[PT] ds36 text A 64m
[PT] ds36 text I
[PT] bx37 frame A 440,104 2x6
[PT] bx37 frame I
[PT] ds37 text A 143m
[PT] ds37 text I
[PT] bx38 frame A 506,115 4x9
[PT] bx38 frame I
[PT] ds38 text A 88m
[PT] ds38 text I
[PT] bx39 frame A 577,162 7x19
[PT] bx39 frame I
[PT] ds39 text A 42m
[PT] ds39 text I
[PT] bx40 frame A 329,142 6x16
[PT] bx40 frame I
[PT] ds40 text A 51m
[PT] ds40 text I
[PT] bx41 frame A 450,172 9x23
[PT] bx41 frame I
[PT] ds41 text A 32m
[PT] ds41 text I
[PT] bx42 frame A 530,193 11x28
[PT] bx42 frame I
[PT] ds42 text A 26m
[PT] ds42 text I
[PT] bx43 frame A 435,169 9x22
[PT] bx43 frame I
[PT] ds43 text A 33m
[PT] ds43 text I
[PT] bx44 frame A 344,264 17x43
[PT] bx44 frame I
[PT] ds44 text A 15m
[PT] ds44 text I
[PT] bx45 frame A 555,199 12x29
[PT] bx45 frame I
[PT] ds45 text A 25m
[PT] ds45 text I
[PT] bx46 frame A 500,225 14x35
[PT] bx46 frame I
[PT] ds46 text A 19m
[PT] ds46 text I
[PT] bx47 hide A
[PT] nm47 hide A
[PT] ds47 hide A
[PT] bx48 hide A
[PT] nm48 hide A
[PT] ds48 hide A
[PT] tick 1052 enemies=59
[PT] bx0 frame A 655,124 5x12
[PT] bx0 frame I
[PT] ds0 text A 70m
[PT] ds0 text I
[PT] bx1 frame A 193,105 3x8
[PT] bx1 frame I
[PT] ds1 text A 114m
[PT] ds1 text I
[PT] bx2 frame A 470,99 3x7
[PT] bx2 frame I
[PT] ds2 text A 120m
[PT] ds2 text I
[PT] bx3 frame A 503,120 5x12
[PT] bx3 frame I
[PT] ds3 text A 69m
[PT] ds3 text I
[PT] bx4 frame A 333,138 7x18
[PT] bx4 frame I
[PT] ds4 text A 45m
[PT] ds4 text I
[PT] bx5 frame A 175,147 8x20
[PT] bx5 frame I
[PT] ds5 text A 45m
[PT] ds5 text I
[PT] bx6 frame A 447,115 4x11
[PT] bx6 frame I
[PT] nm6 text A BOT
[PT] nm6 text I
[PT] ds6 text A 77m
[PT] ds6 text I
[PT] bx7 frame A 422,92 2x5
[PT] bx7 frame I
[PT] nm7 text A Player
[PT] nm7 text I
[PT] ds7 text A 158m
[PT] ds7 text I
[PT] bx8 frame A 397,90 2x5
[PT] bx8 frame I
[PT] ds8 text A 173m
[PT] ds8 text I
[PT] bx9 frame A 561,106 3x9
[PT] bx9 frame I
[PT] ds9 text A 99m
[PT] ds9 text I
[PT] bx10 frame A 775,178 10x24
[PT] bx10 frame I
[PT] ds10 text A 37m
[PT] ds10 text I
[PT] bx11 frame A 230,139 7x18
[PT] bx11 frame I
[PT] ds11 text A 48m
[PT] ds11 text I
[PT] bx12 frame A 372,233 15x38
[PT] bx12 frame I
[PT] ds12 text A 18m
[PT] ds12 text I
[PT] bx13 frame A 436,132 6x16
[PT] bx13 frame I
[PT] ds13 text A 49m
[PT] ds13 text I
[PT] bx14 frame A 758,137 7x18
[PT] bx14 frame I
[PT] ds14 text A 52m
[PT] ds14 text I
[PT] bx15 frame A 211,107 46x114
[PT] bx15 frame I
[PT] ds15 text A 6m
[PT] ds15 text I
[PT] bx16 frame A 638,107 5x12
[PT] bx16 frame I
[PT] ds16 text A 71m
[PT] ds16 text I
[PT] bx17 frame A 321,229 18x46
[PT] bx17 frame I
[PT] ds17 text A 15m
[PT] ds17 text I
[PT] bx18 frame A 656,108 6x15
[PT] bx18 frame I
[PT] ds18 text A 59m
[PT] ds18 text I
[PT] bx19 frame A 582,105 4x9
[PT] bx19 frame I
[PT] nm19 text A BOT
[PT] nm19 text I
[PT] ds19 text A 92m
[PT] ds19 text I
[PT] bx20 frame A 575,118 5x13
[PT] bx20 frame I
[PT] ds20 text A 62m
[PT] ds20 text I
[PT] bx21 frame A 164,128 7x17
[PT] bx21 frame I
[PT] nm21 text A Player
[PT] nm21 text I
[PT] ds21 text A 54m
[PT] ds21 text I
[PT] bx22 frame A 470,94 2x6
[PT] bx22 frame I
[PT] ds22 text A 145m
[PT] ds22 text I
[PT] bx23 frame A 443,230 16x39
[PT] bx23 frame I
[PT] ds23 text A 17m
[PT] ds23 text I
[PT] bx24 frame A 424,163 10x24
[PT] bx24 frame I
[PT] ds24 text A 31m
[PT] ds24 text I
[PT] bx25 frame A 523,163 9x21
[PT] bx25 frame I
[PT] ds25 text A 35m
[PT] ds25 text I
[PT] bx26 frame A 437,95 2x6
[PT] bx26 frame I
[PT] ds26 text A 138m
[PT] ds26 text I
[PT] bx27 frame A 368,174 10x26
[PT] bx27 frame I
[PT] ds27 text A 29m
[PT] ds27 text I
[PT] bx28 frame A 69,145 7x18
[PT] bx28 frame I
[PT] ds28 text A 56m
[PT] ds28 text I
[PT] bx29 frame A 341,130 6x16
[PT] bx29 frame I
[PT] ds29 text A 52m
[PT] ds29 text I
[PT] bx30 frame A 328,127 6x15
[PT] bx30 frame I
[PT] ds30 text A 56m
[PT] ds30 text I
[PT] bx31 frame A 317,124 6x14
[PT] bx31 frame I
[PT] ds31 text A 59m
[PT] ds31 text I
[PT] bx32 frame A 335,128 6x15
[PT] bx32 frame I
[PT] ds32 text A 54m
[PT] ds32 text I
[PT] bx33 frame A 447,94 2x6
[PT] bx33 frame I
[PT] ds33 text A 140m
[PT] ds33 text I
[PT] bx34 frame A 454,240 16x40
[PT] bx34 frame I
[PT] ds34 text A 16m
[PT] ds34 text I
[PT] bx35 frame A 657,126 6x15
[PT] bx35 frame I
[PT] ds35 text A 59m
[PT] ds35 text I
[PT] bx36 frame A 460,94 2x6
[PT] bx36 frame I
[PT] ds36 text A 142m
[PT] ds36 text I
[PT] bx37 frame A 527,105 4x10
[PT] bx37 frame I
[PT] ds37 text A 87m
[PT] ds37 text I
[PT] bx38 frame A 603,154 8x19
[PT] bx38 frame I
[PT] ds38 text A 42m
[PT] ds38 text I
[PT] bx39 frame A 348,132 6x16
[PT] bx39 frame I
[PT] ds39 text A 50m
[PT] ds39 text I
[PT] bx40 frame A 472,165 10x24
[PT] bx40 frame I
[PT] ds40 text A 31m
[PT] ds40 text I
[PT] bx41 frame A 555,187 12x29
[PT] bx41 frame I
[PT] ds41 text A 25m
[PT] ds41 text I
[PT] bx42 frame A 456,161 9x23
[PT] bx42 frame I
[PT] ds42 text A 32m
[PT] ds42 text I
[PT] bx43 frame A 363,263 18x45
[PT] bx43 frame I
[PT] ds43 text A 14m
[PT] ds43 text I
[PT] bx44 frame A 583,195 12x31
[PT] bx44 frame I
[PT] ds44 text A 24m
[PT] ds44 text I
[PT] bx45 frame A 526,222 15x37
[PT] bx45 frame I
[PT] ds45 text A 18m
[PT] ds45 text I
[PT] bx46 hide A
[PT] nm46 hide A
[PT] ds46 hide A
[PT] tick 1053 enemies=60
[PT] bx0 frame A 667,113 5x13
[PT] bx0 frame I
[PT] ds0 text A 69m
[PT] ds0 text I
[PT] bx1 frame A 198,93 3x9
[PT] bx1 frame I
[PT] ds1 text A 113m
[PT] ds1 text I
[PT] bx2 frame A 477,88 3x7
[PT] bx2 frame I
[PT] ds2 text A 119m
[PT] ds2 text I
[PT] bx3 frame A 511,109 5x12
[PT] bx3 frame I
[PT] ds3 text A 68m
[PT] ds3 text I
[PT] bx4 frame A 340,128 7x18
[PT] bx4 frame I
[PT] ds4 text A 44m
[PT] ds4 text I
[PT] bx5 frame A 179,137 8x21
[PT] bx5 frame I
[PT] ds5 text A 44m
[PT] ds5 text I
[PT] bx6 frame A 454,104 4x11
[PT] bx6 frame I
[PT] ds6 text A 76m
[PT] ds6 text I
[PT] bx7 frame A 427,81 2x6
[PT] bx7 frame I
[PT] ds7 text A 157m
[PT] ds7 text I
[PT] bx8 frame A 402,79 2x5
[PT] bx8 frame I
[PT] bx9 frame A 569,95 3x9
[PT] bx9 frame I
[PT] ds9 text A 98m
[PT] ds9 text I
[PT] bx10 frame A 796,170 10x25
[PT] bx10 frame I
[PT] bx11 frame A 235,129 7x19
[PT] bx11 frame I
[PT] ds11 text A 47m
[PT] ds11 text I
[PT] bx12 frame A 384,228 16x39
[PT] bx12 frame I
[PT] ds12 text A 17m
[PT] ds12 text I
[PT] bx13 frame A 444,122 7x16
[PT] bx13 frame I
[PT] ds13 text A 48m
[PT] ds13 text I
[PT] bx14 frame A 775,128 7x18
[PT] bx14 frame I
[PT] bx15 frame A 203,97 53x132
[PT] bx15 frame I
[PT] ds15 text A 5m
[PT] ds15 text I
[PT] bx16 frame A 649,96 5x13
[PT] bx16 frame I
[PT] bx17 frame A 285,255 20x49
[PT] bx17 frame I
[PT] ds17 text A 14m
[PT] ds17 text I
[PT] bx18 frame A 648,97 6x16
[PT] bx18 frame I
[PT] ds18 text A 55m
[PT] ds18 text I
[PT] bx19 frame A 591,94 4x10
[PT] bx19 frame I
[PT] ds19 text A 91m
[PT] ds19 text I
[PT] bx20 frame A 585,108 5x14
[PT] bx20 frame I
[PT] ds20 text A 61m
[PT] ds20 text I
[PT] bx21 frame A 165,113 7x17
[PT] bx21 frame I
[PT] ds21 text A 55m
[PT] ds21 text I
[PT] bx22 frame A 476,82 2x6
[PT] bx22 frame I
[PT] ds22 text A 144m
[PT] ds22 text I
[PT] bx23 frame A 458,226 16x40
[PT] bx23 frame I
[PT] ds23 text A 16m
[PT] ds23 text I
[PT] bx24 frame A 416,157 10x25
[PT] bx24 frame I
[PT] ds24 text A 29m
[PT] ds24 text I
[PT] bx25 frame A 535,154 9x22
[PT] bx25 frame I
[PT] bx26 frame A 443,83 3x6
[PT] bx26 frame I
[PT] ds26 text A 137m
[PT] ds26 text I
[PT] bx27 frame A 377,165 10x26
[PT] bx27 frame I
[PT] ds27 text A 28m
[PT] ds27 text I
[PT] bx28 frame A 73,134 7x19
[PT] bx28 frame I
[PT] ds28 text A 55m
[PT] ds28 text I
[PT] bx29 frame A 348,120 6x16
[PT] bx29 frame I
[PT] ds29 text A 51m
[PT] ds29 text I
[PT] bx30 frame A 335,116 6x15
[PT] bx30 frame I
[PT] ds30 text A 55m
[PT] ds30 text I
[PT] bx31 frame A 323,113 6x14
[PT] bx31 frame I
[PT] ds31 text A 58m
[PT] ds31 text I
[PT] bx32 frame A 341,118 6x16
[PT] bx32 frame I
[PT] ds32 text A 53m
[PT] ds32 text I
[PT] bx33 frame A 453,83 2x6
[PT] bx33 frame I
[PT] bx34 frame A 470,236 17x42
[PT] bx34 frame I
[PT] ds34 text A 15m
[PT] ds34 text I
[PT] bx35 frame A 650,116 6x16
[PT] bx35 frame I
[PT] ds35 text A 55m
[PT] ds35 text I
[PT] bx36 frame A 466,82 2x6
[PT] bx36 frame I
[PT] bx37 frame A 535,94 4x10
[PT] bx37 frame I
[PT] ds37 text A 86m
[PT] ds37 text I
[PT] bx38 frame A 615,145 8x20
[PT] bx38 frame I
[PT] ds38 text A 41m
[PT] ds38 text I
[PT] bx39 frame A 355,122 7x17
[PT] bx39 frame I
[PT] ds39 text A 49m
[PT] ds39 text I
[PT] bx40 frame A 483,156 10x25
[PT] bx40 frame I
[PT] ds40 text A 30m
[PT] ds40 text I
[PT] bx41 frame A 571,180 12x30
[PT] bx41 frame I
[PT] ds41 text A 24m
[PT] ds41 text I
[PT] bx42 frame A 466,151 9x24
[PT] bx42 frame I
[PT] bx43 frame A 377,260 19x46
[PT] bx43 frame I
[PT] bx44 frame A 600,188 13x32
[PT] bx44 frame I
[PT] ds44 text A 23m
[PT] ds44 text I
[PT] bx45 frame A 543,217 15x38
[PT] bx45 frame I
[PT] bx46 frame A 116,74 1x4
[PT] bx46 frame I
[PT] bx46 show A
[PT] nm46 show A
[PT] ds46 text A 297m
[PT] ds46 text I
[PT] ds46 show A
[PT] tick 1054 enemies=60
[PT] bx0 frame A 726,113 5x14
[PT] bx0 frame I
[PT] ds0 text A 68m
[PT] ds0 text I
[PT] bx1 frame A 250,87 3x8
[PT] bx1 frame I
[PT] ds1 text A 112m
[PT] ds1 text I
[PT] bx2 frame A 523,83 3x7
[PT] bx2 frame I
[PT] ds2 text A 118m
[PT] ds2 text I
[PT] bx3 frame A 558,106 5x12
[PT] bx3 frame I
[PT] ds3 text A 67m
[PT] ds3 text I
[PT] bx4 frame A 382,124 7x19
[PT] bx4 frame I
[PT] ds4 text A 43m
[PT] ds4 text I
[PT] bx5 frame A 227,132 8x20
[PT] bx5 frame I
[PT] ds5 text A 43m
[PT] ds5 text I
[PT] bx6 frame A 498,100 4x11
[PT] bx6 frame I
[PT] ds6 text A 75m
[PT] ds6 text I
[PT] bx7 frame A 473,76 2x6
[PT] bx7 frame I
[PT] ds7 text A 156m
[PT] ds7 text I
[PT] bx8 frame A 447,73 2x5
[PT] bx8 frame I
[PT] ds8 text A 171m
[PT] ds8 text I
[PT] bx9 frame A 619,91 4x9
[PT] bx9 frame I
[PT] ds9 text A 97m
[PT] ds9 text I
[PT] bx10 frame A 877,180 11x27
[PT] bx10 frame I
[PT] ds10 text A 36m
[PT] ds10 text I
[PT] bx11 frame A 281,124 7x18
[PT] bx11 frame I
[PT] ds11 text A 46m
[PT] ds11 text I
[PT] bx12 frame A 417,235 16x41
[PT] bx12 frame I
[PT] ds12 text A 16m
[PT] ds12 text I
[PT] bx13 frame A 487,120 7x17
[PT] bx13 frame I
[PT] ds13 text A 47m
[PT] ds13 text I
[PT] bx14 frame A 852,131 8x20
[PT] bx14 frame I
[PT] ds14 text A 51m
[PT] ds14 text I
[PT] bx15 frame A 707,94 5x13
[PT] bx15 frame I
[PT] ds15 text A 69m
[PT] ds15 text I
[PT] bx16 frame A 308,277 20x50
[PT] bx16 frame I
[PT] ds16 text A 13m
[PT] ds16 text I
[PT] bx17 frame A 679,101 7x17
[PT] bx17 frame I
[PT] ds17 text A 52m
[PT] ds17 text I
[PT] bx18 frame A 643,91 4x10
[PT] bx18 frame I
[PT] nm18 text A BOT
[PT] nm18 text I
[PT] ds18 text A 90m
[PT] ds18 text I
[PT] bx19 frame A 636,106 6x14
[PT] bx19 frame I
[PT] ds19 text A 60m
[PT] ds19 text I
[PT] bx20 frame A 215,109 7x17
[PT] bx20 frame I
[PT] nm20 text A Player
[PT] nm20 text I
[PT] ds20 text A 55m
[PT] ds20 text I
[PT] bx21 frame A 522,77 2x6
[PT] bx21 frame I
[PT] ds21 text A 143m
[PT] ds21 text I
[PT] bx22 frame A 484,238 17x43
[PT] bx22 frame I
[PT] ds22 text A 15m
[PT] ds22 text I
[PT] bx23 frame A 431,159 11x26
[PT] bx23 frame I
[PT] ds23 text A 28m
[PT] ds23 text I
[PT] bx24 frame A 581,156 9x23
[PT] bx24 frame I
[PT] ds24 text A 33m
[PT] ds24 text I
[PT] bx25 frame A 488,78 3x6
[PT] bx25 frame I
[PT] ds25 text A 136m
[PT] ds25 text I
[PT] bx26 frame A 415,165 11x27
[PT] bx26 frame I
[PT] ds26 text A 27m
[PT] ds26 text I
[PT] bx27 frame A 131,127 7x18
[PT] bx27 frame I
[PT] ds27 text A 54m
[PT] ds27 text I
[PT] bx28 frame A 390,116 6x16
[PT] bx28 frame I
[PT] ds28 text A 50m
[PT] ds28 text I
[PT] bx29 frame A 378,112 6x15
[PT] bx29 frame I
[PT] ds29 text A 54m
[PT] ds29 text I
[PT] bx30 frame A 366,108 6x14
[PT] bx30 frame I
[PT] ds30 text A 57m
[PT] ds30 text I
[PT] bx31 frame A 384,114 6x16
[PT] bx31 frame I
[PT] ds31 text A 52m
[PT] ds31 text I
[PT] bx32 frame A 499,78 3x6
[PT] bx32 frame I
[PT] ds32 text A 138m
[PT] ds32 text I
[PT] bx33 frame A 507,248 18x44
[PT] bx33 frame I
[PT] ds33 text A 14m
[PT] ds33 text I
[PT] bx34 frame A 679,122 7x17
[PT] bx34 frame I
[PT] ds34 text A 52m
[PT] ds34 text I
[PT] bx35 frame A 512,78 2x6
[PT] bx35 frame I
[PT] ds35 text A 140m
[PT] ds35 text I
[PT] bx36 frame A 583,90 4x10
[PT] bx36 frame I
[PT] ds36 text A 85m
[PT] ds36 text I
[PT] bx37 frame A 669,147 8x21
[PT] bx37 frame I
[PT] ds37 text A 40m
[PT] ds37 text I
[PT] bx38 frame A 397,118 7x17
[PT] bx38 frame I
[PT] ds38 text A 48m
[PT] ds38 text I
[PT] bx39 frame A 525,157 10x26
[PT] bx39 frame I
[PT] ds39 text A 29m
[PT] ds39 text I
[PT] bx40 frame A 619,186 13x32
[PT] bx40 frame I
[PT] ds40 text A 23m
[PT] ds40 text I
[PT] bx41 frame A 508,152 10x25
[PT] bx41 frame I
[PT] ds41 text A 30m
[PT] ds41 text I
[PT] bx42 frame A 406,272 19x48
[PT] bx42 frame I
[PT] ds42 text A 13m
[PT] ds42 text I
[PT] bx43 frame A 651,196 14x34
[PT] bx43 frame I
[PT] ds43 text A 22m
[PT] ds43 text I
[PT] bx44 frame A 588,229 16x40
[PT] bx44 frame I
[PT] ds44 text A 17m
[PT] ds44 text I
[PT] bx45 frame A 179,67 1x3
[PT] bx45 frame I
[PT] ds45 text A 296m
[PT] ds45 text I
[PT] bx46 hide A
[PT] nm46 hide A
[PT] ds46 hide A
[PT] tick 1055 enemies=60
[PT] bx0 frame A 754,123 6x14
[PT] bx0 frame I
[PT] bx1 frame A 275,96 3x8
[PT] bx1 frame I
[PT] bx2 frame A 544,93 3x7
[PT] bx2 frame I
[PT] ds2 text A 117m
[PT] ds2 text I
[PT] bx3 frame A 579,115 5x13
[PT] bx3 frame I
[PT] bx4 frame A 401,132 7x19
[PT] bx4 frame I
[PT] ds4 text A 42m
[PT] ds4 text I
[PT] bx5 frame A 249,140 8x21
[PT] bx5 frame I
[PT] ds5 text A 41m
[PT] ds5 text I
[PT] bx6 frame A 519,109 4x11
[PT] bx6 frame I
[PT] bx7 frame A 494,85 2x6
[PT] bx7 frame I
[PT] ds7 text A 155m
[PT] ds7 text I
[PT] bx8 frame A 468,83 2x5
[PT] bx8 frame I
[PT] bx9 frame A 643,101 4x9
[PT] bx9 frame I
[PT] bx10 frame A 921,194 12x29
[PT] bx10 frame I
[PT] bx11 frame A 301,131 7x18
[PT] bx11 frame I
[PT] ds11 text A 45m
[PT] ds11 text I
[PT] bx12 frame A 432,245 17x42
[PT] bx12 frame I
[PT] ds12 text A 15m
[PT] ds12 text I
[PT] bx13 frame A 507,128 7x17
[PT] bx13 frame I
[PT] ds13 text A 46m
[PT] ds13 text I
[PT] bx14 frame A 890,142 8x21
[PT] bx14 frame I
[PT] ds14 text A 50m
[PT] ds14 text I
[PT] bx15 frame A 734,104 6x14
[PT] bx15 frame I
[PT] bx16 frame A 319,286 21x52
[PT] bx16 frame I
[PT] ds16 text A 12m
[PT] ds16 text I
[PT] bx17 frame A 687,113 7x18
[PT] bx17 frame I
[PT] ds17 text A 50m
[PT] ds17 text I
[PT] bx18 frame A 667,100 4x10
[PT] bx18 frame I
[PT] ds18 text A 89m
[PT] ds18 text I
[PT] bx19 frame A 660,115 6x15
[PT] bx19 frame I
[PT] ds19 text A 59m
[PT] ds19 text I
[PT] bx20 frame A 238,116 6x16
[PT] bx20 frame I
[PT] bx21 frame A 544,87 2x6
[PT] bx21 frame I
[PT] ds21 text A 142m
[PT] ds21 text I
[PT] bx22 frame A 485,252 18x45
[PT] bx22 frame I
[PT] ds22 text A 14m
[PT] ds22 text I
[PT] bx23 frame A 439,166 11x27
[PT] bx23 frame I
[PT] ds23 text A 27m
[PT] ds23 text I
[PT] bx24 frame A 603,165 9x24
[PT] bx24 frame I
[PT] bx25 frame A 509,88 3x6
[PT] bx25 frame I
[PT] ds25 text A 135m
[PT] ds25 text I
[PT] bx26 frame A 433,173 11x27
[PT] bx26 frame I
[PT] bx27 frame A 157,133 7x17
[PT] bx27 frame I
[PT] bx28 frame A 410,124 6x16
[PT] bx28 frame I
[PT] ds28 text A 49m
[PT] ds28 text I
[PT] bx29 frame A 398,120 6x15
[PT] bx29 frame I
[PT] ds29 text A 53m
[PT] ds29 text I
[PT] bx30 frame A 387,117 6x14
[PT] bx30 frame I
[PT] bx31 frame A 404,122 6x16
[PT] bx31 frame I
[PT] ds31 text A 51m
[PT] ds31 text I
[PT] bx32 frame A 520,87 2x6
[PT] bx32 frame I
[PT] bx33 frame A 525,260 18x46
[PT] bx33 frame I
[PT] bx34 frame A 686,135 7x17
[PT] bx34 frame I
[PT] ds34 text A 50m
[PT] ds34 text I
[PT] bx35 frame A 533,87 2x6
[PT] bx35 frame I
[PT] bx36 frame A 606,100 4x10
[PT] bx36 frame I
[PT] ds36 text A 84m
[PT] ds36 text I
[PT] bx37 frame A 695,157 9x22
[PT] bx37 frame I
[PT] ds37 text A 39m
[PT] ds37 text I
[PT] bx38 frame A 417,126 7x17
[PT] bx38 frame I
[PT] ds38 text A 47m
[PT] ds38 text I
[PT] bx39 frame A 545,166 11x26
[PT] bx39 frame I
[PT] ds39 text A 28m
[PT] ds39 text I
[PT] bx40 frame A 643,197 13x33
[PT] bx40 frame I
[PT] bx41 frame A 528,161 10x25
[PT] bx41 frame I
[PT] bx42 frame A 420,283 20x50
[PT] bx42 frame I
[PT] ds42 text A 12m
[PT] ds42 text I
[PT] bx43 frame A 677,208 14x35
[PT] bx43 frame I
[PT] ds43 text A 21m
[PT] ds43 text I
[PT] bx44 frame A 610,241 17x42
[PT] bx44 frame I
[PT] ds44 text A 16m
[PT] ds44 text I
[PT] bx45 frame A 208,77 1x3
[PT] bx45 frame I
[PT] tick 1056 enemies=60
[PT] bx0 frame A 772,129 6x14
[PT] bx0 frame I
[PT] ds0 text A 67m
[PT] ds0 text I
[PT] bx1 frame A 288,100 3x8
[PT] bx1 frame I
[PT] ds1 text A 111m
[PT] ds1 text I
[PT] bx2 frame A 556,98 3x7
[PT] bx2 frame I
[PT] bx3 frame A 592,121 5x13
[PT] bx3 frame I
[PT] ds3 text A 66m
[PT] ds3 text I
[PT] bx4 frame A 412,137 7x19
[PT] bx4 frame I
[PT] bx5 frame A 261,146 8x21
[PT] bx5 frame I
[PT] ds5 text A 40m
[PT] ds5 text I
[PT] bx6 frame A 531,114 4x11
[PT] bx6 frame I
[PT] ds6 text A 74m
[PT] ds6 text I
[PT] bx7 frame A 506,90 2x6
[PT] bx7 frame I
[PT] bx8 frame A 480,88 2x5
[PT] bx8 frame I
[PT] ds8 text A 170m
[PT] ds8 text I
[PT] bx9 frame A 657,106 4x9
[PT] bx9 frame I
[PT] ds9 text A 96m
[PT] ds9 text I
[PT] bx10 frame A 312,136 7x18
[PT] bx10 frame I
[PT] ds10 text A 45m
[PT] ds10 text I
[PT] bx11 frame A 441,252 17x43
[PT] bx11 frame I
[PT] ds11 text A 15m
[PT] ds11 text I
[PT] bx12 frame A 519,133 7x17
[PT] bx12 frame I
[PT] ds12 text A 46m
[PT] ds12 text I
[PT] bx13 frame A 916,149 9x22
[PT] bx13 frame I
[PT] ds13 text A 50m
[PT] ds13 text I
[PT] bx14 frame A 751,109 6x14
[PT] bx14 frame I
[PT] ds14 text A 68m
[PT] ds14 text I
[PT] bx15 frame A 348,289 21x52
[PT] bx15 frame I
[PT] ds15 text A 12m
[PT] ds15 text I
[PT] bx16 frame A 685,120 7x18
[PT] bx16 frame I
[PT] ds16 text A 49m
[PT] ds16 text I
[PT] bx17 frame A 681,106 4x10
[PT] bx17 frame I
[PT] nm17 text A BOT
[PT] nm17 text I
[PT] ds17 text A 89m
[PT] ds17 text I
[PT] bx18 frame A 675,121 6x15
[PT] bx18 frame I
[PT] ds18 text A 59m
[PT] ds18 text I
[PT] bx19 frame A 250,122 6x16
[PT] bx19 frame I
[PT] nm19 text A Player
[PT] nm19 text I
[PT] ds19 text A 55m
[PT] ds19 text I
[PT] bx20 frame A 556,92 2x6
[PT] bx20 frame I
[PT] ds20 text A 141m
[PT] ds20 text I
[PT] bx21 frame A 477,264 19x47
[PT] bx21 frame I
[PT] ds21 text A 13m
[PT] ds21 text I
[PT] bx22 frame A 441,170 11x27
[PT] bx22 frame I
[PT] ds22 text A 27m
[PT] ds22 text I
[PT] bx23 frame A 616,171 10x24
[PT] bx23 frame I
[PT] ds23 text A 32m
[PT] ds23 text I
[PT] bx24 frame A 521,93 3x6
[PT] bx24 frame I
[PT] ds24 text A 135m
[PT] ds24 text I
[PT] bx25 frame A 443,179 11x28
[PT] bx25 frame I
[PT] ds25 text A 26m
[PT] ds25 text I
[PT] bx26 frame A 172,135 7x18
[PT] bx26 frame I
[PT] ds26 text A 53m
[PT] ds26 text I
[PT] bx27 frame A 421,129 6x16
[PT] bx27 frame I
[PT] ds27 text A 49m
[PT] ds27 text I
[PT] bx28 frame A 409,125 6x15
[PT] bx28 frame I
[PT] ds28 text A 52m
[PT] ds28 text I
[PT] bx29 frame A 398,121 6x14
[PT] bx29 frame I
[PT] ds29 text A 56m
[PT] ds29 text I
[PT] bx30 frame A 415,127 6x16
[PT] bx30 frame I
[PT] ds30 text A 51m
[PT] ds30 text I
[PT] bx31 frame A 532,93 2x6
[PT] bx31 frame I
[PT] ds31 text A 137m
[PT] ds31 text I
[PT] bx32 frame A 537,269 19x47
[PT] bx32 frame I
[PT] ds32 text A 13m
[PT] ds32 text I
[PT] bx33 frame A 684,142 7x18
[PT] bx33 frame I
[PT] ds33 text A 49m
[PT] ds33 text I
[PT] bx34 frame A 545,92 2x6
[PT] bx34 frame I
[PT] ds34 text A 139m
[PT] ds34 text I
[PT] bx35 frame A 619,105 4x10
[PT] bx35 frame I
[PT] ds35 text A 84m
[PT] ds35 text I
[PT] bx36 frame A 711,164 9x22
[PT] bx36 frame I
[PT] ds36 text A 39m
[PT] ds36 text I
[PT] bx37 frame A 428,131 7x17
[PT] bx37 frame I
[PT] ds37 text A 47m
[PT] ds37 text I
[PT] bx38 frame A 558,172 11x27
[PT] bx38 frame I
[PT] ds38 text A 28m
[PT] ds38 text I
[PT] bx39 frame A 659,205 14x34
[PT] bx39 frame I
[PT] ds39 text A 22m
[PT] ds39 text I
[PT] bx40 frame A 540,166 10x25
[PT] bx40 frame I
[PT] ds40 text A 29m
[PT] ds40 text I
[PT] bx41 frame A 427,293 21x52
[PT] bx41 frame I
[PT] ds41 text A 12m
[PT] ds41 text I
[PT] bx42 frame A 695,216 15x37
[PT] bx42 frame I
[PT] ds42 text A 21m
[PT] ds42 text I
[PT] bx43 frame A 625,250 17x44
[PT] bx43 frame I
[PT] ds43 text A 16m
[PT] ds43 text I
[PT] bx44 frame A 223,82 1x3
[PT] bx44 frame I
[PT] ds44 text A 295m
[PT] ds44 text I
[PT] bx45 hide A
[PT] nm45 hide A
[PT] ds45 hide A
[PT] tick 1057 enemies=60
[PT] bx0 frame A 770,142 6x14
[PT] bx0 frame I
[PT] bx1 frame A 286,114 3x8
[PT] bx1 frame I
[PT] bx2 frame A 554,112 3x7
[PT] bx2 frame I
[PT] ds2 text A 116m
[PT] ds2 text I
[PT] bx3 frame A 590,134 5x13
[PT] bx3 frame I
[PT] bx4 frame A 408,151 8x19
[PT] bx4 frame I
[PT] ds4 text A 41m
[PT] ds4 text I
[PT] bx5 frame A 260,161 9x21
[PT] bx5 frame I
[PT] ds5 text A 39m
[PT] ds5 text I
[PT] bx6 frame A 528,128 4x11
[PT] bx6 frame I
[PT] ds6 text A 73m
[PT] ds6 text I
[PT] bx7 frame A 504,104 2x5
[PT] bx7 frame I
[PT] ds7 text A 154m
[PT] ds7 text I
[PT] bx8 frame A 479,102 2x5
[PT] bx8 frame I
[PT] bx9 frame A 654,120 4x9
[PT] bx9 frame I
[PT] bx10 frame A 307,149 7x18
[PT] bx10 frame I
[PT] ds10 text A 44m
[PT] ds10 text I
[PT] bx11 frame A 432,269 18x45
[PT] bx11 frame I
[PT] ds11 text A 14m
[PT] ds11 text I
[PT] bx12 frame A 516,147 7x17
[PT] bx12 frame I
[PT] ds12 text A 45m
[PT] ds12 text I
[PT] bx13 frame A 917,163 9x22
[PT] bx13 frame I
[PT] ds13 text A 49m
[PT] ds13 text I
[PT] bx14 frame A 749,123 6x14
[PT] bx14 frame I
[PT] bx15 frame A 363,300 21x53
[PT] bx15 frame I
[PT] bx16 frame A 660,135 7x18
[PT] bx16 frame I
[PT] ds16 text A 48m
[PT] ds16 text I
[PT] bx17 frame A 679,120 4x10
[PT] bx17 frame I
[PT] ds17 text A 88m
[PT] ds17 text I
[PT] bx18 frame A 673,134 6x15
[PT] bx18 frame I
[PT] ds18 text A 58m
[PT] ds18 text I
[PT] bx19 frame A 245,135 6x16
[PT] bx19 frame I
[PT] bx20 frame A 554,106 2x6
[PT] bx20 frame I
[PT] bx21 frame A 456,285 20x50
[PT] bx21 frame I
[PT] ds21 text A 12m
[PT] ds21 text I
[PT] bx22 frame A 428,181 11x27
[PT] bx22 frame I
[PT] bx23 frame A 614,185 10x24
[PT] bx23 frame I
[PT] bx24 frame A 519,107 3x6
[PT] bx24 frame I
[PT] ds24 text A 134m
[PT] ds24 text I
[PT] bx25 frame A 438,193 11x28
[PT] bx25 frame I
[PT] bx26 frame A 173,149 7x18
[PT] bx26 frame I
[PT] ds26 text A 52m
[PT] ds26 text I
[PT] bx27 frame A 417,142 6x16
[PT] bx27 frame I
[PT] ds27 text A 48m
[PT] ds27 text I
[PT] bx28 frame A 405,138 6x15
[PT] bx28 frame I
[PT] bx29 frame A 395,135 6x14
[PT] bx29 frame I
[PT] bx30 frame A 411,140 6x16
[PT] bx30 frame I
[PT] ds30 text A 50m
[PT] ds30 text I
[PT] bx31 frame A 530,107 2x6
[PT] bx31 frame I
[PT] bx32 frame A 531,287 20x50
[PT] bx32 frame I
[PT] bx33 frame A 658,157 7x18
[PT] bx33 frame I
[PT] ds33 text A 47m
[PT] ds33 text I
[PT] bx34 frame A 543,106 2x6
[PT] bx34 frame I
[PT] bx35 frame A 617,119 4x10
[PT] bx35 frame I
[PT] ds35 text A 83m
[PT] ds35 text I
[PT] bx36 frame A 710,177 9x22
[PT] bx36 frame I
[PT] ds36 text A 38m
[PT] ds36 text I
[PT] bx37 frame A 424,144 7x17
[PT] bx37 frame I
[PT] ds37 text A 46m
[PT] ds37 text I
[PT] bx38 frame A 555,186 11x27
[PT] bx38 frame I
[PT] ds38 text A 27m
[PT] ds38 text I
[PT] bx39 frame A 658,219 14x35
[PT] bx39 frame I
[PT] bx40 frame A 536,180 10x26
[PT] bx40 frame I
[PT] bx41 frame A 415,313 22x55
[PT] bx41 frame I
[PT] ds41 text A 11m
[PT] ds41 text I
[PT] bx42 frame A 695,231 15x38
[PT] bx42 frame I
[PT] ds42 text A 20m
[PT] ds42 text I
[PT] bx43 frame A 623,267 18x45
[PT] bx43 frame I
[PT] ds43 text A 15m
[PT] ds43 text I
[PT] bx44 frame A 223,96 1x3
[PT] bx44 frame I
[PT] tick 1058 enemies=60
[PT] bx0 frame A 778,134 6x14
[PT] bx0 frame I
[PT] bx1 frame A 287,106 3x8
[PT] bx1 frame I
[PT] ds1 text A 110m
[PT] ds1 text I
[PT] bx2 frame A 557,103 3x7
[PT] bx2 frame I
[PT] bx3 frame A 595,126 5x13
[PT] bx3 frame I
[PT] ds3 text A 65m
[PT] ds3 text I
[PT] bx4 frame A 411,143 8x19
[PT] bx4 frame I
[PT] bx5 frame A 268,154 9x22
[PT] bx5 frame I
[PT] ds5 text A 38m
[PT] ds5 text I
[PT] bx6 frame A 532,119 4x11
[PT] bx6 frame I
[PT] bx7 frame A 507,95 2x6
[PT] bx7 frame I
[PT] bx8 frame A 481,93 2x5
[PT] bx8 frame I
[PT] ds8 text A 169m
[PT] ds8 text I
[PT] bx9 frame A 659,112 4x9
[PT] bx9 frame I
[PT] ds9 text A 95m
[PT] ds9 text I
[PT] bx10 frame A 309,141 7x19
[PT] bx10 frame I
[PT] bx11 frame A 437,267 18x46
[PT] bx11 frame I
[PT] bx12 frame A 520,137 7x18
[PT] bx12 frame I
[PT] ds12 text A 44m
[PT] ds12 text I
[PT] bx13 frame A 757,114 6x14
[PT] bx13 frame I
[PT] ds13 text A 68m
[PT] ds13 text I
[PT] bx14 frame A 388,293 21x53
[PT] bx14 frame I
[PT] ds14 text A 12m
[PT] ds14 text I
[PT] bx15 frame A 642,126 7x18
[PT] bx15 frame I
[PT] ds15 text A 47m
[PT] ds15 text I
[PT] bx16 frame A 685,111 4x10
[PT] bx16 frame I
[PT] nm16 text A BOT
[PT] nm16 text I
[PT] ds16 text A 88m
[PT] ds16 text I
[PT] bx17 frame A 680,126 6x15
[PT] bx17 frame I
[PT] ds17 text A 58m
[PT] ds17 text I
[PT] bx18 frame A 246,127 6x16
[PT] bx18 frame I
[PT] nm18 text A Player
[PT] nm18 text I
[PT] ds18 text A 54m
[PT] ds18 text I
[PT] bx19 frame A 557,97 2x6
[PT] bx19 frame I
[PT] ds19 text A 140m
[PT] ds19 text I
[PT] bx20 frame A 469,283 20x51
[PT] bx20 frame I
[PT] ds20 text A 12m
[PT] ds20 text I
[PT] bx21 frame A 421,174 11x27
[PT] bx21 frame I
[PT] ds21 text A 27m
[PT] ds21 text I
[PT] bx22 frame A 621,179 10x25
[PT] bx22 frame I
[PT] ds22 text A 31m
[PT] ds22 text I
[PT] bx23 frame A 522,98 3x6
[PT] bx23 frame I
[PT] ds23 text A 134m
[PT] ds23 text I
[PT] bx24 frame A 441,186 11x29
[PT] bx24 frame I
[PT] ds24 text A 25m
[PT] ds24 text I
[PT] bx25 frame A 167,144 7x18
[PT] bx25 frame I
[PT] ds25 text A 51m
[PT] ds25 text I
[PT] bx26 frame A 420,134 7x17
[PT] bx26 frame I
[PT] ds26 text A 48m
[PT] ds26 text I
[PT] bx27 frame A 408,130 6x15
[PT] bx27 frame I
[PT] ds27 text A 51m
[PT] ds27 text I
[PT] bx28 frame A 397,127 6x15
[PT] bx28 frame I
[PT] ds28 text A 55m
[PT] ds28 text I
[PT] bx29 frame A 414,132 6x16
[PT] bx29 frame I
[PT] ds29 text A 50m
[PT] ds29 text I
[PT] bx30 frame A 533,98 3x6
[PT] bx30 frame I
[PT] ds30 text A 136m
[PT] ds30 text I
[PT] bx31 frame A 539,287 20x51
[PT] bx31 frame I
[PT] ds31 text A 12m
[PT] ds31 text I
[PT] bx32 frame A 640,149 7x18
[PT] bx32 frame I
[PT] ds32 text A 46m
[PT] ds32 text I
[PT] bx33 frame A 546,98 2x6
[PT] bx33 frame I
[PT] ds33 text A 138m
[PT] ds33 text I
[PT] bx34 frame A 621,110 4x11
[PT] bx34 frame I
[PT] ds34 text A 83m
[PT] ds34 text I
[PT] bx35 frame A 719,170 9x23
[PT] bx35 frame I
[PT] ds35 text A 38m
[PT] ds35 text I
[PT] bx36 frame A 427,137 7x17
[PT] bx36 frame I
[PT] ds36 text A 46m
[PT] ds36 text I
[PT] bx37 frame A 561,180 11x28
[PT] bx37 frame I
[PT] ds37 text A 27m
[PT] ds37 text I
[PT] bx38 frame A 668,215 14x36
[PT] bx38 frame I
[PT] ds38 text A 21m
[PT] ds38 text I
[PT] bx39 frame A 542,174 10x26
[PT] bx39 frame I
[PT] ds39 text A 28m
[PT] ds39 text I
[PT] bx40 frame A 420,314 22x56
[PT] bx40 frame I
[PT] ds40 text A 11m
[PT] ds40 text I
[PT] bx41 frame A 707,227 15x38
[PT] bx41 frame I
[PT] ds41 text A 20m
[PT] ds41 text I
[PT] bx42 frame A 634,265 19x46
[PT] bx42 frame I
[PT] ds42 text A 15m
[PT] ds42 text I
[PT] bx43 frame A 225,87 1x3
[PT] bx43 frame I
[PT] ds43 text A 294m
[PT] ds43 text I
[PT] bx44 hide A
[PT] nm44 hide A
[PT] ds44 hide A
[PT] tick 1059 enemies=60
[PT] bx0 frame A 795,145 6x15
[PT] bx0 frame I
[PT] bx1 frame A 299,116 3x8
[PT] bx1 frame I
[PT] bx2 frame A 568,113 3x7
[PT] bx2 frame I
[PT] ds2 text A 115m
[PT] ds2 text I
[PT] bx3 frame A 607,137 5x13
[PT] bx3 frame I
[PT] bx4 frame A 424,153 8x19
[PT] bx4 frame I
[PT] ds4 text A 40m
[PT] ds4 text I
[PT] bx5 frame A 288,164 9x22
[PT] bx5 frame I
[PT] ds5 text A 37m
[PT] ds5 text I
[PT] bx6 frame A 544,130 4x11
[PT] bx6 frame I
[PT] bx7 frame A 517,106 2x6
[PT] bx7 frame I
[PT] bx8 frame A 491,104 2x5
[PT] bx8 frame I
[PT] bx9 frame A 672,122 4x9
[PT] bx9 frame I
[PT] bx10 frame A 322,151 7x19
[PT] bx10 frame I
[PT] ds10 text A 43m
[PT] ds10 text I
[PT] bx11 frame A 456,278 19x47
[PT] bx11 frame I
[PT] bx12 frame A 534,149 7x18
[PT] bx12 frame I
[PT] ds12 text A 43m
[PT] ds12 text I
[PT] bx13 frame A 773,125 6x14
[PT] bx13 frame I
[PT] bx14 frame A 435,297 21x53
[PT] bx14 frame I
[PT] bx15 frame A 633,136 7x18
[PT] bx15 frame I
[PT] ds15 text A 46m
[PT] ds15 text I
[PT] bx16 frame A 698,122 4x10
[PT] bx16 frame I
[PT] bx17 frame A 694,137 6x15
[PT] bx17 frame I
[PT] bx18 frame A 259,137 6x16
[PT] bx18 frame I
[PT] bx19 frame A 568,108 2x6
[PT] bx19 frame I
[PT] bx20 frame A 490,295 21x52
[PT] bx20 frame I
[PT] bx21 frame A 428,187 11x28
[PT] bx21 frame I
[PT] ds21 text A 26m
[PT] ds21 text I
[PT] bx22 frame A 638,189 10x25
[PT] bx22 frame I
[PT] bx23 frame A 533,109 3x6
[PT] bx23 frame I
[PT] bx24 frame A 456,196 12x29
[PT] bx24 frame I
[PT] bx25 frame A 178,154 7x18
[PT] bx25 frame I
[PT] bx26 frame A 433,144 7x16
[PT] bx26 frame I
[PT] ds26 text A 47m
[PT] ds26 text I
[PT] bx27 frame A 420,140 6x15
[PT] bx27 frame I
[PT] bx28 frame A 409,137 6x14
[PT] bx28 frame I
[PT] bx29 frame A 426,142 6x16
[PT] bx29 frame I
[PT] ds29 text A 49m
[PT] ds29 text I
[PT] bx30 frame A 544,108 2x6
[PT] bx30 frame I
[PT] bx31 frame A 563,300 21x52
[PT] bx31 frame I
[PT] bx32 frame A 631,158 7x18
[PT] bx32 frame I
[PT] bx33 frame A 557,108 2x6
[PT] bx33 frame I
[PT] bx34 frame A 634,121 4x11
[PT] bx34 frame I
[PT] bx35 frame A 737,181 9x23
[PT] bx35 frame I
[PT] bx36 frame A 440,146 7x17
[PT] bx36 frame I
[PT] bx37 frame A 577,190 11x28
[PT] bx37 frame I
[PT] bx38 frame A 690,226 15x37
[PT] bx38 frame I
[PT] bx39 frame A 557,184 11x27
[PT] bx39 frame I
[PT] bx40 frame A 442,327 23x58
[PT] bx40 frame I
[PT] ds40 text A 10m
[PT] ds40 text I
[PT] bx41 frame A 731,239 16x39
[PT] bx41 frame I
[PT] bx42 frame A 659,278 19x48
[PT] bx42 frame I
[PT] bx43 frame A 238,97 1x3
[PT] bx43 frame I
[PT] tick 1060 enemies=60
[PT] bx0 frame A 787,149 6x14
[PT] bx0 frame I
[PT] bx1 frame A 294,120 3x8
[PT] bx1 frame I
[PT] bx2 frame A 563,118 3x7
[PT] bx2 frame I
[PT] bx3 frame A 602,140 5x13
[PT] bx3 frame I
[PT] bx4 frame A 419,157 8x19
[PT] bx4 frame I
[PT] bx5 frame A 288,169 9x22
[PT] bx5 frame I
[PT] ds5 text A 36m
[PT] ds5 text I
[PT] bx6 frame A 539,134 4x11
[PT] bx6 frame I
[PT] bx7 frame A 512,110 2x5
[PT] bx7 frame I
[PT] bx8 frame A 486,108 2x5
[PT] bx8 frame I
[PT] bx9 frame A 666,126 4x9
[PT] bx9 frame I
[PT] bx10 frame A 317,155 7x19
[PT] bx10 frame I
[PT] bx11 frame A 452,282 19x47
[PT] bx11 frame I
[PT] bx12 frame A 530,153 7x18
[PT] bx12 frame I
[PT] bx13 frame A 765,129 6x14
[PT] bx13 frame I
[PT] bx14 frame A 447,295 21x52
[PT] bx14 frame I
[PT] bx15 frame A 612,140 7x18
[PT] bx15 frame I
[PT] bx16 frame A 455,200 12x29
[PT] bx16 frame I
[PT] ds16 text A 24m
[PT] ds16 text I
[PT] bx17 frame A 688,140 6x15
[PT] bx17 frame I
[PT] bx18 frame A 254,141 6x16
[PT] bx18 frame I
[PT] bx19 frame A 562,112 2x6
[PT] bx19 frame I
[PT] bx20 frame A 487,299 21x53
[PT] bx20 frame I
[PT] bx21 frame A 426,192 11x28
[PT] bx21 frame I
[PT] bx22 frame A 633,193 10x25
[PT] bx22 frame I
[PT] bx23 frame A 528,113 3x6
[PT] bx23 frame I
[PT] bx24 frame A 452,200 12x29
[PT] bx24 frame I
[PT] bx25 frame A 170,159 7x18
[PT] bx25 frame I
[PT] bx26 frame A 428,148 7x16
[PT] bx26 frame I
[PT] bx27 frame A 415,144 6x15
[PT] bx27 frame I
[PT] bx28 frame A 404,141 6x14
[PT] bx28 frame I
[PT] bx29 frame A 421,146 6x16
[PT] bx29 frame I
[PT] bx30 frame A 538,112 2x6
[PT] bx30 frame I
[PT] bx31 frame A 559,303 21x52
[PT] bx31 frame I
[PT] bx32 frame A 610,162 7x18
[PT] bx32 frame I
[PT] bx33 frame A 551,112 2x6
[PT] bx33 frame I
[PT] bx34 frame A 628,125 4x10
[PT] bx34 frame I
[PT] bx35 frame A 731,185 9x23
[PT] bx35 frame I
[PT] bx36 frame A 435,150 7x17
[PT] bx36 frame I
[PT] bx37 frame A 572,194 11x28
[PT] bx37 frame I
[PT] bx38 frame A 685,229 15x36
[PT] bx38 frame I
[PT] bx39 frame A 553,187 11x26
[PT] bx39 frame I
[PT] bx40 frame A 438,331 23x58
[PT] bx40 frame I
[PT] bx41 frame A 726,242 16x39
[PT] bx41 frame I
[PT] bx42 frame A 655,281 19x48
[PT] bx42 frame I
[PT] bx43 frame A 232,102 1x3
[PT] bx43 frame I
[PT] tick 1061 enemies=60
[PT] bx0 frame A 789,151 6x14
[PT] bx0 frame I
[PT] bx1 frame A 296,122 3x8
[PT] bx1 frame I
[PT] bx2 frame A 564,120 3x7
[PT] bx2 frame I
[PT] bx3 frame A 603,143 5x13
[PT] bx3 frame I
[PT] bx4 frame A 420,159 8x19
[PT] bx4 frame I
[PT] bx5 frame A 293,172 9x22
[PT] bx5 frame I
[PT] bx6 frame A 540,136 4x11
[PT] bx6 frame I
[PT] bx7 frame A 513,112 2x5
[PT] bx7 frame I
[PT] bx8 frame A 487,110 2x5
[PT] bx8 frame I
[PT] bx9 frame A 667,128 4x9
[PT] bx9 frame I
[PT] bx10 frame A 318,157 7x19
[PT] bx10 frame I
[PT] bx11 frame A 453,284 19x47
[PT] bx11 frame I
[PT] bx12 frame A 531,151 7x18
[PT] bx12 frame I
[PT] bx13 frame A 767,131 6x14
[PT] bx13 frame I
[PT] bx14 frame A 450,297 21x52
[PT] bx14 frame I
[PT] bx15 frame A 596,142 7x18
[PT] bx15 frame I
[PT] bx16 frame A 455,197 20x49
[PT] bx16 frame I
[PT] ds16 text A 14m
[PT] ds16 text I
[PT] bx17 frame A 689,143 6x15
[PT] bx17 frame I
[PT] bx18 frame A 252,140 6x16
[PT] bx18 frame I
[PT] bx19 frame A 563,114 2x6
[PT] bx19 frame I
[PT] bx20 frame A 488,301 21x53
[PT] bx20 frame I
[PT] bx21 frame A 426,200 11x28
[PT] bx21 frame I
[PT] bx22 frame A 634,195 10x25
[PT] bx22 frame I
[PT] bx23 frame A 529,115 3x6
[PT] bx23 frame I
[PT] bx24 frame A 453,202 12x29
[PT] bx24 frame I
[PT] bx25 frame A 174,161 7x18
[PT] bx25 frame I
[PT] ds25 text A 50m
[PT] ds25 text I
[PT] bx26 frame A 429,150 7x16
[PT] bx26 frame I
[PT] bx27 frame A 416,146 6x15
[PT] bx27 frame I
[PT] bx28 frame A 405,143 6x14
[PT] bx28 frame I
[PT] bx29 frame A 423,148 6x16
[PT] bx29 frame I
[PT] bx30 frame A 540,115 2x6
[PT] bx30 frame I
[PT] bx31 frame A 560,305 21x53
[PT] bx31 frame I
[PT] bx32 frame A 594,163 7x18
[PT] bx32 frame I
[PT] ds32 text A 45m
[PT] ds32 text I
[PT] bx33 frame A 553,114 2x6
[PT] bx33 frame I
[PT] bx34 frame A 629,127 4x10
[PT] bx34 frame I
[PT] bx35 frame A 732,187 9x23
[PT] bx35 frame I
[PT] bx36 frame A 436,152 7x17
[PT] bx36 frame I
[PT] bx37 frame A 573,196 11x28
[PT] bx37 frame I
[PT] bx38 frame A 686,231 15x36
[PT] bx38 frame I
[PT] bx39 frame A 554,190 11x26
[PT] bx39 frame I
[PT] bx40 frame A 439,333 23x58
[PT] bx40 frame I
[PT] bx41 frame A 727,244 16x39
[PT] bx41 frame I
[PT] bx42 frame A 656,283 19x48
[PT] bx42 frame I
[PT] bx43 frame A 234,104 1x3
[PT] bx43 frame I
[PT] tick 1062 enemies=60
[PT] bx0 frame A 792,145 6x15
[PT] bx0 frame I
[PT] bx1 frame A 298,116 3x8
[PT] bx1 frame I
[PT] bx2 frame A 567,114 3x7
[PT] bx2 frame I
[PT] bx3 frame A 606,137 5x13
[PT] bx3 frame I
[PT] bx4 frame A 422,153 8x19
[PT] bx4 frame I
[PT] bx5 frame A 300,167 9x23
[PT] bx5 frame I
[PT] ds5 text A 35m
[PT] ds5 text I
[PT] bx6 frame A 542,130 4x11
[PT] bx6 frame I
[PT] bx7 frame A 515,106 2x5
[PT] bx7 frame I
[PT] bx8 frame A 490,104 2x5
[PT] bx8 frame I
[PT] bx9 frame A 670,122 4x9
[PT] bx9 frame I
[PT] bx10 frame A 320,151 7x19
[PT] bx10 frame I
[PT] bx11 frame A 458,278 19x47
[PT] bx11 frame I
[PT] bx12 frame A 535,142 7x19
[PT] bx12 frame I
[PT] ds12 text A 42m
[PT] ds12 text I
[PT] bx13 frame A 771,125 6x14
[PT] bx13 frame I
[PT] bx14 frame A 452,291 21x51
[PT] bx14 frame I
[PT] bx15 frame A 582,135 7x18
[PT] bx15 frame I
[PT] ds15 text A 45m
[PT] ds15 text I
[PT] bx16 frame A 457,193 12x29
[PT] bx16 frame I
[PT] ds16 text A 24m
[PT] ds16 text I
[PT] bx17 frame A 693,137 6x15
[PT] bx17 frame I
[PT] bx18 frame A 253,135 7x16
[PT] bx18 frame I
[PT] ds18 text A 53m
[PT] ds18 text I
[PT] bx19 frame A 566,108 2x6
[PT] bx19 frame I
[PT] bx20 frame A 489,295 21x52
[PT] bx20 frame I
[PT] bx21 frame A 429,194 11x28
[PT] bx21 frame I
[PT] bx22 frame A 636,189 10x25
[PT] bx22 frame I
[PT] bx23 frame A 531,109 3x6
[PT] bx23 frame I
[PT] bx24 frame A 455,196 12x29
[PT] bx24 frame I
[PT] bx25 frame A 173,155 7x18
[PT] bx25 frame I
[PT] bx26 frame A 431,144 7x16
[PT] bx26 frame I
[PT] bx27 frame A 419,140 6x15
[PT] bx27 frame I
[PT] bx28 frame A 408,137 6x14
[PT] bx28 frame I
[PT] bx29 frame A 425,142 6x16
[PT] bx29 frame I
[PT] bx30 frame A 542,108 2x6
[PT] bx30 frame I
[PT] bx31 frame A 562,300 21x52
[PT] bx31 frame I
[PT] bx32 frame A 580,157 7x18
[PT] bx32 frame I
[PT] bx33 frame A 555,108 2x6
[PT] bx33 frame I
[PT] bx34 frame A 632,121 4x11
[PT] bx34 frame I
[PT] bx35 frame A 735,181 9x23
[PT] bx35 frame I
[PT] bx36 frame A 438,147 7x17
[PT] bx36 frame I
[PT] bx37 frame A 576,190 11x28
[PT] bx37 frame I
[PT] bx38 frame A 688,226 15x36
[PT] bx38 frame I
[PT] bx39 frame A 556,184 11x27
[PT] bx39 frame I
[PT] bx40 frame A 441,327 23x58
[PT] bx40 frame I
[PT] bx41 frame A 729,239 16x39
[PT] bx41 frame I
[PT] bx42 frame A 658,278 19x48
[PT] bx42 frame I
[PT] bx43 frame A 236,98 1x3
[PT] bx43 frame I
[PT] tick 1063 enemies=60
[PT] bx5 frame A 304,168 9x23
[PT] bx5 frame I
[PT] bx11 frame A 462,276 19x46
[PT] bx11 frame I
[PT] bx15 frame A 566,135 7x18
[PT] bx15 frame I
[PT] bx16 frame A 456,194 12x29
[PT] bx16 frame I
[PT] bx18 frame A 256,135 7x16
[PT] bx18 frame I
[PT] bx25 frame A 166,153 7x18
[PT] bx25 frame I
[PT] bx32 frame A 564,156 7x17
[PT] bx32 frame I
[PT] tick 1064 enemies=60
[PT] bx0 frame A 794,146 6x15
[PT] bx0 frame I
[PT] bx1 frame A 299,117 3x8
[PT] bx1 frame I
[PT] bx5 frame A 308,165 9x23
[PT] bx5 frame I
[PT] ds5 text A 34m
[PT] ds5 text I
[PT] bx9 frame A 671,123 4x9
[PT] bx9 frame I
[PT] bx10 frame A 321,152 7x19
[PT] bx10 frame I
[PT] bx12 frame A 537,142 8x19
[PT] bx12 frame I
[PT] ds12 text A 41m
[PT] ds12 text I
[PT] bx13 frame A 772,126 6x14
[PT] bx13 frame I
[PT] bx14 frame A 451,286 20x50
[PT] bx14 frame I
[PT] bx15 frame A 553,135 7x18
[PT] bx15 frame I
[PT] ds15 text A 46m
[PT] ds15 text I
[PT] bx16 frame A 458,200 12x29
[PT] bx16 frame I
[PT] bx17 frame A 694,137 6x15
[PT] bx17 frame I
[PT] bx18 frame A 258,136 7x16
[PT] bx18 frame I
[PT] ds18 text A 52m
[PT] ds18 text I
[PT] bx25 frame A 168,154 7x18
[PT] bx25 frame I
[PT] bx32 frame A 551,156 7x17
[PT] bx32 frame I
[PT] bx34 frame A 633,122 4x11
[PT] bx34 frame I
[PT] bx35 frame A 737,182 9x23
[PT] bx35 frame I
[PT] bx38 frame A 689,227 15x37
[PT] bx38 frame I
[PT] bx41 frame A 731,240 16x40
[PT] bx41 frame I
[PT] bx43 frame A 237,98 1x3
[PT] bx43 frame I
[PT] tick 1065 enemies=60
[PT] bx0 frame A 792,147 6x15
[PT] bx0 frame I
[PT] bx1 frame A 298,118 3x8
[PT] bx1 frame I
[PT] bx2 frame A 566,116 3x7
[PT] bx2 frame I
[PT] bx3 frame A 605,139 5x13
[PT] bx3 frame I
[PT] bx4 frame A 422,155 8x19
[PT] bx4 frame I
[PT] bx5 frame A 310,164 9x24
[PT] bx5 frame I
[PT] bx6 frame A 542,132 4x11
[PT] bx6 frame I
[PT] bx7 frame A 515,108 2x5
[PT] bx7 frame I
[PT] bx8 frame A 490,106 2x5
[PT] bx8 frame I
[PT] bx9 frame A 670,124 4x9
[PT] bx9 frame I
[PT] bx10 frame A 320,153 7x19
[PT] bx10 frame I
[PT] bx11 frame A 462,278 19x46
[PT] bx11 frame I
[PT] bx12 frame A 536,144 8x19
[PT] bx12 frame I
[PT] bx13 frame A 770,127 6x14
[PT] bx13 frame I
[PT] bx14 frame A 453,279 19x49
[PT] bx14 frame I
[PT] ds14 text A 13m
[PT] ds14 text I
[PT] bx15 frame A 539,136 7x17
[PT] bx15 frame I
[PT] bx16 frame A 454,196 20x49
[PT] bx16 frame I
[PT] ds16 text A 14m
[PT] ds16 text I
[PT] bx17 frame A 692,139 6x15
[PT] bx17 frame I
[PT] bx18 frame A 255,138 7x17
[PT] bx18 frame I
[PT] bx19 frame A 566,110 2x6
[PT] bx19 frame I
[PT] bx20 frame A 489,297 21x52
[PT] bx20 frame I
[PT] bx21 frame A 428,196 11x28
[PT] bx21 frame I
[PT] bx22 frame A 636,191 10x25
[PT] bx22 frame I
[PT] bx23 frame A 531,111 3x6
[PT] bx23 frame I
[PT] bx24 frame A 455,198 12x29
[PT] bx24 frame I
[PT] bx25 frame A 169,155 7x19
[PT] bx25 frame I
[PT] ds25 text A 49m
[PT] ds25 text I
[PT] bx26 frame A 431,146 7x16
[PT] bx26 frame I
[PT] bx27 frame A 418,142 6x15
[PT] bx27 frame I
[PT] bx28 frame A 407,139 6x14
[PT] bx28 frame I
[PT] bx29 frame A 425,144 6x16
[PT] bx29 frame I
[PT] bx30 frame A 542,111 2x6
[PT] bx30 frame I
[PT] bx31 frame A 562,302 21x52
[PT] bx31 frame I
[PT] bx32 frame A 537,157 7x17
[PT] bx32 frame I
[PT] ds32 text A 46m
[PT] ds32 text I
[PT] bx33 frame A 555,111 2x6
[PT] bx33 frame I
[PT] bx34 frame A 632,123 4x10
[PT] bx34 frame I
[PT] bx35 frame A 735,183 9x23
[PT] bx35 frame I
[PT] bx36 frame A 438,149 7x17
[PT] bx36 frame I
[PT] bx37 frame A 575,192 11x28
[PT] bx37 frame I
[PT] bx38 frame A 688,228 15x37
[PT] bx38 frame I
[PT] bx39 frame A 556,186 11x26
[PT] bx39 frame I
[PT] bx40 frame A 441,329 23x58
[PT] bx40 frame I
[PT] bx41 frame A 729,241 16x39
[PT] bx41 frame I
[PT] bx42 frame A 658,280 19x48
[PT] bx42 frame I
[PT] bx43 frame A 236,100 1x3
[PT] bx43 frame I
[PT] tick 1066 enemies=60
[PT] bx0 frame A 791,146 6x15
[PT] bx0 frame I
[PT] bx1 frame A 297,117 3x8
[PT] bx1 frame I
[PT] bx2 frame A 566,115 3x7
[PT] bx2 frame I
[PT] bx3 frame A 604,138 5x13
[PT] bx3 frame I
[PT] bx4 frame A 421,154 8x19
[PT] bx4 frame I
[PT] bx5 frame A 313,161 10x24
[PT] bx5 frame I
[PT] ds5 text A 33m
[PT] ds5 text I
[PT] bx6 frame A 541,131 4x11
[PT] bx6 frame I
[PT] bx7 frame A 514,107 2x5
[PT] bx7 frame I
[PT] bx8 frame A 489,105 2x5
[PT] bx8 frame I
[PT] bx9 frame A 669,123 4x9
[PT] bx9 frame I
[PT] bx10 frame A 319,152 7x19
[PT] bx10 frame I
[PT] bx11 frame A 462,277 19x46
[PT] bx11 frame I
[PT] ds12 text A 40m
[PT] ds12 text I
[PT] bx13 frame A 769,126 6x14
[PT] bx13 frame I
[PT] bx14 frame A 456,279 20x49
[PT] bx14 frame I
[PT] bx15 frame A 522,133 7x17
[PT] bx15 frame I
[PT] bx16 frame A 462,199 11x27
[PT] bx16 frame I
[PT] ds16 text A 27m
[PT] ds16 text I
[PT] bx17 frame A 691,138 6x15
[PT] bx17 frame I
[PT] bx18 frame A 251,140 7x17
[PT] bx18 frame I
[PT] bx19 frame A 565,109 2x6
[PT] bx19 frame I
[PT] bx20 frame A 488,296 21x52
[PT] bx20 frame I
[PT] bx21 frame A 428,195 11x28
[PT] bx21 frame I
[PT] bx22 frame A 635,190 10x25
[PT] bx22 frame I
[PT] bx23 frame A 530,110 3x6
[PT] bx23 frame I
[PT] bx24 frame A 454,197 12x29
[PT] bx24 frame I
[PT] bx26 frame A 430,145 7x16
[PT] bx26 frame I
[PT] bx27 frame A 418,141 6x15
[PT] bx27 frame I
[PT] bx28 frame A 407,138 6x14
[PT] bx28 frame I
[PT] bx29 frame A 424,143 6x16
[PT] bx29 frame I
[PT] bx30 frame A 541,110 2x6
[PT] bx30 frame I
[PT] bx31 frame A 561,300 21x52
[PT] bx31 frame I
[PT] bx32 frame A 520,154 7x17
[PT] bx32 frame I
[PT] bx33 frame A 554,109 2x6
[PT] bx33 frame I
[PT] bx34 frame A 631,122 4x10
[PT] bx34 frame I
[PT] bx35 frame A 734,182 9x23
[PT] bx35 frame I
[PT] bx36 frame A 437,148 7x17
[PT] bx36 frame I
[PT] bx37 frame A 575,191 11x28
[PT] bx37 frame I
[PT] bx38 frame A 687,227 15x36
[PT] bx38 frame I
[PT] bx39 frame A 555,185 11x26
[PT] bx39 frame I
[PT] bx40 frame A 440,328 23x58
[PT] bx40 frame I
[PT] bx41 frame A 728,240 16x39
[PT] bx41 frame I
[PT] bx42 frame A 657,279 19x48
[PT] bx42 frame I
[PT] bx43 frame A 235,99 1x3
[PT] bx43 frame I
[PT] tick 1067 enemies=60
[PT] bx0 frame A 792,148 6x15
[PT] bx0 frame I
[PT] bx1 frame A 298,119 3x8
[PT] bx1 frame I
[PT] bx2 frame A 566,117 3x7
[PT] bx2 frame I
[PT] bx3 frame A 605,140 5x13
[PT] bx3 frame I
[PT] bx4 frame A 422,156 8x19
[PT] bx4 frame I
[PT] bx5 frame A 318,162 10x24
[PT] bx5 frame I
[PT] ds5 text A 32m
[PT] ds5 text I
[PT] bx6 frame A 542,133 4x11
[PT] bx6 frame I
[PT] bx7 frame A 515,110 2x5
[PT] bx7 frame I
[PT] bx8 frame A 489,108 2x5
[PT] bx8 frame I
[PT] bx9 frame A 669,126 4x9
[PT] bx9 frame I
[PT] bx10 frame A 320,154 7x19
[PT] bx10 frame I
[PT] bx11 frame A 462,279 19x46
[PT] bx11 frame I
[PT] bx12 frame A 537,150 8x20
[PT] bx12 frame I
[PT] bx13 frame A 770,128 6x14
[PT] bx13 frame I
[PT] bx14 frame A 458,281 20x49
[PT] bx14 frame I
[PT] bx15 frame A 508,135 7x17
[PT] bx15 frame I
[PT] ds15 text A 47m
[PT] ds15 text I
[PT] bx16 frame A 457,199 12x29
[PT] bx16 frame I
[PT] ds16 text A 24m
[PT] ds16 text I
[PT] bx17 frame A 692,140 6x15
[PT] bx17 frame I
[PT] bx18 frame A 248,142 7x17
[PT] bx18 frame I
[PT] bx19 frame A 566,112 2x6
[PT] bx19 frame I
[PT] bx20 frame A 489,298 21x53
[PT] bx20 frame I
[PT] bx21 frame A 428,197 11x28
[PT] bx21 frame I
[PT] bx22 frame A 636,193 10x25
[PT] bx22 frame I
[PT] bx23 frame A 531,112 3x6
[PT] bx23 frame I
[PT] bx24 frame A 455,200 12x29
[PT] bx24 frame I
[PT] bx25 frame A 162,158 8x19
[PT] bx25 frame I
[PT] bx26 frame A 431,148 7x16
[PT] bx26 frame I
[PT] bx27 frame A 418,144 6x15
[PT] bx27 frame I
[PT] bx28 frame A 407,140 6x14
[PT] bx28 frame I
[PT] bx29 frame A 424,146 6x16
[PT] bx29 frame I
[PT] bx30 frame A 542,112 2x6
[PT] bx30 frame I
[PT] bx31 frame A 562,303 21x53
[PT] bx31 frame I
[PT] bx32 frame A 505,155 7x17
[PT] bx32 frame I
[PT] ds32 text A 47m
[PT] ds32 text I
[PT] bx33 frame A 555,112 2x6
[PT] bx33 frame I
[PT] bx34 frame A 631,124 4x10
[PT] bx34 frame I
[PT] bx35 frame A 735,185 9x23
[PT] bx35 frame I
[PT] bx36 frame A 438,150 7x17
[PT] bx36 frame I
[PT] bx37 frame A 575,193 11x28
[PT] bx37 frame I
[PT] bx38 frame A 688,229 15x37
[PT] bx38 frame I
[PT] bx39 frame A 555,187 11x26
[PT] bx39 frame I
[PT] bx40 frame A 440,330 23x58
[PT] bx40 frame I
[PT] bx41 frame A 729,242 16x40
[PT] bx41 frame I
[PT] bx42 frame A 658,281 19x48
[PT] bx42 frame I
[PT] bx43 frame A 236,101 1x3
[PT] bx43 frame I
[PT] tick 1068 enemies=59
[PT] bx0 frame A 788,145 6x15
[PT] bx0 frame I
[PT] bx1 frame A 294,116 3x8
[PT] bx1 frame I
[PT] bx2 frame A 563,114 3x7
[PT] bx2 frame I
[PT] bx3 frame A 602,137 5x13
[PT] bx3 frame I
[PT] bx4 frame A 419,153 8x19
[PT] bx4 frame I
[PT] bx5 frame A 317,156 10x25
[PT] bx5 frame I
[PT] bx6 frame A 539,130 4x11
[PT] bx6 frame I
[PT] bx7 frame A 512,106 2x5
[PT] bx7 frame I
[PT] bx8 frame A 486,104 2x5
[PT] bx8 frame I
[PT] bx9 frame A 666,122 4x9
[PT] bx9 frame I
[PT] bx10 frame A 317,151 7x19
[PT] bx10 frame I
[PT] bx11 frame A 460,276 19x46
[PT] bx11 frame I
[PT] bx12 frame A 535,150 8x20
[PT] bx12 frame I
[PT] ds12 text A 39m
[PT] ds12 text I
[PT] bx13 frame A 766,125 6x14
[PT] bx13 frame I
[PT] bx14 frame A 456,278 20x49
[PT] bx14 frame I
[PT] bx15 frame A 492,131 7x17
[PT] bx15 frame I
[PT] ds15 text A 48m
[PT] ds15 text I
[PT] bx16 frame A 455,201 19x49
[PT] bx16 frame I
[PT] ds16 text A 14m
[PT] ds16 text I
[PT] bx17 frame A 688,137 6x15
[PT] bx17 frame I
[PT] bx18 frame A 244,139 7x17
[PT] bx18 frame I
[PT] bx19 frame A 563,108 2x6
[PT] bx19 frame I
[PT] bx20 frame A 487,295 21x52
[PT] bx20 frame I
[PT] bx21 frame A 425,194 11x28
[PT] bx21 frame I
[PT] bx22 frame A 633,189 10x25
[PT] bx22 frame I
[PT] bx23 frame A 528,109 3x6
[PT] bx23 frame I
[PT] bx24 frame A 452,197 12x29
[PT] bx24 frame I
[PT] bx25 frame A 158,155 8x19
[PT] bx25 frame I
[PT] bx26 frame A 428,145 7x16
[PT] bx26 frame I
[PT] bx27 frame A 415,141 6x15
[PT] bx27 frame I
[PT] bx28 frame A 404,137 6x15
[PT] bx28 frame I
[PT] bx29 frame A 421,143 6x16
[PT] bx29 frame I
[PT] bx30 frame A 539,109 2x6
[PT] bx30 frame I
[PT] bx31 frame A 559,300 21x52
[PT] bx31 frame I
[PT] bx32 frame A 489,151 6x16
[PT] bx32 frame I
[PT] ds32 text A 48m
[PT] ds32 text I
[PT] bx33 frame A 552,108 2x6
[PT] bx33 frame I
[PT] bx34 frame A 628,121 4x10
[PT] bx34 frame I
[PT] bx35 frame A 731,181 9x23
[PT] bx35 frame I
[PT] bx36 frame A 435,147 7x17
[PT] bx36 frame I
[PT] bx37 frame A 572,190 11x28
[PT] bx37 frame I
[PT] bx38 frame A 685,226 15x36
[PT] bx38 frame I
[PT] bx39 frame A 553,184 11x26
[PT] bx39 frame I
[PT] bx40 frame A 438,327 23x58
[PT] bx40 frame I
[PT] bx41 frame A 725,239 16x39
[PT] bx41 frame I
[PT] bx42 frame A 655,277 19x48
[PT] bx42 frame I
[PT] bx43 hide A
[PT] nm43 hide A
[PT] ds43 hide A
[PT] tick 1069 enemies=60
[PT] bx0 frame A 784,149 6x14
[PT] bx0 frame I
[PT] bx1 frame A 292,120 3x8
[PT] bx1 frame I
[PT] bx2 frame A 561,118 3x7
[PT] bx2 frame I
[PT] bx3 frame A 599,141 5x13
[PT] bx3 frame I
[PT] bx4 frame A 417,157 8x19
[PT] bx4 frame I
[PT] bx5 frame A 318,161 10x25
[PT] bx5 frame I
[PT] bx6 frame A 536,134 4x11
[PT] bx6 frame I
[PT] bx7 frame A 510,110 2x5
[PT] bx7 frame I
[PT] bx8 frame A 484,108 2x5
[PT] bx8 frame I
[PT] bx9 frame A 663,126 4x9
[PT] bx9 frame I
[PT] bx10 frame A 315,155 7x19
[PT] bx10 frame I
[PT] bx11 frame A 458,280 19x46
[PT] bx11 frame I
[PT] bx12 frame A 533,159 8x20
[PT] bx12 frame I
[PT] bx13 frame A 763,129 6x14
[PT] bx13 frame I
[PT] bx14 frame A 454,282 20x49
[PT] bx14 frame I
[PT] bx15 frame A 479,133 6x16
[PT] bx15 frame I
[PT] ds15 text A 49m
[PT] ds15 text I
[PT] bx16 frame A 455,209 11x29
[PT] bx16 frame I
[PT] ds16 text A 25m
[PT] ds16 text I
[PT] bx17 frame A 686,140 6x15
[PT] bx17 frame I
[PT] bx18 frame A 242,143 7x17
[PT] bx18 frame I
[PT] bx19 frame A 560,112 2x6
[PT] bx19 frame I
[PT] bx20 frame A 485,299 21x53
[PT] bx20 frame I
[PT] bx21 frame A 423,198 11x28
[PT] bx21 frame I
[PT] bx22 frame A 630,193 10x25
[PT] bx22 frame I
[PT] bx23 frame A 525,113 3x6
[PT] bx23 frame I
[PT] bx24 frame A 452,196 12x29
[PT] bx24 frame I
[PT] bx25 frame A 158,159 8x19
[PT] bx25 frame I
[PT] ds25 text A 48m
[PT] ds25 text I
[PT] bx26 frame A 426,148 7x16
[PT] bx26 frame I
[PT] bx27 frame A 413,144 6x15
[PT] bx27 frame I
[PT] bx28 frame A 402,141 6x14
[PT] bx28 frame I
[PT] bx29 frame A 419,146 6x16
[PT] bx29 frame I
[PT] bx30 frame A 536,113 2x6
[PT] bx30 frame I
[PT] bx31 frame A 557,303 21x52
[PT] bx31 frame I
[PT] bx32 frame A 476,153 6x16
[PT] bx32 frame I
[PT] ds32 text A 49m
[PT] ds32 text I
[PT] bx33 frame A 549,112 2x6
[PT] bx33 frame I
[PT] bx34 frame A 625,125 4x10
[PT] bx34 frame I
[PT] bx35 frame A 728,185 9x23
[PT] bx35 frame I
[PT] bx36 frame A 433,151 7x17
[PT] bx36 frame I
[PT] bx37 frame A 570,194 11x28
[PT] bx37 frame I
[PT] bx38 frame A 682,229 15x36
[PT] bx38 frame I
[PT] bx39 frame A 551,187 11x26
[PT] bx39 frame I
[PT] bx40 frame A 437,331 23x58
[PT] bx40 frame I
[PT] bx41 frame A 723,242 16x39
[PT] bx41 frame I
[PT] bx42 frame A 653,281 19x48
[PT] bx42 frame I
[PT] bx43 frame A 229,102 1x3
[PT] bx43 frame I
[PT] bx43 show A
[PT] nm43 show A
[PT] ds43 show A
[PT] tick 1070 enemies=59
[PT] bx0 frame A 782,145 6x14
[PT] bx0 frame I
[PT] bx1 frame A 289,116 3x8
[PT] bx1 frame I
[PT] bx2 frame A 559,114 3x7
[PT] bx2 frame I
[PT] bx3 frame A 598,137 5x13
[PT] bx3 frame I
[PT] bx4 frame A 415,153 8x19
[PT] bx4 frame I
[PT] bx5 frame A 320,160 10x25
[PT] bx5 frame I
[PT] ds5 text A 31m
[PT] ds5 text I
[PT] bx6 frame A 535,130 4x11
[PT] bx6 frame I
[PT] bx7 frame A 508,106 2x5
[PT] bx7 frame I
[PT] bx8 frame A 482,104 2x5
[PT] bx8 frame I
[PT] bx9 frame A 661,122 4x9
[PT] bx9 frame I
[PT] bx10 frame A 313,152 7x19
[PT] bx10 frame I
[PT] bx11 frame A 457,276 19x46
[PT] bx11 frame I
[PT] bx12 frame A 531,156 8x20
[PT] bx12 frame I
[PT] bx13 frame A 760,125 6x14
[PT] bx13 frame I
[PT] bx14 frame A 453,278 20x49
[PT] bx14 frame I
[PT] bx15 frame A 484,131 6x16
[PT] bx15 frame I
[PT] ds15 text A 50m
[PT] ds15 text I
[PT] bx16 frame A 453,206 11x29
[PT] bx16 frame I
[PT] bx17 frame A 684,137 6x15
[PT] bx17 frame I
[PT] bx18 frame A 240,139 7x17
[PT] bx18 frame I
[PT] bx19 frame A 558,108 2x6
[PT] bx19 frame I
[PT] bx20 frame A 484,295 21x52
[PT] bx20 frame I
[PT] bx21 frame A 422,188 11x28
[PT] bx21 frame I
[PT] bx22 frame A 628,189 10x25
[PT] bx22 frame I
[PT] bx23 frame A 524,109 3x6
[PT] bx23 frame I
[PT] bx24 frame A 457,191 12x29
[PT] bx24 frame I
[PT] bx25 frame A 156,156 8x19
[PT] bx25 frame I
[PT] bx26 frame A 424,145 7x16
[PT] bx26 frame I
[PT] bx27 frame A 411,141 6x15
[PT] bx27 frame I
[PT] bx28 frame A 400,137 6x15
[PT] bx28 frame I
[PT] bx29 frame A 418,143 6x16
[PT] bx29 frame I
[PT] bx30 frame A 534,109 2x6
[PT] bx30 frame I
[PT] bx31 frame A 556,299 21x52
[PT] bx31 frame I
[PT] bx32 frame A 547,108 2x6
[PT] bx32 frame I
[PT] ds32 text A 138m
[PT] ds32 text I
[PT] bx33 frame A 624,121 4x10
[PT] bx33 frame I
[PT] ds33 text A 83m
[PT] ds33 text I
[PT] bx34 frame A 726,181 9x23
[PT] bx34 frame I
[PT] ds34 text A 38m
[PT] ds34 text I
[PT] bx35 frame A 431,147 7x17
[PT] bx35 frame I
[PT] ds35 text A 46m
[PT] ds35 text I
[PT] bx36 frame A 569,190 11x28
[PT] bx36 frame I
[PT] ds36 text A 27m
[PT] ds36 text I
[PT] bx37 frame A 680,225 14x36
[PT] bx37 frame I
[PT] ds37 text A 21m
[PT] ds37 text I
[PT] bx38 frame A 549,184 11x26
[PT] bx38 frame I
[PT] ds38 text A 28m
[PT] ds38 text I
[PT] bx39 frame A 435,328 23x58
[PT] bx39 frame I
[PT] ds39 text A 10m
[PT] ds39 text I
[PT] bx40 frame A 721,238 16x39
[PT] bx40 frame I
[PT] ds40 text A 20m
[PT] ds40 text I
[PT] bx41 frame A 651,277 19x48
[PT] bx41 frame I
[PT] ds41 text A 15m
[PT] ds41 text I
[PT] bx42 frame A 226,98 1x3




{"app_name":"SpringBoard","timestamp":"2026-09-08 01:00:52.00 +0800","app_version":"1.0","slice_uuid":"1d42efc8-322d-3af8-b4c9-32eae2706b3e","build_version":"50","platform":2,"bundleID":"com.apple.springboard","share_with_app_devs":1,"is_first_party":1,"bug_type":"309","os_version":"iPhone OS 18.6 (22G86)","roots_installed":0,"name":"SpringBoard","incident_id":"5C116EB2-18B3-40CA-974A-B762E00423AA"}
{
  "uptime" : 6500,
  "procRole" : "Foreground",
  "version" : 2,
  "userID" : 501,
  "deployVersion" : 210,
  "modelCode" : "iPhone13,4",
  "coalitionID" : 9,
  "osVersion" : {
    "isEmbedded" : true,
    "train" : "iPhone OS 18.6",
    "releaseType" : "User",
    "build" : "22G86"
  },
  "captureTime" : "2026-09-08 01:00:45.5828 +0800",
  "codeSigningMonitor" : 1,
  "incident" : "5C116EB2-18B3-40CA-974A-B762E00423AA",
  "pid" : 1391,
  "translated" : false,
  "cpuType" : "ARM-64",
  "roots_installed" : 0,
  "bug_type" : "309",
  "procLaunch" : "2026-09-08 00:35:42.2890 +0800",
  "procStartAbsTime" : 120660816347,
  "procExitAbsTime" : 156734878787,
  "procName" : "SpringBoard",
  "procPath" : "\/System\/Library\/CoreServices\/SpringBoard.app\/SpringBoard",
  "bundleInfo" : {"CFBundleShortVersionString":"1.0","CFBundleVersion":"50","CFBundleIdentifier":"com.apple.springboard"},
  "storeInfo" : {"deviceIdentifierForVendor":"21D46813-41DF-4579-945D-EF7BCA4D06D8"},
  "parentProc" : "launchd",
  "parentPid" : 1,
  "coalitionName" : "com.apple.springboard",
  "crashReporterKey" : "dc83b62ce82c78719bc7523bc1c6c30018a3a28b",
  "appleIntelligenceStatus" : {"state":"unavailable","reasons":["countryLocationIneligible","regionIneligible","deviceNotCapable"]},
  "wasUnlockedSinceBoot" : 1,
  "isLocked" : 0,
  "consecutiveCrashCount" : 3,
  "throttleTimeout" : 5,
  "codeSigningID" : "com.apple.springboard",
  "codeSigningTeamID" : "",
  "codeSigningFlags" : 570434305,
  "codeSigningValidationCategory" : 1,
  "codeSigningTrustLevel" : 9,
  "codeSigningAuxiliaryInfo" : 505533525475795294,
  "bootSessionUUID" : "25C5ABF4-4A1D-433A-ADD7-D35DC8F6A004",
  "basebandVersion" : "5.70.01",
  "vmRegionInfo" : "0x401 is not in any region.  Bytes before following region: 4301011967\n      REGION TYPE                 START - END      [ VSIZE] PRT\/MAX SHRMOD  REGION DETAIL\n      UNUSED SPACE AT START\n--->  \n      __TEXT                   1005c4000-1005c8000 [   16K] r-x\/r-x SM=COW  \/System\/Library\/CoreServices\/SpringBoard.app\/SpringBoard",
  "exception" : {"codes":"0x0000000000000101, 0x0000000000000401","rawCodes":[257,1025],"type":"EXC_BAD_ACCESS","signal":"SIGBUS","subtype":"EXC_ARM_DA_ALIGN at 0x0000000000000401"},
  "termination" : {"flags":0,"code":10,"namespace":"SIGNAL","indicator":"Bus error: 10","byProc":"exc handler","byPid":1391},
  "vmregioninfo" : "0x401 is not in any region.  Bytes before following region: 4301011967\n      REGION TYPE                 START - END      [ VSIZE] PRT\/MAX SHRMOD  REGION DETAIL\n      UNUSED SPACE AT START\n--->  \n      __TEXT                   1005c4000-1005c8000 [   16K] r-x\/r-x SM=COW  \/System\/Library\/CoreServices\/SpringBoard.app\/SpringBoard",
  "faultingThread" : 8,
  "threads" : [{"id":174744,"threadState":{"x":[{"value":268451845},{"value":21592279046},{"value":8589934592,"symbolLocation":7164,"symbol":"nrPacketToTLV"},{"value":238606908129280},{"value":0},{"value":238606908129280},{"value":2},{"value":4294967295},{"value":0},{"value":0},{"value":2},{"value":0},{"value":0},{"value":55555},{"value":945920},{"value":0},{"value":18446744073709551569},{"value":4062695465578242},{"value":0},{"value":4294967295},{"value":2},{"value":238606908129280},{"value":0},{"value":238606908129280},{"value":6165863976},{"value":8589934592,"symbolLocation":7164,"symbol":"nrPacketToTLV"},{"value":21592279046},{"value":18446744073709550527},{"value":8724172800,"symbolLocation":192,"symbol":"CppObjectLocks"}],"flavor":"ARM_THREAD_STATE64","lr":{"value":8291193756},"cpsr":{"value":4096},"fp":{"value":6165863824},"sp":{"value":6165863744},"esr":{"value":1442840704,"description":" Address size fault"},"pc":{"value":8291179748},"far":{"value":0}},"queue":"com.apple.main-thread","frames":[{"imageOffset":3300,"symbol":"mach_msg2_trap","symbolLocation":8,"imageIndex":8},{"imageOffset":17308,"symbol":"mach_msg2_internal","symbolLocation":76,"imageIndex":8},{"imageOffset":17080,"symbol":"mach_msg_overwrite","symbolLocation":428,"imageIndex":8},{"imageOffset":16640,"symbol":"mach_msg","symbolLocation":24,"imageIndex":8},{"imageOffset":71584,"symbol":"__CFRunLoopServiceMachPort","symbolLocation":160,"imageIndex":9},{"imageOffset":65680,"symbol":"__CFRunLoopRun","symbolLocation":1208,"imageIndex":9},{"imageOffset":72412,"symbol":"CFRunLoopRunSpecific","symbolLocation":572,"imageIndex":9},{"imageOffset":5204,"symbol":"GSEventRunModal","symbolLocation":168,"imageIndex":10},{"imageOffset":1266292,"symbol":"-[UIApplication _run]","symbolLocation":816,"imageIndex":11},{"imageOffset":1051176,"symbol":"UIApplicationMain","symbolLocation":336,"imageIndex":11},{"imageOffset":1343092,"symbol":"SBSystemAppMain","symbolLocation":5288,"imageIndex":12},{"imageOffset":257800,"symbol":"start","symbolLocation":6040,"imageIndex":13}]},{"id":174951,"name":"com.apple.uikit.eventfetch-thread","threadState":{"x":[{"value":268451845},{"value":21592279046},{"value":8589934592,"symbolLocation":7164,"symbol":"nrPacketToTLV"},{"value":336463443001344},{"value":0},{"value":336463443001344},{"value":2},{"value":4294967295},{"value":0},{"value":0},{"value":2},{"value":0},{"value":0},{"value":78339},{"value":0},{"value":0},{"value":18446744073709551569},{"value":2},{"value":0},{"value":4294967295},{"value":2},{"value":336463443001344},{"value":0},{"value":336463443001344},{"value":6173875592},{"value":8589934592,"symbolLocation":7164,"symbol":"nrPacketToTLV"},{"value":21592279046},{"value":18446744073709550527},{"value":8724172800,"symbolLocation":192,"symbol":"CppObjectLocks"}],"flavor":"ARM_THREAD_STATE64","lr":{"value":8291193756},"cpsr":{"value":4096},"fp":{"value":6173875440},"sp":{"value":6173875360},"esr":{"value":1442840704,"description":" Address size fault"},"pc":{"value":8291179748},"far":{"value":0}},"frames":[{"imageOffset":3300,"symbol":"mach_msg2_trap","symbolLocation":8,"imageIndex":8},{"imageOffset":17308,"symbol":"mach_msg2_internal","symbolLocation":76,"imageIndex":8},{"imageOffset":17080,"symbol":"mach_msg_overwrite","symbolLocation":428,"imageIndex":8},{"imageOffset":16640,"symbol":"mach_msg","symbolLocation":24,"imageIndex":8},{"imageOffset":71584,"symbol":"__CFRunLoopServiceMachPort","symbolLocation":160,"imageIndex":9},{"imageOffset":65680,"symbol":"__CFRunLoopRun","symbolLocation":1208,"imageIndex":9},{"imageOffset":72412,"symbol":"CFRunLoopRunSpecific","symbolLocation":572,"imageIndex":9},{"imageOffset":63388,"symbol":"-[NSRunLoop(NSRunLoop) runMode:beforeDate:]","symbolLocation":212,"imageIndex":16},{"imageOffset":86048,"symbol":"-[NSRunLoop(NSRunLoop) runUntilDate:]","symbolLocation":64,"imageIndex":16},{"imageOffset":1176940,"symbol":"-[UIEventFetcher threadMain]","symbolLocation":424,"imageIndex":11},{"imageOffset":481284,"symbol":"__NSThread__start__","symbolLocation":732,"imageIndex":16},{"imageOffset":13124,"symbol":"_pthread_start","symbolLocation":136,"imageIndex":17},{"imageOffset":2744,"symbol":"thread_start","symbolLocation":8,"imageIndex":17}]},{"id":174996,"name":"com.apple.CoreMotion.MotionThread","threadState":{"x":[{"value":268451845},{"value":21592279046},{"value":8589934592,"symbolLocation":7164,"symbol":"nrPacketToTLV"},{"value":402434140667904},{"value":0},{"value":402434140667904},{"value":2},{"value":4294967295},{"value":0},{"value":0},{"value":2},{"value":0},{"value":0},{"value":93699},{"value":43776},{"value":0},{"value":18446744073709551569},{"value":188016488393474},{"value":0},{"value":4294967295},{"value":2},{"value":402434140667904},{"value":0},{"value":402434140667904},{"value":6174447912},{"value":8589934592,"symbolLocation":7164,"symbol":"nrPacketToTLV"},{"value":21592279046},{"value":18446744073709550527},{"value":8724172800,"symbolLocation":192,"symbol":"CppObjectLocks"}],"flavor":"ARM_THREAD_STATE64","lr":{"value":8291193756},"cpsr":{"value":4096},"fp":{"value":6174447760},"sp":{"value":6174447680},"esr":{"value":1442840704,"description":" Address size fault"},"pc":{"value":8291179748},"far":{"value":0}},"frames":[{"imageOffset":3300,"symbol":"mach_msg2_trap","symbolLocation":8,"imageIndex":8},{"imageOffset":17308,"symbol":"mach_msg2_internal","symbolLocation":76,"imageIndex":8},{"imageOffset":17080,"symbol":"mach_msg_overwrite","symbolLocation":428,"imageIndex":8},{"imageOffset":16640,"symbol":"mach_msg","symbolLocation":24,"imageIndex":8},{"imageOffset":71584,"symbol":"__CFRunLoopServiceMachPort","symbolLocation":160,"imageIndex":9},{"imageOffset":65680,"symbol":"__CFRunLoopRun","symbolLocation":1208,"imageIndex":9},{"imageOffset":72412,"symbol":"CFRunLoopRunSpecific","symbolLocation":572,"imageIndex":9},{"imageOffset":574740,"symbol":"CFRunLoopRun","symbolLocation":64,"imageIndex":9},{"imageOffset":28236,"imageIndex":18},{"imageOffset":13124,"symbol":"_pthread_start","symbolLocation":136,"imageIndex":17},{"imageOffset":2744,"symbol":"thread_start","symbolLocation":8,"imageIndex":17}]},{"id":175113,"name":"SBWiFiManager callback thread","threadState":{"x":[{"value":268451845},{"value":21592279046},{"value":8589934592,"symbolLocation":7164,"symbol":"nrPacketToTLV"},{"value":694904233656320},{"value":0},{"value":694904233656320},{"value":2},{"value":4294967295},{"value":0},{"value":0},{"value":2},{"value":0},{"value":0},{"value":161795},{"value":512},{"value":0},{"value":18446744073709551569},{"value":2199023256066},{"value":0},{"value":4294967295},{"value":2},{"value":694904233656320},{"value":0},{"value":694904233656320},{"value":6176169368},{"value":8589934592,"symbolLocation":7164,"symbol":"nrPacketToTLV"},{"value":21592279046},{"value":18446744073709550527},{"value":8724172800,"symbolLocation":192,"symbol":"CppObjectLocks"}],"flavor":"ARM_THREAD_STATE64","lr":{"value":8291193756},"cpsr":{"value":4096},"fp":{"value":6176169216},"sp":{"value":6176169136},"esr":{"value":1442840704,"description":" Address size fault"},"pc":{"value":8291179748},"far":{"value":0}},"frames":[{"imageOffset":3300,"symbol":"mach_msg2_trap","symbolLocation":8,"imageIndex":8},{"imageOffset":17308,"symbol":"mach_msg2_internal","symbolLocation":76,"imageIndex":8},{"imageOffset":17080,"symbol":"mach_msg_overwrite","symbolLocation":428,"imageIndex":8},{"imageOffset":16640,"symbol":"mach_msg","symbolLocation":24,"imageIndex":8},{"imageOffset":71584,"symbol":"__CFRunLoopServiceMachPort","symbolLocation":160,"imageIndex":9},{"imageOffset":65680,"symbol":"__CFRunLoopRun","symbolLocation":1208,"imageIndex":9},{"imageOffset":72412,"symbol":"CFRunLoopRunSpecific","symbolLocation":572,"imageIndex":9},{"imageOffset":63388,"symbol":"-[NSRunLoop(NSRunLoop) runMode:beforeDate:]","symbolLocation":212,"imageIndex":16},{"imageOffset":82184,"symbol":"-[NSRunLoop(NSRunLoop) run]","symbolLocation":64,"imageIndex":16},{"imageOffset":2584964,"symbol":"-[SBWiFiManager _runManagerCallbackThread]","symbolLocation":184,"imageIndex":12},{"imageOffset":481284,"symbol":"__NSThread__start__","symbolLocation":732,"imageIndex":16},{"imageOffset":13124,"symbol":"_pthread_start","symbolLocation":136,"imageIndex":17},{"imageOffset":2744,"symbol":"thread_start","symbolLocation":8,"imageIndex":17}]},{"id":175171,"name":"CommonUtilities-WiFi-Thread","threadState":{"x":[{"value":268451845},{"value":21592279046},{"value":8589934592,"symbolLocation":7164,"symbol":"nrPacketToTLV"},{"value":777384785608704},{"value":0},{"value":777384785608704},{"value":2},{"value":4294967295},{"value":0},{"value":0},{"value":2},{"value":0},{"value":0},{"value":180999},{"value":0},{"value":0},{"value":18446744073709551569},{"value":2},{"value":0},{"value":4294967295},{"value":2},{"value":777384785608704},{"value":0},{"value":777384785608704},{"value":6179036536},{"value":8589934592,"symbolLocation":7164,"symbol":"nrPacketToTLV"},{"value":21592279046},{"value":18446744073709550527},{"value":8724172800,"symbolLocation":192,"symbol":"CppObjectLocks"}],"flavor":"ARM_THREAD_STATE64","lr":{"value":8291193756},"cpsr":{"value":4096},"fp":{"value":6179036384},"sp":{"value":6179036304},"esr":{"value":1442840704,"description":" Address size fault"},"pc":{"value":8291179748},"far":{"value":0}},"frames":[{"imageOffset":3300,"symbol":"mach_msg2_trap","symbolLocation":8,"imageIndex":8},{"imageOffset":17308,"symbol":"mach_msg2_internal","symbolLocation":76,"imageIndex":8},{"imageOffset":17080,"symbol":"mach_msg_overwrite","symbolLocation":428,"imageIndex":8},{"imageOffset":16640,"symbol":"mach_msg","symbolLocation":24,"imageIndex":8},{"imageOffset":71584,"symbol":"__CFRunLoopServiceMachPort","symbolLocation":160,"imageIndex":9},{"imageOffset":65680,"symbol":"__CFRunLoopRun","symbolLocation":1208,"imageIndex":9},{"imageOffset":72412,"symbol":"CFRunLoopRunSpecific","symbolLocation":572,"imageIndex":9},{"imageOffset":574740,"symbol":"CFRunLoopRun","symbolLocation":64,"imageIndex":9},{"imageOffset":39224,"imageIndex":19},{"imageOffset":481284,"symbol":"__NSThread__start__","symbolLocation":732,"imageIndex":16},{"imageOffset":13124,"symbol":"_pthread_start","symbolLocation":136,"imageIndex":17},{"imageOffset":2744,"symbol":"thread_start","symbolLocation":8,"imageIndex":17}]},{"id":175190,"name":"WFWiFiStateMonitor callback thread","threadState":{"x":[{"value":268451845},{"value":21592279046},{"value":8589934592,"symbolLocation":7164,"symbol":"nrPacketToTLV"},{"value":1063240628961280},{"value":0},{"value":1063240628961280},{"value":2},{"value":4294967295},{"value":0},{"value":0},{"value":2},{"value":0},{"value":0},{"value":247555},{"value":0},{"value":0},{"value":18446744073709551569},{"value":2},{"value":0},{"value":4294967295},{"value":2},{"value":1063240628961280},{"value":0},{"value":1063240628961280},{"value":6183624088},{"value":8589934592,"symbolLocation":7164,"symbol":"nrPacketToTLV"},{"value":21592279046},{"value":18446744073709550527},{"value":8724172800,"symbolLocation":192,"symbol":"CppObjectLocks"}],"flavor":"ARM_THREAD_STATE64","lr":{"value":8291193756},"cpsr":{"value":4096},"fp":{"value":6183623936},"sp":{"value":6183623856},"esr":{"value":1442840704,"description":" Address size fault"},"pc":{"value":8291179748},"far":{"value":0}},"frames":[{"imageOffset":3300,"symbol":"mach_msg2_trap","symbolLocation":8,"imageIndex":8},{"imageOffset":17308,"symbol":"mach_msg2_internal","symbolLocation":76,"imageIndex":8},{"imageOffset":17080,"symbol":"mach_msg_overwrite","symbolLocation":428,"imageIndex":8},{"imageOffset":16640,"symbol":"mach_msg","symbolLocation":24,"imageIndex":8},{"imageOffset":71584,"symbol":"__CFRunLoopServiceMachPort","symbolLocation":160,"imageIndex":9},{"imageOffset":65680,"symbol":"__CFRunLoopRun","symbolLocation":1208,"imageIndex":9},{"imageOffset":72412,"symbol":"CFRunLoopRunSpecific","symbolLocation":572,"imageIndex":9},{"imageOffset":63388,"symbol":"-[NSRunLoop(NSRunLoop) runMode:beforeDate:]","symbolLocation":212,"imageIndex":16},{"imageOffset":82184,"symbol":"-[NSRunLoop(NSRunLoop) run]","symbolLocation":64,"imageIndex":16},{"imageOffset":40432,"symbol":"-[WFWiFiStateMonitor _runManagerCallbackThread]","symbolLocation":192,"imageIndex":20},{"imageOffset":481284,"symbol":"__NSThread__start__","symbolLocation":732,"imageIndex":16},{"imageOffset":13124,"symbol":"_pthread_start","symbolLocation":136,"imageIndex":17},{"imageOffset":2744,"symbol":"thread_start","symbolLocation":8,"imageIndex":17}]},{"id":175191,"name":"WFPersonalHotspotStateMonitor callback thread","threadState":{"x":[{"value":268451845},{"value":21592279046},{"value":8589934592,"symbolLocation":7164,"symbol":"nrPacketToTLV"},{"value":1065439652216832},{"value":0},{"value":1065439652216832},{"value":2},{"value":4294967295},{"value":0},{"value":0},{"value":2},{"value":0},{"value":0},{"value":248067},{"value":0},{"value":0},{"value":18446744073709551569},{"value":2},{"value":0},{"value":4294967295},{"value":2},{"value":1065439652216832},{"value":0},{"value":1065439652216832},{"value":6184197496},{"value":8589934592,"symbolLocation":7164,"symbol":"nrPacketToTLV"},{"value":21592279046},{"value":18446744073709550527},{"value":8724172800,"symbolLocation":192,"symbol":"CppObjectLocks"}],"flavor":"ARM_THREAD_STATE64","lr":{"value":8291193756},"cpsr":{"value":4096},"fp":{"value":6184197344},"sp":{"value":6184197264},"esr":{"value":1442840704,"description":" Address size fault"},"pc":{"value":8291179748},"far":{"value":0}},"frames":[{"imageOffset":3300,"symbol":"mach_msg2_trap","symbolLocation":8,"imageIndex":8},{"imageOffset":17308,"symbol":"mach_msg2_internal","symbolLocation":76,"imageIndex":8},{"imageOffset":17080,"symbol":"mach_msg_overwrite","symbolLocation":428,"imageIndex":8},{"imageOffset":16640,"symbol":"mach_msg","symbolLocation":24,"imageIndex":8},{"imageOffset":71584,"symbol":"__CFRunLoopServiceMachPort","symbolLocation":160,"imageIndex":9},{"imageOffset":65680,"symbol":"__CFRunLoopRun","symbolLocation":1208,"imageIndex":9},{"imageOffset":72412,"symbol":"CFRunLoopRunSpecific","symbolLocation":572,"imageIndex":9},{"imageOffset":63388,"symbol":"-[NSRunLoop(NSRunLoop) runMode:beforeDate:]","symbolLocation":212,"imageIndex":16},{"imageOffset":82184,"symbol":"-[NSRunLoop(NSRunLoop) run]","symbolLocation":64,"imageIndex":16},{"imageOffset":426624,"symbol":"-[WFPersonalHotspotStateMonitor _runManagerCallbackThread]","symbolLocation":352,"imageIndex":20},{"imageOffset":481284,"symbol":"__NSThread__start__","symbolLocation":732,"imageIndex":16},{"imageOffset":13124,"symbol":"_pthread_start","symbolLocation":136,"imageIndex":17},{"imageOffset":2744,"symbol":"thread_start","symbolLocation":8,"imageIndex":17}]},{"id":175227,"frames":[{"imageOffset":3168,"symbol":"semaphore_wait_trap","symbolLocation":8,"imageIndex":8},{"imageOffset":14560,"symbol":"_dispatch_sema4_wait","symbolLocation":28,"imageIndex":21},{"imageOffset":16016,"symbol":"_dispatch_semaphore_wait_slow","symbolLocation":132,"imageIndex":21},{"imageOffset":5963856,"imageIndex":11},{"imageOffset":133072,"imageIndex":11},{"imageOffset":481284,"symbol":"__NSThread__start__","symbolLocation":732,"imageIndex":16},{"imageOffset":13124,"symbol":"_pthread_start","symbolLocation":136,"imageIndex":17},{"imageOffset":2744,"symbol":"thread_start","symbolLocation":8,"imageIndex":17}],"threadState":{"x":[{"value":14},{"value":18446744073709551615},{"value":8724241888,"symbolLocation":0,"symbol":"OBJC_CLASS_$_NSRunLoop"},{"value":8757806448,"symbolLocation":0,"symbol":"_NSConstantDateDistantFuture"},{"value":0},{"value":2},{"value":34359738371},{"value":2},{"value":209155},{"value":18446744073709551615},{"value":9028305200},{"value":15},{"value":7401856},{"value":0},{"value":11370608222829544,"symbolLocation":11370599498645504,"symbol":"OBJC_CLASS_$_OS_dispatch_semaphore"},{"value":8724184040,"symbolLocation":0,"symbol":"OBJC_CLASS_$_OS_dispatch_semaphore"},{"value":18446744073709551580},{"value":8751884696},{"value":0},{"value":23593151088},{"value":23593151024},{"value":18446744073709551615},{"value":8953643008,"objc-selector":""},{"value":8966647808,"objc-selector":"rchiveClassName:"},{"value":0},{"value":0},{"value":0},{"value":0},{"value":0}],"flavor":"ARM_THREAD_STATE64","lr":{"value":7067699424},"cpsr":{"value":1610616832},"fp":{"value":6184774864},"sp":{"value":6184774848},"esr":{"value":1442840704,"description":" Address size fault"},"pc":{"value":8291179616},"far":{"value":0}}},{"triggered":true,"id":194119,"threadState":{"x":[{"value":10771580622965743984,"symbolLocation":10771580616030814300,"symbol":"-[__NSSingleObjectArrayI dealloc]"},{"value":18446744072367374336},{"value":88},{"value":18446726483666796544},{"value":0},{"value":0},{"value":0},{"value":0},{"value":978264717765247030},{"value":978264717765247030},{"value":0},{"value":0},{"value":3064299547536173590},{"value":3064281944612709068},{"value":567296},{"value":2},{"value":10749247909243658592},{"value":32716004593441484},{"value":0},{"value":6166425600},{"value":0},{"value":0},{"value":0},{"value":0},{"value":0},{"value":0},{"value":0},{"value":0},{"value":0}],"flavor":"ARM_THREAD_STATE64","lr":{"value":3827869467753317377},"cpsr":{"value":1610616832},"fp":{"value":6166425568},"sp":{"value":6166425552},"esr":{"value":2315255808,"description":"(PC alignment)"},"pc":{"value":1025,"matchesCrashFrame":1},"far":{"value":1025}},"frames":[{"imageOffset":1025,"imageIndex":14},{"imageOffset":2744,"symbol":"thread_start","symbolLocation":8,"imageIndex":17}]},{"id":211244,"frames":[{"imageOffset":2724,"symbol":"start_wqthread","symbolLocation":0,"imageIndex":17}],"threadState":{"x":[{"value":6166999040},{"value":363471},{"value":6166462464},{"value":0},{"value":409603},{"value":18446744073709551615},{"value":0},{"value":0},{"value":0},{"value":0},{"value":0},{"value":0},{"value":0},{"value":0},{"value":0},{"value":0},{"value":0},{"value":0},{"value":0},{"value":0},{"value":0},{"value":0},{"value":0},{"value":0},{"value":0},{"value":0},{"value":0},{"value":0},{"value":0}],"flavor":"ARM_THREAD_STATE64","lr":{"value":0},"cpsr":{"value":4096},"fp":{"value":0},"sp":{"value":6166999040},"esr":{"value":1442840704,"description":" Address size fault"},"pc":{"value":9253997220},"far":{"value":0}}},{"id":214393,"frames":[{"imageOffset":2724,"symbol":"start_wqthread","symbolLocation":0,"imageIndex":17}],"threadState":{"x":[{"value":6171013120},{"value":275375},{"value":6170476544},{"value":0},{"value":409603},{"value":18446744073709551615},{"value":0},{"value":0},{"value":0},{"value":0},{"value":0},{"value":0},{"value":0},{"value":0},{"value":0},{"value":0},{"value":0},{"value":0},{"value":0},{"value":0},{"value":0},{"value":0},{"value":0},{"value":0},{"value":0},{"value":0},{"value":0},{"value":0},{"value":0}],"flavor":"ARM_THREAD_STATE64","lr":{"value":0},"cpsr":{"value":4096},"fp":{"value":0},"sp":{"value":6171013120},"esr":{"value":1442840704,"description":" Address size fault"},"pc":{"value":9253997220},"far":{"value":0}}},{"id":227066,"frames":[{"imageOffset":2724,"symbol":"start_wqthread","symbolLocation":0,"imageIndex":17}],"threadState":{"x":[{"value":6167572480},{"value":514111},{"value":6167035904},{"value":0},{"value":409603},{"value":18446744073709551615},{"value":0},{"value":0},{"value":0},{"value":0},{"value":0},{"value":0},{"value":0},{"value":0},{"value":0},{"value":0},{"value":0},{"value":0},{"value":0},{"value":0},{"value":0},{"value":0},{"value":0},{"value":0},{"value":0},{"value":0},{"value":0},{"value":0},{"value":0}],"flavor":"ARM_THREAD_STATE64","lr":{"value":0},"cpsr":{"value":4096},"fp":{"value":0},"sp":{"value":6167572480},"esr":{"value":1442840704,"description":" Address size fault"},"pc":{"value":9253997220},"far":{"value":0}}},{"id":250036,"frames":[{"imageOffset":2724,"symbol":"start_wqthread","symbolLocation":0,"imageIndex":17}],"threadState":{"x":[{"value":6168145920},{"value":216359},{"value":6167609344},{"value":0},{"value":409603},{"value":18446744073709551615},{"value":0},{"value":0},{"value":0},{"value":0},{"value":0},{"value":0},{"value":0},{"value":0},{"value":0},{"value":0},{"value":0},{"value":0},{"value":0},{"value":0},{"value":0},{"value":0},{"value":0},{"value":0},{"value":0},{"value":0},{"value":0},{"value":0},{"value":0}],"flavor":"ARM_THREAD_STATE64","lr":{"value":0},"cpsr":{"value":4096},"fp":{"value":0},"sp":{"value":6168145920},"esr":{"value":1442840704,"description":" Address size fault"},"pc":{"value":9253997220},"far":{"value":0}}},{"id":250037,"frames":[{"imageOffset":2724,"symbol":"start_wqthread","symbolLocation":0,"imageIndex":17}],"threadState":{"x":[{"value":6168719360},{"value":0},{"value":6168182784},{"value":0},{"value":278532},{"value":18446744073709551615},{"value":0},{"value":0},{"value":0},{"value":0},{"value":0},{"value":0},{"value":0},{"value":0},{"value":0},{"value":0},{"value":0},{"value":0},{"value":0},{"value":0},{"value":0},{"value":0},{"value":0},{"value":0},{"value":0},{"value":0},{"value":0},{"value":0},{"value":0}],"flavor":"ARM_THREAD_STATE64","lr":{"value":0},"cpsr":{"value":4096},"fp":{"value":0},"sp":{"value":6168719360},"esr":{"value":0,"description":" Address size fault"},"pc":{"value":9253997220},"far":{"value":0}}}],
  "usedImages" : [
  {
    "source" : "P",
    "arch" : "arm64e",
    "base" : 4301012992,
    "size" : 16384,
    "uuid" : "1d42efc8-322d-3af8-b4c9-32eae2706b3e",
    "path" : "\/System\/Library\/CoreServices\/SpringBoard.app\/SpringBoard",
    "name" : "SpringBoard"
  },
  {
    "source" : "P",
    "arch" : "arm64e",
    "base" : 4312039424,
    "size" : 49152,
    "uuid" : "def9fca0-6da1-3327-9690-3b879ffc755c",
    "path" : "\/private\/preboot\/Cryptexes\/OS\/usr\/lib\/libobjc-trampolines.dylib",
    "name" : "libobjc-trampolines.dylib"
  },
  {
    "source" : "P",
    "arch" : "arm64e",
    "base" : 4313546752,
    "size" : 163840,
    "uuid" : "4cf614ce-504b-3cd9-be48-c6812462ac80",
    "path" : "\/System\/Library\/AccessibilityBundles\/GAXSpringboardServer.bundle\/GAXSpringboardServer",
    "name" : "GAXSpringboardServer"
  },
  {
    "source" : "P",
    "arch" : "arm64e",
    "base" : 4317233152,
    "size" : 49152,
    "uuid" : "6342e211-5949-3ad0-9d26-5d85979e3c1a",
    "path" : "\/System\/Library\/ControlCenter\/Bundles\/FocusUIModule.bundle\/FocusUIModule",
    "name" : "FocusUIModule"
  },
  {
    "source" : "P",
    "arch" : "arm64e",
    "base" : 4317347840,
    "size" : 114688,
    "uuid" : "fbfb1f99-0468-3ecc-8363-767b974a1eae",
    "path" : "\/System\/Library\/ControlCenter\/Bundles\/ReplayKitModule.bundle\/ReplayKitModule",
    "name" : "ReplayKitModule"
  },
  {
    "source" : "P",
    "arch" : "arm64e",
    "base" : 4328062976,
    "size" : 163840,
    "uuid" : "1d9c436c-3cbe-3314-93c9-a7d16ddccdd2",
    "path" : "\/System\/Library\/ControlCenter\/Bundles\/AudioConferenceControlCenterModule.bundle\/AudioConferenceControlCenterModule",
    "name" : "AudioConferenceControlCenterModule"
  },
  {
    "source" : "P",
    "arch" : "arm64e",
    "base" : 4328325120,
    "size" : 425984,
    "uuid" : "88c58c62-b20c-3306-92a2-c5b045a964cf",
    "path" : "\/System\/Library\/ControlCenter\/Bundles\/VideoConferenceControlCenterModule.bundle\/VideoConferenceControlCenterModule",
    "name" : "VideoConferenceControlCenterModule"
  },
  {
    "source" : "P",
    "arch" : "arm64e",
    "base" : 4316987392,
    "size" : 98304,
    "uuid" : "44d458a3-375a-368f-a858-8ed1a54f4150",
    "path" : "\/System\/Library\/SpringBoardPlugins\/StoreDemoPlugin.servicebundle\/StoreDemoPlugin",
    "name" : "StoreDemoPlugin"
  },
  {
    "source" : "P",
    "arch" : "arm64e",
    "base" : 8291176448,
    "size" : 237248,
    "uuid" : "a9a7ecbd-24dd-37e6-bb23-ecbfd9a87e33",
    "path" : "\/usr\/lib\/system\/libsystem_kernel.dylib",
    "name" : "libsystem_kernel.dylib"
  },
  {
    "source" : "P",
    "arch" : "arm64e",
    "base" : 6933880832,
    "size" : 5754880,
    "uuid" : "ae3c9338-0166-397a-9643-356b14f6ee58",
    "path" : "\/System\/Library\/Frameworks\/CoreFoundation.framework\/CoreFoundation",
    "name" : "CoreFoundation"
  },
  {
    "source" : "P",
    "arch" : "arm64e",
    "base" : 8223850496,
    "size" : 35968,
    "uuid" : "d372e13f-7505-3add-ae13-062656f0b1f6",
    "path" : "\/System\/Library\/PrivateFrameworks\/GraphicsServices.framework\/GraphicsServices",
    "name" : "GraphicsServices"
  },
  {
    "source" : "P",
    "arch" : "arm64e",
    "base" : 6976864256,
    "size" : 32777568,
    "uuid" : "5e794caa-4162-3ff6-861e-45f29f6b8ac0",
    "path" : "\/System\/Library\/PrivateFrameworks\/UIKitCore.framework\/UIKitCore",
    "name" : "UIKitCore"
  },
  {
    "source" : "P",
    "arch" : "arm64e",
    "base" : 8370241536,
    "size" : 15270720,
    "uuid" : "e6fdffb9-b614-38e1-a511-2714161b5cb9",
    "path" : "\/System\/Library\/PrivateFrameworks\/SpringBoard.framework\/SpringBoard",
    "name" : "SpringBoard"
  },
  {
    "source" : "P",
    "arch" : "arm64e",
    "base" : 7582314496,
    "size" : 632956,
    "uuid" : "cd2e758d-e1a2-3b92-aae7-75d38f66ec54",
    "path" : "\/usr\/lib\/dyld",
    "name" : "dyld"
  },
  {
    "size" : 0,
    "source" : "A",
    "base" : 0,
    "uuid" : "00000000-0000-0000-0000-000000000000"
  },
  {
    "source" : "P",
    "arch" : "arm64e",
    "base" : 8589606912,
    "size" : 533184,
    "uuid" : "db2064d0-8ebe-3ec4-b590-66c876b04e1a",
    "path" : "\/System\/Library\/PrivateFrameworks\/NetworkRelay.framework\/NetworkRelay",
    "name" : "NetworkRelay"
  },
  {
    "source" : "P",
    "arch" : "arm64e",
    "base" : 6913404928,
    "size" : 13058144,
    "uuid" : "c031896b-2ef1-3d89-966a-0b52d54bceee",
    "path" : "\/System\/Library\/Frameworks\/Foundation.framework\/Foundation",
    "name" : "Foundation"
  },
  {
    "source" : "P",
    "arch" : "arm64e",
    "base" : 9253994496,
    "size" : 50164,
    "uuid" : "1ee19220-0859-3cbc-bdeb-df37ca2e8e4f",
    "path" : "\/usr\/lib\/system\/libsystem_pthread.dylib",
    "name" : "libsystem_pthread.dylib"
  },
  {
    "source" : "P",
    "arch" : "arm64e",
    "base" : 7160217600,
    "size" : 4316032,
    "uuid" : "f9beb9ab-eb78-3fbc-9de2-46bed35cd59e",
    "path" : "\/System\/Library\/Frameworks\/CoreMotion.framework\/CoreMotion",
    "name" : "CoreMotion"
  },
  {
    "source" : "P",
    "arch" : "arm64e",
    "base" : 7489273856,
    "size" : 104992,
    "uuid" : "c3b4919f-84d8-3b4a-9af0-a8e474efd811",
    "path" : "\/System\/Library\/PrivateFrameworks\/CommonUtilities.framework\/CommonUtilities",
    "name" : "CommonUtilities"
  },
  {
    "source" : "P",
    "arch" : "arm64e",
    "base" : 9665499136,
    "size" : 935456,
    "uuid" : "31cf2eec-1ab2-3d48-9140-3d7da8e14dcc",
    "path" : "\/System\/Library\/PrivateFrameworks\/WiFiKit.framework\/WiFiKit",
    "name" : "WiFiKit"
  },
  {
    "source" : "P",
    "arch" : "arm64e",
    "base" : 7067684864,
    "size" : 285504,
    "uuid" : "b62778f7-5827-3a7b-a96d-a24f7be95416",
    "path" : "\/usr\/lib\/system\/libdispatch.dylib",
    "name" : "libdispatch.dylib"
  }
],
  "sharedCache" : {
  "base" : 6888243200,
  "size" : 4388487168,
  "uuid" : "b23c8907-6187-3f92-a5e1-552c2d0aeb73"
},
  "vmSummary" : "ReadOnly portion of Libraries: Total=1.9G resident=0K(0%) swapped_out_or_unallocated=1.9G(100%)\nWritable regions: Total=151.6M written=1955K(1%) resident=643K(0%) swapped_out=1360K(1%) unallocated=149.6M(99%)\n\n                                VIRTUAL   REGION \nREGION TYPE                        SIZE    COUNT (non-coalesced) \n===========                     =======  ======= \nAccelerate framework               128K        1 \nActivity Tracing                   256K        1 \nAttributeGraph Data               1024K        1 \nAudio                               64K        1 \nCG image                           416K       10 \nCG raster data                    4832K      122 \nColorSync                          560K       29 \nCoreAnimation                     7008K      296 \nCoreUI image data                  160K        1 \nFoundation                         112K        2 \nImage IO                          16.7M       36 \nKernel Alloc Once                   32K        1 \nMALLOC                           116.9M       37 \nMALLOC guard page                   32K        2 \nSQLite page cache                 1536K       12 \nSTACK GUARD                        224K       14 \nStack                             8080K       14 \nVM_ALLOCATE                        736K       10 \n__AUTH                            10.0M      955 \n__AUTH_CONST                     125.8M     1529 \n__CTF                               824        1 \n__DATA                            50.0M     1482 \n__DATA_CONST                      39.6M     1545 \n__DATA_DIRTY                      13.6M     1358 \n__FONT_DATA                       1482K        2 \n__HIB                             1368K        1 \n__INFO_FILTER                         8        1 \n__LINKEDIT                       178.1M        9 \n__LLVM_COV                         178K        4 \n__OBJC_RO                         81.1M        1 \n__OBJC_RW                         2991K        1 \n__TEXT                             1.7G     1558 \n__TPRO_CONST                       128K        2 \ndyld private memory                160K        2 \nmapped file                      637.6M      297 \npage table in kernel               643K        1 \nshared memory                      144K        8 \n===========                     =======  ======= \nTOTAL                              3.0G     9347 \n",
  "legacyInfo" : {
  "threadTriggered" : {

  }
},
  "logWritingSignature" : "a618423d3c20ed5dc3a7ea9780e34c9dafd71c72",
  "trialInfo" : {
  "rollouts" : [
    {
      "rolloutId" : "60da5e84ab0ca017dace9abf",
      "factorPackIds" : {

      },
      "deploymentId" : 240000008
    },
    {
      "rolloutId" : "645197bf528fbf3c3af54105",
      "factorPackIds" : {
        "SIRI_VALUE_INFERENCE_PERVASIVE_ENTITY_RESOLUTION" : "663e65b4a1526e1ca0e288a1"
      },
      "deploymentId" : 240000002
    }
  ],
  "experiments" : [

  ]
}
}

