==== rein.log session ====
00:34:25.399  [ReinBridge] stage: 正在准备启动
00:34:25.414  [ReinBridge] stage: 正在准备系统数据
00:34:25.415  [ReinBridge] running DarkSword chain off-main-thread
00:34:25.528  [ReinBridge] stage: 正在初始化 DarkSword
00:34:25.535  [ReinBridge] starting darksword
00:34:25.535  [ReinBridge] offsets: inpcb.icmp6filt=0x148 socket.usecount=0x254 socket.proto=0x20 protosw.input=0x28
00:34:25.535  [ReinBridge] device: iPhone13,4
00:34:25.535  [ReinBridge] ispac: yes
00:34:25.535  [ReinBridge] running on non-a18 device
00:34:25.536  [ReinBridge] read_fd: 0x8
00:34:25.536  [ReinBridge] write_fd: 0x9
00:34:25.537  [ReinBridge] executable_path:       /private/var/containers/Bundle/Application/BD897997-D80B-4BCF-BF39-3970778393B0/Rein.app/Rein
00:34:25.537  [ReinBridge] host_executable_path:  /private/var/containers/Bundle/Application/BD897997-D80B-4BCF-BF39-3970778393B0/Rein.app/Rein
00:34:25.537  [ReinBridge] guest_executable_name: Rein
00:34:25.537  [ReinBridge] host_executable_name:  Rein
00:34:25.537  [ReinBridge] kernel_process_name:   Rein
00:34:25.537  [ReinBridge] livecontainer_bundle:  no
00:34:25.537  [ReinBridge] livecontainer_guest:   no
00:34:25.538  [ReinBridge] rehosted_process:      no
00:34:25.538  [ReinBridge] process_marker 0: Rein
00:34:25.538  [ReinBridge] executable_name: Rein
00:34:25.538  [ReinBridge] free_thread_arg: 0x10e72c000
00:34:25.539  [ReinBridge] physical_mapping_address: 0x10e3e4000
00:34:25.539  [ReinBridge] pc_object: 0x9903
00:34:25.539  [ReinBridge] pc_address: 0x44ff44000
00:34:25.701  [ReinBridge] spraying 22528 sockets...
00:34:25.795  [ReinBridge] socket_ports_count: 0x5800
00:34:25.795  [ReinBridge] start_pcb_id: 0xafff4
00:34:25.795  [ReinBridge] end_pcb_id: 0xbaff2
00:34:25.796  [ReinBridge] looking in search mapping: 0 / 8
00:34:26.364  [ReinBridge] matched PCB via process marker: Rein
00:34:26.364  [ReinBridge] pcb_start_offset: 0x0
00:34:26.364  [ReinBridge] target_inp_gencnt: 0xb124e
00:34:26.365  [ReinBridge] inp_list_next_pointer: 0xffffffede4640400
00:34:26.365  [ReinBridge] icmp6filter: 0xffffffeffef397a0
00:34:26.365  [ReinBridge] corrupting icmp6filter pointer...
00:34:26.365  [ReinBridge] corrupt attempt 0: write target=0x404248 value=0xffffffede4640548
00:34:26.368  [ReinBridge] corrupt attempt 0: write returned
00:34:26.382  [ReinBridge] corrupt attempt 0: read new_icmp6filter=0xffffffede4640548
00:34:26.382  [ReinBridge] target corrupted: 0xffffffede4640548
00:34:26.383  [ReinBridge] found control_socket at idx: 0x92d
00:34:26.413  [ReinBridge] highest_success_idx: 495
00:34:26.413  [ReinBridge] success_read_count: 47
00:34:26.413  [ReinBridge] walking kernel structures...
00:34:26.413  [ReinBridge] control_socket_pcb: 0xffffffede4640000
00:34:26.414  [ReinBridge] pcbinfo_pointer: 0xfffffff0240f3d80
00:34:26.414  [ReinBridge] ipi_zone: 0xfffffff02154f800
00:34:26.414  [ReinBridge] zv_name: 0xfffffff020b0f30b
00:34:26.414  [ReinBridge] searching for kernel mach-o header from 0xfffffff020b0c000...
00:34:26.414  [ReinBridge] candidate mach-o at 0xfffffff020aa0000: filetype=2 cpuinfo=0x2c0000002 (iter=27)
00:34:26.414  [ReinBridge] candidate mach-o at 0xfffffff020a98000: filetype=12 cpuinfo=0xc00000002 (iter=29)
00:34:26.414  [ReinBridge] found mh_fileset header at 0xfffffff020a98000
00:34:26.414  [ReinBridge] t1sz_boot: 0xffffffffffffffff
00:34:26.414  [ReinBridge] kernel_base:  0xfffffff020a98000
00:34:26.414  [ReinBridge] kernel_slide: 0x19a94000
00:34:26.414  [ReinBridge] krw leak: control_socket_pcb=0xffffffede4640000 rw_socket_pcb=0xffffffede4640400
00:34:26.415  [ReinBridge] krw leak: control_socket_addr=0xffffffeeca20ccb0 rw_socket_addr=0xffffffeeca20d088
00:34:26.415  [ReinBridge] krw leak: control_socket_so_count=0x1 rw_socket_so_count=0x2
00:34:26.415  [ReinBridge] kernel r/w is ready!
00:34:26.416  [ReinBridge] our_proc: 0xffffffec19172490
00:34:26.416  [ReinBridge] our_task: 0xffffffec19172bd0
00:34:26.416  [ReinBridge] stage: DarkSword 初始化完成
00:34:26.416  [ReinBridge] DarkSword ready
00:34:26.416  [ReinBridge] stage: DarkSword 内核就绪
00:34:27.413  [ReinBridge] stage: 正在定位 SpringBoard
00:34:27.417  [ReinBridge] SpringBoard proc=0xffffffec18d716d8 self=0xffffffec19172490 — starting RemoteCall
00:34:27.417  [ReinBridge] stage: 正在连接 SpringBoard
00:34:27.418  [RemoteCall] (rc) RemoteCall init [20260907-k] process=SpringBoard
00:34:27.429  [RemoteCall] (exc) excport=0x58f72f qlimit set kr=0, readback kr=0 qlimit=1024 [20260907-k]
00:34:27.430  [RemoteCall] (exc) excport=0x58f90f qlimit set kr=0, readback kr=0 qlimit=1024 [20260907-k]
00:34:29.154  [RemoteCall] (exc) excport=0x58fb0f qlimit set kr=0, readback kr=0 qlimit=1024 [20260907-k]
00:34:29.156  [RemoteCall] (exc) excport=0x56f307 qlimit set kr=0, readback kr=0 qlimit=1024 [20260907-k]
00:34:29.585  [ReinBridge] stage: RemoteCall 已连接
00:34:29.586  [ReinBridge] RemoteCall active (SpringBoard pid=855)
00:34:31.652  [ReinBridge] stage: 游戏进程已找到（pid 1370）
00:34:33.355  [PE] === start (build 20260907-k, exc-port probe) ===（Console.app 过滤 subsystem: com.rein.peaceesp）
00:34:33.356  [PE] page_size=16384 shift=14
00:34:33.357  [PE] 内核基址=0xfffffff020a98000 VM_MIN_KERNEL_ADDRESS=0xffffffdc00000000 VM_MAX_KERNEL_ADDRESS=0xfffffffbffffffff
00:34:33.358  [PE] proc=0xffffffec1915c488
00:34:33.358  [PE] vm_map=0xffffffea0000ab60 (off_task_map=0x28)
00:34:33.359  [PE] vm_map 窗口内候选条目 64 个
00:34:33.360  [PE]   entry[0] [0x1027f8000,0x105dd4000) size=55152KB
00:34:33.360  [PE]   entry[1] [0x105dd4000,0x105dd8000) size=16KB
00:34:33.360  [PE]   entry[2] [0x105dd8000,0x110538000) size=171392KB
00:34:33.360  [PE]   entry[3] [0x110538000,0x110540000) size=32KB
00:34:33.360  [PE]   entry[4] [0x110540000,0x1138a0000) size=52608KB
00:34:33.361  [PE]   entry[5] [0x1138a0000,0x1148d8000) size=16608KB
00:34:33.361  [PE]   entry[6] [0x1148d8000,0x1154d0000) size=12256KB
00:34:33.361  [PE]   entry[7] [0x1154d0000,0x11569c000) size=1840KB
00:34:33.361  [PE]   entry[8] [0x11569c000,0x1156a4000) size=32KB
00:34:33.361  [PE]   entry[9] [0x1156a4000,0x1156a8000) size=16KB
00:34:33.362  [PE]   entry[10] [0x1156a8000,0x1156b4000) size=48KB
00:34:33.362  [PE]   entry[11] [0x1156b4000,0x1156cc000) size=96KB
00:34:33.362  [PE]   entry[12] [0x1156cc000,0x1156d0000) size=16KB
00:34:33.362  [PE]   entry[13] [0x1156d0000,0x115714000) size=272KB
00:34:33.362  [PE]   entry[14] [0x115714000,0x115720000) size=48KB
00:34:33.363  [PE]   entry[15] [0x115720000,0x115724000) size=16KB
00:34:33.363  [PE]   entry[16] [0x115724000,0x115740000) size=112KB
00:34:33.363  [PE]   entry[17] [0x115740000,0x11574c000) size=48KB
00:34:33.363  [PE]   entry[18] [0x11574c000,0x115750000) size=16KB
00:34:33.363  [PE]   entry[19] [0x115750000,0x115760000) size=64KB
00:34:33.364  [PE]   entry[20] [0x115760000,0x115778000) size=96KB
00:34:33.364  [PE]   entry[21] [0x115778000,0x115788000) size=64KB
00:34:33.364  [PE]   entry[22] [0x115788000,0x11578c000) size=16KB
00:34:33.364  [PE]   entry[23] [0x11578c000,0x115798000) size=48KB
00:34:33.364  [PE]   entry[24] [0x115798000,0x1157a0000) size=32KB
00:34:33.365  [PE]   entry[25] [0x1157a0000,0x1157a4000) size=16KB
00:34:33.365  [PE]   entry[26] [0x1157a4000,0x115840000) size=624KB
00:34:33.365  [PE]   entry[27] [0x115840000,0x115848000) size=32KB
00:34:33.365  [PE]   entry[28] [0x115848000,0x11584c000) size=16KB
00:34:33.365  [PE]   entry[29] [0x11584c000,0x115850000) size=16KB
00:34:33.365  [PE]   entry[30] [0x115850000,0x115874000) size=144KB
00:34:33.366  [PE]   entry[31] [0x115874000,0x1158dc000) size=416KB
00:34:33.366  [PE]   entry[32] [0x1158dc000,0x1159d4000) size=992KB
00:34:33.366  [PE]   entry[33] [0x1159d4000,0x1159d8000) size=16KB
00:34:33.366  [PE]   entry[34] [0x1159d8000,0x115a1c000) size=272KB
00:34:33.366  [PE]   entry[35] [0x115a1c000,0x115acc000) size=704KB
00:34:33.366  [PE]   entry[36] [0x115acc000,0x116e3c000) size=19904KB
00:34:33.366  [PE]   entry[37] [0x116e3c000,0x116e40000) size=16KB
00:34:33.367  [PE]   entry[38] [0x116e40000,0x116ec0000) size=512KB
00:34:33.367  [PE]   entry[39] [0x116ec0000,0x116ecc000) size=48KB
00:34:33.367  [PE]   entry[40] [0x116ecc000,0x116f98000) size=816KB
00:34:33.367  [PE]   entry[41] [0x116f98000,0x117040000) size=672KB
00:34:33.367  [PE]   entry[42] [0x117040000,0x117044000) size=16KB
00:34:33.367  [PE]   entry[43] [0x117044000,0x117050000) size=48KB
00:34:33.368  [PE]   entry[44] [0x117050000,0x117180000) size=1216KB
00:34:33.368  [PE]   entry[45] [0x117180000,0x117434000) size=2768KB
00:34:33.368  [PE]   entry[46] [0x117434000,0x117438000) size=16KB
00:34:33.368  [PE]   entry[47] [0x117438000,0x117450000) size=96KB
00:34:33.368  [PE]   entry[48] [0x117450000,0x117460000) size=64KB
00:34:33.368  [PE]   entry[49] [0x117460000,0x117484000) size=144KB
00:34:33.369  [PE]   entry[50] [0x117484000,0x117804000) size=3584KB
00:34:33.369  [PE]   entry[51] [0x117804000,0x117808000) size=16KB
00:34:33.369  [PE]   entry[52] [0x117808000,0x117824000) size=112KB
00:34:33.369  [PE]   entry[53] [0x117824000,0x117ab8000) size=2640KB
00:34:33.369  [PE]   entry[54] [0x117ab8000,0x117b60000) size=672KB
00:34:33.369  [PE]   entry[55] [0x117b60000,0x117b68000) size=32KB
00:34:33.369  [PE]   entry[56] [0x117b68000,0x117b6c000) size=16KB
00:34:33.370  [PE]   entry[57] [0x117b6c000,0x117bbc000) size=320KB
00:34:33.370  [PE]   entry[58] [0x117bbc000,0x117ed0000) size=3152KB
00:34:33.370  [PE]   entry[59] [0x117ed0000,0x117f1c000) size=304KB
00:34:33.370  [PE]   entry[60] [0x117f1c000,0x1180a0000) size=1552KB
00:34:33.370  [PE]   entry[61] [0x1180a0000,0x118278000) size=1888KB
00:34:33.370  [PE]   entry[62] [0x118278000,0x1185fc000) size=3600KB
00:34:33.371  [PE]   entry[63] [0x1185fc000,0x118600000) size=16KB
00:34:33.435  [PE] base=0x1027f8000（entry [0x1027f8000,0x105dd4000) size=55152KB；GWorld=0x300079960 +0xc0=0x17a390000 双重校验通过）
00:34:33.436  [PE] GWorld=0x300079960
00:34:33.436  [PE] screen 926x428（横屏；原始 bounds=926x428）
00:34:34.550  [PE] 持久化 invocation 360 个（label 随 box autoresize，运行期零对象创建/销毁）
00:34:34.553  [PE] overlay 926x428 60 slots
00:34:34.553  [PE] running
00:34:34.655  [PE] 自身坐标：pawn=0x12a284000 loc=(355751.2, 465806.0, 2246.7) [Root+0x200]
00:34:34.684  [PE] 相机就绪：loc=(355853.1,465617.4,2392.2) rot=(-14.6,125.1,-0.0) fov=90.0 [POV@相机+0x650]
00:34:34.803  [PE] Actor坐标：0x13bcdd2a0 -> (403200.0, 403200.0, -79192.5) [+0x200]
00:34:34.908  [PE] Actor坐标：0x13bcd9fa0 -> (345882.6, 474902.9, 2876.8) [+0x200]
00:34:34.908  [PE] Actor坐标：0x13bcd8c80 -> (353732.6, 468883.2, 2095.4) [+0x200]
00:34:35.058  [PE] Actor坐标指针异常：actor=0x1439c1fe0 +0x260 -> 0x0
00:34:35.109  [PE] Actor坐标指针异常：actor=0x120087300 +0x260 -> 0x0
00:34:37.655  [PE] Actor坐标指针异常：actor=0x1704212a0 +0x260 -> 0x0
00:34:39.326  [PE] 帧数据：敌人数=52 my=(355751,465806,2247) cam=(355853,465617,2392) rot=(-15,125,-0) fov=90（敌人数 0 且无报错 = Actor 过滤全灭，偏移可疑）
[PT] tick 0 enemies=52
[PT] bx0 frame A 359,68 3x7
[PT] bx0 frame I
[PT] bx0 show A
[PT] nm0 text A BOT
[PT] nm0 text I
[PT] nm0 show A
[PT] ds0 text A 134m
[PT] ds0 text I
[PT] ds0 show A
[PT] bx1 frame A 476,109 9x22
[PT] bx1 frame I
[PT] bx1 show A
[PT] nm1 text A BOT
[PT] nm1 text I
[PT] nm1 show A
[PT] ds1 text A 37m
[PT] ds1 text I
[PT] ds1 show A
[PT] bx2 frame A 449,101 2x5
[PT] bx2 frame I
[PT] bx2 show A
[PT] nm2 text A BOT
[PT] nm2 text I
[PT] nm2 show A
[PT] ds2 text A 168m
[PT] ds2 text I
[PT] ds2 show A
[PT] bx3 frame A 550,97 7x17
[PT] bx3 frame I
[PT] bx3 show A
[PT] nm3 text A Player
[PT] nm3 text I
[PT] nm3 show A
[PT] ds3 text A 50m
[PT] ds3 text I
[PT] ds3 show A
[PT] bx4 frame A 533,97 7x16
[PT] bx4 frame I
[PT] bx4 show A
[PT] nm4 text A Player
[PT] nm4 text I
[PT] nm4 show A
[PT] ds4 text A 51m
[PT] ds4 text I
[PT] ds4 show A
[PT] bx5 frame A 517,97 6x16
[PT] bx5 frame I
[PT] bx5 show A
[PT] nm5 text A Player
[PT] nm5 text I
[PT] nm5 show A
[PT] ds5 text A 52m
[PT] ds5 text I
[PT] ds5 show A
[PT] bx6 frame A 487,97 6x15
[PT] bx6 frame I
[PT] bx6 show A
[PT] nm6 text A Player
[PT] nm6 text I
[PT] nm6 show A
[PT] ds6 text A 54m
[PT] ds6 text I
[PT] ds6 show A
[PT] bx7 frame A 478,97 6x14
[PT] bx7 frame I
[PT] bx7 show A
[PT] nm7 text A Player
[PT] nm7 text I
[PT] nm7 show A
[PT] ds7 text A 59m
[PT] ds7 text I
[PT] ds7 show A
[PT] bx8 frame A 486,97 5x14
[PT] bx8 frame I
[PT] bx8 show A
[PT] nm8 text A Player
[PT] nm8 text I
[PT] nm8 show A
[PT] ds8 text A 61m
[PT] ds8 text I
[PT] ds8 show A
[PT] bx9 frame A 480,118 58x146
[PT] bx9 frame I
[PT] bx9 show A
[PT] nm9 text A BOT
[PT] nm9 text I
[PT] nm9 show A
[PT] ds9 text A 3m
[PT] ds9 text I
[PT] ds9 show A
[PT] bx10 frame A 301,93 23x56
[PT] bx10 frame I
[PT] bx10 show A
[PT] nm10 text A Player
[PT] nm10 text I
[PT] nm10 show A
[PT] ds10 text A 14m
[PT] ds10 text I
[PT] ds10 show A
[PT] bx11 frame A 347,105 8x19
[PT] bx11 frame I
[PT] bx11 show A
[PT] nm11 text A Player
[PT] nm11 text I
[PT] nm11 show A
[PT] ds11 text A 44m
[PT] ds11 text I
[PT] ds11 show A
[PT] bx12 frame A 372,75 2x6
[PT] bx12 frame I
[PT] bx12 show A
[PT] nm12 text A Player
[PT] nm12 text I
[PT] nm12 show A
[PT] ds12 text A 147m
[PT] ds12 text I
[PT] ds12 show A
[PT] bx13 frame A 148,83 24x61
[PT] bx13 frame I
[PT] bx13 show A
[PT] nm13 text A Player
[PT] nm13 text I
[PT] nm13 show A
[PT] ds13 text A 15m
[PT] ds13 text I
[PT] ds13 show A
[PT] bx14 frame A 285,99 6x14
[PT] bx14 frame I
[PT] bx14 show A
[PT] nm14 text A Player
[PT] nm14 text I
[PT] nm14 show A
[PT] ds14 text A 64m
[PT] ds14 text I
[PT] ds14 show A
[PT] bx15 frame A 281,99 6x14
[PT] bx15 frame I
[PT] bx15 show A
[PT] nm15 text A Player
[PT] nm15 text I
[PT] nm15 show A
[PT] ds15 text A 64m
[PT] ds15 text I
[PT] ds15 show A
[PT] bx16 frame A 169,14 45x113
[PT] bx16 frame I
[PT] bx16 show A
[PT] nm16 text A Player
[PT] nm16 text I
[PT] nm16 show A
[PT] ds16 text A 7m
[PT] ds16 text I
[PT] ds16 show A
[PT] bx17 frame A 325,44 38x94
[PT] bx17 frame I
[PT] bx17 show A
[PT] nm17 text A Player
[PT] nm17 text I
[PT] nm17 show A
[PT] ds17 text A 8m
[PT] ds17 text I
[PT] ds17 show A
[PT] bx18 frame A 206,92 13x33
[PT] bx18 frame I
[PT] bx18 show A
[PT] nm18 text A Player
[PT] nm18 text I
[PT] nm18 show A
[PT] ds18 text A 27m
[PT] ds18 text I
[PT] ds18 show A
[PT] bx19 frame A 289,37 41x102
[PT] bx19 frame I
[PT] bx19 show A
[PT] nm19 text A Player
[PT] nm19 text I
[PT] nm19 show A
[PT] ds19 text A 7m
[PT] ds19 text I
[PT] ds19 show A
[PT] bx20 frame A 229,98 11x28
[PT] bx20 frame I
[PT] bx20 show A
[PT] nm20 text A Player
[PT] nm20 text I
[PT] nm20 show A
[PT] ds20 text A 32m
[PT] ds20 text I
[PT] ds20 show A
[PT] bx21 frame A 300,85 15x36
[PT] bx21 frame I
[PT] bx21 show A
[PT] nm21 text A Player
[PT] nm21 text I
[PT] nm21 show A
[PT] ds21 text A 23m
[PT] ds21 text I
[PT] ds21 show A
[PT] bx22 frame A 226,15 44x110
[PT] bx22 frame I
[PT] bx22 show A
[PT] nm22 text A Player
[PT] nm22 text I
[PT] nm22 show A
[PT] ds22 text A 7m
[PT] ds22 text I
[PT] ds22 show A
[PT] bx23 frame A 562,99 12x30
[PT] bx23 frame I
[PT] bx23 show A
[PT] nm23 text A Player
[PT] nm23 text I
[PT] nm23 show A
[PT] ds23 text A 27m
[PT] ds23 text I
[PT] ds23 show A
[PT] bx24 frame A 168,60 38x95
[PT] bx24 frame I
[PT] bx24 show A
[PT] nm24 text A Player
[PT] nm24 text I
[PT] nm24 show A
[PT] ds24 text A 9m
[PT] ds24 text I
[PT] ds24 show A
[PT] bx25 frame A 678,99 12x30
[PT] bx25 frame I
[PT] bx25 show A
[PT] nm25 text A Player
[PT] nm25 text I
[PT] nm25 show A
[PT] ds25 text A 29m
[PT] ds25 text I
[PT] ds25 show A
[PT] bx26 frame A 412,83 24x61
[PT] bx26 frame I
[PT] bx26 show A
[PT] nm26 text A Player
[PT] nm26 text I
[PT] nm26 show A
[PT] ds26 text A 12m
[PT] ds26 text I
[PT] ds26 show A
[PT] bx27 frame A 752,99 13x33
[PT] bx27 frame I
[PT] bx27 show A
[PT] nm27 text A Player
[PT] nm27 text I
[PT] nm27 show A
[PT] ds27 text A 29m
[PT] ds27 text I
[PT] ds27 show A
[PT] bx28 frame A 476,109 9x22
[PT] bx28 frame I
[PT] bx28 show A
[PT] nm28 text A BOT
[PT] nm28 text I
[PT] nm28 show A
[PT] ds28 text A 37m
[PT] ds28 text I
[PT] ds28 show A
[PT] bx29 frame A 543,95 7x17
[PT] bx29 frame I
[PT] bx29 show A
[PT] nm29 text A Player
[PT] nm29 text I
[PT] nm29 show A
[PT] ds29 text A 49m
[PT] ds29 text I
[PT] ds29 show A
[PT] bx30 frame A 38,103 6x14
[PT] bx30 frame I
[PT] bx30 show A
[PT] nm30 text A BOT
[PT] nm30 text I
[PT] nm30 show A
[PT] ds30 text A 79m
[PT] ds30 text I
[PT] ds30 show A
[PT] bx31 frame A 751,89 6x15
[PT] bx31 frame I
[PT] bx31 show A
[PT] nm31 text A Player
[PT] nm31 text I
[PT] nm31 show A
[PT] ds31 text A 64m
[PT] ds31 text I
[PT] ds31 show A
00:34:39.416  [PE] 绘制诊断：actors=52 w2s=41 onscreen=32 visibleViews=32
00:34:39.472  [PE] 帧数据：敌人数=52 my=(355751,465806,2247) cam=(355853,465617,2392) rot=(-15,125,-0) fov=90（敌人数 0 且无报错 = Actor 过滤全灭，偏移可疑）
[PT] tick 1 enemies=52
00:34:39.481  [PE] 绘制诊断：actors=52 w2s=41 onscreen=32 visibleViews=32
00:34:39.536  [PE] 帧数据：敌人数=52 my=(355751,465806,2247) cam=(355853,465617,2392) rot=(-15,125,-0) fov=90（敌人数 0 且无报错 = Actor 过滤全灭，偏移可疑）
[PT] tick 2 enemies=52
00:34:39.545  [PE] 绘制诊断：actors=52 w2s=41 onscreen=32 visibleViews=32
[PT] tick 3 enemies=52
[PT] tick 4 enemies=52
[PT] tick 5 enemies=52
[PT] tick 6 enemies=52
[PT] tick 7 enemies=52
[PT] tick 8 enemies=52
[PT] tick 9 enemies=52
[PT] tick 10 enemies=52
[PT] tick 11 enemies=52
[PT] tick 12 enemies=52
[PT] tick 13 enemies=52
[PT] tick 14 enemies=52
[PT] tick 15 enemies=52
[PT] tick 16 enemies=52
[PT] tick 17 enemies=52
[PT] tick 18 enemies=52
[PT] tick 19 enemies=52
[PT] tick 20 enemies=52
[PT] tick 21 enemies=52
[PT] tick 22 enemies=52
[PT] tick 23 enemies=52
[PT] tick 24 enemies=52
[PT] tick 25 enemies=52
[PT] tick 26 enemies=52
[PT] tick 27 enemies=52
[PT] tick 28 enemies=52
[PT] tick 29 enemies=52
[PT] tick 30 enemies=52
[PT] tick 31 enemies=52
[PT] tick 32 enemies=52
[PT] tick 33 enemies=52
[PT] tick 34 enemies=52
[PT] tick 35 enemies=52
[PT] tick 36 enemies=52
[PT] tick 37 enemies=52
[PT] tick 38 enemies=52
[PT] tick 39 enemies=52
[PT] tick 40 enemies=52
[PT] tick 41 enemies=52
[PT] tick 42 enemies=52
[PT] tick 43 enemies=52
[PT] tick 44 enemies=52
[PT] tick 45 enemies=52
[PT] tick 46 enemies=52
[PT] tick 47 enemies=52
[PT] tick 48 enemies=51
[PT] bx0 frame A 319,47 3x7
[PT] bx0 frame I
[PT] bx1 frame A 442,90 9x22
[PT] bx1 frame I
[PT] bx2 frame A 413,81 2x5
[PT] bx2 frame I
[PT] bx3 frame A 515,78 7x17
[PT] bx3 frame I
[PT] bx4 frame A 498,78 7x17
[PT] bx4 frame I
[PT] bx5 frame A 482,78 6x16
[PT] bx5 frame I
[PT] bx6 frame A 452,78 6x16
[PT] bx6 frame I
[PT] bx7 frame A 443,77 6x14
[PT] bx7 frame I
[PT] bx8 frame A 451,77 6x14
[PT] bx8 frame I
[PT] bx9 frame A 459,106 59x147
[PT] bx9 frame I
[PT] bx10 frame A 327,76 24x59
[PT] bx10 frame I
[PT] ds10 text A 13m
[PT] ds10 text I
[PT] bx11 frame A 309,86 8x20
[PT] bx11 frame I
[PT] bx12 frame A 332,55 3x6
[PT] bx12 frame I
[PT] bx13 frame A 95,65 26x65
[PT] bx13 frame I
[PT] bx14 frame A 242,80 6x15
[PT] bx14 frame I
[PT] bx15 frame A 237,80 6x15
[PT] bx15 frame I
[PT] bx16 frame A 120,-7 49x122
[PT] bx16 frame I
[PT] bx17 frame A 290,26 39x99
[PT] bx17 frame I
[PT] bx18 frame A 162,80 13x32
[PT] bx18 frame I
[PT] ds18 text A 30m
[PT] ds18 text I
[PT] bx19 frame A 251,19 43x107
[PT] bx19 frame I
[PT] bx20 frame A 182,80 12x29
[PT] bx20 frame I
[PT] bx21 frame A 259,66 15x38
[PT] bx21 frame I
[PT] bx22 frame A 182,-5 47x118
[PT] bx22 frame I
[PT] bx23 frame A 420,73 13x32
[PT] bx23 frame I
[PT] ds23 text A 25m
[PT] ds23 text I
[PT] bx24 frame A 44,-4 48x119
[PT] bx24 frame I
[PT] ds24 text A 8m
[PT] ds24 text I
[PT] bx25 frame A 708,78 10x25
[PT] bx25 frame I
[PT] ds25 text A 37m
[PT] ds25 text I
[PT] bx26 frame A 711,81 13x32
[PT] bx26 frame I
[PT] ds26 text A 29m
[PT] ds26 text I
[PT] bx27 frame A 442,90 9x22
[PT] bx27 frame I
[PT] nm27 text A BOT
[PT] nm27 text I
[PT] ds27 text A 37m
[PT] ds27 text I
[PT] bx28 frame A 909,100 14x35
[PT] bx28 frame I
[PT] nm28 text A Player
[PT] nm28 text I
[PT] ds28 text A 31m
[PT] ds28 text I
[PT] bx29 frame A 509,76 7x17
[PT] bx29 frame I
[PT] bx30 frame A 720,72 6x15
[PT] bx30 frame I
[PT] nm30 text A Player
[PT] nm30 text I
[PT] ds30 text A 64m
[PT] ds30 text I
[PT] bx31 hide A
[PT] nm31 hide A
[PT] ds31 hide A
00:34:42.628  [ReinBridge] backgrounding: keepalive playing=1 preference=1 espRunning=1 -> keep session
[PT] tick 49 enemies=52
[PT] bx0 frame A 267,40 3x7
[PT] bx0 frame I
[PT] bx1 frame A 399,84 9x22
[PT] bx1 frame I
[PT] bx2 frame A 367,75 2x5
[PT] bx2 frame I
[PT] bx3 frame A 472,72 7x17
[PT] bx3 frame I
[PT] bx4 frame A 456,72 7x17
[PT] bx4 frame I
[PT] bx5 frame A 439,72 7x16
[PT] bx5 frame I
[PT] bx6 frame A 409,72 6x16
[PT] bx6 frame I
[PT] bx7 frame A 400,71 6x15
[PT] bx7 frame I
[PT] bx8 frame A 408,71 6x14
[PT] bx8 frame I
[PT] bx9 frame A 906,109 21x52
[PT] bx9 frame I
[PT] nm9 text A Player
[PT] nm9 text I
[PT] ds9 text A 20m
[PT] ds9 text I
[PT] bx10 frame A 265,36 36x90
[PT] bx10 frame I
[PT] ds10 text A 9m
[PT] ds10 text I
[PT] bx11 frame A 260,80 8x20
[PT] bx11 frame I
[PT] bx12 frame A 282,48 3x7
[PT] bx12 frame I
[PT] bx13 frame A 668,74 12x29
[PT] bx13 frame I
[PT] ds13 text A 31m
[PT] ds13 text I
[PT] bx14 frame A 186,74 6x15
[PT] bx14 frame I
[PT] bx15 frame A 180,74 6x15
[PT] bx15 frame I
[PT] bx16 frame A 20,-18 53x133
[PT] bx16 frame I
[PT] ds16 text A 8m
[PT] ds16 text I
[PT] bx17 frame A 156,-8 48x119
[PT] bx17 frame I
[PT] ds17 text A 7m
[PT] ds17 text I
[PT] bx18 frame A 465,53 19x47
[PT] bx18 frame I
[PT] ds18 text A 17m
[PT] ds18 text I
[PT] bx19 frame A -37,-6 45x113
[PT] bx19 frame I
[PT] ds19 text A 10m
[PT] ds19 text I
[PT] bx20 frame A 557,69 15x37
[PT] bx20 frame I
[PT] ds20 text A 22m
[PT] ds20 text I
[PT] bx21 frame A 237,60 16x39
[PT] bx21 frame I
[PT] bx22 frame A 88,-17 52x130
[PT] bx22 frame I
[PT] bx23 frame A 361,51 16x40
[PT] bx23 frame I
[PT] ds23 text A 21m
[PT] ds23 text I
[PT] bx24 frame A -47,-14 51x128
[PT] bx24 frame I
[PT] ds24 text A 9m
[PT] ds24 text I
[PT] bx25 frame A 815,71 7x18
[PT] bx25 frame I
[PT] ds25 text A 59m
[PT] ds25 text I
[PT] bx26 frame A 589,73 10x24
[PT] bx26 frame I
[PT] ds26 text A 36m
[PT] ds26 text I
[PT] bx27 frame A 399,84 9x22
[PT] bx27 frame I
[PT] bx28 frame A 838,92 13x33
[PT] bx28 frame I
[PT] bx29 frame A 720,71 9x22
[PT] bx29 frame I
[PT] ds29 text A 43m
[PT] ds29 text I
[PT] bx30 frame A 760,72 6x15
[PT] bx30 frame I
[PT] ds30 text A 68m
[PT] ds30 text I
[PT] bx31 frame A 176,61 20x50
[PT] bx31 frame I
[PT] bx31 show A
[PT] nm31 show A
[PT] ds31 text A 18m
[PT] ds31 text I
[PT] ds31 show A
[PT] tick 50 enemies=52
[PT] bx0 frame A 318,87 3x7
[PT] bx0 frame I
[PT] bx1 frame A 439,126 9x21
[PT] bx1 frame I
[PT] bx2 frame A 410,119 2x5
[PT] bx2 frame I
[PT] bx3 frame A 511,115 6x16
[PT] bx3 frame I
[PT] bx4 frame A 494,115 6x16
[PT] bx4 frame I
[PT] bx5 frame A 479,115 6x16
[PT] bx5 frame I
[PT] bx6 frame A 449,115 6x15
[PT] bx6 frame I
[PT] bx7 frame A 440,114 6x14
[PT] bx7 frame I
[PT] bx8 frame A 448,114 5x13
[PT] bx8 frame I
[PT] bx9 frame A 309,74 34x84
[PT] bx9 frame I
[PT] ds9 text A 9m
[PT] ds9 text I
[PT] bx10 frame A 308,122 8x19
[PT] bx10 frame I
[PT] ds10 text A 44m
[PT] ds10 text I
[PT] bx11 frame A 331,93 2x6
[PT] bx11 frame I
[PT] ds11 text A 147m
[PT] ds11 text I
[PT] bx12 frame A 743,115 11x28
[PT] bx12 frame I
[PT] ds12 text A 33m
[PT] ds12 text I
[PT] bx13 frame A 242,117 6x14
[PT] bx13 frame I
[PT] ds13 text A 64m
[PT] ds13 text I
[PT] bx14 frame A 237,117 6x14
[PT] bx14 frame I
[PT] bx15 frame A 95,24 47x118
[PT] bx15 frame I
[PT] ds15 text A 8m
[PT] ds15 text I
[PT] bx16 frame A 211,33 43x108
[PT] bx16 frame I
[PT] ds16 text A 7m
[PT] ds16 text I
[PT] bx17 frame A 501,94 18x45
[PT] bx17 frame I
[PT] ds17 text A 17m
[PT] ds17 text I
[PT] bx18 frame A 49,38 40x100
[PT] bx18 frame I
[PT] ds18 text A 10m
[PT] ds18 text I
[PT] bx19 frame A 598,106 15x38
[PT] bx19 frame I
[PT] ds19 text A 21m
[PT] ds19 text I
[PT] bx20 frame A 286,101 15x36
[PT] bx20 frame I
[PT] ds20 text A 23m
[PT] ds20 text I
[PT] bx21 frame A 153,25 47x116
[PT] bx21 frame I
[PT] ds21 text A 7m
[PT] ds21 text I
[PT] bx22 frame A 401,93 15x37
[PT] bx22 frame I
[PT] ds22 text A 21m
[PT] ds22 text I
[PT] bx23 frame A 40,29 45x113
[PT] bx23 frame I
[PT] ds23 text A 9m
[PT] ds23 text I
[PT] bx24 frame A 870,114 7x18
[PT] bx24 frame I
[PT] ds24 text A 59m
[PT] ds24 text I
[PT] bx25 frame A 620,115 9x23
[PT] bx25 frame I
[PT] ds25 text A 36m
[PT] ds25 text I
[PT] bx26 frame A 439,126 9x21
[PT] bx26 frame I
[PT] nm26 text A BOT
[PT] nm26 text I
[PT] ds26 text A 37m
[PT] ds26 text I
[PT] bx27 frame A 896,134 14x34
[PT] bx27 frame I
[PT] nm27 text A Player
[PT] nm27 text I
[PT] ds27 text A 31m
[PT] ds27 text I
[PT] bx28 frame A 766,113 9x22
[PT] bx28 frame I
[PT] ds28 text A 43m
[PT] ds28 text I
[PT] bx29 frame A 811,115 6x15
[PT] bx29 frame I
[PT] ds29 text A 68m
[PT] ds29 text I
[PT] bx30 frame A 228,102 18x45
[PT] bx30 frame I
[PT] ds30 text A 19m
[PT] ds30 text I
[PT] bx31 hide A
[PT] nm31 hide A
[PT] ds31 hide A
[PT] tick 51 enemies=52
[PT] bx0 frame A 333,90 3x7
[PT] bx0 frame I
[PT] bx1 frame A 452,129 9x21
[PT] bx1 frame I
[PT] bx2 frame A 424,122 2x5
[PT] bx2 frame I
[PT] bx3 frame A 524,118 6x16
[PT] bx3 frame I
[PT] bx4 frame A 508,118 6x16
[PT] bx4 frame I
[PT] bx5 frame A 492,118 6x16
[PT] bx5 frame I
[PT] bx6 frame A 462,118 6x15
[PT] bx6 frame I
[PT] bx7 frame A 454,118 6x14
[PT] bx7 frame I
[PT] bx8 frame A 462,117 5x13
[PT] bx8 frame I
[PT] bx9 frame A 323,48 34x85
[PT] bx9 frame I
[PT] bx10 frame A 323,125 8x19
[PT] bx10 frame I
[PT] bx11 frame A 346,97 2x6
[PT] bx11 frame I
[PT] bx12 frame A 770,118 11x28
[PT] bx12 frame I
[PT] ds12 text A 34m
[PT] ds12 text I
[PT] bx13 frame A 259,120 6x14
[PT] bx13 frame I
[PT] bx14 frame A 253,120 6x14
[PT] bx14 frame I
[PT] bx15 frame A 114,29 46x115
[PT] bx15 frame I
[PT] bx16 frame A 226,37 43x106
[PT] bx16 frame I
[PT] bx17 frame A 514,97 18x45
[PT] bx17 frame I
[PT] bx18 frame A 71,42 39x97
[PT] bx18 frame I
[PT] bx19 frame A 595,107 15x39
[PT] bx19 frame I
[PT] bx20 frame A 301,104 14x36
[PT] bx20 frame I
[PT] bx21 frame A 170,29 46x114
[PT] bx21 frame I
[PT] bx22 frame A 414,96 15x37
[PT] bx22 frame I
[PT] bx23 frame A 61,34 44x110
[PT] bx23 frame I
[PT] bx24 frame A 894,117 7x19
[PT] bx24 frame I
[PT] bx25 frame A 625,118 9x23
[PT] bx25 frame I
[PT] bx26 frame A 452,129 9x21
[PT] bx26 frame I
[PT] bx27 frame A 920,138 14x35
[PT] bx27 frame I
[PT] bx28 frame A 784,117 9x23
[PT] bx28 frame I
[PT] bx29 frame A -4,124 6x15
[PT] bx29 frame I
[PT] nm29 text A BOT
[PT] nm29 text I
[PT] ds29 text A 79m
[PT] ds29 text I
[PT] bx30 frame A 831,118 6x15
[PT] bx30 frame I
[PT] ds30 text A 68m
[PT] ds30 text I
[PT] bx31 frame A 240,105 18x44
[PT] bx31 frame I
[PT] bx31 show A
[PT] nm31 show A
[PT] ds31 text A 19m
[PT] ds31 text I
[PT] ds31 show A
[PT] tick 52 enemies=52
[PT] bx0 frame A 344,94 3x7
[PT] bx0 frame I
[PT] bx1 frame A 461,133 8x21
[PT] bx1 frame I
[PT] bx2 frame A 433,126 2x5
[PT] bx2 frame I
[PT] bx3 frame A 533,122 6x16
[PT] bx3 frame I
[PT] bx4 frame A 517,122 6x16
[PT] bx4 frame I
[PT] bx5 frame A 501,122 6x16
[PT] bx5 frame I
[PT] bx6 frame A 471,122 6x15
[PT] bx6 frame I
[PT] bx7 frame A 463,121 5x14
[PT] bx7 frame I
[PT] bx8 frame A 471,121 5x13
[PT] bx8 frame I
[PT] bx9 frame A 335,44 34x84
[PT] bx9 frame I
[PT] bx10 frame A 333,129 7x19
[PT] bx10 frame I
[PT] bx11 frame A 357,101 2x6
[PT] bx11 frame I
[PT] bx12 frame A -8,140 16x40
[PT] bx12 frame I
[PT] ds12 text A 28m
[PT] ds12 text I
[PT] bx13 frame A 790,122 11x28
[PT] bx13 frame I
[PT] ds13 text A 34m
[PT] ds13 text I
[PT] bx14 frame A 270,124 5x14
[PT] bx14 frame I
[PT] bx15 frame A 265,124 6x14
[PT] bx15 frame I
[PT] ds15 text A 64m
[PT] ds15 text I
[PT] bx16 frame A 129,34 45x113
[PT] bx16 frame I
[PT] ds16 text A 8m
[PT] ds16 text I
[PT] bx17 frame A 237,41 42x105
[PT] bx17 frame I
[PT] ds17 text A 7m
[PT] ds17 text I
[PT] bx18 frame A 522,100 18x45
[PT] bx18 frame I
[PT] ds18 text A 17m
[PT] ds18 text I
[PT] bx19 frame A 87,47 38x95
[PT] bx19 frame I
[PT] ds19 text A 10m
[PT] ds19 text I
[PT] bx20 frame A 608,109 16x39
[PT] bx20 frame I
[PT] ds20 text A 20m
[PT] ds20 text I
[PT] bx21 frame A 311,108 14x36
[PT] bx21 frame I
[PT] ds21 text A 23m
[PT] ds21 text I
[PT] bx22 frame A 182,34 45x112
[PT] bx22 frame I
[PT] ds22 text A 7m
[PT] ds22 text I
[PT] bx23 frame A 423,100 15x37
[PT] bx23 frame I
[PT] ds23 text A 21m
[PT] ds23 text I
[PT] bx24 frame A 78,39 43x107
[PT] bx24 frame I
[PT] ds24 text A 9m
[PT] ds24 text I
[PT] bx25 frame A 910,121 8x19
[PT] bx25 frame I
[PT] ds25 text A 59m
[PT] ds25 text I
[PT] bx26 frame A 629,122 9x23
[PT] bx26 frame I
[PT] nm26 text A Player
[PT] nm26 text I
[PT] bx27 frame A 461,133 8x21
[PT] bx27 frame I
[PT] nm27 text A BOT
[PT] nm27 text I
[PT] ds27 text A 37m
[PT] ds27 text I
[PT] bx28 frame A 797,120 9x23
[PT] bx28 frame I
[PT] bx29 frame A 15,128 6x14
[PT] bx29 frame I
[PT] bx30 frame A 847,125 6x15
[PT] bx30 frame I
[PT] bx31 frame A 248,106 17x43
[PT] bx31 frame I
[PT] ds31 text A 20m
[PT] ds31 text I
[PT] tick 53 enemies=52
[PT] bx0 frame A 352,92 3x6
[PT] bx0 frame I
[PT] ds0 text A 135m
[PT] ds0 text I
[PT] bx1 frame A 468,131 8x21
[PT] bx1 frame I
[PT] bx2 frame A 441,124 2x5
[PT] bx2 frame I
[PT] bx3 frame A 541,120 6x16
[PT] bx3 frame I
[PT] bx4 frame A 524,120 6x16
[PT] bx4 frame I
[PT] bx5 frame A 508,120 6x16
[PT] bx5 frame I
[PT] bx6 frame A 479,120 6x15
[PT] bx6 frame I
[PT] bx7 frame A 470,120 5x14
[PT] bx7 frame I
[PT] bx8 frame A 478,119 5x13
[PT] bx8 frame I
[PT] bx9 frame A 349,37 33x83
[PT] bx9 frame I
[PT] bx10 frame A 341,127 7x19
[PT] bx10 frame I
[PT] bx11 frame A 365,99 2x6
[PT] bx11 frame I
[PT] bx12 frame A 20,133 17x42
[PT] bx12 frame I
[PT] ds12 text A 26m
[PT] ds12 text I
[PT] bx13 frame A 804,119 11x28
[PT] bx13 frame I
[PT] ds13 text A 35m
[PT] ds13 text I
[PT] bx14 frame A 279,122 5x14
[PT] bx14 frame I
[PT] bx15 frame A 2,98 17x43
[PT] bx15 frame I
[PT] ds15 text A 26m
[PT] ds15 text I
[PT] bx16 frame A 274,122 5x14
[PT] bx16 frame I
[PT] ds16 text A 64m
[PT] ds16 text I
[PT] bx17 frame A 149,36 43x108
[PT] bx17 frame I
[PT] ds17 text A 8m
[PT] ds17 text I
[PT] bx18 frame A 251,43 40x101
[PT] bx18 frame I
[PT] ds18 text A 7m
[PT] ds18 text I
[PT] bx19 frame A 528,99 18x44
[PT] bx19 frame I
[PT] ds19 text A 17m
[PT] ds19 text I
[PT] bx20 frame A 108,48 36x91
[PT] bx20 frame I
[PT] ds20 text A 10m
[PT] ds20 text I
[PT] bx21 frame A 612,106 16x40
[PT] bx21 frame I
[PT] ds21 text A 20m
[PT] ds21 text I
[PT] bx22 frame A 320,106 14x35
[PT] bx22 frame I
[PT] ds22 text A 23m
[PT] ds22 text I
[PT] bx23 frame A 200,36 43x107
[PT] bx23 frame I
[PT] ds23 text A 7m
[PT] ds23 text I
[PT] bx24 frame A 431,98 15x37
[PT] bx24 frame I
[PT] ds24 text A 21m
[PT] ds24 text I
[PT] bx25 frame A 101,41 41x102
[PT] bx25 frame I
[PT] ds25 text A 9m
[PT] ds25 text I
[PT] bx26 frame A 922,119 8x19
[PT] bx26 frame I
[PT] ds26 text A 60m
[PT] ds26 text I
[PT] bx27 frame A 632,120 9x23
[PT] bx27 frame I
[PT] nm27 text A Player
[PT] nm27 text I
[PT] bx28 frame A 468,131 8x21
[PT] bx28 frame I
[PT] nm28 text A BOT
[PT] nm28 text I
[PT] ds28 text A 37m
[PT] ds28 text I
[PT] bx29 frame A 806,119 9x23
[PT] bx29 frame I
[PT] nm29 text A Player
[PT] nm29 text I
[PT] ds29 text A 43m
[PT] ds29 text I
[PT] bx30 frame A 30,126 6x14
[PT] bx30 frame I
[PT] nm30 text A BOT
[PT] nm30 text I
[PT] ds30 text A 79m
[PT] ds30 text I
[PT] bx31 frame A 859,123 6x16
[PT] bx31 frame I
[PT] ds31 text A 69m
[PT] ds31 text I
[PT] bx32 frame A 258,104 17x42
[PT] bx32 frame I
[PT] bx32 show A
[PT] nm32 text A Player
[PT] nm32 text I
[PT] nm32 show A
[PT] ds32 text A 20m
[PT] ds32 text I
[PT] ds32 show A
[PT] tick 54 enemies=52
[PT] bx0 frame A 361,81 3x7
[PT] bx0 frame I
[PT] bx1 frame A 476,120 8x21
[PT] bx1 frame I
[PT] bx2 frame A 449,113 2x5
[PT] bx2 frame I
[PT] ds2 text A 169m
[PT] ds2 text I
[PT] bx3 frame A 549,109 7x16
[PT] bx3 frame I
[PT] ds3 text A 51m
[PT] ds3 text I
[PT] bx4 frame A 532,109 6x16
[PT] bx4 frame I
[PT] bx5 frame A 517,109 6x16
[PT] bx5 frame I
[PT] bx6 frame A 487,109 6x15
[PT] bx6 frame I
[PT] bx7 frame A 479,109 5x14
[PT] bx7 frame I
[PT] ds7 text A 60m
[PT] ds7 text I
[PT] bx8 frame A 486,109 5x13
[PT] bx8 frame I
[PT] bx9 frame A 365,25 33x81
[PT] bx9 frame I
[PT] bx10 frame A 350,116 7x18
[PT] bx10 frame I
[PT] ds10 text A 45m
[PT] ds10 text I
[PT] bx11 frame A 373,88 2x6
[PT] bx11 frame I
[PT] bx12 frame A 8,15 3x8
[PT] bx12 frame I
[PT] ds12 text A 159m
[PT] ds12 text I
[PT] bx13 frame A 50,113 18x45
[PT] bx13 frame I
[PT] ds13 text A 23m
[PT] ds13 text I
[PT] bx14 frame A 819,109 11x28
[PT] bx14 frame I
[PT] ds14 text A 36m
[PT] ds14 text I
[PT] bx15 frame A 289,111 5x13
[PT] bx15 frame I
[PT] ds15 text A 65m
[PT] ds15 text I
[PT] bx16 frame A 31,76 19x47
[PT] bx16 frame I
[PT] ds16 text A 23m
[PT] ds16 text I
[PT] bx17 frame A 284,111 5x14
[PT] bx17 frame I
[PT] ds17 text A 64m
[PT] ds17 text I
[PT] bx18 frame A 169,31 41x103
[PT] bx18 frame I
[PT] ds18 text A 8m
[PT] ds18 text I
[PT] bx19 frame A 266,37 39x97
[PT] bx19 frame I
[PT] ds19 text A 8m
[PT] ds19 text I
[PT] bx20 frame A 535,89 18x44
[PT] bx20 frame I
[PT] ds20 text A 17m
[PT] ds20 text I
[PT] bx21 frame A 128,42 35x88
[PT] bx21 frame I
[PT] ds21 text A 10m
[PT] ds21 text I
[PT] bx22 frame A 612,96 16x40
[PT] bx22 frame I
[PT] ds22 text A 20m
[PT] ds22 text I
[PT] bx23 frame A 330,96 14x35
[PT] bx23 frame I
[PT] ds23 text A 23m
[PT] ds23 text I
[PT] bx24 frame A 217,31 41x103
[PT] bx24 frame I
[PT] ds24 text A 8m
[PT] ds24 text I
[PT] bx25 frame A 447,89 14x36
[PT] bx25 frame I
[PT] ds25 text A 22m
[PT] ds25 text I
[PT] bx26 frame A 123,36 39x98
[PT] bx26 frame I
[PT] ds26 text A 9m
[PT] ds26 text I
[PT] bx27 frame A 634,109 9x22
[PT] bx27 frame I
[PT] ds27 text A 38m
[PT] ds27 text I
[PT] bx28 frame A 476,120 8x21
[PT] bx28 frame I
[PT] bx29 frame A 817,108 9x23
[PT] bx29 frame I
[PT] ds29 text A 44m
[PT] ds29 text I
[PT] bx30 frame A 46,115 6x14
[PT] bx30 frame I
[PT] ds30 text A 80m
[PT] ds30 text I
[PT] bx31 frame A 875,110 6x16
[PT] bx31 frame I
[PT] bx32 frame A 267,92 16x41
[PT] bx32 frame I
[PT] ds32 text A 21m
[PT] ds32 text I
[PT] tick 55 enemies=52
[PT] bx0 frame A 370,76 3x7
[PT] bx0 frame I
[PT] bx1 frame A 483,116 8x21
[PT] bx1 frame I
[PT] ds1 text A 38m
[PT] ds1 text I
[PT] bx2 frame A 458,108 2x5
[PT] bx2 frame I
[PT] bx3 frame A 556,105 7x16
[PT] bx3 frame I
[PT] bx4 frame A 540,105 6x16
[PT] bx4 frame I
[PT] ds4 text A 52m
[PT] ds4 text I
[PT] bx5 frame A 524,105 6x16
[PT] bx5 frame I
[PT] ds5 text A 53m
[PT] ds5 text I
[PT] bx6 frame A 494,105 6x15
[PT] bx6 frame I
[PT] ds6 text A 55m
[PT] ds6 text I
[PT] bx7 frame A 486,104 5x14
[PT] bx7 frame I
[PT] bx8 frame A 494,104 5x13
[PT] bx8 frame I
[PT] bx9 frame A 374,28 32x79
[PT] bx9 frame I
[PT] bx10 frame A 358,112 7x18
[PT] bx10 frame I
[PT] bx11 frame A 382,83 2x6
[PT] bx11 frame I
[PT] ds11 text A 148m
[PT] ds11 text I
[PT] bx12 frame A 24,10 3x8
[PT] bx12 frame I
[PT] ds12 text A 160m
[PT] ds12 text I
[PT] bx13 frame A 82,97 20x49
[PT] bx13 frame I
[PT] ds13 text A 20m
[PT] ds13 text I
[PT] bx14 frame A 836,105 11x28
[PT] bx14 frame I
[PT] bx15 frame A 298,106 5x13
[PT] bx15 frame I
[PT] bx16 frame A 61,55 21x52
[PT] bx16 frame I
[PT] ds16 text A 20m
[PT] ds16 text I
[PT] bx17 frame A 293,106 5x14
[PT] bx17 frame I
[PT] bx18 frame A 179,36 40x99
[PT] bx18 frame I
[PT] bx19 frame A 271,41 37x93
[PT] bx19 frame I
[PT] bx20 frame A 539,87 17x44
[PT] bx20 frame I
[PT] ds20 text A 18m
[PT] ds20 text I
[PT] bx21 frame A 141,46 34x84
[PT] bx21 frame I
[PT] ds21 text A 11m
[PT] ds21 text I
[PT] bx22 frame A 616,92 16x40
[PT] bx22 frame I
[PT] bx23 frame A 337,93 14x34
[PT] bx23 frame I
[PT] ds23 text A 24m
[PT] ds23 text I
[PT] bx24 frame A 224,36 39x99
[PT] bx24 frame I
[PT] bx25 frame A 463,87 14x36
[PT] bx25 frame I
[PT] bx26 frame A 135,41 38x94
[PT] bx26 frame I
[PT] bx27 frame A 634,105 9x22
[PT] bx27 frame I
[PT] ds27 text A 39m
[PT] ds27 text I
[PT] bx28 frame A 483,116 8x21
[PT] bx28 frame I
[PT] ds28 text A 38m
[PT] ds28 text I
[PT] bx29 frame A 827,104 9x23
[PT] bx29 frame I
[PT] bx30 frame A 61,110 5x14
[PT] bx30 frame I
[PT] bx31 frame A 882,105 6x16
[PT] bx31 frame I
[PT] bx32 frame A 272,88 16x39
[PT] bx32 frame I
[PT] tick 56 enemies=52
[PT] bx0 frame A 388,82 3x6
[PT] bx0 frame I
[PT] bx1 frame A 496,122 8x21
[PT] bx1 frame I
[PT] bx2 frame A 475,114 2x5
[PT] bx2 frame I
[PT] bx3 frame A 571,111 7x16
[PT] bx3 frame I
[PT] bx4 frame A 555,111 6x16
[PT] bx4 frame I
[PT] bx5 frame A 539,111 6x16
[PT] bx5 frame I
[PT] bx6 frame A 509,110 6x15
[PT] bx6 frame I
[PT] bx7 frame A 501,110 5x14
[PT] bx7 frame I
[PT] bx8 frame A 509,110 5x13
[PT] bx8 frame I
[PT] ds8 text A 62m
[PT] ds8 text I
[PT] bx9 frame A 386,41 31x77
[PT] bx9 frame I
[PT] bx10 frame A 374,118 7x18
[PT] bx10 frame I
[PT] bx11 frame A 400,89 2x6
[PT] bx11 frame I
[PT] bx12 frame A 59,19 3x7
[PT] bx12 frame I
[PT] bx13 frame A 122,93 21x53
[PT] bx13 frame I
[PT] ds13 text A 18m
[PT] ds13 text I
[PT] bx14 frame A 864,111 11x29
[PT] bx14 frame I
[PT] ds14 text A 37m
[PT] ds14 text I
[PT] bx15 frame A 316,112 5x13
[PT] bx15 frame I
[PT] bx16 frame A 102,47 22x56
[PT] bx16 frame I
[PT] ds16 text A 18m
[PT] ds16 text I
[PT] bx17 frame A 311,112 5x13
[PT] bx17 frame I
[PT] ds17 text A 65m
[PT] ds17 text I
[PT] bx18 frame A 192,45 38x94
[PT] bx18 frame I
[PT] ds18 text A 9m
[PT] ds18 text I
[PT] bx19 frame A 279,49 36x90
[PT] bx19 frame I
[PT] bx20 frame A 548,93 17x43
[PT] bx20 frame I
[PT] bx21 frame A 158,54 32x80
[PT] bx21 frame I
[PT] bx22 frame A 629,97 16x41
[PT] bx22 frame I
[PT] bx23 frame A 351,99 13x34
[PT] bx23 frame I
[PT] bx24 frame A 234,44 38x94
[PT] bx24 frame I
[PT] bx25 frame A 484,95 14x35
[PT] bx25 frame I
[PT] bx26 frame A 151,49 36x89
[PT] bx26 frame I
[PT] ds26 text A 10m
[PT] ds26 text I
[PT] bx27 frame A 643,111 9x22
[PT] bx27 frame I
[PT] bx28 frame A 496,122 8x21
[PT] bx28 frame I
[PT] bx29 frame A 848,110 10x24
[PT] bx29 frame I
[PT] bx30 frame A 91,116 5x13
[PT] bx30 frame I
[PT] bx31 frame A 906,112 6x16
[PT] bx31 frame I
[PT] ds31 text A 70m
[PT] ds31 text I
[PT] bx32 frame A 286,94 15x38
[PT] bx32 frame I
[PT] ds32 text A 22m
[PT] ds32 text I
[PT] tick 57 enemies=52
[PT] bx0 frame A 405,84 3x6
[PT] bx0 frame I
[PT] ds0 text A 136m
[PT] ds0 text I
[PT] bx1 frame A 511,123 8x21
[PT] bx1 frame I
[PT] bx2 frame A 492,115 2x5
[PT] bx2 frame I
[PT] bx3 frame A 588,112 7x16
[PT] bx3 frame I
[PT] bx4 frame A 571,112 6x16
[PT] bx4 frame I
[PT] bx5 frame A 555,112 6x16
[PT] bx5 frame I
[PT] bx6 frame A 525,112 6x15
[PT] bx6 frame I
[PT] bx7 frame A 517,111 5x14
[PT] bx7 frame I
[PT] bx8 frame A 525,111 5x13
[PT] bx8 frame I
[PT] bx9 frame A 404,62 30x76
[PT] bx9 frame I
[PT] bx10 frame A 390,119 7x18
[PT] bx10 frame I
[PT] bx11 frame A 417,90 2x6
[PT] bx11 frame I
[PT] bx12 frame A 89,22 3x7
[PT] bx12 frame I
[PT] bx13 frame A 173,82 26x64
[PT] bx13 frame I
[PT] ds13 text A 14m
[PT] ds13 text I
[PT] bx14 frame A 904,112 12x29
[PT] bx14 frame I
[PT] ds14 text A 38m
[PT] ds14 text I
[PT] bx15 frame A 334,113 5x13
[PT] bx15 frame I
[PT] bx16 frame A 151,27 27x68
[PT] bx16 frame I
[PT] ds16 text A 14m
[PT] ds16 text I
[PT] bx17 frame A 329,113 5x13
[PT] bx17 frame I
[PT] bx18 frame A 203,48 37x92
[PT] bx18 frame I
[PT] bx19 frame A 287,52 35x88
[PT] bx19 frame I
[PT] bx20 frame A 560,94 17x44
[PT] bx20 frame I
[PT] bx21 frame A 172,57 31x78
[PT] bx21 frame I
[PT] bx22 frame A 643,97 17x42
[PT] bx22 frame I
[PT] bx23 frame A 365,101 13x33
[PT] bx23 frame I
[PT] bx24 frame A 243,47 37x92
[PT] bx24 frame I
[PT] bx25 frame A 509,97 14x35
[PT] bx25 frame I
[PT] bx26 frame A 165,52 35x87
[PT] bx26 frame I
[PT] bx27 frame A 650,112 9x21
[PT] bx27 frame I
[PT] ds27 text A 40m
[PT] ds27 text I
[PT] bx28 frame A 511,123 8x21
[PT] bx28 frame I
[PT] bx29 frame A 875,112 10x25
[PT] bx29 frame I
[PT] bx30 frame A 117,117 5x13
[PT] bx30 frame I
[PT] bx31 frame A 299,94 15x37
[PT] bx31 frame I
[PT] ds31 text A 22m
[PT] ds31 text I
[PT] bx32 hide A
[PT] nm32 hide A
[PT] ds32 hide A
[PT] tick 58 enemies=52
[PT] bx0 frame A 406,81 3x6
[PT] bx0 frame I
[PT] bx1 frame A 512,120 8x21
[PT] bx1 frame I
[PT] bx2 frame A 493,112 2x5
[PT] bx2 frame I
[PT] bx3 frame A 589,109 7x17
[PT] bx3 frame I
[PT] bx4 frame A 572,109 6x16
[PT] bx4 frame I
[PT] bx5 frame A 556,109 6x16
[PT] bx5 frame I
[PT] bx6 frame A 526,109 6x15
[PT] bx6 frame I
[PT] bx7 frame A 518,108 5x14
[PT] bx7 frame I
[PT] bx8 frame A 527,108 5x13
[PT] bx8 frame I
[PT] bx9 frame A 410,72 30x75
[PT] bx9 frame I
[PT] bx10 frame A 391,116 7x18
[PT] bx10 frame I
[PT] bx11 frame A 418,87 2x6
[PT] bx11 frame I
[PT] bx12 frame A 90,19 3x7
[PT] bx12 frame I
[PT] bx13 frame A 198,75 29x73
[PT] bx13 frame I
[PT] ds13 text A 11m
[PT] ds13 text I
[PT] bx14 frame A 907,110 12x29
[PT] bx14 frame I
[PT] bx15 frame A 335,110 5x13
[PT] bx15 frame I
[PT] bx16 frame A 173,10 31x78
[PT] bx16 frame I
[PT] ds16 text A 12m
[PT] ds16 text I
[PT] bx17 frame A 330,110 5x13
[PT] bx17 frame I
[PT] bx18 frame A 204,46 37x92
[PT] bx18 frame I
[PT] bx19 frame A 288,50 35x88
[PT] bx19 frame I
[PT] bx20 frame A 561,92 17x44
[PT] bx20 frame I
[PT] bx21 frame A 177,53 32x80
[PT] bx21 frame I
[PT] bx22 frame A 644,92 17x43
[PT] bx22 frame I
[PT] ds22 text A 19m
[PT] ds22 text I
[PT] bx23 frame A 366,98 13x33
[PT] bx23 frame I
[PT] bx24 frame A 244,45 37x92
[PT] bx24 frame I
[PT] bx25 frame A 521,94 14x36
[PT] bx25 frame I
[PT] bx26 frame A 166,50 35x87
[PT] bx26 frame I
[PT] bx27 frame A 648,109 9x21
[PT] bx27 frame I
[PT] ds27 text A 41m
[PT] ds27 text I
[PT] bx28 frame A 512,120 8x21
[PT] bx28 frame I
[PT] bx29 frame A 877,109 10x25
[PT] bx29 frame I
[PT] bx30 frame A 118,114 5x13
[PT] bx30 frame I
[PT] bx31 frame A 300,91 15x37
[PT] bx31 frame I
[PT] tick 59 enemies=52
[PT] bx0 frame A 406,79 3x6
[PT] bx0 frame I
[PT] bx1 frame A 512,118 8x21
[PT] bx1 frame I
[PT] bx2 frame A 493,110 2x5
[PT] bx2 frame I
[PT] bx3 frame A 589,107 7x17
[PT] bx3 frame I
[PT] bx4 frame A 572,107 6x16
[PT] bx4 frame I
[PT] bx5 frame A 556,107 6x16
[PT] bx5 frame I
[PT] bx6 frame A 526,107 6x15
[PT] bx6 frame I
[PT] bx7 frame A 518,106 5x14
[PT] bx7 frame I
[PT] bx8 frame A 527,106 5x13
[PT] bx8 frame I
[PT] bx9 frame A 409,70 30x75
[PT] bx9 frame I
[PT] bx10 frame A 390,114 7x18
[PT] bx10 frame I
[PT] bx11 frame A 418,85 2x6
[PT] bx11 frame I
[PT] bx12 frame A 90,16 3x7
[PT] bx12 frame I
[PT] bx13 frame A 238,69 35x87
[PT] bx13 frame I
[PT] ds13 text A 9m
[PT] ds13 text I
[PT] bx14 frame A 906,108 11x28
[PT] bx14 frame I
[PT] ds14 text A 39m
[PT] ds14 text I
[PT] bx15 frame A 335,108 5x13
[PT] bx15 frame I
[PT] bx16 frame A 210,-9 38x95
[PT] bx16 frame I
[PT] ds16 text A 9m
[PT] ds16 text I
[PT] bx17 frame A 330,108 5x13
[PT] bx17 frame I
[PT] bx18 frame A 165,47 39x97
[PT] bx18 frame I
[PT] bx19 frame A 312,48 35x87
[PT] bx19 frame I
[PT] bx20 frame A 561,90 18x44
[PT] bx20 frame I
[PT] bx21 frame A 175,-64 38x96
[PT] bx21 frame I
[PT] ds21 text A 10m
[PT] ds21 text I
[PT] bx22 frame A 644,87 18x44
[PT] bx22 frame I
[PT] bx23 frame A 366,96 13x33
[PT] bx23 frame I
[PT] bx24 frame A 244,43 37x93
[PT] bx24 frame I
[PT] bx25 frame A 527,92 14x36
[PT] bx25 frame I
[PT] bx26 frame A 152,48 35x89
[PT] bx26 frame I
[PT] bx27 frame A 644,107 8x21
[PT] bx27 frame I
[PT] bx28 frame A 512,118 8x21
[PT] bx28 frame I
[PT] bx29 frame A 878,107 10x25
[PT] bx29 frame I
[PT] bx30 frame A 118,112 5x13
[PT] bx30 frame I
[PT] bx31 frame A 300,89 15x37
[PT] bx31 frame I
[PT] tick 60 enemies=52
[PT] bx0 frame A 406,80 3x6
[PT] bx0 frame I
[PT] bx1 frame A 512,120 8x21
[PT] bx1 frame I
[PT] bx2 frame A 493,112 2x5
[PT] bx2 frame I
[PT] bx3 frame A 589,109 7x17
[PT] bx3 frame I
[PT] bx4 frame A 572,109 6x16
[PT] bx4 frame I
[PT] bx5 frame A 556,109 6x16
[PT] bx5 frame I
[PT] bx6 frame A 526,109 6x15
[PT] bx6 frame I
[PT] bx7 frame A 518,108 5x14
[PT] bx7 frame I
[PT] bx8 frame A 527,108 5x13
[PT] bx8 frame I
[PT] bx9 frame A 409,71 30x75
[PT] bx9 frame I
[PT] bx10 frame A 390,116 7x18
[PT] bx10 frame I
[PT] bx11 frame A 418,87 2x6
[PT] bx11 frame I
[PT] bx13 frame A 376,79 52x130
[PT] bx13 frame I
[PT] ds13 text A 4m
[PT] ds13 text I
[PT] bx14 frame A 901,109 11x27
[PT] bx14 frame I
[PT] ds14 text A 40m
[PT] ds14 text I
[PT] bx15 frame A 335,110 5x13
[PT] bx15 frame I
[PT] bx16 frame A 343,-46 60x151
[PT] bx16 frame I
[PT] ds16 text A 4m
[PT] ds16 text I
[PT] bx17 frame A 330,110 5x13
[PT] bx17 frame I
[PT] bx18 frame A 167,59 38x96
[PT] bx18 frame I
[PT] bx19 frame A 374,53 33x83
[PT] bx19 frame I
[PT] bx20 frame A 561,91 17x44
[PT] bx20 frame I
[PT] bx21 frame A 174,-73 38x94
[PT] bx21 frame I
[PT] bx22 frame A 642,86 18x45
[PT] bx22 frame I
[PT] ds22 text A 18m
[PT] ds22 text I
[PT] bx23 frame A 366,98 13x33
[PT] bx23 frame I
[PT] bx24 frame A 227,-91 42x104
[PT] bx24 frame I
[PT] ds24 text A 9m
[PT] ds24 text I
[PT] bx25 frame A 546,95 14x36
[PT] bx25 frame I
[PT] bx26 frame A 153,60 35x88
[PT] bx26 frame I
[PT] bx27 frame A 637,109 8x20
[PT] bx27 frame I
[PT] ds27 text A 42m
[PT] ds27 text I
[PT] bx28 frame A 512,120 8x21
[PT] bx28 frame I
[PT] bx29 frame A 877,109 10x25
[PT] bx29 frame I
[PT] bx30 frame A 118,114 5x13
[PT] bx30 frame I
[PT] bx31 frame A 300,91 15x37
[PT] bx31 frame I
[PT] tick 61 enemies=52
[PT] bx0 frame A 415,83 3x6
[PT] bx0 frame I
[PT] bx1 frame A 520,122 8x21
[PT] bx1 frame I
[PT] bx2 frame A 502,114 2x5
[PT] bx2 frame I
[PT] bx3 frame A 598,111 7x17
[PT] bx3 frame I
[PT] bx4 frame A 581,111 6x16
[PT] bx4 frame I
[PT] bx5 frame A 565,111 6x16
[PT] bx5 frame I
[PT] bx6 frame A 535,111 6x15
[PT] bx6 frame I
[PT] bx7 frame A 527,110 5x14
[PT] bx7 frame I
[PT] bx8 frame A 535,110 5x13
[PT] bx8 frame I
[PT] bx9 frame A 417,73 30x75
[PT] bx9 frame I
[PT] bx10 frame A 399,118 7x18
[PT] bx10 frame I
[PT] bx11 frame A 427,89 2x6
[PT] bx11 frame I
[PT] bx12 frame A 106,20 3x7
[PT] bx12 frame I
[PT] bx13 frame A 914,111 11x27
[PT] bx13 frame I
[PT] ds13 text A 41m
[PT] ds13 text I
[PT] bx14 frame A 344,112 5x13
[PT] bx14 frame I
[PT] ds14 text A 65m
[PT] ds14 text I
[PT] bx15 frame A 339,112 5x13
[PT] bx15 frame I
[PT] bx16 frame A 180,76 37x93
[PT] bx16 frame I
[PT] ds16 text A 9m
[PT] ds16 text I
[PT] bx17 frame A 390,58 33x82
[PT] bx17 frame I
[PT] ds17 text A 9m
[PT] ds17 text I
[PT] bx18 frame A 568,93 17x44
[PT] bx18 frame I
[PT] ds18 text A 18m
[PT] ds18 text I
[PT] bx19 frame A 167,11 30x75
[PT] bx19 frame I
[PT] ds19 text A 12m
[PT] ds19 text I
[PT] bx20 frame A 645,88 18x46
[PT] bx20 frame I
[PT] bx21 frame A 374,100 13x33
[PT] bx21 frame I
[PT] ds21 text A 24m
[PT] ds21 text I
[PT] bx22 frame A 211,-59 36x89
[PT] bx22 frame I
[PT] ds22 text A 10m
[PT] ds22 text I
[PT] bx23 frame A 565,97 15x37
[PT] bx23 frame I
[PT] ds23 text A 22m
[PT] ds23 text I
[PT] bx24 frame A 164,62 35x86
[PT] bx24 frame I
[PT] ds24 text A 10m
[PT] ds24 text I
[PT] bx25 frame A 643,110 8x20
[PT] bx25 frame I
[PT] ds25 text A 43m
[PT] ds25 text I
[PT] bx26 frame A 520,122 8x21
[PT] bx26 frame I
[PT] nm26 text A BOT
[PT] nm26 text I
[PT] ds26 text A 38m
[PT] ds26 text I
[PT] bx27 frame A 892,111 10x25
[PT] bx27 frame I
[PT] ds27 text A 44m
[PT] ds27 text I
[PT] bx28 frame A 132,116 5x12
[PT] bx28 frame I
[PT] ds28 text A 80m
[PT] ds28 text I
[PT] bx29 frame A 309,93 15x37
[PT] bx29 frame I
[PT] ds29 text A 22m
[PT] ds29 text I
[PT] bx30 hide A
[PT] nm30 hide A
[PT] ds30 hide A
[PT] bx31 hide A
[PT] nm31 hide A
[PT] ds31 hide A
[PT] tick 62 enemies=52
[PT] bx0 frame A 414,77 3x6
[PT] bx0 frame I
[PT] bx1 frame A 519,117 8x21
[PT] bx1 frame I
[PT] bx2 frame A 501,108 2x5
[PT] bx2 frame I
[PT] bx3 frame A 597,106 7x17
[PT] bx3 frame I
[PT] bx4 frame A 580,106 6x16
[PT] bx4 frame I
[PT] bx5 frame A 564,105 6x16
[PT] bx5 frame I
[PT] bx6 frame A 534,105 6x15
[PT] bx6 frame I
[PT] bx7 frame A 526,105 6x14
[PT] bx7 frame I
[PT] bx8 frame A 534,105 5x13
[PT] bx8 frame I
[PT] bx9 frame A 416,68 30x75
[PT] bx9 frame I
[PT] bx10 frame A 398,112 7x18
[PT] bx10 frame I
[PT] bx11 frame A 426,83 2x6
[PT] bx11 frame I
[PT] bx12 frame A 103,13 3x7
[PT] bx12 frame I
[PT] bx13 frame A 911,106 11x27
[PT] bx13 frame I
[PT] bx14 frame A 342,107 5x13
[PT] bx14 frame I
[PT] bx15 frame A 337,107 5x13
[PT] bx15 frame I
[PT] bx16 frame A 181,91 37x92
[PT] bx16 frame I
[PT] bx17 frame A 385,52 33x83
[PT] bx17 frame I
[PT] bx18 frame A 560,88 17x42
[PT] bx18 frame I
[PT] bx19 frame A 159,24 28x71
[PT] bx19 frame I
[PT] ds19 text A 13m
[PT] ds19 text I
[PT] bx20 frame A 628,83 18x45
[PT] bx20 frame I
[PT] bx21 frame A 373,95 13x33
[PT] bx21 frame I
[PT] bx22 frame A 199,-45 34x85
[PT] bx22 frame I
[PT] ds22 text A 11m
[PT] ds22 text I
[PT] bx23 frame A 573,91 15x37
[PT] bx23 frame I
[PT] ds23 text A 21m
[PT] ds23 text I
[PT] bx24 frame A 162,58 35x87
[PT] bx24 frame I
[PT] bx25 frame A 637,104 8x20
[PT] bx25 frame I
[PT] bx26 frame A 519,117 8x21
[PT] bx26 frame I
[PT] bx27 frame A 891,105 10x25
[PT] bx27 frame I
[PT] bx28 frame A 129,110 5x13
[PT] bx28 frame I
[PT] bx29 frame A 307,88 15x37
[PT] bx29 frame I
[PT] tick 63 enemies=52
[PT] bx0 frame A 407,80 3x6
[PT] bx0 frame I
[PT] bx1 frame A 513,119 8x21
[PT] bx1 frame I
[PT] bx2 frame A 495,111 2x5
[PT] bx2 frame I
[PT] bx3 frame A 590,108 7x17
[PT] bx3 frame I
[PT] bx4 frame A 573,108 6x16
[PT] bx4 frame I
[PT] bx5 frame A 557,108 6x16
[PT] bx5 frame I
[PT] bx6 frame A 527,108 6x15
[PT] bx6 frame I
[PT] bx7 frame A 520,107 5x14
[PT] bx7 frame I
[PT] bx8 frame A 528,107 5x13
[PT] bx8 frame I
[PT] bx9 frame A 410,71 30x75
[PT] bx9 frame I
[PT] bx10 frame A 392,115 7x18
[PT] bx10 frame I
[PT] bx11 frame A 420,86 2x6
[PT] bx11 frame I
[PT] bx12 frame A 94,15 3x7
[PT] bx12 frame I
[PT] bx13 frame A 896,108 10x26
[PT] bx13 frame I
[PT] ds13 text A 42m
[PT] ds13 text I
[PT] bx14 frame A 336,109 5x13
[PT] bx14 frame I
[PT] bx15 frame A 331,110 5x13
[PT] bx15 frame I
[PT] bx16 frame A 175,93 37x93
[PT] bx16 frame I
[PT] bx17 frame A 379,54 33x83
[PT] bx17 frame I
[PT] bx18 frame A 552,89 16x41
[PT] bx18 frame I
[PT] ds18 text A 19m
[PT] ds18 text I
[PT] bx19 frame A 148,45 27x68
[PT] bx19 frame I
[PT] ds19 text A 14m
[PT] ds19 text I
[PT] bx20 frame A 619,81 18x44
[PT] bx20 frame I
[PT] ds20 text A 19m
[PT] ds20 text I
[PT] bx21 frame A 367,97 13x33
[PT] bx21 frame I
[PT] bx22 frame A 186,-24 32x80
[PT] bx22 frame I
[PT] ds22 text A 12m
[PT] ds22 text I
[PT] bx23 frame A 569,93 15x38
[PT] bx23 frame I
[PT] bx24 frame A 155,60 35x87
[PT] bx24 frame I
[PT] bx25 frame A 627,107 8x20
[PT] bx25 frame I
[PT] ds25 text A 44m
[PT] ds25 text I
[PT] bx26 frame A 513,119 8x21
[PT] bx26 frame I
[PT] bx27 frame A 880,108 10x25
[PT] bx27 frame I
[PT] bx28 frame A 120,113 5x13
[PT] bx28 frame I
[PT] bx29 frame A 301,90 15x37
[PT] bx29 frame I
[PT] tick 64 enemies=52
[PT] bx0 frame A 404,81 3x6
[PT] bx0 frame I
[PT] bx1 frame A 510,121 8x21
[PT] bx1 frame I
[PT] bx2 frame A 492,112 2x5
[PT] bx2 frame I
[PT] bx3 frame A 587,110 7x16
[PT] bx3 frame I
[PT] bx4 frame A 570,110 6x16
[PT] bx4 frame I
[PT] bx5 frame A 554,109 6x16
[PT] bx5 frame I
[PT] bx6 frame A 524,109 6x15
[PT] bx6 frame I
[PT] bx7 frame A 517,109 5x14
[PT] bx7 frame I
[PT] bx8 frame A 525,109 5x13
[PT] bx8 frame I
[PT] bx9 frame A 408,84 30x74
[PT] bx9 frame I
[PT] bx10 frame A 389,116 7x18
[PT] bx10 frame I
[PT] bx11 frame A 417,88 2x6
[PT] bx11 frame I
[PT] bx12 frame A 89,15 3x7
[PT] bx12 frame I
[PT] bx13 frame A 889,109 10x26
[PT] bx13 frame I
[PT] bx14 frame A 333,111 5x13
[PT] bx14 frame I
[PT] bx15 frame A 328,111 5x13
[PT] bx15 frame I
[PT] bx16 frame A 171,94 37x93
[PT] bx16 frame I
[PT] bx17 frame A 377,55 33x83
[PT] bx17 frame I
[PT] bx18 frame A 549,88 16x40
[PT] bx18 frame I
[PT] ds18 text A 20m
[PT] ds18 text I
[PT] bx19 frame A 142,63 26x65
[PT] bx19 frame I
[PT] bx20 frame A 608,73 17x43
[PT] bx20 frame I
[PT] bx21 frame A 364,99 13x33
[PT] bx21 frame I
[PT] bx22 frame A 176,-2 30x76
[PT] bx22 frame I
[PT] bx23 frame A 573,94 15x38
[PT] bx23 frame I
[PT] bx24 frame A 151,61 35x88
[PT] bx24 frame I
[PT] bx25 frame A 621,108 8x19
[PT] bx25 frame I
[PT] bx26 frame A 510,121 8x21
[PT] bx26 frame I
[PT] bx27 frame A 874,109 10x25
[PT] bx27 frame I
[PT] bx28 frame A 116,114 5x13
[PT] bx28 frame I
[PT] bx29 frame A 298,91 15x37
[PT] bx29 frame I
[PT] tick 65 enemies=52
[PT] bx0 frame A 395,77 3x6
[PT] bx0 frame I
[PT] bx1 frame A 502,117 8x21
[PT] bx1 frame I
[PT] bx2 frame A 483,108 2x5
[PT] bx2 frame I
[PT] bx3 frame A 578,106 7x16
[PT] bx3 frame I
[PT] bx4 frame A 562,106 6x16
[PT] bx4 frame I
[PT] bx5 frame A 546,106 6x16
[PT] bx5 frame I
[PT] bx6 frame A 516,105 6x15
[PT] bx6 frame I
[PT] bx7 frame A 508,105 5x14
[PT] bx7 frame I
[PT] bx8 frame A 516,105 5x13
[PT] bx8 frame I
[PT] bx9 frame A 401,81 30x75
[PT] bx9 frame I
[PT] bx10 frame A 380,113 7x18
[PT] bx10 frame I
[PT] bx11 frame A 408,84 2x6
[PT] bx11 frame I
[PT] bx12 frame A 74,9 3x7
[PT] bx12 frame I
[PT] ds12 text A 161m
[PT] ds12 text I
[PT] bx13 frame A 874,99 10x25
[PT] bx13 frame I
[PT] ds13 text A 43m
[PT] ds13 text I
[PT] bx14 frame A 324,107 5x13
[PT] bx14 frame I
[PT] bx15 frame A 319,107 5x13
[PT] bx15 frame I
[PT] bx16 frame A 161,91 38x94
[PT] bx16 frame I
[PT] bx17 frame A 369,52 33x83
[PT] bx17 frame I
[PT] bx18 frame A 546,86 16x39
[PT] bx18 frame I
[PT] bx19 frame A 127,86 24x61
[PT] bx19 frame I
[PT] ds19 text A 15m
[PT] ds19 text I
[PT] bx20 frame A 594,65 17x42
[PT] bx20 frame I
[PT] bx21 frame A 356,95 13x34
[PT] bx21 frame I
[PT] bx22 frame A 159,16 29x72
[PT] bx22 frame I
[PT] ds22 text A 13m
[PT] ds22 text I
[PT] bx23 frame A 571,89 16x39
[PT] bx23 frame I
[PT] ds23 text A 20m
[PT] ds23 text I
[PT] bx24 frame A 140,57 36x89
[PT] bx24 frame I
[PT] bx25 frame A 609,104 8x19
[PT] bx25 frame I
[PT] ds25 text A 45m
[PT] ds25 text I
[PT] bx26 frame A 502,117 8x21
[PT] bx26 frame I
[PT] bx27 frame A 860,106 10x24
[PT] bx27 frame I
[PT] bx28 frame A 102,111 5x13
[PT] bx28 frame I
[PT] bx29 frame A 289,88 15x37
[PT] bx29 frame I
[PT] tick 66 enemies=52
[PT] bx0 frame A 397,76 3x6
[PT] bx0 frame I
[PT] bx1 frame A 503,116 8x21
[PT] bx1 frame I
[PT] bx2 frame A 484,107 2x5
[PT] bx2 frame I
[PT] bx3 frame A 580,105 7x16
[PT] bx3 frame I
[PT] bx4 frame A 563,104 6x16
[PT] bx4 frame I
[PT] bx5 frame A 547,104 6x16
[PT] bx5 frame I
[PT] bx6 frame A 517,104 6x15
[PT] bx6 frame I
[PT] bx7 frame A 509,104 5x14
[PT] bx7 frame I
[PT] bx8 frame A 518,104 5x13
[PT] bx8 frame I
[PT] bx9 frame A 402,80 30x75
[PT] bx9 frame I
[PT] bx10 frame A 381,111 7x18
[PT] bx10 frame I
[PT] bx11 frame A 409,82 2x6
[PT] bx11 frame I
[PT] bx12 frame A 76,7 3x7
[PT] bx12 frame I
[PT] bx13 frame A 879,95 10x25
[PT] bx13 frame I
[PT] bx14 frame A 325,106 5x13
[PT] bx14 frame I
[PT] bx15 frame A 320,106 5x13
[PT] bx15 frame I
[PT] bx16 frame A 162,90 38x94
[PT] bx16 frame I
[PT] bx17 frame A 370,51 33x83
[PT] bx17 frame I
[PT] bx18 frame A 558,85 16x39
[PT] bx18 frame I
[PT] bx19 frame A 125,93 24x59
[PT] bx19 frame I
[PT] ds19 text A 16m
[PT] ds19 text I
[PT] bx20 frame A 590,61 17x42
[PT] bx20 frame I
[PT] ds20 text A 20m
[PT] ds20 text I
[PT] bx21 frame A 357,94 13x34
[PT] bx21 frame I
[PT] bx22 frame A 156,37 27x68
[PT] bx22 frame I
[PT] ds22 text A 14m
[PT] ds22 text I
[PT] bx23 frame A 575,86 16x40
[PT] bx23 frame I
[PT] bx24 frame A 141,56 36x89
[PT] bx24 frame I
[PT] bx25 frame A 609,103 8x19
[PT] bx25 frame I
[PT] bx26 frame A 503,116 8x21
[PT] bx26 frame I
[PT] bx27 frame A 863,104 10x24
[PT] bx27 frame I
[PT] bx28 frame A 104,109 5x13
[PT] bx28 frame I
[PT] bx29 frame A 290,86 15x37
[PT] bx29 frame I
[PT] tick 67 enemies=52
[PT] bx0 frame A 397,71 3x6
[PT] bx0 frame I
[PT] bx1 frame A 504,112 8x21
[PT] bx1 frame I
[PT] bx2 frame A 485,103 2x5
[PT] bx2 frame I
[PT] bx3 frame A 580,100 7x17
[PT] bx3 frame I
[PT] bx4 frame A 564,100 6x16
[PT] bx4 frame I
[PT] bx5 frame A 548,100 6x16
[PT] bx5 frame I
[PT] bx6 frame A 518,100 6x15
[PT] bx6 frame I
[PT] bx7 frame A 510,99 6x14
[PT] bx7 frame I
[PT] bx8 frame A 518,99 5x13
[PT] bx8 frame I
[PT] bx9 frame A 402,76 30x75
[PT] bx9 frame I
[PT] bx10 frame A 382,107 7x18
[PT] bx10 frame I
[PT] bx11 frame A 409,78 2x6
[PT] bx11 frame I
[PT] bx12 frame A 75,2 3x7
[PT] bx12 frame I
[PT] bx13 frame A 886,88 10x25
[PT] bx13 frame I
[PT] ds13 text A 44m
[PT] ds13 text I
[PT] bx14 frame A 325,101 5x13
[PT] bx14 frame I
[PT] bx15 frame A 320,101 5x13
[PT] bx15 frame I
[PT] bx16 frame A 162,86 38x94
[PT] bx16 frame I
[PT] bx17 frame A 370,47 33x84
[PT] bx17 frame I
[PT] bx18 frame A 560,84 15x39
[PT] bx18 frame I
[PT] ds18 text A 21m
[PT] ds18 text I
[PT] bx19 frame A 126,90 24x59
[PT] bx19 frame I
[PT] bx20 frame A 595,55 17x42
[PT] bx20 frame I
[PT] bx21 frame A 357,89 13x34
[PT] bx21 frame I
[PT] bx22 frame A 152,66 25x63
[PT] bx22 frame I
[PT] bx23 frame A 577,81 16x40
[PT] bx23 frame I
[PT] bx24 frame A 141,52 36x89
[PT] bx24 frame I
[PT] bx25 frame A 607,99 7x19
[PT] bx25 frame I
[PT] ds25 text A 46m
[PT] ds25 text I
[PT] bx26 frame A 504,112 8x21
[PT] bx26 frame I
[PT] bx27 frame A 864,100 10x25
[PT] bx27 frame I
[PT] bx28 frame A 104,105 5x13
[PT] bx28 frame I
[PT] bx29 frame A 290,82 15x37
[PT] bx29 frame I
[PT] tick 68 enemies=52
[PT] bx0 frame A 398,64 3x7
[PT] bx0 frame I
[PT] bx1 frame A 505,105 8x21
[PT] bx1 frame I
[PT] bx2 frame A 486,96 2x5
[PT] bx2 frame I
[PT] bx3 frame A 582,94 7x17
[PT] bx3 frame I
[PT] bx4 frame A 565,93 7x16
[PT] bx4 frame I
[PT] bx5 frame A 549,93 6x16
[PT] bx5 frame I
[PT] bx6 frame A 519,93 6x15
[PT] bx6 frame I
[PT] bx7 frame A 512,93 6x14
[PT] bx7 frame I
[PT] bx8 frame A 520,93 5x14
[PT] bx8 frame I
[PT] bx9 frame A 403,70 30x75
[PT] bx9 frame I
[PT] bx10 frame A 383,100 7x18
[PT] bx10 frame I
[PT] bx11 frame A 411,71 2x6
[PT] bx11 frame I
[PT] bx12 frame A 75,-7 3x8
[PT] bx12 frame I
[PT] bx13 frame A 896,79 10x25
[PT] bx13 frame I
[PT] bx14 frame A 326,95 5x13
[PT] bx14 frame I
[PT] bx15 frame A 321,95 5x13
[PT] bx15 frame I
[PT] bx16 frame A 162,81 38x95
[PT] bx16 frame I
[PT] bx17 frame A 371,41 34x84
[PT] bx17 frame I
[PT] bx18 frame A 562,79 15x38
[PT] bx18 frame I
[PT] bx19 frame A 127,84 24x60
[PT] bx19 frame I
[PT] bx20 frame A 597,49 17x42
[PT] bx20 frame I
[PT] bx21 frame A 358,83 14x34
[PT] bx21 frame I
[PT] bx22 frame A 152,80 24x60
[PT] bx22 frame I
[PT] ds22 text A 15m
[PT] ds22 text I
[PT] bx23 frame A 573,73 16x41
[PT] bx23 frame I
[PT] bx24 frame A 141,46 36x90
[PT] bx24 frame I
[PT] bx25 frame A 606,87 7x19
[PT] bx25 frame I
[PT] bx26 frame A 505,105 8x21
[PT] bx26 frame I
[PT] bx27 frame A 868,94 10x25
[PT] bx27 frame I
[PT] bx28 frame A 105,98 5x13
[PT] bx28 frame I
[PT] bx29 frame A 291,76 15x38
[PT] bx29 frame I
[PT] tick 69 enemies=52
[PT] bx0 frame A 401,64 3x7
[PT] bx0 frame I
[PT] bx1 frame A 508,105 8x21
[PT] bx1 frame I
[PT] bx2 frame A 489,95 2x5
[PT] bx2 frame I
[PT] bx3 frame A 585,93 7x17
[PT] bx3 frame I
[PT] bx4 frame A 568,93 7x16
[PT] bx4 frame I
[PT] bx5 frame A 552,93 6x16
[PT] bx5 frame I
[PT] bx6 frame A 522,93 6x15
[PT] bx6 frame I
[PT] bx7 frame A 514,92 6x14
[PT] bx7 frame I
[PT] bx8 frame A 522,92 5x14
[PT] bx8 frame I
[PT] bx9 frame A 405,70 30x75
[PT] bx9 frame I
[PT] bx10 frame A 385,100 7x18
[PT] bx10 frame I
[PT] bx11 frame A 413,70 2x6
[PT] bx11 frame I
[PT] bx12 frame A 80,-7 3x7
[PT] bx12 frame I
[PT] bx13 frame A 905,79 10x26
[PT] bx13 frame I
[PT] ds13 text A 45m
[PT] ds13 text I
[PT] bx14 frame A 329,94 5x13
[PT] bx14 frame I
[PT] bx15 frame A 324,94 5x13
[PT] bx15 frame I
[PT] bx16 frame A 165,81 38x94
[PT] bx16 frame I
[PT] bx17 frame A 373,40 34x84
[PT] bx17 frame I
[PT] bx18 frame A 559,79 15x38
[PT] bx18 frame I
[PT] bx19 frame A 130,83 24x59
[PT] bx19 frame I
[PT] bx20 frame A 600,51 17x42
[PT] bx20 frame I
[PT] bx21 frame A 360,83 14x34
[PT] bx21 frame I
[PT] bx22 frame A 156,80 24x60
[PT] bx22 frame I
[PT] bx23 frame A 582,72 17x42
[PT] bx23 frame I
[PT] ds23 text A 19m
[PT] ds23 text I
[PT] bx24 frame A 144,46 36x89
[PT] bx24 frame I
[PT] bx25 frame A 606,85 7x19
[PT] bx25 frame I
[PT] ds25 text A 47m
[PT] ds25 text I
[PT] bx26 frame A 508,105 8x21
[PT] bx26 frame I
[PT] bx27 frame A 873,93 10x25
[PT] bx27 frame I
[PT] bx28 frame A 108,98 5x13
[PT] bx28 frame I
[PT] bx29 frame A 293,75 15x38
[PT] bx29 frame I
[PT] tick 70 enemies=52
[PT] bx0 frame A 399,63 3x7
[PT] bx0 frame I
[PT] bx1 frame A 506,104 8x21
[PT] bx1 frame I
[PT] bx2 frame A 487,95 2x5
[PT] bx2 frame I
[PT] bx3 frame A 583,93 7x17
[PT] bx3 frame I
[PT] bx4 frame A 566,93 7x16
[PT] bx4 frame I
[PT] bx5 frame A 550,93 6x16
[PT] bx5 frame I
[PT] bx6 frame A 520,92 6x15
[PT] bx6 frame I
[PT] bx7 frame A 512,92 6x14
[PT] bx7 frame I
[PT] bx8 frame A 520,92 5x14
[PT] bx8 frame I
[PT] bx9 frame A 403,70 30x75
[PT] bx9 frame I
[PT] bx10 frame A 383,100 7x18
[PT] bx10 frame I
[PT] bx11 frame A 411,70 2x6
[PT] bx11 frame I
[PT] bx12 frame A 907,79 10x25
[PT] bx12 frame I
[PT] ds12 text A 45m
[PT] ds12 text I
[PT] bx13 frame A 326,94 5x13
[PT] bx13 frame I
[PT] ds13 text A 65m
[PT] ds13 text I
[PT] bx14 frame A 321,94 5x13
[PT] bx14 frame I
[PT] bx15 frame A 163,80 38x95
[PT] bx15 frame I
[PT] ds15 text A 9m
[PT] ds15 text I
[PT] bx16 frame A 371,40 34x84
[PT] bx16 frame I
[PT] bx17 frame A 551,78 15x38
[PT] bx17 frame I
[PT] ds17 text A 21m
[PT] ds17 text I
[PT] bx18 frame A 128,83 24x60
[PT] bx18 frame I
[PT] ds18 text A 16m
[PT] ds18 text I
[PT] bx19 frame A 599,54 17x42
[PT] bx19 frame I
[PT] ds19 text A 20m
[PT] ds19 text I
[PT] bx20 frame A 358,82 14x34
[PT] bx20 frame I
[PT] ds20 text A 24m
[PT] ds20 text I
[PT] bx21 frame A 153,80 24x60
[PT] bx21 frame I
[PT] ds21 text A 15m
[PT] ds21 text I
[PT] bx22 frame A 585,72 17x42
[PT] bx22 frame I
[PT] ds22 text A 19m
[PT] ds22 text I
[PT] bx23 frame A 141,46 36x90
[PT] bx23 frame I
[PT] ds23 text A 10m
[PT] ds23 text I
[PT] bx24 frame A 601,82 7x18
[PT] bx24 frame I
[PT] ds24 text A 47m
[PT] ds24 text I
[PT] bx25 frame A 506,104 8x21
[PT] bx25 frame I
[PT] nm25 text A BOT
[PT] nm25 text I
[PT] ds25 text A 38m
[PT] ds25 text I
[PT] bx26 frame A 869,93 10x25
[PT] bx26 frame I
[PT] nm26 text A Player
[PT] nm26 text I
[PT] ds26 text A 44m
[PT] ds26 text I
[PT] bx27 frame A 105,97 5x13
[PT] bx27 frame I
[PT] nm27 text A BOT
[PT] nm27 text I
[PT] ds27 text A 80m
[PT] ds27 text I
[PT] bx28 frame A 291,75 15x38
[PT] bx28 frame I
[PT] nm28 text A Player
[PT] nm28 text I
[PT] ds28 text A 22m
[PT] ds28 text I
[PT] bx29 hide A
[PT] nm29 hide A
[PT] ds29 hide A
[PT] tick 71 enemies=52
[PT] bx0 frame A 398,61 3x7
[PT] bx0 frame I
[PT] bx1 frame A 506,102 9x21
[PT] bx1 frame I
[PT] bx2 frame A 486,92 2x5
[PT] bx2 frame I
[PT] bx3 frame A 583,90 7x17
[PT] bx3 frame I
[PT] bx4 frame A 566,90 7x16
[PT] bx4 frame I
[PT] bx5 frame A 550,90 6x16
[PT] bx5 frame I
[PT] bx6 frame A 520,90 6x15
[PT] bx6 frame I
[PT] bx7 frame A 512,89 6x14
[PT] bx7 frame I
[PT] bx8 frame A 520,89 5x14
[PT] bx8 frame I
[PT] bx9 frame A 403,67 30x76
[PT] bx9 frame I
[PT] bx10 frame A 383,97 7x18
[PT] bx10 frame I
[PT] bx11 frame A 410,67 2x6
[PT] bx11 frame I
[PT] bx12 frame A 911,78 10x25
[PT] bx12 frame I
[PT] bx13 frame A 326,91 5x13
[PT] bx13 frame I
[PT] bx14 frame A 321,91 5x13
[PT] bx14 frame I
[PT] bx15 frame A 162,78 38x95
[PT] bx15 frame I
[PT] bx16 frame A 372,52 33x83
[PT] bx16 frame I
[PT] ds16 text A 8m
[PT] ds16 text I
[PT] bx17 frame A 547,76 15x37
[PT] bx17 frame I
[PT] bx18 frame A 126,81 24x60
[PT] bx18 frame I
[PT] bx19 frame A 599,60 17x42
[PT] bx19 frame I
[PT] bx20 frame A 358,80 14x34
[PT] bx20 frame I
[PT] bx21 frame A 152,77 24x60
[PT] bx21 frame I
[PT] bx22 frame A 595,69 18x44
[PT] bx22 frame I
[PT] bx23 frame A 140,43 36x90
[PT] bx23 frame I
[PT] bx24 frame A 598,78 7x18
[PT] bx24 frame I
[PT] ds24 text A 48m
[PT] ds24 text I
[PT] bx25 frame A 506,102 9x21
[PT] bx25 frame I
[PT] bx26 frame A 869,90 10x25
[PT] bx26 frame I
[PT] bx27 frame A 104,95 5x13
[PT] bx27 frame I
[PT] bx28 frame A 304,72 15x37
[PT] bx28 frame I
[PT] ds28 text A 23m
[PT] ds28 text I
[PT] tick 72 enemies=52
[PT] bx0 frame A 399,59 3x7
[PT] bx0 frame I
[PT] bx1 frame A 507,100 9x21
[PT] bx1 frame I
[PT] bx2 frame A 488,91 2x5
[PT] bx2 frame I
[PT] bx3 frame A 584,88 7x17
[PT] bx3 frame I
[PT] bx4 frame A 567,88 7x16
[PT] bx4 frame I
[PT] bx5 frame A 551,88 6x16
[PT] bx5 frame I
[PT] bx6 frame A 521,88 6x15
[PT] bx6 frame I
[PT] bx7 frame A 513,87 6x14
[PT] bx7 frame I
[PT] bx8 frame A 521,87 5x14
[PT] bx8 frame I
[PT] bx9 frame A 404,66 30x76
[PT] bx9 frame I
[PT] bx10 frame A 384,95 7x18
[PT] bx10 frame I
[PT] bx11 frame A 412,65 2x6
[PT] bx11 frame I
[PT] bx12 frame A 921,78 10x25
[PT] bx12 frame I
[PT] ds12 text A 46m
[PT] ds12 text I
[PT] bx13 frame A 327,89 5x13
[PT] bx13 frame I
[PT] bx14 frame A 322,90 5x13
[PT] bx14 frame I
[PT] bx15 frame A 163,77 38x95
[PT] bx15 frame I
[PT] bx16 frame A 373,50 33x83
[PT] bx16 frame I
[PT] bx17 frame A 542,75 15x37
[PT] bx17 frame I
[PT] ds17 text A 22m
[PT] ds17 text I
[PT] bx18 frame A 128,79 24x60
[PT] bx18 frame I
[PT] bx19 frame A 601,66 16x41
[PT] bx19 frame I
[PT] bx20 frame A 359,78 14x34
[PT] bx20 frame I
[PT] bx21 frame A 154,76 24x60
[PT] bx21 frame I
[PT] bx22 frame A 603,66 18x45
[PT] bx22 frame I
[PT] ds22 text A 18m
[PT] ds22 text I
[PT] bx23 frame A 141,42 36x90
[PT] bx23 frame I
[PT] bx24 frame A 597,76 7x18
[PT] bx24 frame I
[PT] bx25 frame A 507,100 9x21
[PT] bx25 frame I
[PT] bx26 frame A 872,88 10x25
[PT] bx26 frame I
[PT] bx27 frame A 106,93 5x13
[PT] bx27 frame I
[PT] bx28 frame A 314,69 15x37
[PT] bx28 frame I
[PT] tick 73 enemies=52
[PT] bx0 frame A 402,59 3x7
[PT] bx0 frame I
[PT] bx1 frame A 509,100 9x21
[PT] bx1 frame I
[PT] bx2 frame A 490,91 2x5
[PT] bx2 frame I
[PT] bx3 frame A 587,88 7x17
[PT] bx3 frame I
[PT] bx4 frame A 570,88 7x16
[PT] bx4 frame I
[PT] bx5 frame A 553,88 6x16
[PT] bx5 frame I
[PT] bx6 frame A 523,88 6x15
[PT] bx6 frame I
[PT] bx7 frame A 515,87 6x14
[PT] bx7 frame I
[PT] bx8 frame A 524,87 5x14
[PT] bx8 frame I
[PT] bx9 frame A 406,66 30x76
[PT] bx9 frame I
[PT] bx10 frame A 386,95 7x18
[PT] bx10 frame I
[PT] bx11 frame A 414,65 2x6
[PT] bx11 frame I
[PT] bx12 frame A 923,78 10x25
[PT] bx12 frame I
[PT] bx13 frame A 330,89 5x13
[PT] bx13 frame I
[PT] bx14 frame A 325,89 5x13
[PT] bx14 frame I
[PT] bx15 frame A 166,77 38x95
[PT] bx15 frame I
[PT] bx16 frame A 375,50 33x83
[PT] bx16 frame I
[PT] bx17 frame A 540,75 15x37
[PT] bx17 frame I
[PT] bx18 frame A 131,79 24x60
[PT] bx18 frame I
[PT] bx19 frame A 604,74 16x41
[PT] bx19 frame I
[PT] bx20 frame A 361,78 14x34
[PT] bx20 frame I
[PT] bx21 frame A 157,76 24x60
[PT] bx21 frame I
[PT] bx22 frame A 608,67 18x46
[PT] bx22 frame I
[PT] bx23 frame A 144,42 36x90
[PT] bx23 frame I
[PT] ds24 text A 49m
[PT] ds24 text I
[PT] bx25 frame A 509,100 9x21
[PT] bx25 frame I
[PT] bx26 frame A 876,88 10x25
[PT] bx26 frame I
[PT] bx27 frame A 109,93 5x13
[PT] bx27 frame I
[PT] bx28 frame A 321,69 15x36
[PT] bx28 frame I
[PT] tick 74 enemies=52
[PT] bx0 frame A 400,58 3x7
[PT] bx0 frame I
[PT] bx1 frame A 508,100 9x21
[PT] bx1 frame I
[PT] bx2 frame A 489,90 2x5
[PT] bx2 frame I
[PT] bx3 frame A 585,88 7x17
[PT] bx3 frame I
[PT] bx4 frame A 568,88 7x16
[PT] bx4 frame I
[PT] bx5 frame A 552,88 6x16
[PT] bx5 frame I
[PT] bx6 frame A 522,88 6x15
[PT] bx6 frame I
[PT] bx7 frame A 514,87 6x14
[PT] bx7 frame I
[PT] bx8 frame A 522,87 5x14
[PT] bx8 frame I
[PT] bx9 frame A 405,65 30x76
[PT] bx9 frame I
[PT] bx10 frame A 385,95 7x18
[PT] bx10 frame I
[PT] bx11 frame A 413,65 2x6
[PT] bx11 frame I
[PT] bx12 frame A 921,78 10x25
[PT] bx12 frame I
[PT] bx13 frame A 328,89 5x13
[PT] bx13 frame I
[PT] bx14 frame A 323,89 5x13
[PT] bx14 frame I
[PT] bx15 frame A 164,77 38x95
[PT] bx15 frame I
[PT] bx16 frame A 373,50 33x83
[PT] bx16 frame I
[PT] bx17 frame A 534,75 14x36
[PT] bx17 frame I
[PT] bx18 frame A 129,79 24x60
[PT] bx18 frame I
[PT] bx20 frame A 360,78 14x34
[PT] bx20 frame I
[PT] bx21 frame A 155,75 24x60
[PT] bx21 frame I
[PT] bx22 frame A 614,68 19x47
[PT] bx22 frame I
[PT] ds22 text A 17m
[PT] ds22 text I
[PT] bx23 frame A 142,42 36x90
[PT] bx23 frame I
[PT] bx24 frame A 592,78 7x18
[PT] bx24 frame I
[PT] bx25 frame A 508,100 9x21
[PT] bx25 frame I
[PT] bx26 frame A 873,88 10x25
[PT] bx26 frame I
[PT] bx27 frame A 107,93 5x13
[PT] bx27 frame I
[PT] bx28 frame A 327,69 14x36
[PT] bx28 frame I
[PT] tick 75 enemies=52
[PT] bx0 frame A 398,56 3x7
[PT] bx0 frame I
[PT] bx1 frame A 506,97 9x21
[PT] bx1 frame I
[PT] bx2 frame A 486,88 2x5
[PT] bx2 frame I
[PT] bx3 frame A 583,86 7x17
[PT] bx3 frame I
[PT] bx4 frame A 566,85 7x16
[PT] bx4 frame I
[PT] bx5 frame A 550,85 6x16
[PT] bx5 frame I
[PT] bx6 frame A 520,85 6x15
[PT] bx6 frame I
[PT] bx7 frame A 512,85 6x14
[PT] bx7 frame I
[PT] bx8 frame A 520,84 5x14
[PT] bx8 frame I
[PT] bx9 frame A 403,63 30x76
[PT] bx9 frame I
[PT] bx10 frame A 383,93 7x18
[PT] bx10 frame I
[PT] bx11 frame A 410,62 2x6
[PT] bx11 frame I
[PT] bx12 frame A 917,76 10x25
[PT] bx12 frame I
[PT] bx13 frame A 325,87 5x13
[PT] bx13 frame I
[PT] bx14 frame A 321,87 5x13
[PT] bx14 frame I
[PT] bx15 frame A 161,75 38x95
[PT] bx15 frame I
[PT] bx16 frame A 371,48 33x84
[PT] bx16 frame I
[PT] bx17 frame A 529,73 14x36
[PT] bx17 frame I
[PT] bx18 frame A 126,76 24x60
[PT] bx18 frame I
[PT] bx19 frame A 602,71 16x41
[PT] bx19 frame I
[PT] bx20 frame A 357,75 14x34
[PT] bx20 frame I
[PT] bx21 frame A 152,73 24x60
[PT] bx21 frame I
[PT] bx22 frame A 616,65 19x48
[PT] bx22 frame I
[PT] bx23 frame A 139,39 36x90
[PT] bx23 frame I
[PT] bx24 frame A 587,77 7x17
[PT] bx24 frame I
[PT] ds24 text A 50m
[PT] ds24 text I
[PT] bx25 frame A 506,97 9x21
[PT] bx25 frame I
[PT] bx26 frame A 870,86 10x25
[PT] bx26 frame I
[PT] bx27 frame A 103,90 5x13
[PT] bx27 frame I
[PT] bx28 frame A 330,67 14x36
[PT] bx28 frame I
[PT] tick 76 enemies=52
[PT] bx17 frame A 525,73 14x36
[PT] bx17 frame I
[PT] bx19 frame A 597,77 16x40
[PT] bx19 frame I
[PT] bx22 frame A 621,64 19x48
[PT] bx22 frame I
[PT] bx24 frame A 585,77 7x17
[PT] bx24 frame I
[PT] bx28 frame A 335,67 14x36
[PT] bx28 frame I
[PT] tick 77 enemies=52
[PT] bx0 frame A 397,54 3x7
[PT] bx0 frame I
[PT] bx1 frame A 505,96 9x21
[PT] bx1 frame I
[PT] bx2 frame A 486,86 2x5
[PT] bx2 frame I
[PT] bx3 frame A 583,84 7x17
[PT] bx3 frame I
[PT] bx4 frame A 566,84 7x16
[PT] bx4 frame I
[PT] bx5 frame A 550,84 6x16
[PT] bx5 frame I
[PT] bx6 frame A 520,84 6x15
[PT] bx6 frame I
[PT] bx7 frame A 512,83 6x14
[PT] bx7 frame I
[PT] bx8 frame A 520,83 5x14
[PT] bx8 frame I
[PT] bx9 frame A 402,62 30x76
[PT] bx9 frame I
[PT] bx10 frame A 382,91 7x18
[PT] bx10 frame I
[PT] bx11 frame A 410,61 2x6
[PT] bx11 frame I
[PT] bx12 frame A 917,74 10x25
[PT] bx12 frame I
[PT] bx13 frame A 325,85 5x13
[PT] bx13 frame I
[PT] bx14 frame A 320,85 5x14
[PT] bx14 frame I
[PT] bx16 frame A 371,47 33x84
[PT] bx16 frame I
[PT] bx17 frame A 522,73 14x35
[PT] bx17 frame I
[PT] ds17 text A 23m
[PT] ds17 text I
[PT] bx18 frame A 125,75 24x60
[PT] bx18 frame I
[PT] bx19 frame A 592,76 16x40
[PT] bx19 frame I
[PT] bx20 frame A 357,74 14x34
[PT] bx20 frame I
[PT] bx21 frame A 151,72 24x61
[PT] bx21 frame I
[PT] bx22 frame A 624,64 20x49
[PT] bx22 frame I
[PT] bx23 frame A 138,38 36x91
[PT] bx23 frame I
[PT] bx25 frame A 505,96 9x21
[PT] bx25 frame I
[PT] bx26 frame A 870,85 10x25
[PT] bx26 frame I
[PT] bx27 frame A 102,89 5x13
[PT] bx27 frame I
[PT] bx28 frame A 342,66 14x36
[PT] bx28 frame I
[PT] tick 78 enemies=52
[PT] bx0 frame A 397,51 3x7
[PT] bx0 frame I
[PT] bx1 frame A 505,93 9x21
[PT] bx1 frame I
[PT] bx2 frame A 486,84 2x5
[PT] bx2 frame I
[PT] bx3 frame A 582,82 7x17
[PT] bx3 frame I
[PT] bx4 frame A 565,82 7x16
[PT] bx4 frame I
[PT] bx5 frame A 549,81 6x16
[PT] bx5 frame I
[PT] bx6 frame A 519,81 6x15
[PT] bx6 frame I
[PT] bx7 frame A 511,81 6x14
[PT] bx7 frame I
[PT] bx8 frame A 519,80 6x14
[PT] bx8 frame I
[PT] bx9 frame A 402,60 31x76
[PT] bx9 frame I
[PT] bx10 frame A 381,89 7x18
[PT] bx10 frame I
[PT] bx11 frame A 409,58 2x6
[PT] bx11 frame I
[PT] bx12 frame A 917,72 10x25
[PT] bx12 frame I
[PT] bx13 frame A 324,83 5x13
[PT] bx13 frame I
[PT] bx14 frame A 319,83 5x14
[PT] bx14 frame I
[PT] bx15 frame A 159,71 38x96
[PT] bx15 frame I
[PT] bx16 frame A 370,44 34x84
[PT] bx16 frame I
[PT] bx17 frame A 523,70 14x36
[PT] bx17 frame I
[PT] ds17 text A 22m
[PT] ds17 text I
[PT] bx18 frame A 123,73 24x60
[PT] bx18 frame I
[PT] bx19 frame A 598,67 16x41
[PT] bx19 frame I
[PT] bx20 frame A 356,71 14x34
[PT] bx20 frame I
[PT] bx21 frame A 149,69 24x61
[PT] bx21 frame I
[PT] bx22 frame A 624,61 20x50
[PT] bx22 frame I
[PT] bx23 frame A 137,36 36x91
[PT] bx23 frame I
[PT] bx24 frame A 584,73 7x17
[PT] bx24 frame I
[PT] bx25 frame A 505,93 9x21
[PT] bx25 frame I
[PT] bx26 frame A 869,82 10x25
[PT] bx26 frame I
[PT] bx27 frame A 101,86 5x13
[PT] bx27 frame I
[PT] bx28 frame A 345,64 14x36
[PT] bx28 frame I
[PT] tick 79 enemies=52
[PT] bx0 frame A 433,70 3x6
[PT] bx0 frame I
[PT] bx1 frame A 539,110 9x21
[PT] bx1 frame I
[PT] bx2 frame A 521,101 2x5
[PT] bx2 frame I
[PT] bx3 frame A 618,99 7x17
[PT] bx3 frame I
[PT] bx4 frame A 601,99 7x16
[PT] bx4 frame I
[PT] bx5 frame A 584,99 6x16
[PT] bx5 frame I
[PT] bx6 frame A 554,98 6x15
[PT] bx6 frame I
[PT] bx7 frame A 546,98 6x14
[PT] bx7 frame I
[PT] bx8 frame A 554,98 5x14
[PT] bx8 frame I
[PT] bx9 frame A 432,75 30x75
[PT] bx9 frame I
[PT] bx10 frame A 417,106 7x18
[PT] bx10 frame I
[PT] bx11 frame A 446,76 2x6
[PT] bx11 frame I
[PT] bx12 frame A 135,-1 3x7
[PT] bx12 frame I
[PT] ds12 text A 161m
[PT] ds12 text I
[PT] bx13 frame A 362,100 5x13
[PT] bx13 frame I
[PT] bx14 frame A 357,100 5x13
[PT] bx14 frame I
[PT] bx15 frame A 202,86 36x91
[PT] bx15 frame I
[PT] bx16 frame A 401,60 33x82
[PT] bx16 frame I
[PT] bx17 frame A 556,86 14x35
[PT] bx17 frame I
[PT] bx18 frame A 173,89 23x57
[PT] bx18 frame I
[PT] bx19 frame A 636,83 17x41
[PT] bx19 frame I
[PT] bx20 frame A 391,88 13x33
[PT] bx20 frame I
[PT] bx21 frame A 196,85 23x57
[PT] bx21 frame I
[PT] bx22 frame A 659,79 20x51
[PT] bx22 frame I
[PT] ds22 text A 16m
[PT] ds22 text I
[PT] bx23 frame A 183,53 34x85
[PT] bx23 frame I
[PT] bx24 frame A 618,90 7x17
[PT] bx24 frame I
[PT] bx25 frame A 539,110 9x21
[PT] bx25 frame I
[PT] bx26 frame A 156,103 5x12
[PT] bx26 frame I
[PT] nm26 text A BOT
[PT] nm26 text I
[PT] ds26 text A 80m
[PT] ds26 text I
[PT] bx27 frame A 386,81 14x35
[PT] bx27 frame I
[PT] nm27 text A Player
[PT] nm27 text I
[PT] ds27 text A 23m
[PT] ds27 text I
[PT] bx28 hide A
[PT] nm28 hide A
[PT] ds28 hide A
[PT] tick 80 enemies=52
[PT] bx0 frame A 433,56 3x7
[PT] bx0 frame I
[PT] bx1 frame A 539,98 9x22
[PT] bx1 frame I
[PT] bx2 frame A 521,88 2x5
[PT] bx2 frame I
[PT] bx3 frame A 619,86 7x17
[PT] bx3 frame I
[PT] bx4 frame A 602,86 7x17
[PT] bx4 frame I
[PT] bx5 frame A 585,86 7x16
[PT] bx5 frame I
[PT] bx6 frame A 554,86 6x15
[PT] bx6 frame I
[PT] bx7 frame A 546,85 6x14
[PT] bx7 frame I
[PT] bx8 frame A 555,85 6x14
[PT] bx8 frame I
[PT] bx9 frame A 432,64 30x75
[PT] bx9 frame I
[PT] bx10 frame A 417,93 7x18
[PT] bx10 frame I
[PT] bx11 frame A 446,63 2x6
[PT] bx11 frame I
[PT] bx12 frame A 362,87 5x13
[PT] bx12 frame I
[PT] ds12 text A 65m
[PT] ds12 text I
[PT] bx13 frame A 357,87 5x13
[PT] bx13 frame I
[PT] bx14 frame A 200,75 37x91
[PT] bx14 frame I
[PT] ds14 text A 9m
[PT] ds14 text I
[PT] bx15 frame A 401,49 33x83
[PT] bx15 frame I
[PT] ds15 text A 8m
[PT] ds15 text I
[PT] bx16 frame A 557,74 14x36
[PT] bx16 frame I
[PT] ds16 text A 22m
[PT] ds16 text I
[PT] bx17 frame A 171,77 23x57
[PT] bx17 frame I
[PT] ds17 text A 16m
[PT] ds17 text I
[PT] bx18 frame A 645,71 17x42
[PT] bx18 frame I
[PT] ds18 text A 20m
[PT] ds18 text I
[PT] bx19 frame A 391,76 13x34
[PT] bx19 frame I
[PT] ds19 text A 24m
[PT] ds19 text I
[PT] bx20 frame A 194,74 23x58
[PT] bx20 frame I
[PT] ds20 text A 15m
[PT] ds20 text I
[PT] bx21 frame A 661,67 21x53
[PT] bx21 frame I
[PT] ds21 text A 16m
[PT] ds21 text I
[PT] bx22 frame A 181,42 35x87
[PT] bx22 frame I
[PT] ds22 text A 10m
[PT] ds22 text I
[PT] bx23 frame A 618,77 7x18
[PT] bx23 frame I
[PT] ds23 text A 50m
[PT] ds23 text I
[PT] bx24 frame A 539,98 9x22
[PT] bx24 frame I
[PT] nm24 text A BOT
[PT] nm24 text I
[PT] ds24 text A 38m
[PT] ds24 text I
[PT] bx25 frame A 154,90 5x12
[PT] bx25 frame I
[PT] ds25 text A 80m
[PT] ds25 text I
[PT] bx26 frame A 390,68 14x35
[PT] bx26 frame I
[PT] nm26 text A Player
[PT] nm26 text I
[PT] ds26 text A 23m
[PT] ds26 text I
[PT] bx27 hide A
[PT] nm27 hide A
[PT] ds27 hide A
[PT] tick 81 enemies=52
[PT] bx0 frame A 415,44 3x7
[PT] bx0 frame I
[PT] bx1 frame A 523,86 9x22
[PT] bx1 frame I
[PT] bx2 frame A 504,76 2x5
[PT] bx2 frame I
[PT] bx3 frame A 602,75 7x17
[PT] bx3 frame I
[PT] bx4 frame A 584,74 7x17
[PT] bx4 frame I
[PT] bx5 frame A 568,74 7x16
[PT] bx5 frame I
[PT] bx6 frame A 537,74 6x16
[PT] bx6 frame I
[PT] bx7 frame A 529,73 6x14
[PT] bx7 frame I
[PT] bx8 frame A 538,73 6x14
[PT] bx8 frame I
[PT] bx9 frame A 417,54 31x77
[PT] bx9 frame I
[PT] bx10 frame A 399,82 7x18
[PT] bx10 frame I
[PT] bx11 frame A 428,50 2x6
[PT] bx11 frame I
[PT] bx12 frame A 343,75 5x13
[PT] bx12 frame I
[PT] bx13 frame A 338,75 5x14
[PT] bx13 frame I
[PT] bx14 frame A 179,66 38x94
[PT] bx14 frame I
[PT] bx15 frame A 385,38 34x84
[PT] bx15 frame I
[PT] bx16 frame A 540,63 14x36
[PT] bx16 frame I
[PT] bx17 frame A 146,67 24x59
[PT] bx17 frame I
[PT] bx18 frame A 637,61 17x42
[PT] bx18 frame I
[PT] bx19 frame A 373,65 14x34
[PT] bx19 frame I
[PT] bx20 frame A 171,63 24x60
[PT] bx20 frame I
[PT] bx21 frame A 643,59 22x54
[PT] bx21 frame I
[PT] ds21 text A 15m
[PT] ds21 text I
[PT] bx22 frame A 157,31 36x90
[PT] bx22 frame I
[PT] bx23 frame A 601,66 7x18
[PT] bx23 frame I
[PT] bx24 frame A 523,86 9x22
[PT] bx24 frame I
[PT] bx25 frame A 903,75 10x26
[PT] bx25 frame I
[PT] nm25 text A Player
[PT] nm25 text I
[PT] ds25 text A 44m
[PT] ds25 text I
[PT] bx26 frame A 127,79 5x13
[PT] bx26 frame I
[PT] nm26 text A BOT
[PT] nm26 text I
[PT] ds26 text A 80m
[PT] ds26 text I
[PT] bx27 frame A 380,57 14x36
[PT] bx27 frame I
[PT] bx27 show A
[PT] nm27 show A
[PT] ds27 show A
[PT] tick 82 enemies=52
[PT] bx0 frame A 405,42 3x7
[PT] bx0 frame I
[PT] bx1 frame A 513,85 9x22
[PT] bx1 frame I
[PT] bx2 frame A 494,75 2x5
[PT] bx2 frame I
[PT] bx3 frame A 592,73 7x17
[PT] bx3 frame I
[PT] bx4 frame A 574,73 7x17
[PT] bx4 frame I
[PT] bx5 frame A 558,73 7x16
[PT] bx5 frame I
[PT] bx6 frame A 528,73 6x16
[PT] bx6 frame I
[PT] bx7 frame A 520,72 6x14
[PT] bx7 frame I
[PT] bx8 frame A 528,72 6x14
[PT] bx8 frame I
[PT] bx9 frame A 409,52 31x77
[PT] bx9 frame I
[PT] bx10 frame A 389,80 7x19
[PT] bx10 frame I
[PT] bx11 frame A 418,49 2x6
[PT] bx11 frame I
[PT] bx12 frame A 332,74 5x13
[PT] bx12 frame I
[PT] bx13 frame A 327,74 5x14
[PT] bx13 frame I
[PT] bx14 frame A 167,65 38x95
[PT] bx14 frame I
[PT] bx15 frame A 377,37 34x84
[PT] bx15 frame I
[PT] bx16 frame A 531,62 14x36
[PT] bx16 frame I
[PT] bx17 frame A 133,65 24x60
[PT] bx17 frame I
[PT] bx18 frame A 634,61 17x42
[PT] bx18 frame I
[PT] bx19 frame A 364,63 14x34
[PT] bx19 frame I
[PT] bx20 frame A 159,62 24x61
[PT] bx20 frame I
[PT] bx21 frame A 633,61 22x55
[PT] bx21 frame I
[PT] bx22 frame A 145,29 36x91
[PT] bx22 frame I
[PT] bx23 frame A 591,64 7x18
[PT] bx23 frame I
[PT] bx24 frame A 513,85 9x22
[PT] bx24 frame I
[PT] bx25 frame A 886,74 10x26
[PT] bx25 frame I
[PT] bx26 frame A 112,78 5x13
[PT] bx26 frame I
[PT] bx27 frame A 368,56 14x36
[PT] bx27 frame I
[PT] tick 83 enemies=52
[PT] bx0 frame A 391,39 3x7
[PT] bx0 frame I
[PT] bx1 frame A 501,82 9x22
[PT] bx1 frame I
[PT] bx2 frame A 481,71 2x5
[PT] bx2 frame I
[PT] bx3 frame A 578,70 7x17
[PT] bx3 frame I
[PT] bx4 frame A 561,70 7x17
[PT] bx4 frame I
[PT] bx5 frame A 545,70 7x16
[PT] bx5 frame I
[PT] bx6 frame A 515,69 6x16
[PT] bx6 frame I
[PT] bx7 frame A 507,69 6x14
[PT] bx7 frame I
[PT] bx8 frame A 515,69 6x14
[PT] bx8 frame I
[PT] bx9 frame A 397,49 31x77
[PT] bx9 frame I
[PT] bx10 frame A 376,77 7x19
[PT] bx10 frame I
[PT] bx11 frame A 404,45 2x6
[PT] bx11 frame I
[PT] bx12 frame A 912,60 10x25
[PT] bx12 frame I
[PT] ds12 text A 46m
[PT] ds12 text I
[PT] bx13 frame A 318,71 5x14
[PT] bx13 frame I
[PT] bx14 frame A 313,71 6x14
[PT] bx14 frame I
[PT] ds14 text A 65m
[PT] ds14 text I
[PT] bx15 frame A 151,62 39x97
[PT] bx15 frame I
[PT] ds15 text A 9m
[PT] ds15 text I
[PT] bx16 frame A 365,34 34x85
[PT] bx16 frame I
[PT] ds16 text A 8m
[PT] ds16 text I
[PT] bx17 frame A 519,58 14x36
[PT] bx17 frame I
[PT] ds17 text A 22m
[PT] ds17 text I
[PT] bx18 frame A 114,62 25x61
[PT] bx18 frame I
[PT] ds18 text A 16m
[PT] ds18 text I
[PT] bx19 frame A 619,57 17x42
[PT] bx19 frame I
[PT] ds19 text A 20m
[PT] ds19 text I
[PT] bx20 frame A 351,60 14x35
[PT] bx20 frame I
[PT] ds20 text A 24m
[PT] ds20 text I
[PT] bx21 frame A 141,59 25x62
[PT] bx21 frame I
[PT] bx22 frame A 623,59 23x56
[PT] bx22 frame I
[PT] ds22 text A 14m
[PT] ds22 text I
[PT] bx23 frame A 127,25 37x93
[PT] bx23 frame I
[PT] ds23 text A 10m
[PT] ds23 text I
[PT] bx24 frame A 578,61 7x17
[PT] bx24 frame I
[PT] nm24 text A Player
[PT] nm24 text I
[PT] ds24 text A 50m
[PT] ds24 text I
[PT] bx25 frame A 501,82 9x22
[PT] bx25 frame I
[PT] nm25 text A BOT
[PT] nm25 text I
[PT] ds25 text A 38m
[PT] ds25 text I
[PT] bx26 frame A 865,70 10x25
[PT] bx26 frame I
[PT] nm26 text A Player
[PT] nm26 text I
[PT] ds26 text A 44m
[PT] ds26 text I
[PT] bx27 frame A 91,75 5x13
[PT] bx27 frame I
[PT] nm27 text A BOT
[PT] nm27 text I
[PT] ds27 text A 80m
[PT] ds27 text I
[PT] bx28 frame A 354,52 14x36
[PT] bx28 frame I
[PT] bx28 show A
[PT] nm28 show A
[PT] ds28 show A
[PT] tick 84 enemies=52
[PT] bx0 frame A 405,35 3x7
[PT] bx0 frame I
[PT] bx1 frame A 514,79 9x22
[PT] bx1 frame I
[PT] bx2 frame A 495,68 2x5
[PT] bx2 frame I
[PT] bx3 frame A 593,67 7x17
[PT] bx3 frame I
[PT] bx4 frame A 575,67 7x17
[PT] bx4 frame I
[PT] bx5 frame A 559,66 7x16
[PT] bx5 frame I
[PT] bx6 frame A 528,66 6x16
[PT] bx6 frame I
[PT] bx7 frame A 520,66 6x14
[PT] bx7 frame I
[PT] bx8 frame A 529,65 6x14
[PT] bx8 frame I
[PT] bx9 frame A 409,47 31x77
[PT] bx9 frame I
[PT] bx10 frame A 389,74 7x19
[PT] bx10 frame I
[PT] bx11 frame A 418,42 2x6
[PT] bx11 frame I
[PT] bx12 frame A 332,68 5x14
[PT] bx12 frame I
[PT] ds12 text A 65m
[PT] ds12 text I
[PT] bx13 frame A 327,68 5x14
[PT] bx13 frame I
[PT] bx14 frame A 166,59 38x96
[PT] bx14 frame I
[PT] ds14 text A 9m
[PT] ds14 text I
[PT] bx15 frame A 377,31 34x85
[PT] bx15 frame I
[PT] ds15 text A 8m
[PT] ds15 text I
[PT] bx16 frame A 532,55 15x36
[PT] bx16 frame I
[PT] ds16 text A 22m
[PT] ds16 text I
[PT] bx17 frame A 121,59 25x62
[PT] bx17 frame I
[PT] ds17 text A 15m
[PT] ds17 text I
[PT] bx18 frame A 633,54 17x42
[PT] bx18 frame I
[PT] ds18 text A 20m
[PT] ds18 text I
[PT] bx19 frame A 364,57 14x35
[PT] bx19 frame I
[PT] ds19 text A 24m
[PT] ds19 text I
[PT] bx20 frame A 158,56 24x61
[PT] bx20 frame I
[PT] ds20 text A 15m
[PT] ds20 text I
[PT] bx21 frame A 630,59 23x58
[PT] bx21 frame I
[PT] ds21 text A 14m
[PT] ds21 text I
[PT] bx22 frame A 144,23 37x91
[PT] bx22 frame I
[PT] ds22 text A 10m
[PT] ds22 text I
[PT] bx23 frame A 592,58 7x18
[PT] bx23 frame I
[PT] ds23 text A 50m
[PT] ds23 text I
[PT] bx24 frame A 514,79 9x22
[PT] bx24 frame I
[PT] nm24 text A BOT
[PT] nm24 text I
[PT] ds24 text A 38m
[PT] ds24 text I
[PT] bx25 frame A 888,67 10x26
[PT] bx25 frame I
[PT] nm25 text A Player
[PT] nm25 text I
[PT] ds25 text A 44m
[PT] ds25 text I
[PT] bx26 frame A 111,71 5x13
[PT] bx26 frame I
[PT] nm26 text A BOT
[PT] nm26 text I
[PT] ds26 text A 80m
[PT] ds26 text I
[PT] bx27 frame A 367,49 14x36
[PT] bx27 frame I
[PT] nm27 text A Player
[PT] nm27 text I
[PT] ds27 text A 23m
[PT] ds27 text I
[PT] bx28 hide A
[PT] nm28 hide A
[PT] ds28 hide A
[PT] tick 85 enemies=52
[PT] bx0 frame A 389,34 3x7
[PT] bx0 frame I
[PT] bx1 frame A 499,78 9x22
[PT] bx1 frame I
[PT] bx2 frame A 479,67 2x5
[PT] bx2 frame I
[PT] bx3 frame A 576,66 7x17
[PT] bx3 frame I
[PT] bx4 frame A 559,65 7x17
[PT] bx4 frame I
[PT] bx5 frame A 543,65 7x16
[PT] bx5 frame I
[PT] bx6 frame A 513,65 6x16
[PT] bx6 frame I
[PT] bx7 frame A 505,64 6x14
[PT] bx7 frame I
[PT] bx8 frame A 513,64 6x14
[PT] bx8 frame I
[PT] bx9 frame A 395,46 31x78
[PT] bx9 frame I
[PT] bx10 frame A 374,73 8x19
[PT] bx10 frame I
[PT] bx11 frame A 401,41 2x6
[PT] bx11 frame I
[PT] bx12 frame A 909,56 10x25
[PT] bx12 frame I
[PT] ds12 text A 46m
[PT] ds12 text I
[PT] bx13 frame A 315,66 5x14
[PT] bx13 frame I
[PT] bx14 frame A 309,67 6x14
[PT] bx14 frame I
[PT] ds14 text A 65m
[PT] ds14 text I
[PT] bx15 frame A 148,59 39x98
[PT] bx15 frame I
[PT] ds15 text A 9m
[PT] ds15 text I
[PT] bx16 frame A 363,30 34x86
[PT] bx16 frame I
[PT] ds16 text A 8m
[PT] ds16 text I
[PT] bx17 frame A 517,54 15x36
[PT] bx17 frame I
[PT] ds17 text A 22m
[PT] ds17 text I
[PT] bx18 frame A 89,55 27x67
[PT] bx18 frame I
[PT] ds18 text A 15m
[PT] ds18 text I
[PT] bx19 frame A 615,53 17x42
[PT] bx19 frame I
[PT] ds19 text A 20m
[PT] ds19 text I
[PT] bx20 frame A 342,55 14x35
[PT] bx20 frame I
[PT] ds20 text A 24m
[PT] ds20 text I
[PT] bx21 frame A 137,55 25x62
[PT] bx21 frame I
[PT] ds21 text A 15m
[PT] ds21 text I
[PT] bx22 frame A 608,58 24x60
[PT] bx22 frame I
[PT] ds22 text A 13m
[PT] ds22 text I
[PT] bx23 frame A 123,21 37x93
[PT] bx23 frame I
[PT] ds23 text A 10m
[PT] ds23 text I
[PT] bx24 frame A 575,57 7x18
[PT] bx24 frame I
[PT] nm24 text A Player
[PT] nm24 text I
[PT] ds24 text A 50m
[PT] ds24 text I
[PT] bx25 frame A 499,78 9x22
[PT] bx25 frame I
[PT] nm25 text A BOT
[PT] nm25 text I
[PT] ds25 text A 38m
[PT] ds25 text I
[PT] bx26 frame A 862,66 10x25
[PT] bx26 frame I
[PT] nm26 text A Player
[PT] nm26 text I
[PT] ds26 text A 44m
[PT] ds26 text I
[PT] bx27 frame A 86,70 5x14
[PT] bx27 frame I
[PT] nm27 text A BOT
[PT] nm27 text I
[PT] ds27 text A 80m
[PT] ds27 text I
[PT] bx28 frame A 352,48 15x36
[PT] bx28 frame I
[PT] bx28 show A
[PT] nm28 show A
[PT] ds28 show A
[PT] tick 86 enemies=52
[PT] bx0 frame A 397,38 3x7
[PT] bx0 frame I
[PT] bx1 frame A 506,82 9x22
[PT] bx1 frame I
[PT] bx2 frame A 487,71 2x5
[PT] bx2 frame I
[PT] bx3 frame A 584,70 7x17
[PT] bx3 frame I
[PT] bx4 frame A 567,69 7x17
[PT] bx4 frame I
[PT] bx5 frame A 551,69 7x16
[PT] bx5 frame I
[PT] bx6 frame A 520,69 6x16
[PT] bx6 frame I
[PT] bx7 frame A 512,68 6x14
[PT] bx7 frame I
[PT] bx8 frame A 521,68 6x14
[PT] bx8 frame I
[PT] bx9 frame A 402,49 31x77
[PT] bx9 frame I
[PT] bx10 frame A 382,77 7x19
[PT] bx10 frame I
[PT] bx11 frame A 410,45 2x6
[PT] bx11 frame I
[PT] bx12 frame A 922,60 10x26
[PT] bx12 frame I
[PT] bx13 frame A 324,70 5x14
[PT] bx13 frame I
[PT] bx14 frame A 318,71 6x14
[PT] bx14 frame I
[PT] ds14 text A 64m
[PT] ds14 text I
[PT] bx15 frame A 158,62 39x96
[PT] bx15 frame I
[PT] bx16 frame A 370,34 34x85
[PT] bx16 frame I
[PT] bx17 frame A 524,58 14x36
[PT] bx17 frame I
[PT] bx18 frame A 101,59 27x68
[PT] bx18 frame I
[PT] ds18 text A 14m
[PT] ds18 text I
[PT] bx19 frame A 618,55 17x43
[PT] bx19 frame I
[PT] bx20 frame A 343,59 14x35
[PT] bx20 frame I
[PT] bx21 frame A 148,59 25x61
[PT] bx21 frame I
[PT] bx22 frame A 610,62 24x61
[PT] bx22 frame I
[PT] bx23 frame A 135,25 37x92
[PT] bx23 frame I
[PT] bx24 frame A 583,61 7x18
[PT] bx24 frame I
[PT] bx25 frame A 506,82 9x22
[PT] bx25 frame I
[PT] bx26 frame A 874,70 10x25
[PT] bx26 frame I
[PT] bx27 frame A 100,74 5x13
[PT] bx27 frame I
[PT] bx28 frame A 360,52 14x36
[PT] bx28 frame I
[PT] tick 87 enemies=52
[PT] bx0 frame A 392,39 3x7
[PT] bx0 frame I
[PT] bx1 frame A 501,83 9x22
[PT] bx1 frame I
[PT] bx2 frame A 481,72 2x5
[PT] bx2 frame I
[PT] bx3 frame A 578,71 7x17
[PT] bx3 frame I
[PT] bx4 frame A 561,70 7x17
[PT] bx4 frame I
[PT] bx5 frame A 545,70 7x16
[PT] bx5 frame I
[PT] bx6 frame A 515,70 6x16
[PT] bx6 frame I
[PT] bx7 frame A 507,69 6x14
[PT] bx7 frame I
[PT] bx8 frame A 515,69 6x14
[PT] bx8 frame I
[PT] bx9 frame A 398,50 31x77
[PT] bx9 frame I
[PT] bx10 frame A 377,78 7x19
[PT] bx10 frame I
[PT] bx11 frame A 404,46 2x6
[PT] bx11 frame I
[PT] bx12 frame A 912,61 10x25
[PT] bx12 frame I
[PT] bx13 frame A 319,72 5x14
[PT] bx13 frame I
[PT] bx14 frame A 312,72 6x14
[PT] bx14 frame I
[PT] bx15 frame A 152,63 39x97
[PT] bx15 frame I
[PT] bx16 frame A 366,35 34x85
[PT] bx16 frame I
[PT] bx17 frame A 519,59 14x36
[PT] bx17 frame I
[PT] bx18 frame A 94,63 28x71
[PT] bx18 frame I
[PT] ds18 text A 13m
[PT] ds18 text I
[PT] bx19 frame A 596,52 17x43
[PT] bx19 frame I
[PT] ds19 text A 19m
[PT] ds19 text I
[PT] bx20 frame A 333,60 14x35
[PT] bx20 frame I
[PT] bx21 frame A 141,60 25x62
[PT] bx21 frame I
[PT] bx22 frame A 600,63 25x63
[PT] bx22 frame I
[PT] ds22 text A 12m
[PT] ds22 text I
[PT] bx23 frame A 128,26 37x93
[PT] bx23 frame I
[PT] bx24 frame A 578,62 7x17
[PT] bx24 frame I
[PT] bx25 frame A 501,83 9x22
[PT] bx25 frame I
[PT] bx26 frame A 865,71 10x25
[PT] bx26 frame I
[PT] bx27 frame A 92,75 5x13
[PT] bx27 frame I
[PT] bx28 frame A 355,53 14x36
[PT] bx28 frame I
[PT] tick 88 enemies=52
[PT] bx0 frame A 385,45 3x7
[PT] bx0 frame I
[PT] bx1 frame A 495,87 9x22
[PT] bx1 frame I
[PT] bx2 frame A 475,77 2x5
[PT] bx2 frame I
[PT] bx3 frame A 571,75 7x17
[PT] bx3 frame I
[PT] bx4 frame A 555,75 7x17
[PT] bx4 frame I
[PT] bx5 frame A 538,75 6x16
[PT] bx5 frame I
[PT] bx6 frame A 508,75 6x15
[PT] bx6 frame I
[PT] bx7 frame A 500,74 6x14
[PT] bx7 frame I
[PT] bx8 frame A 509,74 6x14
[PT] bx8 frame I
[PT] bx9 frame A 392,54 31x77
[PT] bx9 frame I
[PT] bx10 frame A 370,83 7x19
[PT] bx10 frame I
[PT] bx11 frame A 398,51 2x6
[PT] bx11 frame I
[PT] bx12 frame A 899,66 10x25
[PT] bx12 frame I
[PT] bx13 frame A 312,76 5x14
[PT] bx13 frame I
[PT] bx14 frame A 305,77 6x14
[PT] bx14 frame I
[PT] bx15 frame A 145,66 39x97
[PT] bx15 frame I
[PT] bx16 frame A 360,39 34x85
[PT] bx16 frame I
[PT] bx17 frame A 513,64 14x36
[PT] bx17 frame I
[PT] bx18 frame A 88,67 29x73
[PT] bx18 frame I
[PT] bx19 frame A 585,60 16x41
[PT] bx19 frame I
[PT] ds19 text A 20m
[PT] ds19 text I
[PT] bx20 frame A 324,65 14x35
[PT] bx20 frame I
[PT] bx21 frame A 134,64 25x62
[PT] bx21 frame I
[PT] bx22 frame A 591,67 26x64
[PT] bx22 frame I
[PT] bx23 frame A 121,30 37x93
[PT] bx23 frame I
[PT] bx24 frame A 571,67 7x17
[PT] bx24 frame I
[PT] bx25 frame A 495,87 9x22
[PT] bx25 frame I
[PT] bx26 frame A 853,76 10x25
[PT] bx26 frame I
[PT] bx27 frame A 82,80 5x14
[PT] bx27 frame I
[PT] bx28 frame A 349,58 14x36
[PT] bx28 frame I
[PT] tick 89 enemies=52
[PT] bx0 frame A 401,70 3x6
[PT] bx0 frame I
[PT] bx1 frame A 508,111 8x21
[PT] bx1 frame I
[PT] bx2 frame A 489,101 2x5
[PT] bx2 frame I
[PT] ds2 text A 170m
[PT] ds2 text I
[PT] bx3 frame A 584,99 7x17
[PT] bx3 frame I
[PT] bx4 frame A 568,99 6x16
[PT] bx4 frame I
[PT] bx5 frame A 552,99 6x16
[PT] bx5 frame I
[PT] bx6 frame A 522,99 6x15
[PT] bx6 frame I
[PT] bx7 frame A 514,98 6x14
[PT] bx7 frame I
[PT] bx8 frame A 522,98 5x13
[PT] bx8 frame I
[PT] bx9 frame A 407,78 29x74
[PT] bx9 frame I
[PT] bx10 frame A 386,106 7x18
[PT] bx10 frame I
[PT] bx11 frame A 414,76 2x6
[PT] bx11 frame I
[PT] bx12 frame A 916,90 10x25
[PT] bx12 frame I
[PT] bx13 frame A 330,100 5x13
[PT] bx13 frame I
[PT] ds13 text A 66m
[PT] ds13 text I
[PT] bx14 frame A 323,100 5x13
[PT] bx14 frame I
[PT] ds14 text A 65m
[PT] ds14 text I
[PT] bx15 frame A 173,90 37x92
[PT] bx15 frame I
[PT] bx16 frame A 376,64 32x81
[PT] bx16 frame I
[PT] ds16 text A 9m
[PT] ds16 text I
[PT] bx17 frame A 525,88 14x35
[PT] bx17 frame I
[PT] ds17 text A 23m
[PT] ds17 text I
[PT] bx18 frame A 142,90 28x70
[PT] bx18 frame I
[PT] bx19 frame A 583,83 16x40
[PT] bx19 frame I
[PT] bx20 frame A 338,89 13x34
[PT] bx20 frame I
[PT] bx21 frame A 162,88 23x59
[PT] bx21 frame I
[PT] bx22 frame A 598,91 27x66
[PT] bx22 frame I
[PT] ds22 text A 11m
[PT] ds22 text I
[PT] bx23 frame A 152,56 35x87
[PT] bx23 frame I
[PT] bx24 frame A 587,93 7x17
[PT] bx24 frame I
[PT] ds24 text A 51m
[PT] ds24 text I
[PT] bx25 frame A 508,111 8x21
[PT] bx25 frame I
[PT] bx26 frame A 869,99 10x25
[PT] bx26 frame I
[PT] bx27 frame A 111,104 5x13
[PT] bx27 frame I
[PT] ds27 text A 81m
[PT] ds27 text I
[PT] bx28 frame A 365,82 14x35
[PT] bx28 frame I
[PT] tick 90 enemies=52
[PT] bx0 frame A 410,74 3x6
[PT] bx0 frame I
[PT] bx1 frame A 515,115 8x21
[PT] bx1 frame I
[PT] bx2 frame A 497,105 2x5
[PT] bx2 frame I
[PT] bx3 frame A 592,103 7x16
[PT] bx3 frame I
[PT] bx4 frame A 575,103 6x16
[PT] bx4 frame I
[PT] bx5 frame A 559,103 6x16
[PT] bx5 frame I
[PT] bx6 frame A 530,103 6x15
[PT] bx6 frame I
[PT] bx7 frame A 522,102 5x14
[PT] bx7 frame I
[PT] bx8 frame A 530,102 5x13
[PT] bx8 frame I
[PT] bx9 frame A 415,82 29x72
[PT] bx9 frame I
[PT] ds9 text A 10m
[PT] ds9 text I
[PT] bx10 frame A 395,110 7x18
[PT] bx10 frame I
[PT] ds10 text A 46m
[PT] ds10 text I
[PT] bx11 frame A 422,80 2x6
[PT] bx11 frame I
[PT] bx12 frame A 103,-7 3x7
[PT] bx12 frame I
[PT] ds12 text A 162m
[PT] ds12 text I
[PT] bx13 frame A 339,104 5x13
[PT] bx13 frame I
[PT] bx14 frame A 333,104 5x13
[PT] bx14 frame I
[PT] bx15 frame A 192,93 35x88
[PT] bx15 frame I
[PT] bx16 frame A 386,68 31x78
[PT] bx16 frame I
[PT] bx17 frame A 532,92 14x34
[PT] bx17 frame I
[PT] bx18 frame A 155,93 27x68
[PT] bx18 frame I
[PT] bx19 frame A 580,86 15x39
[PT] bx19 frame I
[PT] ds19 text A 21m
[PT] ds19 text I
[PT] bx20 frame A 348,93 13x33
[PT] bx20 frame I
[PT] bx21 frame A 178,92 23x57
[PT] bx21 frame I
[PT] bx22 frame A 604,94 27x67
[PT] bx22 frame I
[PT] bx23 frame A 172,61 33x83
[PT] bx23 frame I
[PT] bx24 frame A 594,95 7x17
[PT] bx24 frame I
[PT] ds24 text A 52m
[PT] ds24 text I
[PT] bx25 frame A 515,115 8x21
[PT] bx25 frame I
[PT] bx26 frame A 879,104 10x25
[PT] bx26 frame I
[PT] bx27 frame A 125,108 5x13
[PT] bx27 frame I
[PT] bx28 frame A 375,86 14x34
[PT] bx28 frame I
[PT] ds28 text A 24m
[PT] ds28 text I
[PT] tick 91 enemies=52
[PT] bx0 frame A 419,76 3x6
[PT] bx0 frame I
[PT] bx1 frame A 523,118 8x21
[PT] bx1 frame I
[PT] ds1 text A 39m
[PT] ds1 text I
[PT] bx2 frame A 506,107 2x5
[PT] bx2 frame I
[PT] bx3 frame A 600,106 7x16
[PT] bx3 frame I
[PT] ds3 text A 52m
[PT] ds3 text I
[PT] bx4 frame A 584,106 6x16
[PT] bx4 frame I
[PT] ds4 text A 53m
[PT] ds4 text I
[PT] bx5 frame A 568,106 6x16
[PT] bx5 frame I
[PT] bx6 frame A 538,106 6x15
[PT] bx6 frame I
[PT] ds6 text A 56m
[PT] ds6 text I
[PT] bx7 frame A 530,105 5x14
[PT] bx7 frame I
[PT] ds7 text A 61m
[PT] ds7 text I
[PT] bx8 frame A 538,105 5x13
[PT] bx8 frame I
[PT] bx9 frame A 423,89 28x70
[PT] bx9 frame I
[PT] bx10 frame A 404,113 7x18
[PT] bx10 frame I
[PT] bx11 frame A 431,83 2x6
[PT] bx11 frame I
[PT] ds11 text A 149m
[PT] ds11 text I
[PT] bx12 frame A 118,-3 3x7
[PT] bx12 frame I
[PT] bx13 frame A 349,107 5x13
[PT] bx13 frame I
[PT] bx14 frame A 343,107 5x13
[PT] bx14 frame I
[PT] bx15 frame A 208,100 34x85
[PT] bx15 frame I
[PT] bx16 frame A 395,75 30x76
[PT] bx16 frame I
[PT] bx17 frame A 540,96 14x34
[PT] bx17 frame I
[PT] bx18 frame A 180,83 27x67
[PT] bx18 frame I
[PT] bx19 frame A 579,89 15x38
[PT] bx19 frame I
[PT] bx20 frame A 358,97 13x33
[PT] bx20 frame I
[PT] ds20 text A 25m
[PT] ds20 text I
[PT] bx21 frame A 194,97 22x55
[PT] bx21 frame I
[PT] ds21 text A 16m
[PT] ds21 text I
[PT] bx22 frame A 611,100 27x68
[PT] bx22 frame I
[PT] bx23 frame A 189,69 32x80
[PT] bx23 frame I
[PT] bx24 frame A 601,98 7x16
[PT] bx24 frame I
[PT] bx25 frame A 523,118 8x21
[PT] bx25 frame I
[PT] ds25 text A 39m
[PT] ds25 text I
[PT] bx26 frame A 891,107 10x25
[PT] bx26 frame I
[PT] bx27 frame A 140,110 5x12
[PT] bx27 frame I
[PT] bx28 frame A 384,90 13x33
[PT] bx28 frame I
[PT] tick 92 enemies=52
[PT] bx0 frame A 429,77 3x6
[PT] bx0 frame I
[PT] bx1 frame A 532,118 8x21
[PT] bx1 frame I
[PT] bx2 frame A 516,108 2x5
[PT] bx2 frame I
[PT] bx3 frame A 610,106 7x16
[PT] bx3 frame I
[PT] bx4 frame A 593,106 6x16
[PT] bx4 frame I
[PT] bx5 frame A 577,106 6x16
[PT] bx5 frame I
[PT] ds5 text A 54m
[PT] ds5 text I
[PT] bx6 frame A 547,106 6x15
[PT] bx6 frame I
[PT] bx7 frame A 540,105 5x14
[PT] bx7 frame I
[PT] bx8 frame A 548,105 5x13
[PT] bx8 frame I
[PT] ds8 text A 63m
[PT] ds8 text I
[PT] bx9 frame A 445,155 59x147
[PT] bx9 frame I
[PT] nm9 text A BOT
[PT] nm9 text I
[PT] ds9 text A 3m
[PT] ds9 text I
[PT] bx10 frame A 433,89 27x68
[PT] bx10 frame I
[PT] ds10 text A 10m
[PT] ds10 text I
[PT] bx11 frame A 414,113 7x18
[PT] bx11 frame I
[PT] ds11 text A 46m
[PT] ds11 text I
[PT] bx12 frame A 441,83 2x6
[PT] bx12 frame I
[PT] ds12 text A 149m
[PT] ds12 text I
[PT] bx13 frame A 135,-1 3x7
[PT] bx13 frame I
[PT] ds13 text A 162m
[PT] ds13 text I
[PT] bx14 frame A 359,107 5x13
[PT] bx14 frame I
[PT] ds14 text A 66m
[PT] ds14 text I
[PT] bx15 frame A 353,107 5x13
[PT] bx15 frame I
[PT] ds15 text A 65m
[PT] ds15 text I
[PT] bx16 frame A 226,101 33x82
[PT] bx16 frame I
[PT] bx17 frame A 405,76 30x74
[PT] bx17 frame I
[PT] ds17 text A 9m
[PT] ds17 text I
[PT] bx18 frame A 548,96 14x34
[PT] bx18 frame I
[PT] ds18 text A 23m
[PT] ds18 text I
[PT] bx19 frame A 203,72 26x66
[PT] bx19 frame I
[PT] ds19 text A 13m
[PT] ds19 text I
[PT] bx20 frame A 582,89 15x38
[PT] bx20 frame I
[PT] ds20 text A 21m
[PT] ds20 text I
[PT] bx21 frame A 368,97 13x32
[PT] bx21 frame I
[PT] ds21 text A 25m
[PT] ds21 text I
[PT] bx22 frame A 210,97 21x54
[PT] bx22 frame I
[PT] ds22 text A 16m
[PT] ds22 text I
[PT] bx23 frame A 618,100 28x69
[PT] bx23 frame I
[PT] ds23 text A 11m
[PT] ds23 text I
[PT] bx24 frame A 207,70 31x77
[PT] bx24 frame I
[PT] ds24 text A 11m
[PT] ds24 text I
[PT] bx25 frame A 609,100 6x16
[PT] bx25 frame I
[PT] nm25 text A Player
[PT] nm25 text I
[PT] ds25 text A 53m
[PT] ds25 text I
[PT] bx26 frame A 532,118 8x21
[PT] bx26 frame I
[PT] nm26 text A BOT
[PT] nm26 text I
[PT] ds26 text A 39m
[PT] ds26 text I
[PT] bx27 frame A 905,107 10x25
[PT] bx27 frame I
[PT] nm27 text A Player
[PT] nm27 text I
[PT] ds27 text A 44m
[PT] ds27 text I
[PT] bx28 frame A 155,110 5x12
[PT] bx28 frame I
[PT] nm28 text A BOT
[PT] nm28 text I
[PT] ds28 text A 81m
[PT] ds28 text I
[PT] bx29 frame A 394,90 13x33
[PT] bx29 frame I
[PT] bx29 show A
[PT] nm29 show A
[PT] ds29 text A 24m
[PT] ds29 text I
[PT] ds29 show A
[PT] tick 93 enemies=52
[PT] bx0 frame A 456,81 3x6
[PT] bx0 frame I
[PT] ds0 text A 137m
[PT] ds0 text I
[PT] bx1 frame A 558,122 8x21
[PT] bx1 frame I
[PT] bx2 frame A 542,111 2x5
[PT] bx2 frame I
[PT] ds2 text A 171m
[PT] ds2 text I
[PT] bx3 frame A 638,111 7x17
[PT] bx3 frame I
[PT] bx4 frame A 620,111 6x16
[PT] bx4 frame I
[PT] bx5 frame A 604,110 6x16
[PT] bx5 frame I
[PT] bx6 frame A 574,110 6x15
[PT] bx6 frame I
[PT] bx7 frame A 566,109 5x14
[PT] bx7 frame I
[PT] bx8 frame A 574,109 5x13
[PT] bx8 frame I
[PT] bx9 frame A 462,160 56x139
[PT] bx9 frame I
[PT] bx10 frame A 456,96 26x66
[PT] bx10 frame I
[PT] ds10 text A 11m
[PT] ds10 text I
[PT] bx11 frame A 440,117 7x17
[PT] bx11 frame I
[PT] bx12 frame A 468,87 2x6
[PT] bx12 frame I
[PT] bx13 frame A 176,6 3x7
[PT] bx13 frame I
[PT] ds13 text A 163m
[PT] ds13 text I
[PT] bx14 frame A 387,111 5x12
[PT] bx14 frame I
[PT] ds14 text A 67m
[PT] ds14 text I
[PT] bx15 frame A 381,111 5x13
[PT] bx15 frame I
[PT] ds15 text A 66m
[PT] ds15 text I
[PT] bx16 frame A 261,107 31x77
[PT] bx16 frame I
[PT] ds16 text A 10m
[PT] ds16 text I
[PT] bx17 frame A 429,83 28x71
[PT] bx17 frame I
[PT] ds17 text A 10m
[PT] ds17 text I
[PT] bx18 frame A 573,101 13x34
[PT] bx18 frame I
[PT] ds18 text A 24m
[PT] ds18 text I
[PT] bx19 frame A 251,74 25x62
[PT] bx19 frame I
[PT] bx20 frame A 602,95 15x37
[PT] bx20 frame I
[PT] ds20 text A 22m
[PT] ds20 text I
[PT] bx21 frame A 395,102 12x31
[PT] bx21 frame I
[PT] bx22 frame A 246,103 20x51
[PT] bx22 frame I
[PT] bx23 frame A 643,107 28x71
[PT] bx23 frame I
[PT] bx24 frame A 244,78 29x73
[PT] bx24 frame I
[PT] bx25 frame A 635,103 6x16
[PT] bx25 frame I
[PT] ds25 text A 54m
[PT] ds25 text I
[PT] bx26 frame A 558,122 8x21
[PT] bx26 frame I
[PT] bx27 frame A 193,114 5x12
[PT] bx27 frame I
[PT] nm27 text A BOT
[PT] nm27 text I
[PT] ds27 text A 81m
[PT] ds27 text I
[PT] bx28 frame A 420,95 13x32
[PT] bx28 frame I
[PT] nm28 text A Player
[PT] nm28 text I
[PT] ds28 text A 24m
[PT] ds28 text I
[PT] bx29 hide A
[PT] nm29 hide A
[PT] ds29 hide A
[PT] tick 94 enemies=52
[PT] bx0 frame A 479,79 3x6
[PT] bx0 frame I
[PT] bx1 frame A 580,121 8x21
[PT] bx1 frame I
[PT] ds1 text A 40m
[PT] ds1 text I
[PT] bx2 frame A 566,110 2x5
[PT] bx2 frame I
[PT] bx3 frame A 662,110 7x17
[PT] bx3 frame I
[PT] ds3 text A 53m
[PT] ds3 text I
[PT] bx4 frame A 644,109 7x16
[PT] bx4 frame I
[PT] bx5 frame A 627,109 6x16
[PT] bx5 frame I
[PT] bx6 frame A 596,109 6x15
[PT] bx6 frame I
[PT] bx7 frame A 589,108 5x14
[PT] bx7 frame I
[PT] ds7 text A 62m
[PT] ds7 text I
[PT] bx8 frame A 597,108 5x13
[PT] bx8 frame I
[PT] bx9 frame A 475,156 52x131
[PT] bx9 frame I
[PT] ds9 text A 4m
[PT] ds9 text I
[PT] bx10 frame A 475,95 26x64
[PT] bx10 frame I
[PT] bx11 frame A 5,128 11x28
[PT] bx11 frame I
[PT] ds11 text A 40m
[PT] ds11 text I
[PT] bx12 frame A 462,116 7x17
[PT] bx12 frame I
[PT] ds12 text A 47m
[PT] ds12 text I
[PT] bx13 frame A 491,86 2x6
[PT] bx13 frame I
[PT] ds13 text A 150m
[PT] ds13 text I
[PT] bx14 frame A 207,7 3x6
[PT] bx14 frame I
[PT] ds14 text A 163m
[PT] ds14 text I
[PT] bx15 frame A 410,110 5x12
[PT] bx15 frame I
[PT] ds15 text A 67m
[PT] ds15 text I
[PT] bx16 frame A 404,110 5x12
[PT] bx16 frame I
[PT] ds16 text A 66m
[PT] ds16 text I
[PT] bx17 frame A 289,106 29x73
[PT] bx17 frame I
[PT] bx18 frame A 449,83 28x69
[PT] bx18 frame I
[PT] ds18 text A 10m
[PT] ds18 text I
[PT] bx19 frame A 593,100 13x34
[PT] bx19 frame I
[PT] ds19 text A 24m
[PT] ds19 text I
[PT] bx20 frame A 295,74 24x60
[PT] bx20 frame I
[PT] ds20 text A 13m
[PT] ds20 text I
[PT] bx21 frame A 615,94 15x37
[PT] bx21 frame I
[PT] ds21 text A 22m
[PT] ds21 text I
[PT] bx22 frame A 417,101 12x31
[PT] bx22 frame I
[PT] ds22 text A 26m
[PT] ds22 text I
[PT] bx23 frame A 274,102 20x49
[PT] bx23 frame I
[PT] ds23 text A 16m
[PT] ds23 text I
[PT] bx24 frame A 666,106 29x73
[PT] bx24 frame I
[PT] ds24 text A 10m
[PT] ds24 text I
[PT] bx25 frame A 274,79 28x69
[PT] bx25 frame I
[PT] ds25 text A 11m
[PT] ds25 text I
[PT] bx26 frame A 657,104 6x16
[PT] bx26 frame I
[PT] nm26 text A Player
[PT] nm26 text I
[PT] ds26 text A 55m
[PT] ds26 text I
[PT] bx27 frame A 580,121 8x21
[PT] bx27 frame I
[PT] ds27 text A 40m
[PT] ds27 text I
[PT] bx28 frame A 223,112 5x11
[PT] bx28 frame I
[PT] nm28 text A BOT
[PT] nm28 text I
[PT] ds28 text A 82m
[PT] ds28 text I
[PT] bx29 frame A 442,94 13x32
[PT] bx29 frame I
[PT] bx29 show A
[PT] nm29 show A
[PT] ds29 text A 25m
[PT] ds29 text I
[PT] ds29 show A
[PT] tick 95 enemies=52
[PT] bx0 frame A 488,79 3x6
[PT] bx0 frame I
[PT] ds0 text A 138m
[PT] ds0 text I
[PT] bx1 frame A 588,121 8x21
[PT] bx1 frame I
[PT] bx2 frame A 575,110 2x5
[PT] bx2 frame I
[PT] bx3 frame A 671,110 7x17
[PT] bx3 frame I
[PT] bx4 frame A 653,110 7x16
[PT] bx4 frame I
[PT] ds4 text A 54m
[PT] ds4 text I
[PT] bx5 frame A 636,109 6x16
[PT] bx5 frame I
[PT] ds5 text A 55m
[PT] ds5 text I
[PT] bx6 frame A 605,109 6x15
[PT] bx6 frame I
[PT] ds6 text A 57m
[PT] ds6 text I
[PT] bx7 frame A 598,108 5x14
[PT] bx7 frame I
[PT] bx8 frame A 606,108 5x13
[PT] bx8 frame I
[PT] ds8 text A 64m
[PT] ds8 text I
[PT] bx9 frame A 480,159 50x124
[PT] bx9 frame I
[PT] bx10 frame A 482,98 25x63
[PT] bx10 frame I
[PT] bx11 frame A 27,128 11x27
[PT] bx11 frame I
[PT] bx12 frame A 470,116 7x17
[PT] bx12 frame I
[PT] bx13 frame A 500,85 2x6
[PT] bx13 frame I
[PT] bx14 frame A 220,7 3x6
[PT] bx14 frame I
[PT] bx15 frame A 419,110 5x12
[PT] bx15 frame I
[PT] bx16 frame A 413,110 5x12
[PT] bx16 frame I
[PT] bx17 frame A 303,109 28x71
[PT] bx17 frame I
[PT] bx18 frame A 457,86 27x67
[PT] bx18 frame I
[PT] bx19 frame A 601,101 13x33
[PT] bx19 frame I
[PT] bx20 frame A 320,83 23x58
[PT] bx20 frame I
[PT] bx21 frame A 613,95 15x37
[PT] bx21 frame I
[PT] bx22 frame A 427,102 12x30
[PT] bx22 frame I
[PT] bx23 frame A 287,104 19x48
[PT] bx23 frame I
[PT] ds23 text A 17m
[PT] ds23 text I
[PT] bx24 frame A 675,109 30x75
[PT] bx24 frame I
[PT] bx25 frame A 288,82 27x67
[PT] bx25 frame I
[PT] bx26 frame A 664,106 6x16
[PT] bx26 frame I
[PT] ds26 text A 56m
[PT] ds26 text I
[PT] bx27 frame A 588,121 8x21
[PT] bx27 frame I
[PT] bx28 frame A 235,112 4x11
[PT] bx28 frame I
[PT] bx29 frame A 451,96 13x31
[PT] bx29 frame I
[PT] tick 96 enemies=52
[PT] bx0 frame A 496,76 3x6
[PT] bx0 frame I
[PT] bx1 frame A 595,118 8x21
[PT] bx1 frame I
[PT] bx2 frame A 583,107 2x5
[PT] bx2 frame I
[PT] ds2 text A 172m
[PT] ds2 text I
[PT] bx3 frame A 679,107 7x17
[PT] bx3 frame I
[PT] bx4 frame A 661,107 7x16
[PT] bx4 frame I
[PT] bx5 frame A 644,106 6x16
[PT] bx5 frame I
[PT] bx6 frame A 613,106 6x15
[PT] bx6 frame I
[PT] bx7 frame A 605,105 6x14
[PT] bx7 frame I
[PT] bx8 frame A 614,105 5x14
[PT] bx8 frame I
[PT] bx9 frame A 484,153 47x118
[PT] bx9 frame I
[PT] bx10 frame A 489,95 24x61
[PT] bx10 frame I
[PT] ds10 text A 12m
[PT] ds10 text I
[PT] bx11 frame A 44,125 11x27
[PT] bx11 frame I
[PT] bx12 frame A 478,113 7x17
[PT] bx12 frame I
[PT] ds12 text A 48m
[PT] ds12 text I
[PT] bx13 frame A 508,82 2x6
[PT] bx13 frame I
[PT] bx14 frame A 230,4 3x6
[PT] bx14 frame I
[PT] ds14 text A 164m
[PT] ds14 text I
[PT] bx15 frame A 427,107 5x12
[PT] bx15 frame I
[PT] ds15 text A 68m
[PT] ds15 text I
[PT] bx16 frame A 421,107 5x12
[PT] bx16 frame I
[PT] ds16 text A 67m
[PT] ds16 text I
[PT] bx17 frame A 314,105 27x68
[PT] bx17 frame I
[PT] ds17 text A 11m
[PT] ds17 text I
[PT] bx18 frame A 464,84 26x65
[PT] bx18 frame I
[PT] ds18 text A 11m
[PT] ds18 text I
[PT] bx19 frame A 607,98 13x33
[PT] bx19 frame I
[PT] ds19 text A 25m
[PT] ds19 text I
[PT] bx20 frame A 346,94 22x56
[PT] bx20 frame I
[PT] bx21 frame A 610,92 14x36
[PT] bx21 frame I
[PT] ds21 text A 23m
[PT] ds21 text I
[PT] bx22 frame A 434,99 12x30
[PT] bx22 frame I
[PT] bx23 frame A 298,100 19x47
[PT] bx23 frame I
[PT] bx24 frame A 682,106 31x76
[PT] bx24 frame I
[PT] bx25 frame A 299,79 26x65
[PT] bx25 frame I
[PT] ds25 text A 12m
[PT] ds25 text I
[PT] bx26 frame A 671,105 6x16
[PT] bx26 frame I
[PT] ds26 text A 57m
[PT] ds26 text I
[PT] bx27 frame A 595,118 8x21
[PT] bx27 frame I
[PT] bx28 frame A 245,109 4x11
[PT] bx28 frame I
[PT] bx29 frame A 458,92 12x31
[PT] bx29 frame I
[PT] tick 97 enemies=52
[PT] bx0 frame A 497,68 3x6
[PT] bx0 frame I
[PT] bx1 frame A 595,110 8x20
[PT] bx1 frame I
[PT] ds1 text A 41m
[PT] ds1 text I
[PT] bx2 frame A 584,99 2x5
[PT] bx2 frame I
[PT] bx3 frame A 679,99 7x17
[PT] bx3 frame I
[PT] ds3 text A 54m
[PT] ds3 text I
[PT] bx4 frame A 661,98 7x16
[PT] bx4 frame I
[PT] bx5 frame A 644,98 6x16
[PT] bx5 frame I
[PT] bx6 frame A 613,98 6x15
[PT] bx6 frame I
[PT] ds6 text A 58m
[PT] ds6 text I
[PT] bx7 frame A 606,97 6x14
[PT] bx7 frame I
[PT] ds7 text A 63m
[PT] ds7 text I
[PT] bx8 frame A 614,97 5x14
[PT] bx8 frame I
[PT] bx9 frame A 483,142 44x111
[PT] bx9 frame I
[PT] ds9 text A 5m
[PT] ds9 text I
[PT] bx10 frame A 488,87 24x60
[PT] bx10 frame I
[PT] bx11 frame A 51,116 11x26
[PT] bx11 frame I
[PT] bx12 frame A 478,104 7x17
[PT] bx12 frame I
[PT] bx13 frame A 509,74 2x6
[PT] bx13 frame I
[PT] ds13 text A 151m
[PT] ds13 text I
[PT] bx14 frame A 230,-6 3x6
[PT] bx14 frame I
[PT] bx15 frame A 428,98 5x12
[PT] bx15 frame I
[PT] bx16 frame A 422,98 5x12
[PT] bx16 frame I
[PT] bx17 frame A 320,97 26x66
[PT] bx17 frame I
[PT] bx18 frame A 464,76 25x63
[PT] bx18 frame I
[PT] bx19 frame A 606,90 13x33
[PT] bx19 frame I
[PT] bx20 frame A 361,86 22x55
[PT] bx20 frame I
[PT] ds20 text A 14m
[PT] ds20 text I
[PT] bx21 frame A 597,72 14x35
[PT] bx21 frame I
[PT] ds21 text A 24m
[PT] ds21 text I
[PT] bx22 frame A 435,90 12x30
[PT] bx22 frame I
[PT] ds22 text A 27m
[PT] ds22 text I
[PT] bx23 frame A 303,92 18x46
[PT] bx23 frame I
[PT] ds23 text A 18m
[PT] ds23 text I
[PT] bx24 frame A 681,99 31x78
[PT] bx24 frame I
[PT] bx25 frame A 305,72 25x63
[PT] bx25 frame I
[PT] bx26 frame A 671,97 6x16
[PT] bx26 frame I
[PT] bx27 frame A 595,110 8x20
[PT] bx27 frame I
[PT] ds27 text A 41m
[PT] ds27 text I
[PT] bx28 frame A 246,100 4x11
[PT] bx28 frame I
[PT] ds28 text A 83m
[PT] ds28 text I
[PT] bx29 frame A 459,84 12x31
[PT] bx29 frame I
[PT] ds29 text A 26m
[PT] ds29 text I
[PT] tick 98 enemies=52
[PT] bx0 frame A 500,68 3x6
[PT] bx0 frame I
[PT] ds0 text A 139m
[PT] ds0 text I
[PT] bx1 frame A 597,110 8x20
[PT] bx1 frame I
[PT] bx2 frame A 587,99 2x5
[PT] bx2 frame I
[PT] bx3 frame A 681,99 7x17
[PT] bx3 frame I
[PT] bx4 frame A 664,98 7x16
[PT] bx4 frame I
[PT] ds4 text A 55m
[PT] ds4 text I
[PT] bx5 frame A 647,98 6x16
[PT] bx5 frame I
[PT] ds5 text A 56m
[PT] ds5 text I
[PT] bx6 frame A 616,98 6x15
[PT] bx6 frame I
[PT] bx7 frame A 609,97 5x14
[PT] bx7 frame I
[PT] bx8 frame A 617,97 5x13
[PT] bx8 frame I
[PT] ds8 text A 65m
[PT] ds8 text I
[PT] bx9 frame A 485,138 43x107
[PT] bx9 frame I
[PT] bx10 frame A 491,86 23x59
[PT] bx10 frame I
[PT] bx11 frame A 60,116 10x26
[PT] bx11 frame I
[PT] ds11 text A 41m
[PT] ds11 text I
[PT] bx12 frame A 482,104 7x17
[PT] bx12 frame I
[PT] bx13 frame A 512,74 2x6
[PT] bx13 frame I
[PT] bx14 frame A 235,-5 3x6
[PT] bx14 frame I
[PT] bx15 frame A 431,98 5x12
[PT] bx15 frame I
[PT] bx16 frame A 426,98 5x12
[PT] bx16 frame I
[PT] ds16 text A 68m
[PT] ds16 text I
[PT] bx17 frame A 326,96 26x65
[PT] bx17 frame I
[PT] bx18 frame A 467,75 25x62
[PT] bx18 frame I
[PT] ds18 text A 12m
[PT] ds18 text I
[PT] bx19 frame A 608,89 13x32
[PT] bx19 frame I
[PT] bx20 frame A 364,85 21x54
[PT] bx20 frame I
[PT] bx21 frame A 593,68 14x35
[PT] bx21 frame I
[PT] bx22 frame A 439,90 12x29
[PT] bx22 frame I
[PT] bx23 frame A 308,91 18x45
[PT] bx23 frame I
[PT] bx24 frame A 680,97 31x79
[PT] bx24 frame I
[PT] bx25 frame A 312,71 25x62
[PT] bx25 frame I
[PT] ds25 text A 13m
[PT] ds25 text I
[PT] bx26 frame A 674,97 6x16
[PT] bx26 frame I
[PT] bx27 frame A 597,110 8x20
[PT] bx27 frame I
[PT] bx28 frame A 251,101 4x11
[PT] bx28 frame I
[PT] bx29 frame A 462,84 12x30
[PT] bx29 frame I
[PT] tick 99 enemies=52
[PT] bx0 frame A 510,79 2x6
[PT] bx0 frame I
[PT] bx1 frame A 606,119 8x20
[PT] bx1 frame I
[PT] bx2 frame A 598,110 2x5
[PT] bx2 frame I
[PT] ds2 text A 173m
[PT] ds2 text I
[PT] bx3 frame A 691,108 7x17
[PT] bx3 frame I
[PT] bx4 frame A 673,108 6x16
[PT] bx4 frame I
[PT] bx5 frame A 656,108 6x16
[PT] bx5 frame I
[PT] bx6 frame A 625,107 6x15
[PT] bx6 frame I
[PT] bx7 frame A 618,107 5x14
[PT] bx7 frame I
[PT] bx8 frame A 627,107 5x13
[PT] bx8 frame I
[PT] bx9 frame A 491,136 42x104
[PT] bx9 frame I
[PT] ds9 text A 6m
[PT] ds9 text I
[PT] bx10 frame A 499,91 23x57
[PT] bx10 frame I
[PT] ds10 text A 13m
[PT] ds10 text I
[PT] bx11 frame A 82,123 10x25
[PT] bx11 frame I
[PT] bx12 frame A 491,114 7x17
[PT] bx12 frame I
[PT] ds12 text A 49m
[PT] ds12 text I
[PT] bx13 frame A 522,85 2x6
[PT] bx13 frame I
[PT] bx14 frame A 251,8 2x6
[PT] bx14 frame I
[PT] ds14 text A 165m
[PT] ds14 text I
[PT] bx15 frame A 442,108 5x12
[PT] bx15 frame I
[PT] ds15 text A 69m
[PT] ds15 text I
[PT] bx16 frame A 437,108 5x12
[PT] bx16 frame I
[PT] bx17 frame A 339,100 25x63
[PT] bx17 frame I
[PT] ds17 text A 12m
[PT] ds17 text I
[PT] bx18 frame A 476,81 24x61
[PT] bx18 frame I
[PT] bx19 frame A 616,97 13x32
[PT] bx19 frame I
[PT] ds19 text A 26m
[PT] ds19 text I
[PT] bx20 frame A 371,91 21x52
[PT] bx20 frame I
[PT] bx21 frame A 591,73 14x34
[PT] bx21 frame I
[PT] ds21 text A 25m
[PT] ds21 text I
[PT] bx22 frame A 449,98 12x29
[PT] bx22 frame I
[PT] bx23 frame A 322,98 17x44
[PT] bx23 frame I
[PT] bx24 frame A 685,100 32x80
[PT] bx24 frame I
[PT] ds24 text A 9m
[PT] ds24 text I
[PT] bx25 frame A 326,77 24x60
[PT] bx25 frame I
[PT] bx26 frame A 683,107 6x16
[PT] bx26 frame I
[PT] ds26 text A 58m
[PT] ds26 text I
[PT] bx27 frame A 606,119 8x20
[PT] bx27 frame I
[PT] bx28 frame A 265,111 4x11
[PT] bx28 frame I
[PT] bx29 frame A 472,92 12x30
[PT] bx29 frame I
[PT] ds29 text A 27m
[PT] ds29 text I
[PT] tick 100 enemies=51
[PT] bx0 frame A 535,122 2x6
[PT] bx0 frame I
[PT] bx1 frame A 630,159 8x20
[PT] bx1 frame I
[PT] ds1 text A 42m
[PT] ds1 text I
[PT] bx2 frame A 623,152 2x5
[PT] bx2 frame I
[PT] bx3 frame A 717,149 7x17
[PT] bx3 frame I
[PT] bx4 frame A 699,149 6x16
[PT] bx4 frame I
[PT] bx5 frame A 682,149 6x16
[PT] bx5 frame I
[PT] bx6 frame A 650,148 6x15
[PT] bx6 frame I
[PT] bx7 frame A 643,148 5x13
[PT] bx7 frame I
[PT] ds7 text A 64m
[PT] ds7 text I
[PT] bx8 frame A 652,148 5x13
[PT] bx8 frame I
[PT] bx9 frame A 507,162 41x103
[PT] bx9 frame I
[PT] bx10 frame A 520,127 22x55
[PT] bx10 frame I
[PT] bx11 frame A 130,162 9x23
[PT] bx11 frame I
[PT] bx12 frame A 516,154 6x16
[PT] bx12 frame I
[PT] bx13 frame A 45,152 4x11
[PT] bx13 frame I
[PT] ds13 text A 98m
[PT] ds13 text I
[PT] bx14 frame A 547,128 2x6
[PT] bx14 frame I
[PT] ds14 text A 152m
[PT] ds14 text I
[PT] bx15 frame A 290,57 2x6
[PT] bx15 frame I
[PT] ds15 text A 165m
[PT] ds15 text I
[PT] bx16 frame A 467,150 5x12
[PT] bx16 frame I
[PT] ds16 text A 69m
[PT] ds16 text I
[PT] bx17 frame A 463,150 5x12
[PT] bx17 frame I
[PT] ds17 text A 68m
[PT] ds17 text I
[PT] bx18 frame A 368,135 24x59
[PT] bx18 frame I
[PT] bx19 frame A 498,117 23x58
[PT] bx19 frame I
[PT] ds19 text A 12m
[PT] ds19 text I
[PT] bx20 frame A 638,136 13x31
[PT] bx20 frame I
[PT] ds20 text A 26m
[PT] ds20 text I
[PT] bx21 frame A 398,128 20x49
[PT] bx21 frame I
[PT] ds21 text A 15m
[PT] ds21 text I
[PT] bx22 frame A 606,112 13x32
[PT] bx22 frame I
[PT] ds22 text A 25m
[PT] ds22 text I
[PT] bx23 frame A 473,138 11x28
[PT] bx23 frame I
[PT] ds23 text A 28m
[PT] ds23 text I
[PT] bx24 frame A 352,136 16x41
[PT] bx24 frame I
[PT] ds24 text A 18m
[PT] ds24 text I
[PT] bx25 frame A 702,131 33x82
[PT] bx25 frame I
[PT] ds25 text A 9m
[PT] ds25 text I
[PT] bx26 frame A 356,114 22x56
[PT] bx26 frame I
[PT] ds26 text A 13m
[PT] ds26 text I
[PT] bx27 frame A 710,148 6x15
[PT] bx27 frame I
[PT] nm27 text A Player
[PT] nm27 text I
[PT] ds27 text A 58m
[PT] ds27 text I
[PT] bx28 frame A 630,159 8x20
[PT] bx28 frame I
[PT] ds28 text A 42m
[PT] ds28 text I
[PT] bx29 frame A 496,132 11x29
[PT] bx29 frame I
[PT] tick 101 enemies=51
[PT] bx0 frame A 524,183 2x6
[PT] bx0 frame I
[PT] ds0 text A 140m
[PT] ds0 text I
[PT] bx1 frame A 617,215 8x19
[PT] bx1 frame I
[PT] bx2 frame A 611,212 2x5
[PT] bx2 frame I
[PT] ds2 text A 174m
[PT] ds2 text I
[PT] bx3 frame A 700,206 6x16
[PT] bx3 frame I
[PT] ds3 text A 55m
[PT] ds3 text I
[PT] bx4 frame A 683,206 6x16
[PT] bx4 frame I
[PT] ds4 text A 56m
[PT] ds4 text I
[PT] bx5 frame A 666,206 6x15
[PT] bx5 frame I
[PT] ds5 text A 57m
[PT] ds5 text I
[PT] bx6 frame A 636,206 6x14
[PT] bx6 frame I
[PT] ds6 text A 59m
[PT] ds6 text I
[PT] bx7 frame A 629,206 5x13
[PT] bx7 frame I
[PT] bx8 frame A 638,206 5x13
[PT] bx8 frame I
[PT] ds8 text A 66m
[PT] ds8 text I
[PT] bx9 frame A 494,200 42x105
[PT] bx9 frame I
[PT] bx10 frame A 509,178 21x52
[PT] bx10 frame I
[PT] ds10 text A 14m
[PT] ds10 text I
[PT] bx11 frame A 124,217 9x23
[PT] bx11 frame I
[PT] ds11 text A 42m
[PT] ds11 text I
[PT] bx12 frame A 506,212 6x16
[PT] bx12 frame I
[PT] ds12 text A 50m
[PT] ds12 text I
[PT] bx13 frame A 36,211 4x11
[PT] bx13 frame I
[PT] ds13 text A 99m
[PT] ds13 text I
[PT] bx14 frame A 536,189 2x5
[PT] bx14 frame I
[PT] bx15 frame A 286,119 2x5
[PT] bx15 frame I
[PT] ds15 text A 166m
[PT] ds15 text I
[PT] bx16 frame A 458,208 5x11
[PT] bx16 frame I
[PT] ds16 text A 70m
[PT] ds16 text I
[PT] bx17 frame A 454,208 5x11
[PT] bx17 frame I
[PT] ds17 text A 69m
[PT] ds17 text I
[PT] bx18 frame A 365,184 22x56
[PT] bx18 frame I
[PT] ds18 text A 13m
[PT] ds18 text I
[PT] bx19 frame A 488,168 22x54
[PT] bx19 frame I
[PT] ds19 text A 13m
[PT] ds19 text I
[PT] bx20 frame A 622,191 12x30
[PT] bx20 frame I
[PT] ds20 text A 27m
[PT] ds20 text I
[PT] bx21 frame A 393,168 19x47
[PT] bx21 frame I
[PT] bx22 frame A 581,172 12x29
[PT] bx22 frame I
[PT] ds22 text A 26m
[PT] ds22 text I
[PT] bx23 frame A 465,193 11x27
[PT] bx23 frame I
[PT] bx24 frame A 348,189 16x39
[PT] bx24 frame I
[PT] ds24 text A 19m
[PT] ds24 text I
[PT] bx25 frame A 664,175 33x82
[PT] bx25 frame I
[PT] bx26 frame A 354,166 21x52
[PT] bx26 frame I
[PT] ds26 text A 14m
[PT] ds26 text I
[PT] bx27 frame A 692,205 6x15
[PT] bx27 frame I
[PT] ds27 text A 60m
[PT] ds27 text I
[PT] bx28 frame A 617,215 8x19
[PT] bx28 frame I
[PT] bx29 frame A 486,188 11x27
[PT] bx29 frame I
[PT] tick 102 enemies=51
[PT] bx0 frame A 531,193 2x6
[PT] bx0 frame I
[PT] bx1 frame A 624,224 8x19
[PT] bx1 frame I
[PT] bx2 frame A 619,222 2x5
[PT] bx2 frame I
[PT] bx3 frame A 708,216 6x16
[PT] bx3 frame I
[PT] bx4 frame A 690,216 6x16
[PT] bx4 frame I
[PT] bx5 frame A 674,216 6x15
[PT] bx5 frame I
[PT] bx6 frame A 643,216 6x14
[PT] bx6 frame I
[PT] bx7 frame A 636,216 5x13
[PT] bx7 frame I
[PT] ds7 text A 65m
[PT] ds7 text I
[PT] bx8 frame A 645,216 5x13
[PT] bx8 frame I
[PT] bx9 frame A 497,204 43x106
[PT] bx9 frame I
[PT] bx10 frame A 515,186 20x51
[PT] bx10 frame I
[PT] bx11 frame A 137,226 9x23
[PT] bx11 frame I
[PT] bx12 frame A 512,221 6x16
[PT] bx12 frame I
[PT] bx13 frame A 50,221 4x11
[PT] bx13 frame I
[PT] bx14 frame A 543,198 2x5
[PT] bx14 frame I
[PT] ds14 text A 153m
[PT] ds14 text I
[PT] bx15 frame A 296,130 2x5
[PT] bx15 frame I
[PT] bx16 frame A 465,218 4x11
[PT] bx16 frame I
[PT] bx17 frame A 461,218 5x11
[PT] bx17 frame I
[PT] bx18 frame A 374,192 22x55
[PT] bx18 frame I
[PT] bx19 frame A 494,176 21x53
[PT] bx19 frame I
[PT] bx20 frame A 628,200 12x30
[PT] bx20 frame I
[PT] bx21 frame A 401,169 18x46
[PT] bx21 frame I
[PT] ds21 text A 16m
[PT] ds21 text I
[PT] bx22 frame A 582,184 12x29
[PT] bx22 frame I
[PT] ds22 text A 27m
[PT] ds22 text I
[PT] bx23 frame A 471,202 11x26
[PT] bx23 frame I
[PT] ds23 text A 29m
[PT] ds23 text I
[PT] bx24 frame A 357,197 16x39
[PT] bx24 frame I
[PT] bx25 frame A 656,180 33x82
[PT] bx25 frame I
[PT] bx26 frame A 363,174 20x51
[PT] bx26 frame I
[PT] bx27 frame A 702,215 6x15
[PT] bx27 frame I
[PT] ds27 text A 61m
[PT] ds27 text I
[PT] bx28 frame A 624,224 8x19
[PT] bx28 frame I
[PT] bx29 frame A 493,197 11x27
[PT] bx29 frame I
[PT] ds29 text A 28m
[PT] ds29 text I
[PT] tick 103 enemies=51
[PT] bx0 frame A 527,207 2x6
[PT] bx0 frame I
[PT] bx1 frame A 618,238 8x19
[PT] bx1 frame I
[PT] ds1 text A 43m
[PT] ds1 text I
[PT] bx2 frame A 614,236 2x5
[PT] bx2 frame I
[PT] bx3 frame A 701,229 6x16
[PT] bx3 frame I
[PT] bx4 frame A 684,229 6x15
[PT] bx4 frame I
[PT] bx5 frame A 667,229 6x15
[PT] bx5 frame I
[PT] bx6 frame A 637,230 6x14
[PT] bx6 frame I
[PT] ds6 text A 60m
[PT] ds6 text I
[PT] bx7 frame A 631,230 5x13
[PT] bx7 frame I
[PT] bx8 frame A 640,230 5x13
[PT] bx8 frame I
[PT] bx9 frame A 490,212 43x107
[PT] bx9 frame I
[PT] ds9 text A 5m
[PT] ds9 text I
[PT] bx10 frame A 510,198 20x50
[PT] bx10 frame I
[PT] bx11 frame A 133,239 9x23
[PT] bx11 frame I
[PT] bx12 frame A 508,235 6x16
[PT] bx12 frame I
[PT] bx13 frame A 43,235 4x11
[PT] bx13 frame I
[PT] bx14 frame A 538,213 2x5
[PT] bx14 frame I
[PT] bx15 frame A 292,144 2x5
[PT] bx15 frame I
[PT] bx16 frame A 461,232 4x11
[PT] bx16 frame I
[PT] bx17 frame A 457,232 5x11
[PT] bx17 frame I
[PT] ds17 text A 70m
[PT] ds17 text I
[PT] bx18 frame A 371,194 22x54
[PT] bx18 frame I
[PT] bx19 frame A 489,188 21x52
[PT] bx19 frame I
[PT] bx20 frame A 622,213 12x29
[PT] bx20 frame I
[PT] bx21 frame A 397,178 18x45
[PT] bx21 frame I
[PT] bx22 frame A 572,202 11x28
[PT] bx22 frame I
[PT] ds22 text A 28m
[PT] ds22 text I
[PT] bx23 frame A 467,215 10x26
[PT] bx23 frame I
[PT] bx24 frame A 354,210 15x38
[PT] bx24 frame I
[PT] ds24 text A 20m
[PT] ds24 text I
[PT] bx25 frame A 637,190 33x82
[PT] bx25 frame I
[PT] bx26 frame A 361,186 20x50
[PT] bx26 frame I
[PT] bx27 frame A 698,229 6x14
[PT] bx27 frame I
[PT] bx28 frame A 618,238 8x19
[PT] bx28 frame I
[PT] ds28 text A 43m
[PT] ds28 text I
[PT] bx29 frame A 488,210 11x27
[PT] bx29 frame I
[PT] tick 104 enemies=51
[PT] bx0 frame A 533,203 2x6
[PT] bx0 frame I
[PT] ds0 text A 141m
[PT] ds0 text I
[PT] bx1 frame A 624,233 8x19
[PT] bx1 frame I
[PT] bx2 frame A 620,232 2x5
[PT] bx2 frame I
[PT] bx3 frame A 708,225 6x16
[PT] bx3 frame I
[PT] ds3 text A 56m
[PT] ds3 text I
[PT] bx4 frame A 690,225 6x15
[PT] bx4 frame I
[PT] ds4 text A 57m
[PT] ds4 text I
[PT] bx5 frame A 674,225 6x15
[PT] bx5 frame I
[PT] ds5 text A 58m
[PT] ds5 text I
[PT] bx6 frame A 644,225 6x14
[PT] bx6 frame I
[PT] bx7 frame A 637,225 5x13
[PT] bx7 frame I
[PT] bx8 frame A 646,225 5x13
[PT] bx8 frame I
[PT] ds8 text A 67m
[PT] ds8 text I
[PT] bx9 frame A 493,198 43x107
[PT] bx9 frame I
[PT] bx10 frame A 515,194 20x49
[PT] bx10 frame I
[PT] bx11 frame A 145,235 9x22
[PT] bx11 frame I
[PT] bx12 frame A 514,230 6x16
[PT] bx12 frame I
[PT] bx13 frame A 56,230 4x11
[PT] bx13 frame I
[PT] bx14 frame A 545,209 2x5
[PT] bx14 frame I
[PT] bx15 frame A 299,140 2x5
[PT] bx15 frame I
[PT] ds15 text A 167m
[PT] ds15 text I
[PT] bx16 frame A 467,227 4x11
[PT] bx16 frame I
[PT] ds16 text A 71m
[PT] ds16 text I
[PT] bx17 frame A 463,227 4x11
[PT] bx17 frame I
[PT] bx18 frame A 379,183 21x53
[PT] bx18 frame I
[PT] bx19 frame A 494,184 20x51
[PT] bx19 frame I
[PT] ds19 text A 14m
[PT] ds19 text I
[PT] bx20 frame A 627,208 12x29
[PT] bx20 frame I
[PT] bx21 frame A 402,171 18x44
[PT] bx21 frame I
[PT] bx22 frame A 574,203 11x28
[PT] bx22 frame I
[PT] bx23 frame A 473,211 10x26
[PT] bx23 frame I
[PT] bx24 frame A 361,205 15x38
[PT] bx24 frame I
[PT] bx25 frame A 631,185 33x81
[PT] bx25 frame I
[PT] bx26 frame A 368,182 20x49
[PT] bx26 frame I
[PT] ds26 text A 15m
[PT] ds26 text I
[PT] bx27 frame A 706,224 6x14
[PT] bx27 frame I
[PT] bx28 frame A 624,233 8x19
[PT] bx28 frame I
[PT] bx29 frame A 494,205 11x27
[PT] bx29 frame I
[PT] tick 105 enemies=51
[PT] bx0 frame A 656,185 2x6
[PT] bx0 frame I
[PT] bx1 frame A 758,218 9x21
[PT] bx1 frame I
[PT] bx2 frame A 761,217 2x5
[PT] bx2 frame I
[PT] ds2 text A 175m
[PT] ds2 text I
[PT] bx3 frame A 872,209 8x19
[PT] bx3 frame I
[PT] bx4 frame A 848,209 7x18
[PT] bx4 frame I
[PT] bx5 frame A 826,209 7x17
[PT] bx5 frame I
[PT] bx6 frame A 787,209 6x16
[PT] bx6 frame I
[PT] bx7 frame A 779,209 6x15
[PT] bx7 frame I
[PT] bx8 frame A 790,209 6x14
[PT] bx8 frame I
[PT] bx9 frame A 570,175 45x112
[PT] bx9 frame I
[PT] bx10 frame A 619,177 20x51
[PT] bx10 frame I
[PT] ds10 text A 15m
[PT] ds10 text I
[PT] bx11 frame A 289,218 8x19
[PT] bx11 frame I
[PT] ds11 text A 43m
[PT] ds11 text I
[PT] bx12 frame A 630,214 7x16
[PT] bx12 frame I
[PT] ds12 text A 51m
[PT] ds12 text I
[PT] bx13 frame A 225,214 4x9
[PT] bx13 frame I
[PT] ds13 text A 100m
[PT] ds13 text I
[PT] bx14 frame A 669,191 2x6
[PT] bx14 frame I
[PT] ds14 text A 154m
[PT] ds14 text I
[PT] bx15 frame A 419,128 2x5
[PT] bx15 frame I
[PT] bx16 frame A 581,211 5x11
[PT] bx16 frame I
[PT] bx17 frame A 576,211 5x12
[PT] bx17 frame I
[PT] bx18 frame A 480,160 20x51
[PT] bx18 frame I
[PT] ds18 text A 14m
[PT] ds18 text I
[PT] bx19 frame A 596,167 21x52
[PT] bx19 frame I
[PT] bx20 frame A 758,190 13x32
[PT] bx20 frame I
[PT] ds20 text A 28m
[PT] ds20 text I
[PT] bx21 frame A 501,156 17x43
[PT] bx21 frame I
[PT] ds21 text A 17m
[PT] ds21 text I
[PT] bx22 frame A 692,192 12x29
[PT] bx22 frame I
[PT] ds22 text A 29m
[PT] ds22 text I
[PT] bx23 frame A 582,195 11x26
[PT] bx23 frame I
[PT] ds23 text A 30m
[PT] ds23 text I
[PT] bx24 frame A 468,190 14x36
[PT] bx24 frame I
[PT] bx25 frame A 718,164 36x91
[PT] bx25 frame I
[PT] ds25 text A 8m
[PT] ds25 text I
[PT] bx26 frame A 471,168 19x47
[PT] bx26 frame I
[PT] bx27 frame A 873,208 7x17
[PT] bx27 frame I
[PT] ds27 text A 62m
[PT] ds27 text I
[PT] bx28 frame A 758,218 9x21
[PT] bx28 frame I
[PT] bx29 frame A 604,189 11x28
[PT] bx29 frame I
[PT] ds29 text A 29m
[PT] ds29 text I
[PT] tick 106 enemies=51
[PT] bx0 frame A 712,122 3x7
[PT] bx0 frame I
[PT] bx1 frame A 820,160 9x23
[PT] bx1 frame I
[PT] ds1 text A 44m
[PT] ds1 text I
[PT] bx2 frame A 828,156 2x6
[PT] bx2 frame I
[PT] bx3 frame A 926,149 8x20
[PT] bx3 frame I
[PT] ds3 text A 57m
[PT] ds3 text I
[PT] bx4 frame A 900,149 8x19
[PT] bx4 frame I
[PT] ds4 text A 58m
[PT] ds4 text I
[PT] bx5 frame A 855,149 7x17
[PT] bx5 frame I
[PT] ds5 text A 60m
[PT] ds5 text I
[PT] bx6 frame A 846,149 6x16
[PT] bx6 frame I
[PT] ds6 text A 66m
[PT] ds6 text I
[PT] bx7 frame A 859,149 6x16
[PT] bx7 frame I
[PT] ds7 text A 67m
[PT] ds7 text I
[PT] bx8 frame A 596,127 46x115
[PT] bx8 frame I
[PT] nm8 text A BOT
[PT] nm8 text I
[PT] ds8 text A 5m
[PT] ds8 text I
[PT] bx9 frame A 662,120 21x53
[PT] bx9 frame I
[PT] nm9 text A Player
[PT] nm9 text I
[PT] ds9 text A 15m
[PT] ds9 text I
[PT] bx10 frame A 334,158 8x19
[PT] bx10 frame I
[PT] ds10 text A 43m
[PT] ds10 text I
[PT] bx11 frame A 679,155 7x17
[PT] bx11 frame I
[PT] ds11 text A 51m
[PT] ds11 text I
[PT] bx12 frame A 276,153 3x9
[PT] bx12 frame I
[PT] ds12 text A 100m
[PT] ds12 text I
[PT] bx13 frame A 726,129 2x6
[PT] bx13 frame I
[PT] ds13 text A 154m
[PT] ds13 text I
[PT] bx14 frame A 461,63 2x5
[PT] bx14 frame I
[PT] ds14 text A 167m
[PT] ds14 text I
[PT] bx15 frame A 628,151 5x12
[PT] bx15 frame I
[PT] ds15 text A 71m
[PT] ds15 text I
[PT] bx16 frame A 623,151 5x12
[PT] bx16 frame I
[PT] bx17 frame A 518,100 21x52
[PT] bx17 frame I
[PT] ds17 text A 14m
[PT] ds17 text I
[PT] bx18 frame A 639,111 22x54
[PT] bx18 frame I
[PT] bx19 frame A 819,131 14x35
[PT] bx19 frame I
[PT] ds19 text A 28m
[PT] ds19 text I
[PT] bx20 frame A 535,102 18x45
[PT] bx20 frame I
[PT] ds20 text A 17m
[PT] ds20 text I
[PT] bx21 frame A 746,133 12x31
[PT] bx21 frame I
[PT] ds21 text A 29m
[PT] ds21 text I
[PT] bx22 frame A 627,136 11x27
[PT] bx22 frame I
[PT] ds22 text A 30m
[PT] ds22 text I
[PT] bx23 frame A 507,133 15x37
[PT] bx23 frame I
[PT] ds23 text A 21m
[PT] ds23 text I
[PT] bx24 frame A 741,112 39x96
[PT] bx24 frame I
[PT] ds24 text A 8m
[PT] ds24 text I
[PT] bx25 frame A 509,112 19x48
[PT] bx25 frame I
[PT] ds25 text A 15m
[PT] ds25 text I
[PT] bx26 frame A 820,160 9x23
[PT] bx26 frame I
[PT] nm26 text A BOT
[PT] nm26 text I
[PT] ds26 text A 44m
[PT] ds26 text I
[PT] bx27 frame A 651,129 12x29
[PT] bx27 frame I
[PT] ds27 text A 29m
[PT] ds27 text I
[PT] bx28 hide A
[PT] nm28 hide A
[PT] ds28 hide A
[PT] bx29 hide A
[PT] nm29 hide A
[PT] ds29 hide A
[PT] tick 107 enemies=51
[PT] bx0 frame A 690,70 3x7
[PT] bx0 frame I
[PT] ds0 text A 142m
[PT] ds0 text I
[PT] bx1 frame A 791,110 9x22
[PT] bx1 frame I
[PT] bx2 frame A 800,105 2x6
[PT] bx2 frame I
[PT] bx3 frame A 917,99 8x20
[PT] bx3 frame I
[PT] bx4 frame A 891,99 8x19
[PT] bx4 frame I
[PT] ds4 text A 57m
[PT] ds4 text I
[PT] bx5 frame A 867,99 7x19
[PT] bx5 frame I
[PT] ds5 text A 59m
[PT] ds5 text I
[PT] bx6 frame A 825,99 7x17
[PT] bx6 frame I
[PT] ds6 text A 61m
[PT] ds6 text I
[PT] bx7 frame A 817,99 6x16
[PT] bx7 frame I
[PT] ds7 text A 66m
[PT] ds7 text I
[PT] bx8 frame A 830,99 6x16
[PT] bx8 frame I
[PT] nm8 text A Player
[PT] nm8 text I
[PT] ds8 text A 68m
[PT] ds8 text I
[PT] bx9 frame A 569,78 47x117
[PT] bx9 frame I
[PT] nm9 text A BOT
[PT] nm9 text I
[PT] ds9 text A 5m
[PT] ds9 text I
[PT] bx10 frame A 640,74 21x52
[PT] bx10 frame I
[PT] ds10 text A 16m
[PT] ds10 text I
[PT] bx11 frame A 310,108 8x20
[PT] bx11 frame I
[PT] ds11 text A 43m
[PT] ds11 text I
[PT] bx12 frame A 657,105 7x17
[PT] bx12 frame I
[PT] ds12 text A 51m
[PT] ds12 text I
[PT] bx13 frame A 247,102 4x9
[PT] bx13 frame I
[PT] ds13 text A 100m
[PT] ds13 text I
[PT] bx14 frame A 704,77 3x6
[PT] bx14 frame I
[PT] ds14 text A 154m
[PT] ds14 text I
[PT] bx15 frame A 439,5 2x6
[PT] bx15 frame I
[PT] ds15 text A 168m
[PT] ds15 text I
[PT] bx16 frame A 606,100 5x12
[PT] bx16 frame I
[PT] ds16 text A 72m
[PT] ds16 text I
[PT] bx17 frame A 602,100 5x12
[PT] bx17 frame I
[PT] ds17 text A 71m
[PT] ds17 text I
[PT] bx18 frame A 501,52 21x53
[PT] bx18 frame I
[PT] ds18 text A 15m
[PT] ds18 text I
[PT] bx19 frame A 617,64 22x54
[PT] bx19 frame I
[PT] ds19 text A 15m
[PT] ds19 text I
[PT] bx20 frame A 791,83 14x35
[PT] bx20 frame I
[PT] ds20 text A 28m
[PT] ds20 text I
[PT] bx21 frame A 510,58 18x45
[PT] bx21 frame I
[PT] ds21 text A 17m
[PT] ds21 text I
[PT] bx22 frame A 722,89 12x31
[PT] bx22 frame I
[PT] bx23 frame A 606,86 11x28
[PT] bx23 frame I
[PT] ds23 text A 30m
[PT] ds23 text I
[PT] bx24 frame A 487,84 15x37
[PT] bx24 frame I
[PT] ds24 text A 21m
[PT] ds24 text I
[PT] bx25 frame A 695,70 38x95
[PT] bx25 frame I
[PT] ds25 text A 8m
[PT] ds25 text I
[PT] bx26 frame A 490,64 20x49
[PT] bx26 frame I
[PT] nm26 text A Player
[PT] nm26 text I
[PT] ds26 text A 16m
[PT] ds26 text I
[PT] bx27 frame A 921,98 7x18
[PT] bx27 frame I
[PT] ds27 text A 63m
[PT] ds27 text I
[PT] bx28 frame A 791,110 9x22
[PT] bx28 frame I
[PT] bx28 show A
[PT] nm28 show A
[PT] ds28 text A 44m
[PT] ds28 text I
[PT] ds28 show A
[PT] bx29 frame A 629,80 12x29
[PT] bx29 frame I
[PT] bx29 show A
[PT] nm29 show A
[PT] ds29 show A
[PT] tick 108 enemies=51
[PT] bx0 frame A 669,47 3x7
[PT] bx0 frame I
[PT] bx1 frame A 765,87 9x22
[PT] bx1 frame I
[PT] bx2 frame A 775,81 2x6
[PT] bx2 frame I
[PT] ds2 text A 176m
[PT] ds2 text I
[PT] bx3 frame A 884,76 8x20
[PT] bx3 frame I
[PT] bx4 frame A 860,76 8x19
[PT] bx4 frame I
[PT] ds4 text A 58m
[PT] ds4 text I
[PT] bx5 frame A 838,76 7x18
[PT] bx5 frame I
[PT] bx6 frame A 798,76 7x17
[PT] bx6 frame I
[PT] bx7 frame A 791,75 6x16
[PT] bx7 frame I
[PT] bx8 frame A 802,75 6x15
[PT] bx8 frame I
[PT] bx9 frame A 546,51 47x119
[PT] bx9 frame I
[PT] bx10 frame A 620,51 21x52
[PT] bx10 frame I
[PT] bx11 frame A 289,86 8x20
[PT] bx11 frame I
[PT] ds11 text A 44m
[PT] ds11 text I
[PT] bx12 frame A 636,82 7x17
[PT] bx12 frame I
[PT] ds12 text A 52m
[PT] ds12 text I
[PT] bx13 frame A 222,79 4x10
[PT] bx13 frame I
[PT] ds13 text A 101m
[PT] ds13 text I
[PT] bx14 frame A 683,53 3x6
[PT] bx14 frame I
[PT] ds14 text A 155m
[PT] ds14 text I
[PT] bx15 frame A 587,77 5x12
[PT] bx15 frame I
[PT] ds15 text A 72m
[PT] ds15 text I
[PT] bx16 frame A 582,77 5x12
[PT] bx16 frame I
[PT] ds16 text A 71m
[PT] ds16 text I
[PT] bx17 frame A 488,33 21x53
[PT] bx17 frame I
[PT] ds17 text A 15m
[PT] ds17 text I
[PT] bx18 frame A 598,42 22x54
[PT] bx18 frame I
[PT] bx19 frame A 765,60 14x34
[PT] bx19 frame I
[PT] ds19 text A 29m
[PT] ds19 text I
[PT] bx20 frame A 488,37 18x46
[PT] bx20 frame I
[PT] ds20 text A 18m
[PT] ds20 text I
[PT] bx21 frame A 699,61 12x31
[PT] bx21 frame I
[PT] ds21 text A 30m
[PT] ds21 text I
[PT] bx22 frame A 587,63 11x28
[PT] bx22 frame I
[PT] ds22 text A 31m
[PT] ds22 text I
[PT] bx23 frame A 470,61 15x37
[PT] bx23 frame I
[PT] ds23 text A 21m
[PT] ds23 text I
[PT] bx24 frame A 651,48 38x94
[PT] bx24 frame I
[PT] ds24 text A 8m
[PT] ds24 text I
[PT] bx25 frame A 473,41 20x49
[PT] bx25 frame I
[PT] ds25 text A 16m
[PT] ds25 text I
[PT] bx26 frame A 885,75 7x18
[PT] bx26 frame I
[PT] ds26 text A 64m
[PT] ds26 text I
[PT] bx27 frame A 765,87 9x22
[PT] bx27 frame I
[PT] nm27 text A BOT
[PT] nm27 text I
[PT] ds27 text A 44m
[PT] ds27 text I
[PT] bx28 frame A 610,57 12x29
[PT] bx28 frame I
[PT] nm28 text A Player
[PT] nm28 text I
[PT] ds28 text A 30m
[PT] ds28 text I
[PT] bx29 hide A
[PT] nm29 hide A
[PT] ds29 hide A
[PT] tick 109 enemies=51
[PT] bx0 frame A 659,47 3x7
[PT] bx0 frame I
[PT] ds0 text A 143m
[PT] ds0 text I
[PT] bx1 frame A 753,86 9x22
[PT] bx1 frame I
[PT] ds1 text A 45m
[PT] ds1 text I
[PT] bx2 frame A 763,81 2x6
[PT] bx2 frame I
[PT] bx3 frame A 869,75 8x19
[PT] bx3 frame I
[PT] bx4 frame A 845,75 7x19
[PT] bx4 frame I
[PT] bx5 frame A 824,75 7x18
[PT] bx5 frame I
[PT] bx6 frame A 785,75 7x17
[PT] bx6 frame I
[PT] bx7 frame A 778,75 6x15
[PT] bx7 frame I
[PT] ds7 text A 67m
[PT] ds7 text I
[PT] bx8 frame A 790,75 6x15
[PT] bx8 frame I
[PT] bx9 frame A 543,44 48x120
[PT] bx9 frame I
[PT] bx10 frame A 613,50 20x51
[PT] bx10 frame I
[PT] bx11 frame A 283,85 8x20
[PT] bx11 frame I
[PT] bx12 frame A 627,81 7x17
[PT] bx12 frame I
[PT] bx13 frame A 212,78 4x10
[PT] bx13 frame I
[PT] bx14 frame A 673,53 3x6
[PT] bx14 frame I
[PT] bx15 frame A 579,76 5x12
[PT] bx15 frame I
[PT] bx16 frame A 574,76 5x12
[PT] bx16 frame I
[PT] ds16 text A 72m
[PT] ds16 text I
[PT] bx17 frame A 487,37 21x52
[PT] bx17 frame I
[PT] bx18 frame A 592,41 21x53
[PT] bx18 frame I
[PT] bx19 frame A 753,60 13x33
[PT] bx19 frame I
[PT] bx20 frame A 486,37 18x45
[PT] bx20 frame I
[PT] bx21 frame A 689,60 12x30
[PT] bx21 frame I
[PT] bx22 frame A 579,63 11x28
[PT] bx22 frame I
[PT] bx23 frame A 465,60 15x37
[PT] bx23 frame I
[PT] ds23 text A 22m
[PT] ds23 text I
[PT] bx24 frame A 648,46 36x90
[PT] bx24 frame I
[PT] bx25 frame A 469,40 19x48
[PT] bx25 frame I
[PT] bx26 frame A 868,74 7x17
[PT] bx26 frame I
[PT] ds26 text A 65m
[PT] ds26 text I
[PT] bx27 frame A 753,86 9x22
[PT] bx27 frame I
[PT] ds27 text A 45m
[PT] ds27 text I
[PT] bx28 frame A 602,56 12x29
[PT] bx28 frame I
[PT] tick 110 enemies=51
[PT] bx0 frame A 649,46 3x7
[PT] bx0 frame I
[PT] bx1 frame A 741,85 9x21
[PT] bx1 frame I
[PT] bx2 frame A 750,80 2x6
[PT] bx2 frame I
[PT] bx3 frame A 853,75 8x19
[PT] bx3 frame I
[PT] bx4 frame A 830,74 7x18
[PT] bx4 frame I
[PT] bx5 frame A 810,74 7x18
[PT] bx5 frame I
[PT] bx6 frame A 772,74 7x16
[PT] bx6 frame I
[PT] ds6 text A 62m
[PT] ds6 text I
[PT] bx7 frame A 765,74 6x15
[PT] bx7 frame I
[PT] bx8 frame A 776,74 6x15
[PT] bx8 frame I
[PT] bx9 frame A 543,38 48x121
[PT] bx9 frame I
[PT] bx10 frame A 606,49 20x50
[PT] bx10 frame I
[PT] bx11 frame A 275,84 8x20
[PT] bx11 frame I
[PT] bx12 frame A 618,80 7x17
[PT] bx12 frame I
[PT] bx13 frame A 202,78 4x10
[PT] bx13 frame I
[PT] bx14 frame A 662,53 2x6
[PT] bx14 frame I
[PT] bx15 frame A 570,76 5x12
[PT] bx15 frame I
[PT] ds15 text A 73m
[PT] ds15 text I
[PT] bx16 frame A 565,76 5x12
[PT] bx16 frame I
[PT] bx17 frame A 483,35 20x51
[PT] bx17 frame I
[PT] ds17 text A 16m
[PT] ds17 text I
[PT] bx18 frame A 585,40 21x52
[PT] bx18 frame I
[PT] ds18 text A 16m
[PT] ds18 text I
[PT] bx19 frame A 741,59 13x33
[PT] bx19 frame I
[PT] bx20 frame A 480,31 18x45
[PT] bx20 frame I
[PT] bx21 frame A 679,60 12x30
[PT] bx21 frame I
[PT] ds21 text A 31m
[PT] ds21 text I
[PT] bx22 frame A 571,62 11x27
[PT] bx22 frame I
[PT] bx23 frame A 459,59 15x37
[PT] bx23 frame I
[PT] bx24 frame A 642,45 35x88
[PT] bx24 frame I
[PT] ds24 text A 9m
[PT] ds24 text I
[PT] bx25 frame A 464,39 19x48
[PT] bx25 frame I
[PT] ds25 text A 17m
[PT] ds25 text I
[PT] bx26 frame A 856,73 7x17
[PT] bx26 frame I
[PT] ds26 text A 66m
[PT] ds26 text I
[PT] bx27 frame A 741,85 9x21
[PT] bx27 frame I
[PT] bx28 frame A 593,56 11x28
[PT] bx28 frame I
[PT] tick 111 enemies=51
[PT] bx0 frame A 647,46 3x7
[PT] bx0 frame I
[PT] bx1 frame A 739,85 8x21
[PT] bx1 frame I
[PT] bx2 frame A 748,80 2x6
[PT] bx2 frame I
[PT] ds2 text A 177m
[PT] ds2 text I
[PT] bx3 frame A 850,75 8x19
[PT] bx3 frame I
[PT] ds3 text A 58m
[PT] ds3 text I
[PT] bx4 frame A 827,75 7x18
[PT] bx4 frame I
[PT] ds4 text A 59m
[PT] ds4 text I
[PT] bx5 frame A 807,74 7x17
[PT] bx5 frame I
[PT] ds5 text A 60m
[PT] ds5 text I
[PT] bx6 frame A 770,74 7x16
[PT] bx6 frame I
[PT] bx7 frame A 763,74 6x15
[PT] bx7 frame I
[PT] bx8 frame A 774,74 6x15
[PT] bx8 frame I
[PT] ds8 text A 69m
[PT] ds8 text I
[PT] bx9 frame A 551,43 48x121
[PT] bx9 frame I
[PT] bx10 frame A 607,51 20x49
[PT] bx10 frame I
[PT] ds10 text A 17m
[PT] ds10 text I
[PT] bx11 frame A 276,84 8x20
[PT] bx11 frame I
[PT] bx12 frame A 617,80 7x17
[PT] bx12 frame I
[PT] ds12 text A 53m
[PT] ds12 text I
[PT] bx14 frame A 660,53 2x6
[PT] bx14 frame I
[PT] bx15 frame A 569,76 5x12
[PT] bx15 frame I
[PT] bx16 frame A 564,76 5x12
[PT] bx16 frame I
[PT] bx17 frame A 486,30 20x50
[PT] bx17 frame I
[PT] bx18 frame A 586,42 20x51
[PT] bx18 frame I
[PT] bx19 frame A 739,59 13x32
[PT] bx19 frame I
[PT] ds19 text A 30m
[PT] ds19 text I
[PT] bx20 frame A 483,25 18x44
[PT] bx20 frame I
[PT] ds20 text A 19m
[PT] ds20 text I
[PT] bx21 frame A 678,60 12x29
[PT] bx21 frame I
[PT] ds22 text A 32m
[PT] ds22 text I
[PT] bx23 frame A 461,60 15x36
[PT] bx23 frame I
[PT] bx24 frame A 644,48 34x85
[PT] bx24 frame I
[PT] bx25 frame A 467,41 19x47
[PT] bx25 frame I
[PT] bx26 frame A 859,73 7x17
[PT] bx26 frame I
[PT] bx27 frame A 739,85 8x21
[PT] bx27 frame I
[PT] ds28 text A 31m
[PT] ds28 text I
[PT] tick 112 enemies=51
[PT] bx0 frame A 651,47 3x7
[PT] bx0 frame I
[PT] bx1 frame A 743,85 8x21
[PT] bx1 frame I
[PT] bx2 frame A 752,81 2x6
[PT] bx2 frame I
[PT] bx3 frame A 854,75 8x19
[PT] bx3 frame I
[PT] bx4 frame A 831,75 7x18
[PT] bx4 frame I
[PT] bx5 frame A 811,75 7x17
[PT] bx5 frame I
[PT] bx6 frame A 774,75 6x16
[PT] bx6 frame I
[PT] bx7 frame A 767,75 6x15
[PT] bx7 frame I
[PT] ds7 text A 68m
[PT] ds7 text I
[PT] bx8 frame A 778,75 6x15
[PT] bx8 frame I
[PT] bx9 frame A 563,43 49x122
[PT] bx9 frame I
[PT] bx10 frame A 612,51 19x48
[PT] bx10 frame I
[PT] bx11 frame A 283,85 8x20
[PT] bx11 frame I
[PT] bx12 frame A 621,81 7x17
[PT] bx12 frame I
[PT] bx13 frame A 207,78 4x10
[PT] bx13 frame I
[PT] bx14 frame A 664,54 2x6
[PT] bx14 frame I
[PT] ds14 text A 156m
[PT] ds14 text I
[PT] bx15 frame A 572,76 5x12
[PT] bx15 frame I
[PT] bx16 frame A 568,76 5x12
[PT] bx16 frame I
[PT] ds16 text A 73m
[PT] ds16 text I
[PT] bx17 frame A 493,19 20x50
[PT] bx17 frame I
[PT] bx18 frame A 592,42 20x50
[PT] bx18 frame I
[PT] bx19 frame A 743,60 13x32
[PT] bx19 frame I
[PT] bx20 frame A 489,18 18x44
[PT] bx20 frame I
[PT] bx21 frame A 682,61 12x29
[PT] bx21 frame I
[PT] bx22 frame A 576,63 11x27
[PT] bx22 frame I
[PT] bx23 frame A 467,60 14x36
[PT] bx23 frame I
[PT] bx24 frame A 650,48 33x83
[PT] bx24 frame I
[PT] bx25 frame A 474,41 19x46
[PT] bx25 frame I
[PT] bx26 frame A 871,74 7x17
[PT] bx26 frame I
[PT] ds26 text A 67m
[PT] ds26 text I
[PT] bx27 frame A 743,85 8x21
[PT] bx27 frame I
[PT] bx28 frame A 598,57 11x28
[PT] bx28 frame I
[PT] tick 113 enemies=51
[PT] ds0 text A 144m
[PT] ds0 text I
[PT] ds1 text A 46m
[PT] ds1 text I
[PT] bx3 frame A 852,76 7x19
[PT] bx3 frame I
[PT] bx4 frame A 830,76 7x18
[PT] bx4 frame I
[PT] bx5 frame A 810,76 7x17
[PT] bx5 frame I
[PT] ds6 text A 63m
[PT] ds6 text I
[PT] bx9 frame A 572,51 49x122
[PT] bx9 frame I
[PT] bx10 frame A 614,51 19x48
[PT] bx10 frame I
[PT] bx11 frame A 285,85 8x20
[PT] bx11 frame I
[PT] ds11 text A 45m
[PT] ds11 text I
[PT] bx13 frame A 208,79 4x10
[PT] bx13 frame I
[PT] bx17 frame A 497,13 20x50
[PT] bx17 frame I
[PT] ds17 text A 17m
[PT] ds17 text I
[PT] bx18 frame A 594,43 20x49
[PT] bx18 frame I
[PT] ds18 text A 17m
[PT] ds18 text I
[PT] bx20 frame A 493,15 18x44
[PT] bx20 frame I
[PT] ds21 text A 32m
[PT] ds21 text I
[PT] bx22 frame A 577,63 11x27
[PT] bx22 frame I
[PT] bx23 frame A 468,62 15x36
[PT] bx23 frame I
[PT] bx24 frame A 652,48 32x81
[PT] bx24 frame I
[PT] ds24 text A 10m
[PT] ds24 text I
[PT] bx25 frame A 478,42 18x46
[PT] bx25 frame I
[PT] bx26 frame A 876,74 7x17
[PT] bx26 frame I
[PT] ds27 text A 46m
[PT] ds27 text I
[PT] tick 114 enemies=51
[PT] bx0 frame A 652,51 3x7
[PT] bx0 frame I
[PT] bx1 frame A 744,88 8x21
[PT] bx1 frame I
[PT] bx2 frame A 753,84 2x6
[PT] bx2 frame I
[PT] ds2 text A 178m
[PT] ds2 text I
[PT] bx3 frame A 854,78 7x19
[PT] bx3 frame I
[PT] ds3 text A 59m
[PT] ds3 text I
[PT] bx4 frame A 832,78 7x18
[PT] bx4 frame I
[PT] ds4 text A 60m
[PT] ds4 text I
[PT] bx5 frame A 811,78 7x17
[PT] bx5 frame I
[PT] ds5 text A 61m
[PT] ds5 text I
[PT] bx6 frame A 775,78 6x16
[PT] bx6 frame I
[PT] bx7 frame A 768,78 6x15
[PT] bx7 frame I
[PT] bx8 frame A 779,78 6x15
[PT] bx8 frame I
[PT] ds8 text A 70m
[PT] ds8 text I
[PT] bx9 frame A 581,54 49x122
[PT] bx9 frame I
[PT] bx10 frame A 617,54 19x47
[PT] bx10 frame I
[PT] ds10 text A 18m
[PT] ds10 text I
[PT] bx11 frame A 290,88 8x20
[PT] bx11 frame I
[PT] bx12 frame A 623,84 7x16
[PT] bx12 frame I
[PT] ds12 text A 54m
[PT] ds12 text I
[PT] bx13 frame A 212,82 4x9
[PT] bx13 frame I
[PT] ds13 text A 102m
[PT] ds13 text I
[PT] bx14 frame A 665,57 2x6
[PT] bx14 frame I
[PT] bx15 frame A 575,80 5x12
[PT] bx15 frame I
[PT] ds15 text A 74m
[PT] ds15 text I
[PT] bx16 frame A 570,80 5x12
[PT] bx16 frame I
[PT] bx17 frame A 502,13 20x49
[PT] bx17 frame I
[PT] bx18 frame A 598,45 19x49
[PT] bx18 frame I
[PT] bx19 frame A 744,63 13x31
[PT] bx19 frame I
[PT] ds19 text A 31m
[PT] ds19 text I
[PT] bx20 frame A 498,16 17x43
[PT] bx20 frame I
[PT] bx21 frame A 684,64 11x29
[PT] bx21 frame I
[PT] bx22 frame A 580,66 11x26
[PT] bx22 frame I
[PT] bx23 frame A 473,65 15x36
[PT] bx23 frame I
[PT] bx24 frame A 656,50 32x79
[PT] bx24 frame I
[PT] bx25 frame A 483,44 18x45
[PT] bx25 frame I
[PT] ds25 text A 18m
[PT] ds25 text I
[PT] bx26 frame A 881,77 7x17
[PT] bx26 frame I
[PT] ds26 text A 68m
[PT] ds26 text I
[PT] bx27 frame A 744,88 8x21
[PT] bx27 frame I
[PT] bx28 frame A 601,60 11x27
[PT] bx28 frame I
[PT] ds28 text A 32m
[PT] ds28 text I
[PT] tick 115 enemies=51
[PT] bx0 frame A 655,52 3x7
[PT] bx0 frame I
[PT] bx1 frame A 748,88 8x21
[PT] bx1 frame I
[PT] bx2 frame A 756,85 2x6
[PT] bx2 frame I
[PT] bx3 frame A 858,78 7x19
[PT] bx3 frame I
[PT] bx4 frame A 836,78 7x18
[PT] bx4 frame I
[PT] bx5 frame A 815,78 7x17
[PT] bx5 frame I
[PT] bx6 frame A 778,78 6x16
[PT] bx6 frame I
[PT] bx7 frame A 771,78 6x15
[PT] bx7 frame I
[PT] ds7 text A 69m
[PT] ds7 text I
[PT] bx8 frame A 783,78 6x15
[PT] bx8 frame I
[PT] bx9 frame A 596,52 50x124
[PT] bx9 frame I
[PT] bx10 frame A 619,37 19x47
[PT] bx10 frame I
[PT] bx11 frame A 297,87 8x19
[PT] bx11 frame I
[PT] bx12 frame A 627,84 7x16
[PT] bx12 frame I
[PT] bx13 frame A 218,82 4x9
[PT] bx13 frame I
[PT] bx14 frame A 668,58 2x6
[PT] bx14 frame I
[PT] ds14 text A 157m
[PT] ds14 text I
[PT] bx15 frame A 578,80 5x12
[PT] bx15 frame I
[PT] bx16 frame A 574,80 5x12
[PT] bx16 frame I
[PT] ds16 text A 74m
[PT] ds16 text I
[PT] bx17 frame A 510,12 19x49
[PT] bx17 frame I
[PT] bx18 frame A 604,44 19x48
[PT] bx18 frame I
[PT] bx19 frame A 748,62 12x31
[PT] bx19 frame I
[PT] bx20 frame A 505,16 17x43
[PT] bx20 frame I
[PT] ds20 text A 20m
[PT] ds20 text I
[PT] bx21 frame A 689,63 11x28
[PT] bx21 frame I
[PT] bx22 frame A 584,65 10x26
[PT] bx22 frame I
[PT] ds22 text A 33m
[PT] ds22 text I
[PT] bx23 frame A 481,63 15x37
[PT] bx23 frame I
[PT] bx24 frame A 663,47 31x77
[PT] bx24 frame I
[PT] bx25 frame A 491,43 18x44
[PT] bx25 frame I
[PT] bx26 frame A 883,80 7x17
[PT] bx26 frame I
[PT] bx27 frame A 748,88 8x21
[PT] bx27 frame I
[PT] tick 116 enemies=51
[PT] bx0 frame A 660,53 3x7
[PT] bx0 frame I
[PT] ds0 text A 145m
[PT] ds0 text I
[PT] bx1 frame A 753,89 8x21
[PT] bx1 frame I
[PT] ds1 text A 47m
[PT] ds1 text I
[PT] bx2 frame A 762,87 2x6
[PT] bx2 frame I
[PT] bx3 frame A 864,80 7x19
[PT] bx3 frame I
[PT] bx4 frame A 841,80 7x18
[PT] bx4 frame I
[PT] bx5 frame A 821,80 7x17
[PT] bx5 frame I
[PT] bx6 frame A 784,80 6x16
[PT] bx6 frame I
[PT] ds6 text A 64m
[PT] ds6 text I
[PT] bx7 frame A 777,80 6x15
[PT] bx7 frame I
[PT] bx8 frame A 788,80 6x15
[PT] bx8 frame I
[PT] bx9 frame A 608,52 50x125
[PT] bx9 frame I
[PT] bx10 frame A 618,36 19x46
[PT] bx10 frame I
[PT] bx11 frame A 303,89 8x19
[PT] bx11 frame I
[PT] bx12 frame A 632,85 7x16
[PT] bx12 frame I
[PT] bx13 frame A 224,84 4x9
[PT] bx13 frame I
[PT] bx14 frame A 673,60 2x6
[PT] bx14 frame I
[PT] bx15 frame A 583,82 5x12
[PT] bx15 frame I
[PT] bx16 frame A 578,82 5x12
[PT] bx16 frame I
[PT] bx17 frame A 517,14 19x48
[PT] bx17 frame I
[PT] bx18 frame A 610,44 19x47
[PT] bx18 frame I
[PT] ds18 text A 18m
[PT] ds18 text I
[PT] bx19 frame A 759,64 12x31
[PT] bx19 frame I
[PT] bx20 frame A 512,19 17x42
[PT] bx20 frame I
[PT] bx21 frame A 694,64 11x28
[PT] bx21 frame I
[PT] ds21 text A 33m
[PT] ds21 text I
[PT] bx22 frame A 590,67 10x26
[PT] bx22 frame I
[PT] bx23 frame A 488,64 15x37
[PT] bx23 frame I
[PT] bx24 frame A 669,47 30x76
[PT] bx24 frame I
[PT] ds24 text A 11m
[PT] ds24 text I
[PT] bx25 frame A 498,44 18x44
[PT] bx25 frame I
[PT] bx26 frame A 890,81 7x17
[PT] bx26 frame I
[PT] ds26 text A 69m
[PT] ds26 text I
[PT] bx27 frame A 753,89 8x21
[PT] bx27 frame I
[PT] ds27 text A 47m
[PT] ds27 text I
[PT] bx28 frame A 603,60 11x27
[PT] bx28 frame I
[PT] tick 117 enemies=51
[PT] bx0 frame A 664,53 3x7
[PT] bx0 frame I
[PT] bx1 frame A 758,89 8x21
[PT] bx1 frame I
[PT] bx2 frame A 766,87 2x6
[PT] bx2 frame I
[PT] ds2 text A 179m
[PT] ds2 text I
[PT] bx3 frame A 869,79 7x19
[PT] bx3 frame I
[PT] ds3 text A 60m
[PT] ds3 text I
[PT] bx4 frame A 846,79 7x18
[PT] bx4 frame I
[PT] ds4 text A 61m
[PT] ds4 text I
[PT] bx5 frame A 826,79 7x17
[PT] bx5 frame I
[PT] ds5 text A 62m
[PT] ds5 text I
[PT] bx6 frame A 789,79 6x16
[PT] bx6 frame I
[PT] bx7 frame A 782,79 6x15
[PT] bx7 frame I
[PT] bx8 frame A 793,79 6x15
[PT] bx8 frame I
[PT] ds8 text A 71m
[PT] ds8 text I
[PT] bx9 frame A 622,56 50x125
[PT] bx9 frame I
[PT] bx10 frame A 616,44 18x45
[PT] bx10 frame I
[PT] ds10 text A 19m
[PT] ds10 text I
[PT] bx11 frame A 310,88 8x19
[PT] bx11 frame I
[PT] bx12 frame A 636,85 7x16
[PT] bx12 frame I
[PT] ds12 text A 55m
[PT] ds12 text I
[PT] bx13 frame A 230,84 4x9
[PT] bx13 frame I
[PT] bx14 frame A 677,59 2x6
[PT] bx14 frame I
[PT] bx15 frame A 587,81 5x12
[PT] bx15 frame I
[PT] ds15 text A 75m
[PT] ds15 text I
[PT] bx16 frame A 583,81 5x12
[PT] bx16 frame I
[PT] bx17 frame A 524,19 19x47
[PT] bx17 frame I
[PT] ds17 text A 18m
[PT] ds17 text I
[PT] bx18 frame A 616,44 19x47
[PT] bx18 frame I
[PT] bx19 frame A 769,63 12x31
[PT] bx19 frame I
[PT] ds19 text A 32m
[PT] ds19 text I
[PT] bx20 frame A 518,26 17x42
[PT] bx20 frame I
[PT] bx21 frame A 699,64 11x28
[PT] bx21 frame I
[PT] bx22 frame A 595,66 10x26
[PT] bx22 frame I
[PT] bx23 frame A 496,63 15x38
[PT] bx23 frame I
[PT] ds23 text A 21m
[PT] ds23 text I
[PT] bx24 frame A 676,47 30x75
[PT] bx24 frame I
[PT] bx25 frame A 505,44 17x43
[PT] bx25 frame I
[PT] ds25 text A 19m
[PT] ds25 text I
[PT] bx26 frame A 895,81 7x17
[PT] bx26 frame I
[PT] bx27 frame A 758,89 8x21
[PT] bx27 frame I
[PT] tick 118 enemies=51
[PT] bx0 frame A 674,53 3x7
[PT] bx0 frame I
[PT] bx1 frame A 769,88 8x21
[PT] bx1 frame I
[PT] bx2 frame A 778,86 2x6
[PT] bx2 frame I
[PT] bx3 frame A 882,79 7x19
[PT] bx3 frame I
[PT] bx4 frame A 859,79 7x18
[PT] bx4 frame I
[PT] bx5 frame A 838,79 7x17
[PT] bx5 frame I
[PT] bx6 frame A 800,79 6x16
[PT] bx6 frame I
[PT] bx7 frame A 793,79 6x15
[PT] bx7 frame I
[PT] bx8 frame A 804,79 6x15
[PT] bx8 frame I
[PT] bx9 frame A 637,58 50x126
[PT] bx9 frame I
[PT] bx10 frame A 626,43 18x45
[PT] bx10 frame I
[PT] bx11 frame A 321,88 8x19
[PT] bx11 frame I
[PT] ds11 text A 46m
[PT] ds11 text I
[PT] bx12 frame A 646,85 7x16
[PT] bx12 frame I
[PT] bx13 frame A 241,83 4x9
[PT] bx13 frame I
[PT] bx14 frame A 687,59 2x6
[PT] bx14 frame I
[PT] ds14 text A 158m
[PT] ds14 text I
[PT] bx15 frame A 596,81 5x12
[PT] bx15 frame I
[PT] bx16 frame A 592,81 5x12
[PT] bx16 frame I
[PT] bx17 frame A 534,27 18x46
[PT] bx17 frame I
[PT] bx18 frame A 627,44 19x47
[PT] bx18 frame I
[PT] bx19 frame A 787,61 13x32
[PT] bx19 frame I
[PT] ds19 text A 31m
[PT] ds19 text I
[PT] bx20 frame A 529,33 16x41
[PT] bx20 frame I
[PT] bx21 frame A 709,63 11x28
[PT] bx21 frame I
[PT] bx22 frame A 604,66 10x26
[PT] bx22 frame I
[PT] ds22 text A 34m
[PT] ds22 text I
[PT] bx23 frame A 506,63 15x37
[PT] bx23 frame I
[PT] ds23 text A 22m
[PT] ds23 text I
[PT] bx24 frame A 686,47 30x74
[PT] bx24 frame I
[PT] bx25 frame A 515,44 17x43
[PT] bx25 frame I
[PT] bx26 frame A 909,80 7x17
[PT] bx26 frame I
[PT] bx27 frame A 769,88 8x21
[PT] bx27 frame I
[PT] bx28 frame A 609,61 11x27
[PT] bx28 frame I
[PT] tick 119 enemies=51
[PT] bx0 frame A 684,51 3x7
[PT] bx0 frame I
[PT] ds0 text A 146m
[PT] ds0 text I
[PT] bx1 frame A 781,86 8x21
[PT] bx1 frame I
[PT] ds1 text A 48m
[PT] ds1 text I
[PT] bx2 frame A 790,85 2x6
[PT] bx2 frame I
[PT] bx3 frame A 896,77 8x19
[PT] bx3 frame I
[PT] bx4 frame A 873,77 7x18
[PT] bx4 frame I
[PT] bx5 frame A 851,77 7x18
[PT] bx5 frame I
[PT] bx6 frame A 812,77 7x16
[PT] bx6 frame I
[PT] ds6 text A 65m
[PT] ds6 text I
[PT] bx7 frame A 805,77 6x15
[PT] bx7 frame I
[PT] ds7 text A 70m
[PT] ds7 text I
[PT] bx8 frame A 817,77 6x15
[PT] bx8 frame I
[PT] bx9 frame A 655,54 51x128
[PT] bx9 frame I
[PT] bx10 frame A 637,41 18x45
[PT] bx10 frame I
[PT] bx11 frame A 332,86 7x19
[PT] bx11 frame I
[PT] bx12 frame A 656,83 7x16
[PT] bx12 frame I
[PT] bx13 frame A 252,82 4x9
[PT] bx13 frame I
[PT] bx14 frame A 697,58 2x6
[PT] bx14 frame I
[PT] bx15 frame A 606,79 5x12
[PT] bx15 frame I
[PT] bx16 frame A 601,79 5x12
[PT] bx16 frame I
[PT] ds16 text A 75m
[PT] ds16 text I
[PT] bx17 frame A 546,30 18x45
[PT] bx17 frame I
[PT] bx18 frame A 638,41 19x46
[PT] bx18 frame I
[PT] ds18 text A 19m
[PT] ds18 text I
[PT] bx19 frame A 804,57 13x33
[PT] bx19 frame I
[PT] bx20 frame A 540,39 16x41
[PT] bx20 frame I
[PT] bx21 frame A 720,61 11x28
[PT] bx21 frame I
[PT] bx22 frame A 615,64 10x26
[PT] bx22 frame I
[PT] bx23 frame A 517,60 15x37
[PT] bx23 frame I
[PT] bx24 frame A 698,42 29x73
[PT] bx24 frame I
[PT] ds24 text A 12m
[PT] ds24 text I
[PT] bx25 frame A 527,41 17x43
[PT] bx25 frame I
[PT] bx26 frame A 924,79 7x17
[PT] bx26 frame I
[PT] ds26 text A 70m
[PT] ds26 text I
[PT] bx27 frame A 781,86 8x21
[PT] bx27 frame I
[PT] ds27 text A 48m
[PT] ds27 text I
[PT] bx28 frame A 620,59 11x27
[PT] bx28 frame I
[PT] tick 120 enemies=51
[PT] bx0 frame A 716,45 3x7
[PT] bx0 frame I
[PT] bx1 frame A 817,82 9x21
[PT] bx1 frame I
[PT] bx2 frame A 828,81 2x6
[PT] bx2 frame I
[PT] ds2 text A 180m
[PT] ds2 text I
[PT] bx3 frame A 917,72 8x19
[PT] bx3 frame I
[PT] ds3 text A 62m
[PT] ds3 text I
[PT] bx4 frame A 893,72 7x18
[PT] bx4 frame I
[PT] ds4 text A 63m
[PT] ds4 text I
[PT] bx5 frame A 852,72 7x17
[PT] bx5 frame I
[PT] ds5 text A 65m
[PT] ds5 text I
[PT] bx6 frame A 844,72 6x16
[PT] bx6 frame I
[PT] ds6 text A 70m
[PT] ds6 text I
[PT] bx7 frame A 856,73 6x15
[PT] bx7 frame I
[PT] ds7 text A 72m
[PT] ds7 text I
[PT] bx8 frame A 683,58 52x131
[PT] bx8 frame I
[PT] nm8 text A BOT
[PT] nm8 text I
[PT] ds8 text A 5m
[PT] ds8 text I
[PT] bx9 frame A 687,45 18x45
[PT] bx9 frame I
[PT] nm9 text A Player
[PT] nm9 text I
[PT] ds9 text A 20m
[PT] ds9 text I
[PT] bx10 frame A 362,81 7x18
[PT] bx10 frame I
[PT] ds10 text A 46m
[PT] ds10 text I
[PT] bx11 frame A 686,78 7x17
[PT] bx11 frame I
[PT] ds11 text A 56m
[PT] ds11 text I
[PT] bx12 frame A 283,77 4x9
[PT] bx12 frame I
[PT] ds12 text A 103m
[PT] ds12 text I
[PT] bx13 frame A 730,52 3x6
[PT] bx13 frame I
[PT] ds13 text A 159m
[PT] ds13 text I
[PT] bx14 frame A 634,75 5x12
[PT] bx14 frame I
[PT] ds14 text A 76m
[PT] ds14 text I
[PT] bx15 frame A 630,75 5x12
[PT] bx15 frame I
[PT] bx16 frame A 576,34 18x45
[PT] bx16 frame I
[PT] ds16 text A 19m
[PT] ds16 text I
[PT] bx17 frame A 669,37 19x46
[PT] bx17 frame I
[PT] ds17 text A 19m
[PT] ds17 text I
[PT] bx18 frame A 849,47 14x35
[PT] bx18 frame I
[PT] ds18 text A 31m
[PT] ds18 text I
[PT] bx19 frame A 571,22 16x41
[PT] bx19 frame I
[PT] ds19 text A 21m
[PT] ds19 text I
[PT] bx20 frame A 754,56 12x29
[PT] bx20 frame I
[PT] ds20 text A 34m
[PT] ds20 text I
[PT] bx21 frame A 644,59 10x26
[PT] bx21 frame I
[PT] ds21 text A 35m
[PT] ds21 text I
[PT] bx22 frame A 547,56 15x37
[PT] bx22 frame I
[PT] ds22 text A 22m
[PT] ds22 text I
[PT] bx23 frame A 731,39 29x72
[PT] bx23 frame I
[PT] ds23 text A 12m
[PT] ds23 text I
[PT] bx24 frame A 558,37 17x42
[PT] bx24 frame I
[PT] ds24 text A 20m
[PT] ds24 text I
[PT] bx25 frame A 817,82 9x21
[PT] bx25 frame I
[PT] nm25 text A BOT
[PT] nm25 text I
[PT] ds25 text A 48m
[PT] ds25 text I
[PT] bx26 frame A 650,54 11x27
[PT] bx26 frame I
[PT] ds26 text A 33m
[PT] ds26 text I
[PT] bx27 hide A
[PT] nm27 hide A
[PT] ds27 hide A
[PT] bx28 hide A
[PT] nm28 hide A
[PT] ds28 hide A
[PT] tick 121 enemies=51
[PT] bx0 frame A 734,39 3x7
[PT] bx0 frame I
[PT] ds0 text A 147m
[PT] ds0 text I
[PT] bx1 frame A 838,77 9x22
[PT] bx1 frame I
[PT] ds1 text A 49m
[PT] ds1 text I
[PT] bx2 frame A 850,75 2x6
[PT] bx2 frame I
[PT] bx3 frame A 918,67 7x19
[PT] bx3 frame I
[PT] ds3 text A 63m
[PT] ds3 text I
[PT] bx4 frame A 875,67 7x17
[PT] bx4 frame I
[PT] ds4 text A 66m
[PT] ds4 text I
[PT] bx5 frame A 867,67 6x16
[PT] bx5 frame I
[PT] ds5 text A 71m
[PT] ds5 text I
[PT] bx6 frame A 880,67 6x16
[PT] bx6 frame I
[PT] ds6 text A 72m
[PT] ds6 text I
[PT] bx7 frame A 695,58 53x133
[PT] bx7 frame I
[PT] nm7 text A BOT
[PT] nm7 text I
[PT] ds7 text A 5m
[PT] ds7 text I
[PT] bx8 frame A 703,36 18x46
[PT] bx8 frame I
[PT] nm8 text A Player
[PT] nm8 text I
[PT] ds8 text A 20m
[PT] ds8 text I
[PT] bx9 frame A 377,75 7x18
[PT] bx9 frame I
[PT] ds9 text A 46m
[PT] ds9 text I
[PT] bx10 frame A 703,73 7x17
[PT] bx10 frame I
[PT] ds10 text A 56m
[PT] ds10 text I
[PT] bx11 frame A 298,71 4x9
[PT] bx11 frame I
[PT] ds11 text A 103m
[PT] ds11 text I
[PT] bx12 frame A 749,46 3x7
[PT] bx12 frame I
[PT] ds12 text A 159m
[PT] ds12 text I
[PT] bx13 frame A 650,69 5x12
[PT] bx13 frame I
[PT] ds13 text A 76m
[PT] ds13 text I
[PT] bx14 frame A 645,69 5x12
[PT] bx14 frame I
[PT] bx15 frame A 593,28 18x45
[PT] bx15 frame I
[PT] ds15 text A 19m
[PT] ds15 text I
[PT] bx16 frame A 687,31 19x47
[PT] bx16 frame I
[PT] ds16 text A 20m
[PT] ds16 text I
[PT] bx17 frame A 869,41 15x36
[PT] bx17 frame I
[PT] ds17 text A 31m
[PT] ds17 text I
[PT] bx18 frame A 588,11 17x41
[PT] bx18 frame I
[PT] ds18 text A 21m
[PT] ds18 text I
[PT] bx19 frame A 773,51 12x29
[PT] bx19 frame I
[PT] ds19 text A 34m
[PT] ds19 text I
[PT] bx20 frame A 661,53 10x26
[PT] bx20 frame I
[PT] ds20 text A 35m
[PT] ds20 text I
[PT] bx21 frame A 563,51 15x37
[PT] bx21 frame I
[PT] ds21 text A 23m
[PT] ds21 text I
[PT] bx22 frame A 750,34 29x72
[PT] bx22 frame I
[PT] ds22 text A 13m
[PT] ds22 text I
[PT] bx23 frame A 574,32 17x42
[PT] bx23 frame I
[PT] ds23 text A 20m
[PT] ds23 text I
[PT] bx24 frame A 838,77 9x22
[PT] bx24 frame I
[PT] nm24 text A BOT
[PT] nm24 text I
[PT] ds24 text A 49m
[PT] ds24 text I
[PT] bx25 frame A 667,48 11x28
[PT] bx25 frame I
[PT] nm25 text A Player
[PT] nm25 text I
[PT] ds25 text A 33m
[PT] ds25 text I
[PT] bx26 hide A
[PT] nm26 hide A
[PT] ds26 hide A
[PT] tick 122 enemies=51
[PT] bx0 frame A 771,39 3x7
[PT] bx0 frame I
[PT] bx1 frame A 881,78 9x23
[PT] bx1 frame I
[PT] bx2 frame A 894,76 3x6
[PT] bx2 frame I
[PT] bx3 frame A 921,68 7x18
[PT] bx3 frame I
[PT] ds3 text A 66m
[PT] ds3 text I
[PT] bx4 frame A 912,68 7x17
[PT] bx4 frame I
[PT] ds4 text A 71m
[PT] ds4 text I
[PT] bx5 frame A 720,63 54x136
[PT] bx5 frame I
[PT] nm5 text A BOT
[PT] nm5 text I
[PT] ds5 text A 5m
[PT] ds5 text I
[PT] bx6 frame A 736,36 19x46
[PT] bx6 frame I
[PT] ds6 text A 20m
[PT] ds6 text I
[PT] bx7 frame A 405,76 7x18
[PT] bx7 frame I
[PT] nm7 text A Player
[PT] nm7 text I
[PT] ds7 text A 47m
[PT] ds7 text I
[PT] bx8 frame A 737,74 7x17
[PT] bx8 frame I
[PT] ds8 text A 56m
[PT] ds8 text I
[PT] bx9 frame A 328,72 3x9
[PT] bx9 frame I
[PT] ds9 text A 103m
[PT] ds9 text I
[PT] bx10 frame A 786,46 3x7
[PT] bx10 frame I
[PT] ds10 text A 159m
[PT] ds10 text I
[PT] bx11 frame A 681,70 5x12
[PT] bx11 frame I
[PT] ds11 text A 77m
[PT] ds11 text I
[PT] bx12 frame A 676,70 5x12
[PT] bx12 frame I
[PT] ds12 text A 76m
[PT] ds12 text I
[PT] bx13 frame A 623,29 18x45
[PT] bx13 frame I
[PT] ds13 text A 19m
[PT] ds13 text I
[PT] bx14 frame A 720,32 19x47
[PT] bx14 frame I
[PT] ds14 text A 20m
[PT] ds14 text I
[PT] bx15 frame A 915,41 15x38
[PT] bx15 frame I
[PT] ds15 text A 31m
[PT] ds15 text I
[PT] bx16 frame A 618,9 17x42
[PT] bx16 frame I
[PT] ds16 text A 22m
[PT] ds16 text I
[PT] bx17 frame A 811,51 12x30
[PT] bx17 frame I
[PT] ds17 text A 35m
[PT] ds17 text I
[PT] bx18 frame A 693,54 11x27
[PT] bx18 frame I
[PT] ds18 text A 35m
[PT] ds18 text I
[PT] bx19 frame A 592,52 15x37
[PT] bx19 frame I
[PT] ds19 text A 23m
[PT] ds19 text I
[PT] bx20 frame A 785,34 29x73
[PT] bx20 frame I
[PT] ds20 text A 13m
[PT] ds20 text I
[PT] bx21 frame A 603,33 17x42
[PT] bx21 frame I
[PT] ds21 text A 20m
[PT] ds21 text I
[PT] bx22 frame A 881,78 9x23
[PT] bx22 frame I
[PT] nm22 text A BOT
[PT] nm22 text I
[PT] ds22 text A 49m
[PT] ds22 text I
[PT] bx23 frame A 699,49 11x28
[PT] bx23 frame I
[PT] ds23 text A 34m
[PT] ds23 text I
[PT] bx24 hide A
[PT] nm24 hide A
[PT] ds24 hide A
[PT] bx25 hide A
[PT] nm25 hide A
[PT] ds25 hide A
[PT] tick 123 enemies=51
[PT] bx0 frame A 785,41 3x7
[PT] bx0 frame I
[PT] bx1 frame A 898,80 9x23
[PT] bx1 frame I
[PT] bx2 frame A 912,78 3x7
[PT] bx2 frame I
[PT] ds2 text A 181m
[PT] ds2 text I
[PT] bx3 frame A 731,69 55x137
[PT] bx3 frame I
[PT] nm3 text A BOT
[PT] nm3 text I
[PT] ds3 text A 5m
[PT] ds3 text I
[PT] bx4 frame A 751,38 18x46
[PT] bx4 frame I
[PT] ds4 text A 21m
[PT] ds4 text I
[PT] bx5 frame A 418,78 7x18
[PT] bx5 frame I
[PT] nm5 text A Player
[PT] nm5 text I
[PT] ds5 text A 47m
[PT] ds5 text I
[PT] bx6 frame A 750,75 7x17
[PT] bx6 frame I
[PT] ds6 text A 57m
[PT] ds6 text I
[PT] bx7 frame A 340,74 3x9
[PT] bx7 frame I
[PT] ds7 text A 103m
[PT] ds7 text I
[PT] bx8 frame A 800,48 3x7
[PT] bx8 frame I
[PT] ds8 text A 160m
[PT] ds8 text I
[PT] bx9 frame A 694,72 5x12
[PT] bx9 frame I
[PT] ds9 text A 77m
[PT] ds9 text I
[PT] bx10 frame A 689,72 5x12
[PT] bx10 frame I
[PT] ds10 text A 76m
[PT] ds10 text I
[PT] bx11 frame A 637,31 18x44
[PT] bx11 frame I
[PT] ds11 text A 20m
[PT] ds11 text I
[PT] bx12 frame A 734,33 19x47
[PT] bx12 frame I
[PT] ds12 text A 20m
[PT] ds12 text I
[PT] bx13 frame A 632,7 17x42
[PT] bx13 frame I
[PT] ds13 text A 22m
[PT] ds13 text I
[PT] bx14 frame A 826,52 12x30
[PT] bx14 frame I
[PT] ds14 text A 35m
[PT] ds14 text I
[PT] bx15 frame A 706,55 11x27
[PT] bx15 frame I
[PT] ds15 text A 36m
[PT] ds15 text I
[PT] bx16 frame A 606,44 15x37
[PT] bx16 frame I
[PT] ds16 text A 23m
[PT] ds16 text I
[PT] bx17 frame A 801,36 29x72
[PT] bx17 frame I
[PT] ds17 text A 13m
[PT] ds17 text I
[PT] bx18 frame A 618,35 17x42
[PT] bx18 frame I
[PT] ds18 text A 21m
[PT] ds18 text I
[PT] bx19 frame A 898,80 9x23
[PT] bx19 frame I
[PT] nm19 text A BOT
[PT] nm19 text I
[PT] ds19 text A 49m
[PT] ds19 text I
[PT] bx20 frame A 712,50 11x28
[PT] bx20 frame I
[PT] ds20 text A 34m
[PT] ds20 text I
[PT] bx21 hide A
[PT] nm21 hide A
[PT] ds21 hide A
[PT] bx22 hide A
[PT] nm22 hide A
[PT] ds22 hide A
[PT] bx23 hide A
[PT] nm23 hide A
[PT] ds23 hide A
[PT] tick 124 enemies=51
[PT] bx0 frame A 782,38 3x7
[PT] bx0 frame I
[PT] ds0 text A 148m
[PT] ds0 text I
[PT] bx1 frame A 894,77 9x23
[PT] bx1 frame I
[PT] ds1 text A 50m
[PT] ds1 text I
[PT] bx2 frame A 908,76 3x7
[PT] bx2 frame I
[PT] bx3 frame A 732,72 54x136
[PT] bx3 frame I
[PT] bx4 frame A 751,36 18x46
[PT] bx4 frame I
[PT] bx5 frame A 418,75 7x18
[PT] bx5 frame I
[PT] bx6 frame A 748,73 7x17
[PT] bx6 frame I
[PT] bx7 frame A 339,71 3x9
[PT] bx7 frame I
[PT] bx8 frame A 797,45 3x7
[PT] bx8 frame I
[PT] bx9 frame A 692,69 5x12
[PT] bx9 frame I
[PT] bx10 frame A 687,69 5x12
[PT] bx10 frame I
[PT] ds10 text A 77m
[PT] ds10 text I
[PT] bx11 frame A 639,29 18x44
[PT] bx11 frame I
[PT] bx12 frame A 735,31 19x46
[PT] bx12 frame I
[PT] ds12 text A 21m
[PT] ds12 text I
[PT] bx13 frame A 634,6 17x41
[PT] bx13 frame I
[PT] bx14 frame A 824,50 12x30
[PT] bx14 frame I
[PT] bx15 frame A 705,53 11x26
[PT] bx15 frame I
[PT] bx16 frame A 609,36 15x37
[PT] bx16 frame I
[PT] ds16 text A 24m
[PT] ds16 text I
[PT] bx17 frame A 801,34 28x71
[PT] bx17 frame I
[PT] ds17 text A 14m
[PT] ds17 text I
[PT] bx18 frame A 619,33 17x42
[PT] bx18 frame I
[PT] bx19 frame A 894,77 9x23
[PT] bx19 frame I
[PT] ds19 text A 50m
[PT] ds19 text I
[PT] bx20 frame A 712,48 11x28
[PT] bx20 frame I
[PT] tick 125 enemies=51
[PT] bx0 frame A 783,39 3x7
[PT] bx0 frame I
[PT] bx1 frame A 896,78 9x23
[PT] bx1 frame I
[PT] bx2 frame A 909,76 3x7
[PT] bx2 frame I
[PT] bx3 frame A 735,76 55x137
[PT] bx3 frame I
[PT] bx4 frame A 754,37 18x45
[PT] bx4 frame I
[PT] bx5 frame A 421,76 7x18
[PT] bx5 frame I
[PT] bx6 frame A 750,73 7x17
[PT] bx6 frame I
[PT] bx7 frame A 340,72 3x9
[PT] bx7 frame I
[PT] ds7 text A 104m
[PT] ds7 text I
[PT] bx8 frame A 798,46 3x7
[PT] bx8 frame I
[PT] bx9 frame A 693,70 5x12
[PT] bx9 frame I
[PT] bx10 frame A 688,70 5x12
[PT] bx10 frame I
[PT] bx11 frame A 643,30 17x44
[PT] bx11 frame I
[PT] bx12 frame A 738,32 18x46
[PT] bx12 frame I
[PT] bx13 frame A 637,8 16x41
[PT] bx13 frame I
[PT] bx14 frame A 826,51 12x30
[PT] bx14 frame I
[PT] ds14 text A 36m
[PT] ds14 text I
[PT] bx15 frame A 708,54 11x26
[PT] bx15 frame I
[PT] bx16 frame A 614,33 15x37
[PT] bx16 frame I
[PT] bx17 frame A 805,35 28x70
[PT] bx17 frame I
[PT] bx18 frame A 623,33 16x41
[PT] bx18 frame I
[PT] bx19 frame A 896,78 9x23
[PT] bx19 frame I
[PT] bx20 frame A 714,49 11x28
[PT] bx20 frame I
[PT] ds20 text A 35m
[PT] ds20 text I
[PT] tick 126 enemies=51
[PT] bx0 frame A 779,38 3x7
[PT] bx0 frame I
[PT] bx1 frame A 891,77 9x22
[PT] bx1 frame I
[PT] bx2 frame A 904,75 3x6
[PT] bx2 frame I
[PT] ds2 text A 182m
[PT] ds2 text I
[PT] bx3 frame A 922,67 7x16
[PT] bx3 frame I
[PT] nm3 text A Player
[PT] nm3 text I
[PT] ds3 text A 72m
[PT] ds3 text I
[PT] bx4 frame A 735,72 55x137
[PT] bx4 frame I
[PT] nm4 text A BOT
[PT] nm4 text I
[PT] ds4 text A 5m
[PT] ds4 text I
[PT] bx5 frame A 753,37 18x45
[PT] bx5 frame I
[PT] ds5 text A 22m
[PT] ds5 text I
[PT] bx6 frame A 420,75 7x18
[PT] bx6 frame I
[PT] ds6 text A 47m
[PT] ds6 text I
[PT] bx7 frame A 747,73 7x17
[PT] bx7 frame I
[PT] ds7 text A 58m
[PT] ds7 text I
[PT] bx8 frame A 338,71 3x9
[PT] bx8 frame I
[PT] ds8 text A 104m
[PT] ds8 text I
[PT] bx9 frame A 794,45 3x7
[PT] bx9 frame I
[PT] ds9 text A 161m
[PT] ds9 text I
[PT] bx10 frame A 690,69 5x12
[PT] bx10 frame I
[PT] ds10 text A 78m
[PT] ds10 text I
[PT] bx11 frame A 685,69 5x12
[PT] bx11 frame I
[PT] ds11 text A 77m
[PT] ds11 text I
[PT] bx12 frame A 643,29 17x43
[PT] bx12 frame I
[PT] bx13 frame A 737,32 18x45
[PT] bx13 frame I
[PT] ds13 text A 21m
[PT] ds13 text I
[PT] bx14 frame A 637,13 16x41
[PT] bx14 frame I
[PT] ds14 text A 22m
[PT] ds14 text I
[PT] bx15 frame A 822,50 12x29
[PT] bx15 frame I
[PT] bx16 frame A 706,53 10x26
[PT] bx16 frame I
[PT] ds16 text A 36m
[PT] ds16 text I
[PT] bx17 frame A 616,30 15x37
[PT] bx17 frame I
[PT] ds17 text A 24m
[PT] ds17 text I
[PT] bx18 frame A 804,35 28x69
[PT] bx18 frame I
[PT] ds18 text A 14m
[PT] ds18 text I
[PT] bx19 frame A 623,33 16x41
[PT] bx19 frame I
[PT] nm19 text A Player
[PT] nm19 text I
[PT] ds19 text A 21m
[PT] ds19 text I
[PT] bx20 frame A 891,77 9x22
[PT] bx20 frame I
[PT] nm20 text A BOT
[PT] nm20 text I
[PT] ds20 text A 50m
[PT] ds20 text I
[PT] bx21 frame A 710,47 11x27
[PT] bx21 frame I
[PT] bx21 show A
[PT] nm21 show A
[PT] ds21 text A 35m
[PT] ds21 text I
[PT] ds21 show A
[PT] tick 127 enemies=51
[PT] bx0 frame A 777,38 3x7
[PT] bx0 frame I
[PT] bx1 frame A 889,77 9x22
[PT] bx1 frame I
[PT] ds1 text A 51m
[PT] ds1 text I
[PT] bx2 frame A 900,75 3x6
[PT] bx2 frame I
[PT] bx3 frame A 919,67 7x16
[PT] bx3 frame I
[PT] ds3 text A 73m
[PT] ds3 text I
[PT] bx4 frame A 738,73 55x138
[PT] bx4 frame I
[PT] ds6 text A 48m
[PT] ds6 text I
[PT] bx7 frame A 746,73 7x17
[PT] bx7 frame I
[PT] bx9 frame A 792,45 3x7
[PT] bx9 frame I
[PT] bx10 frame A 689,69 5x12
[PT] bx10 frame I
[PT] bx11 frame A 684,69 5x12
[PT] bx11 frame I
[PT] ds11 text A 78m
[PT] ds11 text I
[PT] bx12 frame A 645,30 17x43
[PT] bx12 frame I
[PT] bx14 frame A 924,41 14x36
[PT] bx14 frame I
[PT] ds14 text A 33m
[PT] ds14 text I
[PT] bx15 frame A 638,21 16x40
[PT] bx15 frame I
[PT] ds15 text A 23m
[PT] ds15 text I
[PT] bx16 frame A 821,50 12x29
[PT] bx16 frame I
[PT] bx17 frame A 705,53 10x26
[PT] bx17 frame I
[PT] ds17 text A 37m
[PT] ds17 text I
[PT] bx18 frame A 621,30 15x37
[PT] bx18 frame I
[PT] ds18 text A 24m
[PT] ds18 text I
[PT] bx19 frame A 805,36 27x68
[PT] bx19 frame I
[PT] ds19 text A 14m
[PT] ds19 text I
[PT] bx20 frame A 625,34 16x40
[PT] bx20 frame I
[PT] nm20 text A Player
[PT] nm20 text I
[PT] ds20 text A 22m
[PT] ds20 text I
[PT] bx21 frame A 889,77 9x22
[PT] bx21 frame I
[PT] nm21 text A BOT
[PT] nm21 text I
[PT] ds21 text A 51m
[PT] ds21 text I
[PT] bx22 frame A 707,47 11x27
[PT] bx22 frame I
[PT] bx22 show A
[PT] nm22 text A Player
[PT] nm22 text I
[PT] nm22 show A
[PT] ds22 text A 36m
[PT] ds22 text I
[PT] ds22 show A
[PT] tick 128 enemies=50
[PT] bx0 frame A 775,37 3x7
[PT] bx0 frame I
[PT] ds0 text A 149m
[PT] ds0 text I
[PT] bx1 frame A 887,75 9x22
[PT] bx1 frame I
[PT] bx2 frame A 898,74 3x6
[PT] bx2 frame I
[PT] bx3 frame A 926,65 7x18
[PT] bx3 frame I
[PT] ds3 text A 68m
[PT] ds3 text I
[PT] bx4 frame A 917,65 7x16
[PT] bx4 frame I
[PT] nm4 text A Player
[PT] nm4 text I
[PT] ds4 text A 73m
[PT] ds4 text I
[PT] bx5 frame A 740,74 55x138
[PT] bx5 frame I
[PT] nm5 text A BOT
[PT] nm5 text I
[PT] ds5 text A 5m
[PT] ds5 text I
[PT] bx6 frame A 755,36 17x43
[PT] bx6 frame I
[PT] ds6 text A 22m
[PT] ds6 text I
[PT] bx7 frame A 422,73 7x18
[PT] bx7 frame I
[PT] ds7 text A 48m
[PT] ds7 text I
[PT] bx8 frame A 745,71 7x17
[PT] bx8 frame I
[PT] ds8 text A 58m
[PT] ds8 text I
[PT] bx9 frame A 337,69 3x9
[PT] bx9 frame I
[PT] ds9 text A 104m
[PT] ds9 text I
[PT] bx10 frame A 790,44 3x7
[PT] bx10 frame I
[PT] ds10 text A 161m
[PT] ds10 text I
[PT] bx11 frame A 688,67 5x12
[PT] bx11 frame I
[PT] bx12 frame A 684,67 5x12
[PT] bx12 frame I
[PT] ds12 text A 78m
[PT] ds12 text I
[PT] bx13 frame A 647,29 17x42
[PT] bx13 frame I
[PT] bx14 frame A 739,31 18x44
[PT] bx14 frame I
[PT] ds14 text A 22m
[PT] ds14 text I
[PT] bx15 frame A 922,40 14x36
[PT] bx15 frame I
[PT] ds15 text A 33m
[PT] ds15 text I
[PT] bx16 frame A 639,28 16x39
[PT] bx16 frame I
[PT] ds16 text A 23m
[PT] ds16 text I
[PT] bx17 frame A 821,49 12x29
[PT] bx17 frame I
[PT] bx18 frame A 706,52 10x26
[PT] bx18 frame I
[PT] ds18 text A 37m
[PT] ds18 text I
[PT] bx19 frame A 626,30 15x37
[PT] bx19 frame I
[PT] ds19 text A 24m
[PT] ds19 text I
[PT] bx20 frame A 807,35 27x66
[PT] bx20 frame I
[PT] ds20 text A 15m
[PT] ds20 text I
[PT] bx21 frame A 628,32 16x40
[PT] bx21 frame I
[PT] nm21 text A Player
[PT] nm21 text I
[PT] ds21 text A 22m
[PT] ds21 text I
[PT] bx22 frame A 887,75 9x22
[PT] bx22 frame I
[PT] nm22 text A BOT
[PT] nm22 text I
[PT] ds22 text A 51m
[PT] ds22 text I
[PT] bx23 frame A 705,46 11x26
[PT] bx23 frame I
[PT] bx23 show A
[PT] nm23 show A
[PT] ds23 text A 36m
[PT] ds23 text I
[PT] ds23 show A
[PT] tick 129 enemies=50
[PT] bx0 frame A 772,37 3x7
[PT] bx0 frame I
[PT] bx1 frame A 885,75 9x22
[PT] bx1 frame I
[PT] bx2 frame A 894,74 3x6
[PT] bx2 frame I
[PT] ds2 text A 183m
[PT] ds2 text I
[PT] bx3 frame A 923,65 7x18
[PT] bx3 frame I
[PT] bx4 frame A 914,65 6x16
[PT] bx4 frame I
[PT] bx5 frame A 745,77 57x142
[PT] bx5 frame I
[PT] bx6 frame A 756,36 17x43
[PT] bx6 frame I
[PT] ds6 text A 23m
[PT] ds6 text I
[PT] bx8 frame A 744,71 7x17
[PT] bx8 frame I
[PT] ds8 text A 59m
[PT] ds8 text I
[PT] bx9 frame A 336,70 3x9
[PT] bx9 frame I
[PT] bx10 frame A 787,44 3x7
[PT] bx10 frame I
[PT] bx11 frame A 687,68 5x12
[PT] bx11 frame I
[PT] bx12 frame A 682,68 5x12
[PT] bx12 frame I
[PT] bx13 frame A 649,29 17x42
[PT] bx13 frame I
[PT] bx14 frame A 741,32 18x44
[PT] bx14 frame I
[PT] bx15 frame A 921,40 14x36
[PT] bx15 frame I
[PT] bx16 frame A 641,25 16x39
[PT] bx16 frame I
[PT] bx19 frame A 632,31 15x37
[PT] bx19 frame I
[PT] bx20 frame A 810,36 26x66
[PT] bx20 frame I
[PT] bx21 frame A 629,33 16x40
[PT] bx21 frame I
[PT] bx22 frame A 885,75 9x22
[PT] bx22 frame I
[PT] bx23 frame A 702,47 10x26
[PT] bx23 frame I
[PT] tick 130 enemies=50
[PT] bx0 frame A 769,37 3x7
[PT] bx0 frame I
[PT] bx1 frame A 883,75 9x22
[PT] bx1 frame I
[PT] bx2 frame A 890,74 3x6
[PT] bx2 frame I
[PT] bx3 frame A 920,65 7x17
[PT] bx3 frame I
[PT] bx4 frame A 911,65 6x16
[PT] bx4 frame I
[PT] bx5 frame A 925,65 6x16
[PT] bx5 frame I
[PT] nm5 text A Player
[PT] nm5 text I
[PT] ds5 text A 75m
[PT] ds5 text I
[PT] bx6 frame A 753,92 58x145
[PT] bx6 frame I
[PT] nm6 text A BOT
[PT] nm6 text I
[PT] ds6 text A 5m
[PT] ds6 text I
[PT] bx7 frame A 758,36 17x43
[PT] bx7 frame I
[PT] ds7 text A 23m
[PT] ds7 text I
[PT] bx8 frame A 421,73 7x18
[PT] bx8 frame I
[PT] ds8 text A 48m
[PT] ds8 text I
[PT] bx9 frame A 742,71 7x17
[PT] bx9 frame I
[PT] ds9 text A 59m
[PT] ds9 text I
[PT] bx10 frame A 334,69 3x9
[PT] bx10 frame I
[PT] ds10 text A 104m
[PT] ds10 text I
[PT] bx11 frame A 784,44 3x7
[PT] bx11 frame I
[PT] ds11 text A 161m
[PT] ds11 text I
[PT] bx12 frame A 685,68 5x12
[PT] bx12 frame I
[PT] bx13 frame A 680,68 5x12
[PT] bx13 frame I
[PT] ds13 text A 78m
[PT] ds13 text I
[PT] bx14 frame A 651,29 17x42
[PT] bx14 frame I
[PT] ds14 text A 21m
[PT] ds14 text I
[PT] bx15 frame A 743,32 18x44
[PT] bx15 frame I
[PT] ds15 text A 22m
[PT] ds15 text I
[PT] bx16 frame A 921,40 14x36
[PT] bx16 frame I
[PT] ds16 text A 33m
[PT] ds16 text I
[PT] bx17 frame A 643,19 16x40
[PT] bx17 frame I
[PT] ds17 text A 23m
[PT] ds17 text I
[PT] bx18 frame A 819,49 11x29
[PT] bx18 frame I
[PT] bx19 frame A 705,52 10x26
[PT] bx19 frame I
[PT] ds19 text A 37m
[PT] ds19 text I
[PT] bx20 frame A 637,30 15x37
[PT] bx20 frame I
[PT] ds20 text A 24m
[PT] ds20 text I
[PT] bx21 frame A 816,35 26x66
[PT] bx21 frame I
[PT] ds21 text A 15m
[PT] ds21 text I
[PT] bx22 frame A 631,33 16x40
[PT] bx22 frame I
[PT] nm22 text A Player
[PT] nm22 text I
[PT] ds22 text A 22m
[PT] ds22 text I
[PT] bx23 frame A 883,75 9x22
[PT] bx23 frame I
[PT] nm23 text A BOT
[PT] nm23 text I
[PT] ds23 text A 51m
[PT] ds23 text I
[PT] bx24 frame A 699,47 10x26
[PT] bx24 frame I
[PT] bx24 show A
[PT] nm24 text A Player
[PT] nm24 text I
[PT] nm24 show A
[PT] ds24 text A 37m
[PT] ds24 text I
[PT] ds24 show A
[PT] tick 131 enemies=50
[PT] bx0 frame A 759,36 3x7
[PT] bx0 frame I
[PT] bx1 frame A 872,74 9x22
[PT] bx1 frame I
[PT] bx2 frame A 877,72 3x6
[PT] bx2 frame I
[PT] bx3 frame A 907,64 7x17
[PT] bx3 frame I
[PT] bx4 frame A 898,64 6x16
[PT] bx4 frame I
[PT] bx5 frame A 912,64 6x16
[PT] bx5 frame I
[PT] bx6 frame A 754,92 60x149
[PT] bx6 frame I
[PT] bx7 frame A 752,35 17x43
[PT] bx7 frame I
[PT] bx8 frame A 414,72 7x18
[PT] bx8 frame I
[PT] bx9 frame A 733,70 7x17
[PT] bx9 frame I
[PT] bx10 frame A 325,68 3x9
[PT] bx10 frame I
[PT] bx11 frame A 773,43 3x7
[PT] bx11 frame I
[PT] bx12 frame A 676,66 5x12
[PT] bx12 frame I
[PT] bx13 frame A 672,66 5x12
[PT] bx13 frame I
[PT] bx14 frame A 646,28 17x42
[PT] bx14 frame I
[PT] bx15 frame A 737,31 18x44
[PT] bx15 frame I
[PT] bx16 frame A 910,39 14x35
[PT] bx16 frame I
[PT] bx17 frame A 638,11 16x40
[PT] bx17 frame I
[PT] bx18 frame A 810,48 11x28
[PT] bx18 frame I
[PT] bx19 frame A 698,51 10x25
[PT] bx19 frame I
[PT] bx20 frame A 630,29 15x37
[PT] bx20 frame I
[PT] bx21 frame A 811,35 26x66
[PT] bx21 frame I
[PT] bx22 frame A 626,31 16x40
[PT] bx22 frame I
[PT] bx23 frame A 872,74 9x22
[PT] bx23 frame I
[PT] bx24 frame A 691,46 10x26
[PT] bx24 frame I
[PT] tick 132 enemies=50
[PT] bx0 frame A 746,36 3x7
[PT] bx0 frame I
[PT] bx1 frame A 856,74 9x21
[PT] bx1 frame I
[PT] bx2 frame A 861,72 2x6
[PT] bx2 frame I
[PT] bx3 frame A 890,64 7x17
[PT] bx3 frame I
[PT] bx4 frame A 882,64 6x16
[PT] bx4 frame I
[PT] bx5 frame A 895,64 6x16
[PT] bx5 frame I
[PT] bx6 frame A 739,92 61x151
[PT] bx6 frame I
[PT] ds6 text A 4m
[PT] ds6 text I
[PT] bx7 frame A 740,35 17x43
[PT] bx7 frame I
[PT] bx8 frame A 405,72 7x18
[PT] bx8 frame I
[PT] bx9 frame A 721,70 7x17
[PT] bx9 frame I
[PT] bx10 frame A 315,68 4x9
[PT] bx10 frame I
[PT] bx11 frame A 760,43 3x7
[PT] bx11 frame I
[PT] bx12 frame A 665,66 5x12
[PT] bx12 frame I
[PT] bx13 frame A 661,66 5x12
[PT] bx13 frame I
[PT] bx14 frame A 636,28 17x42
[PT] bx14 frame I
[PT] bx15 frame A 725,31 17x43
[PT] bx15 frame I
[PT] bx16 frame A 893,39 14x35
[PT] bx16 frame I
[PT] bx17 frame A 627,7 16x40
[PT] bx17 frame I
[PT] bx18 frame A 797,48 11x28
[PT] bx18 frame I
[PT] bx19 frame A 687,51 10x25
[PT] bx19 frame I
[PT] bx20 frame A 620,29 15x37
[PT] bx20 frame I
[PT] bx21 frame A 798,35 26x65
[PT] bx21 frame I
[PT] bx22 frame A 616,32 16x40
[PT] bx22 frame I
[PT] bx23 frame A 856,74 9x21
[PT] bx23 frame I
[PT] bx24 frame A 680,46 10x26
[PT] bx24 frame I
[PT] tick 133 enemies=50
[PT] bx0 frame A 729,37 3x7
[PT] bx0 frame I
[PT] bx1 frame A 837,74 8x21
[PT] bx1 frame I
[PT] bx2 frame A 841,72 2x6
[PT] bx2 frame I
[PT] bx3 frame A 911,64 7x18
[PT] bx3 frame I
[PT] ds3 text A 66m
[PT] ds3 text I
[PT] bx4 frame A 869,64 7x17
[PT] bx4 frame I
[PT] ds4 text A 68m
[PT] ds4 text I
[PT] bx5 frame A 861,64 6x15
[PT] bx5 frame I
[PT] ds5 text A 73m
[PT] ds5 text I
[PT] bx6 frame A 874,64 6x15
[PT] bx6 frame I
[PT] nm6 text A Player
[PT] nm6 text I
[PT] ds6 text A 75m
[PT] ds6 text I
[PT] bx7 frame A 721,93 62x154
[PT] bx7 frame I
[PT] nm7 text A BOT
[PT] nm7 text I
[PT] ds7 text A 4m
[PT] ds7 text I
[PT] bx8 frame A 724,36 17x42
[PT] bx8 frame I
[PT] ds8 text A 23m
[PT] ds8 text I
[PT] bx9 frame A 393,73 7x18
[PT] bx9 frame I
[PT] ds9 text A 48m
[PT] ds9 text I
[PT] bx10 frame A 706,70 7x16
[PT] bx10 frame I
[PT] ds10 text A 59m
[PT] ds10 text I
[PT] bx11 frame A 302,69 4x9
[PT] bx11 frame I
[PT] ds11 text A 104m
[PT] ds11 text I
[PT] bx12 frame A 743,44 3x6
[PT] bx12 frame I
[PT] ds12 text A 161m
[PT] ds12 text I
[PT] bx13 frame A 651,66 5x12
[PT] bx13 frame I
[PT] bx14 frame A 647,66 5x12
[PT] bx14 frame I
[PT] ds14 text A 78m
[PT] ds14 text I
[PT] bx15 frame A 623,29 17x41
[PT] bx15 frame I
[PT] ds15 text A 21m
[PT] ds15 text I
[PT] bx16 frame A 711,32 17x43
[PT] bx16 frame I
[PT] ds16 text A 22m
[PT] ds16 text I
[PT] bx17 frame A 872,40 14x34
[PT] bx17 frame I
[PT] ds17 text A 33m
[PT] ds17 text I
[PT] bx18 frame A 613,5 16x40
[PT] bx18 frame I
[PT] ds18 text A 23m
[PT] ds18 text I
[PT] bx19 frame A 779,49 11x28
[PT] bx19 frame I
[PT] bx20 frame A 672,51 10x25
[PT] bx20 frame I
[PT] ds20 text A 37m
[PT] ds20 text I
[PT] bx21 frame A 608,30 15x36
[PT] bx21 frame I
[PT] ds21 text A 24m
[PT] ds21 text I
[PT] bx22 frame A 782,36 25x64
[PT] bx22 frame I
[PT] ds22 text A 15m
[PT] ds22 text I
[PT] bx23 frame A 604,32 16x39
[PT] bx23 frame I
[PT] nm23 text A Player
[PT] nm23 text I
[PT] ds23 text A 22m
[PT] ds23 text I
[PT] bx24 frame A 837,74 8x21
[PT] bx24 frame I
[PT] nm24 text A BOT
[PT] nm24 text I
[PT] ds24 text A 51m
[PT] ds24 text I
[PT] bx25 frame A 666,46 10x25
[PT] bx25 frame I
[PT] bx25 show A
[PT] nm25 show A
[PT] ds25 text A 37m
[PT] ds25 text I
[PT] ds25 show A
[PT] tick 134 enemies=50
[PT] bx0 frame A 722,42 3x7
[PT] bx0 frame I
[PT] bx1 frame A 828,78 8x21
[PT] bx1 frame I
[PT] bx2 frame A 832,77 2x6
[PT] bx2 frame I
[PT] bx3 frame A 923,69 7x18
[PT] bx3 frame I
[PT] ds3 text A 65m
[PT] ds3 text I
[PT] bx4 frame A 900,69 7x18
[PT] bx4 frame I
[PT] ds4 text A 66m
[PT] ds4 text I
[PT] bx5 frame A 860,69 7x16
[PT] bx5 frame I
[PT] ds5 text A 68m
[PT] ds5 text I
[PT] bx6 frame A 852,69 6x15
[PT] bx6 frame I
[PT] ds6 text A 73m
[PT] ds6 text I
[PT] bx7 frame A 864,69 6x15
[PT] bx7 frame I
[PT] nm7 text A Player
[PT] nm7 text I
[PT] ds7 text A 75m
[PT] ds7 text I
[PT] bx8 frame A 701,108 64x161
[PT] bx8 frame I
[PT] nm8 text A BOT
[PT] nm8 text I
[PT] ds8 text A 4m
[PT] ds8 text I
[PT] bx9 frame A 717,41 17x41
[PT] bx9 frame I
[PT] ds9 text A 23m
[PT] ds9 text I
[PT] bx10 frame A 388,77 7x18
[PT] bx10 frame I
[PT] ds10 text A 48m
[PT] ds10 text I
[PT] bx11 frame A 699,74 6x16
[PT] bx11 frame I
[PT] ds11 text A 59m
[PT] ds11 text I
[PT] bx12 frame A 297,73 4x9
[PT] bx12 frame I
[PT] ds12 text A 104m
[PT] ds12 text I
[PT] bx13 frame A 735,49 3x6
[PT] bx13 frame I
[PT] ds13 text A 161m
[PT] ds13 text I
[PT] bx14 frame A 645,71 5x12
[PT] bx14 frame I
[PT] bx15 frame A 641,71 5x12
[PT] bx15 frame I
[PT] ds15 text A 78m
[PT] ds15 text I
[PT] bx16 frame A 617,33 16x41
[PT] bx16 frame I
[PT] ds16 text A 21m
[PT] ds16 text I
[PT] bx17 frame A 704,36 17x42
[PT] bx17 frame I
[PT] ds17 text A 22m
[PT] ds17 text I
[PT] bx18 frame A 863,45 13x33
[PT] bx18 frame I
[PT] ds18 text A 33m
[PT] ds18 text I
[PT] bx19 frame A 606,10 16x39
[PT] bx19 frame I
[PT] ds19 text A 23m
[PT] ds19 text I
[PT] bx20 frame A 771,54 11x27
[PT] bx20 frame I
[PT] bx21 frame A 669,56 10x25
[PT] bx21 frame I
[PT] ds21 text A 37m
[PT] ds21 text I
[PT] bx22 frame A 602,34 14x36
[PT] bx22 frame I
[PT] ds22 text A 24m
[PT] ds22 text I
[PT] bx23 frame A 774,40 25x63
[PT] bx23 frame I
[PT] ds23 text A 15m
[PT] ds23 text I
[PT] bx24 frame A 598,37 16x39
[PT] bx24 frame I
[PT] nm24 text A Player
[PT] nm24 text I
[PT] ds24 text A 22m
[PT] ds24 text I
[PT] bx25 frame A 828,78 8x21
[PT] bx25 frame I
[PT] nm25 text A BOT
[PT] nm25 text I
[PT] ds25 text A 51m
[PT] ds25 text I
[PT] bx26 frame A 660,51 10x25
[PT] bx26 frame I
[PT] bx26 show A
[PT] nm26 show A
[PT] ds26 text A 37m
[PT] ds26 text I
[PT] ds26 show A
[PT] tick 135 enemies=50
[PT] bx0 frame A 722,45 3x7
[PT] bx0 frame I
[PT] bx1 frame A 828,81 8x21
[PT] bx1 frame I
[PT] bx2 frame A 832,80 2x6
[PT] bx2 frame I
[PT] bx3 frame A 923,72 7x18
[PT] bx3 frame I
[PT] bx4 frame A 900,72 7x18
[PT] bx4 frame I
[PT] bx5 frame A 860,72 7x16
[PT] bx5 frame I
[PT] bx6 frame A 852,72 6x15
[PT] bx6 frame I
[PT] bx7 frame A 864,72 6x15
[PT] bx7 frame I
[PT] bx8 frame A 683,113 69x173
[PT] bx8 frame I
[PT] ds8 text A 3m
[PT] ds8 text I
[PT] bx9 frame A 717,43 17x41
[PT] bx9 frame I
[PT] bx10 frame A 388,80 7x18
[PT] bx10 frame I
[PT] bx11 frame A 699,77 6x16
[PT] bx11 frame I
[PT] bx12 frame A 298,76 4x9
[PT] bx12 frame I
[PT] bx13 frame A 735,52 3x6
[PT] bx13 frame I
[PT] bx14 frame A 645,74 5x12
[PT] bx14 frame I
[PT] bx15 frame A 641,74 5x12
[PT] bx15 frame I
[PT] bx16 frame A 617,36 16x41
[PT] bx16 frame I
[PT] bx17 frame A 703,39 17x42
[PT] bx17 frame I
[PT] bx18 frame A 862,48 13x33
[PT] bx18 frame I
[PT] bx19 frame A 605,15 16x39
[PT] bx19 frame I
[PT] bx20 frame A 771,56 11x27
[PT] bx20 frame I
[PT] bx21 frame A 674,58 10x25
[PT] bx21 frame I
[PT] bx22 frame A 602,37 14x36
[PT] bx22 frame I
[PT] bx23 frame A 774,43 25x63
[PT] bx23 frame I
[PT] bx24 frame A 598,39 15x39
[PT] bx24 frame I
[PT] bx25 frame A 828,81 8x21
[PT] bx25 frame I
[PT] bx26 frame A 660,54 10x25
[PT] bx26 frame I
[PT] tick 136 enemies=50
[PT] bx0 frame A 722,44 3x7
[PT] bx0 frame I
[PT] bx2 frame A 832,79 2x6
[PT] bx2 frame I
[PT] bx8 frame A 717,43 17x41
[PT] bx8 frame I
[PT] nm8 text A Player
[PT] nm8 text I
[PT] ds8 text A 23m
[PT] ds8 text I
[PT] bx9 frame A 388,79 7x18
[PT] bx9 frame I
[PT] ds9 text A 48m
[PT] ds9 text I
[PT] bx10 frame A 700,76 6x16
[PT] bx10 frame I
[PT] ds10 text A 59m
[PT] ds10 text I
[PT] bx11 frame A 297,75 4x9
[PT] bx11 frame I
[PT] ds11 text A 104m
[PT] ds11 text I
[PT] bx12 frame A 735,51 3x6
[PT] bx12 frame I
[PT] ds12 text A 161m
[PT] ds12 text I
[PT] bx13 frame A 645,73 5x12
[PT] bx13 frame I
[PT] ds13 text A 78m
[PT] ds13 text I
[PT] bx14 frame A 641,73 5x12
[PT] bx14 frame I
[PT] bx15 frame A 617,35 16x41
[PT] bx15 frame I
[PT] ds15 text A 21m
[PT] ds15 text I
[PT] bx16 frame A 704,38 17x42
[PT] bx16 frame I
[PT] ds16 text A 22m
[PT] ds16 text I
[PT] bx17 frame A 863,47 13x33
[PT] bx17 frame I
[PT] ds17 text A 33m
[PT] ds17 text I
[PT] bx18 frame A 605,17 15x39
[PT] bx18 frame I
[PT] ds18 text A 23m
[PT] ds18 text I
[PT] bx19 frame A 771,55 11x27
[PT] bx19 frame I
[PT] ds19 text A 37m
[PT] ds19 text I
[PT] bx20 frame A 677,57 10x25
[PT] bx20 frame I
[PT] bx21 frame A 602,36 14x36
[PT] bx21 frame I
[PT] ds21 text A 24m
[PT] ds21 text I
[PT] bx22 frame A 774,42 25x63
[PT] bx22 frame I
[PT] ds22 text A 15m
[PT] ds22 text I
[PT] bx23 frame A 598,38 16x39
[PT] bx23 frame I
[PT] ds23 text A 22m
[PT] ds23 text I
[PT] bx24 frame A 828,80 8x21
[PT] bx24 frame I
[PT] nm24 text A BOT
[PT] nm24 text I
[PT] ds24 text A 51m
[PT] ds24 text I
[PT] bx25 frame A 660,53 10x25
[PT] bx25 frame I
[PT] nm25 text A Player
[PT] nm25 text I
[PT] ds25 text A 37m
[PT] ds25 text I
[PT] bx26 hide A
[PT] nm26 hide A
[PT] ds26 hide A
[PT] tick 137 enemies=50
[PT] bx0 frame A 722,43 3x7
[PT] bx0 frame I
[PT] bx1 frame A 828,79 8x21
[PT] bx1 frame I
[PT] bx2 frame A 832,77 2x6
[PT] bx2 frame I
[PT] bx3 frame A 923,69 7x18
[PT] bx3 frame I
[PT] bx4 frame A 900,69 7x18
[PT] bx4 frame I
[PT] bx5 frame A 860,69 7x16
[PT] bx5 frame I
[PT] bx6 frame A 852,69 6x15
[PT] bx6 frame I
[PT] bx7 frame A 864,69 6x15
[PT] bx7 frame I
[PT] bx8 frame A 717,41 17x41
[PT] bx8 frame I
[PT] bx9 frame A 388,78 7x18
[PT] bx9 frame I
[PT] bx10 frame A 700,75 6x16
[PT] bx10 frame I
[PT] bx11 frame A 297,74 4x9
[PT] bx11 frame I
[PT] bx12 frame A 736,49 3x6
[PT] bx12 frame I
[PT] bx13 frame A 645,72 5x12
[PT] bx13 frame I
[PT] bx14 frame A 640,72 5x12
[PT] bx14 frame I
[PT] bx15 frame A 617,34 16x41
[PT] bx15 frame I
[PT] bx16 frame A 704,37 17x42
[PT] bx16 frame I
[PT] bx17 frame A 863,45 13x33
[PT] bx17 frame I
[PT] bx18 frame A 603,22 15x38
[PT] bx18 frame I
[PT] bx19 frame A 772,54 11x27
[PT] bx19 frame I
[PT] bx20 frame A 681,56 10x25
[PT] bx20 frame I
[PT] bx21 frame A 602,35 14x36
[PT] bx21 frame I
[PT] bx22 frame A 774,41 25x63
[PT] bx22 frame I
[PT] bx23 frame A 598,37 16x39
[PT] bx23 frame I
[PT] bx24 frame A 828,79 8x21
[PT] bx24 frame I
[PT] bx25 frame A 660,51 10x25
[PT] bx25 frame I
[PT] tick 138 enemies=50
[PT] bx0 frame A 721,44 3x7
[PT] bx0 frame I
[PT] bx1 frame A 827,80 8x21
[PT] bx1 frame I
[PT] bx2 frame A 831,79 2x6
[PT] bx2 frame I
[PT] bx3 frame A 922,71 7x18
[PT] bx3 frame I
[PT] bx4 frame A 899,71 7x18
[PT] bx4 frame I
[PT] bx5 frame A 859,71 7x16
[PT] bx5 frame I
[PT] bx6 frame A 851,71 6x15
[PT] bx6 frame I
[PT] bx7 frame A 863,71 6x15
[PT] bx7 frame I
[PT] bx8 frame A 717,43 17x41
[PT] bx8 frame I
[PT] bx9 frame A 388,79 7x18
[PT] bx9 frame I
[PT] bx10 frame A 699,77 6x16
[PT] bx10 frame I
[PT] bx11 frame A 297,75 4x9
[PT] bx11 frame I
[PT] bx12 frame A 735,51 3x6
[PT] bx12 frame I
[PT] bx13 frame A 645,73 5x12
[PT] bx13 frame I
[PT] bx14 frame A 640,73 5x12
[PT] bx14 frame I
[PT] bx15 frame A 617,36 16x41
[PT] bx15 frame I
[PT] bx16 frame A 703,39 17x42
[PT] bx16 frame I
[PT] bx17 frame A 862,47 13x33
[PT] bx17 frame I
[PT] bx18 frame A 602,29 15x38
[PT] bx18 frame I
[PT] bx19 frame A 771,56 11x27
[PT] bx19 frame I
[PT] bx20 frame A 683,57 10x25
[PT] bx20 frame I
[PT] bx21 frame A 601,37 14x36
[PT] bx21 frame I
[PT] bx22 frame A 773,42 25x63
[PT] bx22 frame I
[PT] bx23 frame A 598,39 15x39
[PT] bx23 frame I
[PT] bx24 frame A 827,80 8x21
[PT] bx24 frame I
[PT] bx25 frame A 659,53 10x25
[PT] bx25 frame I
[PT] tick 139 enemies=50
[PT] bx0 frame A 703,45 3x7
[PT] bx0 frame I
[PT] bx1 frame A 806,80 8x20
[PT] bx1 frame I
[PT] bx2 frame A 809,79 2x6
[PT] bx2 frame I
[PT] bx3 frame A 920,71 7x18
[PT] bx3 frame I
[PT] ds3 text A 64m
[PT] ds3 text I
[PT] bx4 frame A 896,71 7x18
[PT] bx4 frame I
[PT] ds4 text A 65m
[PT] ds4 text I
[PT] bx5 frame A 875,71 7x17
[PT] bx5 frame I
[PT] ds5 text A 66m
[PT] ds5 text I
[PT] bx6 frame A 836,71 6x16
[PT] bx6 frame I
[PT] ds6 text A 68m
[PT] ds6 text I
[PT] bx7 frame A 829,71 6x15
[PT] bx7 frame I
[PT] ds7 text A 73m
[PT] ds7 text I
[PT] bx8 frame A 840,71 6x15
[PT] bx8 frame I
[PT] ds8 text A 75m
[PT] ds8 text I
[PT] bx9 frame A 700,43 16x41
[PT] bx9 frame I
[PT] ds9 text A 23m
[PT] ds9 text I
[PT] bx10 frame A 374,79 7x18
[PT] bx10 frame I
[PT] ds10 text A 48m
[PT] ds10 text I
[PT] bx11 frame A 682,76 6x16
[PT] bx11 frame I
[PT] ds11 text A 59m
[PT] ds11 text I
[PT] bx12 frame A 281,75 4x9
[PT] bx12 frame I
[PT] ds12 text A 104m
[PT] ds12 text I
[PT] bx13 frame A 716,51 2x6
[PT] bx13 frame I
[PT] ds13 text A 161m
[PT] ds13 text I
[PT] bx14 frame A 629,73 5x12
[PT] bx14 frame I
[PT] bx15 frame A 625,73 5x12
[PT] bx15 frame I
[PT] ds15 text A 78m
[PT] ds15 text I
[PT] bx16 frame A 602,36 16x40
[PT] bx16 frame I
[PT] ds16 text A 21m
[PT] ds16 text I
[PT] bx17 frame A 687,39 17x42
[PT] bx17 frame I
[PT] ds17 text A 22m
[PT] ds17 text I
[PT] bx18 frame A 839,47 13x32
[PT] bx18 frame I
[PT] ds18 text A 33m
[PT] ds18 text I
[PT] bx19 frame A 586,35 15x37
[PT] bx19 frame I
[PT] ds19 text A 23m
[PT] ds19 text I
[PT] bx20 frame A 752,56 11x27
[PT] bx20 frame I
[PT] bx21 frame A 670,57 10x25
[PT] bx21 frame I
[PT] ds21 text A 37m
[PT] ds21 text I
[PT] bx22 frame A 587,37 14x36
[PT] bx22 frame I
[PT] ds22 text A 24m
[PT] ds22 text I
[PT] bx23 frame A 755,42 25x62
[PT] bx23 frame I
[PT] ds23 text A 15m
[PT] ds23 text I
[PT] bx24 frame A 583,39 15x38
[PT] bx24 frame I
[PT] nm24 text A Player
[PT] nm24 text I
[PT] ds24 text A 22m
[PT] ds24 text I
[PT] bx25 frame A 806,80 8x20
[PT] bx25 frame I
[PT] nm25 text A BOT
[PT] nm25 text I
[PT] ds25 text A 51m
[PT] ds25 text I
[PT] bx26 frame A 644,53 10x25
[PT] bx26 frame I
[PT] bx26 show A
[PT] nm26 show A
[PT] ds26 show A
[PT] tick 140 enemies=50
[PT] bx0 frame A 503,69 2x6
[PT] bx0 frame I
[PT] bx1 frame A 587,98 7x17
[PT] bx1 frame I
[PT] bx2 frame A 584,98 2x5
[PT] bx2 frame I
[PT] bx3 frame A 659,91 6x14
[PT] bx3 frame I
[PT] bx4 frame A 644,91 6x14
[PT] bx4 frame I
[PT] bx5 frame A 631,91 5x13
[PT] bx5 frame I
[PT] bx6 frame A 605,91 5x13
[PT] bx6 frame I
[PT] bx7 frame A 600,91 5x12
[PT] bx7 frame I
[PT] bx8 frame A 607,91 5x12
[PT] bx8 frame I
[PT] bx9 frame A 912,106 15x37
[PT] bx9 frame I
[PT] ds9 text A 29m
[PT] ds9 text I
[PT] bx10 frame A 512,66 14x36
[PT] bx10 frame I
[PT] ds10 text A 23m
[PT] ds10 text I
[PT] bx11 frame A 174,100 8x20
[PT] bx11 frame I
[PT] ds11 text A 48m
[PT] ds11 text I
[PT] bx12 frame A 492,96 6x14
[PT] bx12 frame I
[PT] ds12 text A 59m
[PT] ds12 text I
[PT] bx13 frame A 35,96 4x11
[PT] bx13 frame I
[PT] ds13 text A 104m
[PT] ds13 text I
[PT] bx14 frame A 513,74 2x5
[PT] bx14 frame I
[PT] ds14 text A 161m
[PT] ds14 text I
[PT] bx15 frame A 445,93 4x11
[PT] bx15 frame I
[PT] bx16 frame A 441,93 4x11
[PT] bx16 frame I
[PT] ds16 text A 78m
[PT] ds16 text I
[PT] bx17 frame A 429,57 15x38
[PT] bx17 frame I
[PT] ds17 text A 21m
[PT] ds17 text I
[PT] bx18 frame A 502,62 15x37
[PT] bx18 frame I
[PT] ds18 text A 22m
[PT] ds18 text I
[PT] bx19 frame A 610,72 10x26
[PT] bx19 frame I
[PT] ds19 text A 33m
[PT] ds19 text I
[PT] bx20 frame A 413,47 14x36
[PT] bx20 frame I
[PT] ds20 text A 23m
[PT] ds20 text I
[PT] bx21 frame A 548,78 9x23
[PT] bx21 frame I
[PT] bx22 frame A 486,79 9x22
[PT] bx22 frame I
[PT] ds22 text A 37m
[PT] ds22 text I
[PT] bx23 frame A 413,58 13x34
[PT] bx23 frame I
[PT] ds23 text A 24m
[PT] ds23 text I
[PT] bx24 frame A 562,65 21x52
[PT] bx24 frame I
[PT] ds24 text A 15m
[PT] ds24 text I
[PT] bx25 frame A 411,60 15x36
[PT] bx25 frame I
[PT] nm25 text A Player
[PT] nm25 text I
[PT] ds25 text A 22m
[PT] ds25 text I
[PT] bx26 frame A 675,92 5x13
[PT] bx26 frame I
[PT] ds26 text A 73m
[PT] ds26 text I
[PT] bx27 frame A 587,98 7x17
[PT] bx27 frame I
[PT] bx27 show A
[PT] nm27 show A
[PT] ds27 text A 51m
[PT] ds27 text I
[PT] ds27 show A
[PT] bx28 frame A 901,88 8x21
[PT] bx28 frame I
[PT] bx28 show A
[PT] nm28 show A
[PT] ds28 text A 54m
[PT] ds28 text I
[PT] ds28 show A
[PT] bx29 frame A 461,74 9x23
[PT] bx29 frame I
[PT] bx29 show A
[PT] nm29 show A
[PT] ds29 text A 37m
[PT] ds29 text I
[PT] ds29 show A
[PT] tick 141 enemies=50
[PT] bx0 frame A 360,97 2x6
[PT] bx0 frame I
[PT] bx1 frame A 448,125 6x16
[PT] bx1 frame I
[PT] bx2 frame A 441,126 2x5
[PT] bx2 frame I
[PT] bx3 frame A 510,119 5x13
[PT] bx3 frame I
[PT] bx4 frame A 497,119 5x13
[PT] bx4 frame I
[PT] bx5 frame A 485,119 5x12
[PT] bx5 frame I
[PT] bx6 frame A 463,119 5x12
[PT] bx6 frame I
[PT] bx7 frame A 457,119 4x11
[PT] bx7 frame I
[PT] bx8 frame A 464,119 4x11
[PT] bx8 frame I
[PT] bx9 frame A 705,130 12x30
[PT] bx9 frame I
[PT] bx10 frame A 380,92 14x35
[PT] bx10 frame I
[PT] bx11 frame A 354,123 6x14
[PT] bx11 frame I
[PT] ds11 text A 59m
[PT] ds11 text I
[PT] bx12 frame A 371,103 2x5
[PT] bx12 frame I
[PT] ds12 text A 161m
[PT] ds12 text I
[PT] bx13 frame A 839,107 7x17
[PT] bx13 frame I
[PT] ds13 text A 63m
[PT] ds13 text I
[PT] bx14 frame A 302,121 4x11
[PT] bx14 frame I
[PT] ds14 text A 78m
[PT] ds14 text I
[PT] bx15 frame A 298,121 4x11
[PT] bx15 frame I
[PT] bx16 frame A 293,82 16x39
[PT] bx16 frame I
[PT] ds16 text A 21m
[PT] ds16 text I
[PT] bx17 frame A 370,88 14x36
[PT] bx17 frame I
[PT] ds17 text A 22m
[PT] ds17 text I
[PT] bx18 frame A 470,100 10x24
[PT] bx18 frame I
[PT] ds18 text A 33m
[PT] ds18 text I
[PT] bx19 frame A 273,65 15x37
[PT] bx19 frame I
[PT] ds19 text A 23m
[PT] ds19 text I
[PT] bx20 frame A 412,105 9x22
[PT] bx20 frame I
[PT] ds20 text A 37m
[PT] ds20 text I
[PT] bx21 frame A 349,106 9x22
[PT] bx21 frame I
[PT] bx22 frame A 274,82 14x35
[PT] bx22 frame I
[PT] ds22 text A 24m
[PT] ds22 text I
[PT] bx23 frame A 434,92 20x49
[PT] bx23 frame I
[PT] ds23 text A 15m
[PT] ds23 text I
[PT] bx24 frame A 273,84 15x38
[PT] bx24 frame I
[PT] ds24 text A 22m
[PT] ds24 text I
[PT] bx25 frame A 796,118 6x15
[PT] bx25 frame I
[PT] ds25 text A 69m
[PT] ds25 text I
[PT] bx26 frame A 523,120 4x11
[PT] bx26 frame I
[PT] bx27 frame A 448,125 6x16
[PT] bx27 frame I
[PT] bx28 frame A 736,127 9x23
[PT] bx28 frame I
[PT] ds28 text A 41m
[PT] ds28 text I
[PT] bx29 frame A 692,116 7x17
[PT] bx29 frame I
[PT] ds29 text A 54m
[PT] ds29 text I
[PT] bx30 frame A 853,98 6x14
[PT] bx30 frame I
[PT] bx30 show A
[PT] nm30 text A Player
[PT] nm30 text I
[PT] nm30 show A
[PT] ds30 text A 78m
[PT] ds30 text I
[PT] ds30 show A
[PT] bx31 frame A 323,101 9x23
[PT] bx31 frame I
[PT] bx31 show A
[PT] nm31 show A
[PT] ds31 text A 37m
[PT] ds31 text I
[PT] ds31 show A
[PT] tick 142 enemies=50
[PT] bx0 frame A 351,107 2x6
[PT] bx0 frame I
[PT] bx1 frame A 439,135 6x16
[PT] bx1 frame I
[PT] bx2 frame A 432,136 2x5
[PT] bx2 frame I
[PT] bx3 frame A 501,129 5x13
[PT] bx3 frame I
[PT] bx4 frame A 488,129 5x12
[PT] bx4 frame I
[PT] bx5 frame A 476,129 5x12
[PT] bx5 frame I
[PT] bx6 frame A 453,129 5x12
[PT] bx6 frame I
[PT] bx7 frame A 448,129 4x11
[PT] bx7 frame I
[PT] bx8 frame A 455,129 4x11
[PT] bx8 frame I
[PT] bx9 frame A 693,139 12x30
[PT] bx9 frame I
[PT] bx10 frame A 371,102 14x35
[PT] bx10 frame I
[PT] bx11 frame A 345,134 6x14
[PT] bx11 frame I
[PT] ds11 text A 58m
[PT] ds11 text I
[PT] bx12 frame A 362,113 2x5
[PT] bx12 frame I
[PT] bx13 frame A 49,-5 3x7
[PT] bx13 frame I
[PT] ds13 text A 175m
[PT] ds13 text I
[PT] bx14 frame A 830,119 7x16
[PT] bx14 frame I
[PT] ds14 text A 63m
[PT] ds14 text I
[PT] bx15 frame A 293,131 4x11
[PT] bx15 frame I
[PT] bx16 frame A 289,131 4x11
[PT] bx16 frame I
[PT] ds16 text A 78m
[PT] ds16 text I
[PT] bx17 frame A 282,91 16x39
[PT] bx17 frame I
[PT] ds17 text A 21m
[PT] ds17 text I
[PT] bx18 frame A 360,98 14x36
[PT] bx18 frame I
[PT] ds18 text A 22m
[PT] ds18 text I
[PT] bx19 frame A 461,110 10x24
[PT] bx19 frame I
[PT] ds19 text A 33m
[PT] ds19 text I
[PT] bx20 frame A 261,69 15x37
[PT] bx20 frame I
[PT] ds20 text A 23m
[PT] ds20 text I
[PT] bx21 frame A 402,115 9x22
[PT] bx21 frame I
[PT] bx22 frame A 340,115 9x22
[PT] bx22 frame I
[PT] ds22 text A 37m
[PT] ds22 text I
[PT] bx23 frame A 263,92 14x35
[PT] bx23 frame I
[PT] ds23 text A 24m
[PT] ds23 text I
[PT] bx24 frame A 424,101 20x49
[PT] bx24 frame I
[PT] ds24 text A 15m
[PT] ds24 text I
[PT] bx25 frame A 262,93 15x38
[PT] bx25 frame I
[PT] ds25 text A 22m
[PT] ds25 text I
[PT] bx26 frame A 782,128 6x14
[PT] bx26 frame I
[PT] ds26 text A 68m
[PT] ds26 text I
[PT] bx27 frame A 514,130 4x11
[PT] bx27 frame I
[PT] nm27 text A Player
[PT] nm27 text I
[PT] ds27 text A 73m
[PT] ds27 text I
[PT] bx28 frame A 439,135 6x16
[PT] bx28 frame I
[PT] nm28 text A BOT
[PT] nm28 text I
[PT] ds28 text A 51m
[PT] ds28 text I
[PT] bx29 frame A 724,137 9x22
[PT] bx29 frame I
[PT] ds29 text A 41m
[PT] ds29 text I
[PT] bx30 frame A 680,126 7x16
[PT] bx30 frame I
[PT] ds30 text A 54m
[PT] ds30 text I
[PT] bx31 frame A 831,113 5x13
[PT] bx31 frame I
[PT] ds31 text A 78m
[PT] ds31 text I
[PT] bx32 frame A 313,111 9x23
[PT] bx32 frame I
[PT] bx32 show A
[PT] nm32 show A
[PT] ds32 text A 36m
[PT] ds32 text I
[PT] ds32 show A
[PT] tick 143 enemies=50
[PT] bx0 frame A 326,106 2x6
[PT] bx0 frame I
[PT] ds0 text A 148m
[PT] ds0 text I
[PT] bx1 frame A 414,135 6x16
[PT] bx1 frame I
[PT] bx2 frame A 410,136 2x5
[PT] bx2 frame I
[PT] ds2 text A 182m
[PT] ds2 text I
[PT] bx3 frame A 477,128 5x13
[PT] bx3 frame I
[PT] ds3 text A 63m
[PT] ds3 text I
[PT] bx4 frame A 464,128 5x13
[PT] bx4 frame I
[PT] ds4 text A 64m
[PT] ds4 text I
[PT] bx5 frame A 452,128 5x12
[PT] bx5 frame I
[PT] ds5 text A 65m
[PT] ds5 text I
[PT] bx6 frame A 429,128 5x12
[PT] bx6 frame I
[PT] ds6 text A 67m
[PT] ds6 text I
[PT] bx7 frame A 424,129 4x11
[PT] bx7 frame I
[PT] bx8 frame A 431,129 4x11
[PT] bx8 frame I
[PT] ds8 text A 74m
[PT] ds8 text I
[PT] bx9 frame A 665,139 12x30
[PT] bx9 frame I
[PT] ds9 text A 28m
[PT] ds9 text I
[PT] bx10 frame A 338,100 14x36
[PT] bx10 frame I
[PT] ds10 text A 22m
[PT] ds10 text I
[PT] bx11 frame A 317,133 6x14
[PT] bx11 frame I
[PT] bx12 frame A 338,112 2x5
[PT] bx12 frame I
[PT] bx13 frame A 803,120 6x16
[PT] bx13 frame I
[PT] ds13 text A 63m
[PT] ds13 text I
[PT] bx14 frame A 264,130 5x11
[PT] bx14 frame I
[PT] ds14 text A 78m
[PT] ds14 text I
[PT] bx15 frame A 260,130 5x11
[PT] bx15 frame I
[PT] bx16 frame A 243,88 16x41
[PT] bx16 frame I
[PT] ds16 text A 21m
[PT] ds16 text I
[PT] bx17 frame A 326,96 15x38
[PT] bx17 frame I
[PT] bx18 frame A 434,109 10x24
[PT] bx18 frame I
[PT] ds18 text A 33m
[PT] ds18 text I
[PT] bx19 frame A 220,64 16x39
[PT] bx19 frame I
[PT] ds19 text A 23m
[PT] ds19 text I
[PT] bx20 frame A 375,114 9x22
[PT] bx20 frame I
[PT] ds20 text A 36m
[PT] ds20 text I
[PT] bx21 frame A 309,114 9x23
[PT] bx21 frame I
[PT] ds21 text A 36m
[PT] ds21 text I
[PT] bx22 frame A 223,89 15x37
[PT] bx22 frame I
[PT] ds22 text A 24m
[PT] ds22 text I
[PT] bx23 frame A 389,99 21x51
[PT] bx23 frame I
[PT] ds23 text A 14m
[PT] ds23 text I
[PT] bx24 frame A 221,91 16x40
[PT] bx24 frame I
[PT] ds24 text A 22m
[PT] ds24 text I
[PT] bx25 frame A 752,127 6x14
[PT] bx25 frame I
[PT] ds25 text A 68m
[PT] ds25 text I
[PT] bx26 frame A 490,130 4x11
[PT] bx26 frame I
[PT] ds26 text A 72m
[PT] ds26 text I
[PT] bx27 frame A 414,135 6x16
[PT] bx27 frame I
[PT] nm27 text A BOT
[PT] nm27 text I
[PT] ds27 text A 51m
[PT] ds27 text I
[PT] bx28 frame A 696,136 9x22
[PT] bx28 frame I
[PT] nm28 text A Player
[PT] nm28 text I
[PT] ds28 text A 40m
[PT] ds28 text I
[PT] bx29 frame A 654,126 7x16
[PT] bx29 frame I
[PT] ds29 text A 53m
[PT] ds29 text I
[PT] bx30 frame A 795,115 5x13
[PT] bx30 frame I
[PT] ds30 text A 77m
[PT] ds30 text I
[PT] bx31 frame A 281,110 9x24
[PT] bx31 frame I
[PT] ds31 text A 36m
[PT] ds31 text I
[PT] bx32 hide A
[PT] nm32 hide A
[PT] ds32 hide A
[PT] tick 144 enemies=49
[PT] bx0 frame A 316,102 2x6
[PT] bx0 frame I
[PT] bx1 frame A 402,131 6x16
[PT] bx1 frame I
[PT] ds1 text A 50m
[PT] ds1 text I
[PT] bx2 frame A 924,77 15x37
[PT] bx2 frame I
[PT] nm2 text A Player
[PT] nm2 text I
[PT] ds2 text A 31m
[PT] ds2 text I
[PT] bx3 frame A 401,132 2x5
[PT] bx3 frame I
[PT] nm3 text A BOT
[PT] nm3 text I
[PT] ds3 text A 182m
[PT] ds3 text I
[PT] bx4 frame A 466,125 5x13
[PT] bx4 frame I
[PT] ds4 text A 63m
[PT] ds4 text I
[PT] bx5 frame A 454,125 5x13
[PT] bx5 frame I
[PT] ds5 text A 64m
[PT] ds5 text I
[PT] bx6 frame A 442,125 5x13
[PT] bx6 frame I
[PT] ds6 text A 65m
[PT] ds6 text I
[PT] bx7 frame A 419,125 5x12
[PT] bx7 frame I
[PT] ds7 text A 67m
[PT] ds7 text I
[PT] bx8 frame A 414,125 5x11
[PT] bx8 frame I
[PT] ds8 text A 72m
[PT] ds8 text I
[PT] bx9 frame A 421,125 4x11
[PT] bx9 frame I
[PT] ds9 text A 74m
[PT] ds9 text I
[PT] bx10 frame A 654,135 12x30
[PT] bx10 frame I
[PT] ds10 text A 28m
[PT] ds10 text I
[PT] bx11 frame A 317,96 15x37
[PT] bx11 frame I
[PT] ds11 text A 22m
[PT] ds11 text I
[PT] bx12 frame A 304,129 6x15
[PT] bx12 frame I
[PT] ds12 text A 58m
[PT] ds12 text I
[PT] bx13 frame A 798,117 6x16
[PT] bx13 frame I
[PT] bx14 frame A 251,127 5x11
[PT] bx14 frame I
[PT] bx15 frame A 246,127 5x12
[PT] bx15 frame I
[PT] ds15 text A 77m
[PT] ds15 text I
[PT] bx16 frame A 216,83 17x43
[PT] bx16 frame I
[PT] bx17 frame A 304,91 16x39
[PT] bx17 frame I
[PT] bx18 frame A 419,105 10x25
[PT] bx18 frame I
[PT] ds18 text A 32m
[PT] ds18 text I
[PT] bx19 frame A 192,60 16x41
[PT] bx19 frame I
[PT] bx20 frame A 360,110 9x23
[PT] bx20 frame I
[PT] bx21 frame A 292,110 9x23
[PT] bx21 frame I
[PT] bx22 frame A 198,84 15x38
[PT] bx22 frame I
[PT] bx23 frame A 365,94 21x54
[PT] bx23 frame I
[PT] bx24 frame A 194,86 17x42
[PT] bx24 frame I
[PT] bx25 frame A 742,123 6x14
[PT] bx25 frame I
[PT] ds25 text A 67m
[PT] ds25 text I
[PT] bx26 frame A 480,126 5x11
[PT] bx26 frame I
[PT] bx27 frame A 402,131 6x16
[PT] bx27 frame I
[PT] ds27 text A 50m
[PT] ds27 text I
[PT] bx28 frame A 685,133 9x22
[PT] bx28 frame I
[PT] ds28 text A 39m
[PT] ds28 text I
[PT] bx29 frame A 643,122 7x16
[PT] bx29 frame I
[PT] ds29 text A 52m
[PT] ds29 text I
[PT] bx30 frame A 782,114 5x13
[PT] bx30 frame I
[PT] ds30 text A 76m
[PT] ds30 text I
[PT] bx31 frame A 263,105 10x24
[PT] bx31 frame I
[PT] tick 145 enemies=49
[PT] bx0 frame A 315,98 2x6
[PT] bx0 frame I
[PT] bx1 frame A 398,127 6x16
[PT] bx1 frame I
[PT] bx2 frame A 401,128 2x5
[PT] bx2 frame I
[PT] nm2 text A BOT
[PT] nm2 text I
[PT] ds2 text A 181m
[PT] ds2 text I
[PT] bx3 frame A 464,120 5x13
[PT] bx3 frame I
[PT] nm3 text A Player
[PT] nm3 text I
[PT] ds3 text A 62m
[PT] ds3 text I
[PT] bx4 frame A 451,121 5x13
[PT] bx4 frame I
[PT] bx5 frame A 439,121 5x13
[PT] bx5 frame I
[PT] bx6 frame A 416,121 5x12
[PT] bx6 frame I
[PT] ds6 text A 66m
[PT] ds6 text I
[PT] bx7 frame A 411,121 5x11
[PT] bx7 frame I
[PT] ds7 text A 72m
[PT] ds7 text I
[PT] bx8 frame A 419,121 4x11
[PT] bx8 frame I
[PT] ds8 text A 73m
[PT] ds8 text I
[PT] bx9 frame A 650,131 12x31
[PT] bx9 frame I
[PT] ds9 text A 27m
[PT] ds9 text I
[PT] bx10 frame A 305,91 15x38
[PT] bx10 frame I
[PT] ds10 text A 21m
[PT] ds10 text I
[PT] bx11 frame A 300,125 6x15
[PT] bx11 frame I
[PT] ds11 text A 57m
[PT] ds11 text I
[PT] bx12 frame A 797,113 6x16
[PT] bx12 frame I
[PT] ds12 text A 62m
[PT] ds12 text I
[PT] bx13 frame A 247,123 5x12
[PT] bx13 frame I
[PT] ds13 text A 77m
[PT] ds13 text I
[PT] bx14 frame A 243,123 5x12
[PT] bx14 frame I
[PT] ds14 text A 77m
[PT] ds14 text I
[PT] bx15 frame A 199,78 18x44
[PT] bx15 frame I
[PT] ds15 text A 20m
[PT] ds15 text I
[PT] bx16 frame A 291,86 16x40
[PT] bx16 frame I
[PT] bx17 frame A 413,101 10x25
[PT] bx17 frame I
[PT] ds17 text A 32m
[PT] ds17 text I
[PT] bx18 frame A 176,58 17x42
[PT] bx18 frame I
[PT] ds18 text A 22m
[PT] ds18 text I
[PT] bx19 frame A 353,106 9x23
[PT] bx19 frame I
[PT] ds19 text A 36m
[PT] ds19 text I
[PT] bx20 frame A 285,106 10x24
[PT] bx20 frame I
[PT] bx21 frame A 183,79 16x39
[PT] bx21 frame I
[PT] ds21 text A 23m
[PT] ds21 text I
[PT] bx22 frame A 349,90 22x55
[PT] bx22 frame I
[PT] ds22 text A 14m
[PT] ds22 text I
[PT] bx23 frame A 177,81 17x43
[PT] bx23 frame I
[PT] ds23 text A 21m
[PT] ds23 text I
[PT] bx24 frame A 742,119 6x14
[PT] bx24 frame I
[PT] ds24 text A 66m
[PT] ds24 text I
[PT] bx25 frame A 478,122 5x11
[PT] bx25 frame I
[PT] ds25 text A 71m
[PT] ds25 text I
[PT] bx26 frame A 398,127 6x16
[PT] bx26 frame I
[PT] nm26 text A BOT
[PT] nm26 text I
[PT] ds26 text A 50m
[PT] ds26 text I
[PT] bx27 frame A 684,129 9x23
[PT] bx27 frame I
[PT] nm27 text A Player
[PT] nm27 text I
[PT] ds27 text A 39m
[PT] ds27 text I
[PT] bx28 frame A 642,118 7x17
[PT] bx28 frame I
[PT] ds28 text A 52m
[PT] ds28 text I
[PT] bx29 frame A 782,111 5x13
[PT] bx29 frame I
[PT] ds29 text A 75m
[PT] ds29 text I
[PT] bx30 frame A 255,101 10x25
[PT] bx30 frame I
[PT] ds30 text A 36m
[PT] ds30 text I
[PT] bx31 hide A
[PT] nm31 hide A
[PT] ds31 hide A
[PT] tick 146 enemies=49
[PT] bx0 frame A 311,92 2x6
[PT] bx0 frame I
[PT] ds0 text A 147m
[PT] ds0 text I
[PT] bx1 frame A 392,122 7x16
[PT] bx1 frame I
[PT] ds1 text A 49m
[PT] ds1 text I
[PT] bx2 frame A 398,122 2x5
[PT] bx2 frame I
[PT] bx3 frame A 459,115 5x13
[PT] bx3 frame I
[PT] bx4 frame A 447,115 5x13
[PT] bx4 frame I
[PT] bx5 frame A 435,115 5x13
[PT] bx5 frame I
[PT] bx6 frame A 411,115 5x12
[PT] bx6 frame I
[PT] bx7 frame A 407,115 5x12
[PT] bx7 frame I
[PT] ds7 text A 71m
[PT] ds7 text I
[PT] bx8 frame A 414,115 5x11
[PT] bx8 frame I
[PT] bx9 frame A 645,126 13x31
[PT] bx9 frame I
[PT] ds9 text A 26m
[PT] ds9 text I
[PT] bx10 frame A 288,85 16x39
[PT] bx10 frame I
[PT] bx11 frame A 293,120 6x15
[PT] bx11 frame I
[PT] bx12 frame A 796,108 7x16
[PT] bx12 frame I
[PT] ds12 text A 61m
[PT] ds12 text I
[PT] bx13 frame A 241,117 5x12
[PT] bx13 frame I
[PT] bx14 frame A 236,117 5x12
[PT] bx14 frame I
[PT] bx15 frame A 177,72 18x45
[PT] bx15 frame I
[PT] bx16 frame A 274,80 16x41
[PT] bx16 frame I
[PT] ds16 text A 20m
[PT] ds16 text I
[PT] bx17 frame A 404,95 10x26
[PT] bx17 frame I
[PT] ds17 text A 31m
[PT] ds17 text I
[PT] bx18 frame A 154,59 17x43
[PT] bx18 frame I
[PT] bx19 frame A 344,100 9x24
[PT] bx19 frame I
[PT] ds19 text A 35m
[PT] ds19 text I
[PT] bx20 frame A 274,100 10x24
[PT] bx20 frame I
[PT] ds20 text A 35m
[PT] ds20 text I
[PT] bx21 frame A 162,73 16x41
[PT] bx21 frame I
[PT] bx22 frame A 327,83 23x58
[PT] bx22 frame I
[PT] ds22 text A 13m
[PT] ds22 text I
[PT] bx23 frame A 154,74 18x44
[PT] bx23 frame I
[PT] bx24 frame A 747,114 6x15
[PT] bx24 frame I
[PT] bx25 frame A 475,116 5x12
[PT] bx25 frame I
[PT] bx26 frame A 392,122 7x16
[PT] bx26 frame I
[PT] ds26 text A 49m
[PT] ds26 text I
[PT] bx27 frame A 680,124 9x23
[PT] bx27 frame I
[PT] ds27 text A 38m
[PT] ds27 text I
[PT] bx28 frame A 639,112 7x17
[PT] bx28 frame I
[PT] ds28 text A 51m
[PT] ds28 text I
[PT] bx29 frame A 780,104 5x14
[PT] bx29 frame I
[PT] ds29 text A 73m
[PT] ds29 text I
[PT] bx30 frame A 243,95 10x25
[PT] bx30 frame I
[PT] ds30 text A 35m
[PT] ds30 text I
[PT] tick 147 enemies=49
[PT] bx0 frame A 306,84 2x6
[PT] bx0 frame I
[PT] bx1 frame A 384,115 7x17
[PT] bx1 frame I
[PT] bx2 frame A 926,58 16x39
[PT] bx2 frame I
[PT] nm2 text A Player
[PT] nm2 text I
[PT] ds2 text A 29m
[PT] ds2 text I
[PT] bx3 frame A 394,115 2x5
[PT] bx3 frame I
[PT] nm3 text A BOT
[PT] nm3 text I
[PT] ds3 text A 180m
[PT] ds3 text I
[PT] bx4 frame A 454,108 5x13
[PT] bx4 frame I
[PT] ds4 text A 61m
[PT] ds4 text I
[PT] bx5 frame A 441,108 5x13
[PT] bx5 frame I
[PT] ds5 text A 62m
[PT] ds5 text I
[PT] bx6 frame A 429,108 5x13
[PT] bx6 frame I
[PT] ds6 text A 63m
[PT] ds6 text I
[PT] bx7 frame A 405,108 5x13
[PT] bx7 frame I
[PT] ds7 text A 66m
[PT] ds7 text I
[PT] bx8 frame A 401,108 5x12
[PT] bx8 frame I
[PT] ds8 text A 71m
[PT] ds8 text I
[PT] bx9 frame A 408,108 5x11
[PT] bx9 frame I
[PT] ds9 text A 72m
[PT] ds9 text I
[PT] bx10 frame A 638,120 13x32
[PT] bx10 frame I
[PT] ds10 text A 26m
[PT] ds10 text I
[PT] bx11 frame A 273,77 16x41
[PT] bx11 frame I
[PT] ds11 text A 21m
[PT] ds11 text I
[PT] bx12 frame A 284,113 6x15
[PT] bx12 frame I
[PT] ds12 text A 57m
[PT] ds12 text I
[PT] bx13 frame A 792,100 7x17
[PT] bx13 frame I
[PT] ds13 text A 61m
[PT] ds13 text I
[PT] bx14 frame A 233,110 5x12
[PT] bx14 frame I
[PT] bx15 frame A 228,110 5x12
[PT] bx15 frame I
[PT] ds15 text A 77m
[PT] ds15 text I
[PT] bx16 frame A 156,64 19x47
[PT] bx16 frame I
[PT] bx17 frame A 257,72 17x42
[PT] bx17 frame I
[PT] ds17 text A 20m
[PT] ds17 text I
[PT] bx18 frame A 395,88 11x26
[PT] bx18 frame I
[PT] ds18 text A 31m
[PT] ds18 text I
[PT] bx19 frame A 134,61 18x44
[PT] bx19 frame I
[PT] ds19 text A 22m
[PT] ds19 text I
[PT] bx20 frame A 334,93 10x24
[PT] bx20 frame I
[PT] bx21 frame A 262,93 10x25
[PT] bx21 frame I
[PT] ds21 text A 35m
[PT] ds21 text I
[PT] bx22 frame A 142,65 17x42
[PT] bx22 frame I
[PT] ds22 text A 23m
[PT] ds22 text I
[PT] bx23 frame A 307,76 24x60
[PT] bx23 frame I
[PT] ds23 text A 13m
[PT] ds23 text I
[PT] bx24 frame A 133,66 18x46
[PT] bx24 frame I
[PT] ds24 text A 21m
[PT] ds24 text I
[PT] bx25 frame A 749,106 6x15
[PT] bx25 frame I
[PT] ds25 text A 65m
[PT] ds25 text I
[PT] bx26 frame A 469,109 5x12
[PT] bx26 frame I
[PT] nm26 text A Player
[PT] nm26 text I
[PT] ds26 text A 70m
[PT] ds26 text I
[PT] bx27 frame A 384,115 7x17
[PT] bx27 frame I
[PT] nm27 text A BOT
[PT] nm27 text I
[PT] ds27 text A 49m
[PT] ds27 text I
[PT] bx28 frame A 675,117 9x23
[PT] bx28 frame I
[PT] ds28 text A 37m
[PT] ds28 text I
[PT] bx29 frame A 634,105 7x17
[PT] bx29 frame I
[PT] ds29 text A 51m
[PT] ds29 text I
[PT] bx30 frame A 773,99 6x14
[PT] bx30 frame I
[PT] ds30 text A 72m
[PT] ds30 text I
[PT] bx31 frame A 231,88 10x26
[PT] bx31 frame I
[PT] bx31 show A
[PT] nm31 show A
[PT] ds31 text A 35m
[PT] ds31 text I
[PT] ds31 show A
[PT] tick 148 enemies=49
[PT] bx0 frame A 298,77 2x6
[PT] bx0 frame I
[PT] bx1 frame A 374,108 7x17
[PT] bx1 frame I
[PT] ds1 text A 48m
[PT] ds1 text I
[PT] bx2 frame A 920,50 16x41
[PT] bx2 frame I
[PT] bx3 frame A 388,108 2x5
[PT] bx3 frame I
[PT] bx4 frame A 446,100 5x14
[PT] bx4 frame I
[PT] bx5 frame A 433,100 5x13
[PT] bx5 frame I
[PT] bx6 frame A 420,101 5x13
[PT] bx6 frame I
[PT] bx7 frame A 397,101 5x13
[PT] bx7 frame I
[PT] ds7 text A 65m
[PT] ds7 text I
[PT] bx8 frame A 393,101 5x12
[PT] bx8 frame I
[PT] ds8 text A 70m
[PT] ds8 text I
[PT] bx9 frame A 400,101 5x12
[PT] bx9 frame I
[PT] bx10 frame A 628,113 13x33
[PT] bx10 frame I
[PT] ds10 text A 25m
[PT] ds10 text I
[PT] bx11 frame A 250,70 17x42
[PT] bx11 frame I
[PT] bx12 frame A 273,106 6x16
[PT] bx12 frame I
[PT] bx13 frame A 781,97 7x17
[PT] bx13 frame I
[PT] ds13 text A 60m
[PT] ds13 text I
[PT] bx14 frame A 222,103 5x12
[PT] bx14 frame I
[PT] bx15 frame A 217,103 5x12
[PT] bx15 frame I
[PT] ds15 text A 76m
[PT] ds15 text I
[PT] bx16 frame A 125,55 20x49
[PT] bx16 frame I
[PT] bx17 frame A 233,64 18x44
[PT] bx17 frame I
[PT] bx18 frame A 382,80 11x27
[PT] bx18 frame I
[PT] ds18 text A 30m
[PT] ds18 text I
[PT] bx19 frame A 103,54 18x46
[PT] bx19 frame I
[PT] bx20 frame A 320,86 10x25
[PT] bx20 frame I
[PT] ds20 text A 34m
[PT] ds20 text I
[PT] bx21 frame A 246,86 10x26
[PT] bx21 frame I
[PT] bx22 frame A 113,56 17x44
[PT] bx22 frame I
[PT] bx23 frame A 277,68 25x63
[PT] bx23 frame I
[PT] bx24 frame A 101,58 19x48
[PT] bx24 frame I
[PT] bx25 frame A 747,99 6x15
[PT] bx25 frame I
[PT] bx26 frame A 462,102 5x12
[PT] bx26 frame I
[PT] bx27 frame A 374,108 7x17
[PT] bx27 frame I
[PT] ds27 text A 48m
[PT] ds27 text I
[PT] bx28 frame A 667,110 10x24
[PT] bx28 frame I
[PT] bx29 frame A 627,98 7x17
[PT] bx29 frame I
[PT] ds29 text A 50m
[PT] ds29 text I
[PT] bx30 frame A 763,94 6x14
[PT] bx30 frame I
[PT] ds30 text A 71m
[PT] ds30 text I
[PT] bx31 frame A 213,80 11x27
[PT] bx31 frame I
[PT] tick 149 enemies=49
[PT] bx0 frame A 280,64 3x6
[PT] bx0 frame I
[PT] ds0 text A 146m
[PT] ds0 text I
[PT] bx1 frame A 348,97 7x18
[PT] bx1 frame I
[PT] bx2 frame A 904,38 17x43
[PT] bx2 frame I
[PT] ds2 text A 27m
[PT] ds2 text I
[PT] bx3 frame A 374,96 2x5
[PT] bx3 frame I
[PT] ds3 text A 179m
[PT] ds3 text I
[PT] bx4 frame A 426,89 6x14
[PT] bx4 frame I
[PT] ds4 text A 60m
[PT] ds4 text I
[PT] bx5 frame A 413,89 6x14
[PT] bx5 frame I
[PT] ds5 text A 61m
[PT] ds5 text I
[PT] bx6 frame A 400,89 5x14
[PT] bx6 frame I
[PT] ds6 text A 62m
[PT] ds6 text I
[PT] bx7 frame A 376,89 5x13
[PT] bx7 frame I
[PT] ds7 text A 64m
[PT] ds7 text I
[PT] bx8 frame A 372,89 5x12
[PT] bx8 frame I
[PT] bx9 frame A 381,89 5x12
[PT] bx9 frame I
[PT] ds9 text A 71m
[PT] ds9 text I
[PT] bx10 frame A 602,104 14x34
[PT] bx10 frame I
[PT] ds10 text A 24m
[PT] ds10 text I
[PT] bx11 frame A 187,58 18x46
[PT] bx11 frame I
[PT] ds11 text A 20m
[PT] ds11 text I
[PT] bx12 frame A 244,95 7x16
[PT] bx12 frame I
[PT] ds12 text A 56m
[PT] ds12 text I
[PT] bx13 frame A 760,88 6x15
[PT] bx13 frame I
[PT] ds13 text A 65m
[PT] ds13 text I
[PT] bx14 frame A 195,91 5x13
[PT] bx14 frame I
[PT] ds14 text A 76m
[PT] ds14 text I
[PT] bx15 frame A 189,91 5x13
[PT] bx15 frame I
[PT] bx16 frame A 166,52 19x48
[PT] bx16 frame I
[PT] bx17 frame A 347,69 11x29
[PT] bx17 frame I
[PT] ds17 text A 29m
[PT] ds17 text I
[PT] bx18 frame A 88,61 24x59
[PT] bx18 frame I
[PT] ds18 text A 17m
[PT] ds18 text I
[PT] bx19 frame A 349,78 10x26
[PT] bx19 frame I
[PT] ds19 text A 33m
[PT] ds19 text I
[PT] bx20 frame A 204,74 11x27
[PT] bx20 frame I
[PT] ds20 text A 35m
[PT] ds20 text I
[PT] bx21 frame A 54,59 19x48
[PT] bx21 frame I
[PT] ds21 text A 22m
[PT] ds21 text I
[PT] bx22 frame A 352,42 38x94
[PT] bx22 frame I
[PT] ds22 text A 8m
[PT] ds22 text I
[PT] bx23 frame A 104,60 26x65
[PT] bx23 frame I
[PT] ds23 text A 15m
[PT] ds23 text I
[PT] bx24 frame A 652,88 5x14
[PT] bx24 frame I
[PT] ds24 text A 67m
[PT] ds24 text I
[PT] bx25 frame A 444,90 5x12
[PT] bx25 frame I
[PT] ds25 text A 69m
[PT] ds25 text I
[PT] bx26 frame A 348,97 7x18
[PT] bx26 frame I
[PT] nm26 text A BOT
[PT] nm26 text I
[PT] ds26 text A 48m
[PT] ds26 text I
[PT] bx27 frame A 647,100 10x25
[PT] bx27 frame I
[PT] nm27 text A Player
[PT] nm27 text I
[PT] ds27 text A 35m
[PT] ds27 text I
[PT] bx28 frame A 629,87 7x18
[PT] bx28 frame I
[PT] ds28 text A 48m
[PT] ds28 text I
[PT] bx29 frame A 624,88 5x13
[PT] bx29 frame I
[PT] ds29 text A 66m
[PT] ds29 text I
[PT] bx30 frame A 167,69 11x28
[PT] bx30 frame I
[PT] ds30 text A 34m
[PT] ds30 text I
[PT] bx31 hide A
[PT] nm31 hide A
[PT] ds31 hide A
[PT] tick 150 enemies=49
[PT] bx0 frame A 665,144 2x6
[PT] bx0 frame I
[PT] ds0 text A 151m
[PT] ds0 text I
[PT] bx1 frame A 676,172 7x17
[PT] bx1 frame I
[PT] ds1 text A 52m
[PT] ds1 text I
[PT] bx2 frame A 773,174 2x5
[PT] bx2 frame I
[PT] nm2 text A BOT
[PT] nm2 text I
[PT] ds2 text A 183m
[PT] ds2 text I
[PT] bx3 frame A 785,165 6x15
[PT] bx3 frame I
[PT] nm3 text A Player
[PT] nm3 text I
[PT] ds3 text A 63m
[PT] ds3 text I
[PT] bx4 frame A 769,165 6x15
[PT] bx4 frame I
[PT] ds4 text A 64m
[PT] ds4 text I
[PT] bx5 frame A 755,165 6x14
[PT] bx5 frame I
[PT] ds5 text A 65m
[PT] ds5 text I
[PT] bx6 frame A 728,165 5x13
[PT] bx6 frame I
[PT] ds6 text A 68m
[PT] ds6 text I
[PT] bx7 frame A 729,165 5x13
[PT] bx7 frame I
[PT] ds7 text A 73m
[PT] ds7 text I
[PT] bx8 frame A 741,165 5x12
[PT] bx8 frame I
[PT] ds8 text A 75m
[PT] ds8 text I
[PT] bx9 frame A 899,176 17x42
[PT] bx9 frame I
[PT] ds9 text A 25m
[PT] ds9 text I
[PT] bx10 frame A 490,142 12x29
[PT] bx10 frame I
[PT] ds10 text A 26m
[PT] ds10 text I
[PT] bx11 frame A 320,171 6x15
[PT] bx11 frame I
[PT] ds11 text A 56m
[PT] ds11 text I
[PT] bx12 frame A 593,170 5x13
[PT] bx12 frame I
[PT] ds12 text A 61m
[PT] ds12 text I
[PT] bx13 frame A 272,170 3x8
[PT] bx13 frame I
[PT] ds13 text A 113m
[PT] ds13 text I
[PT] bx14 frame A 445,50 2x5
[PT] bx14 frame I
[PT] ds14 text A 183m
[PT] ds14 text I
[PT] bx15 frame A 394,160 6x15
[PT] bx15 frame I
[PT] ds15 text A 54m
[PT] ds15 text I
[PT] bx16 frame A 570,168 4x10
[PT] bx16 frame I
[PT] ds16 text A 82m
[PT] ds16 text I
[PT] bx17 frame A 404,158 6x14
[PT] bx17 frame I
[PT] ds17 text A 55m
[PT] ds17 text I
[PT] bx18 frame A 565,168 4x10
[PT] bx18 frame I
[PT] ds18 text A 82m
[PT] ds18 text I
[PT] bx19 frame A 336,145 14x34
[PT] bx19 frame I
[PT] ds19 text A 23m
[PT] ds19 text I
[PT] bx20 frame A 477,139 12x29
[PT] bx20 frame I
[PT] ds20 text A 26m
[PT] ds20 text I
[PT] bx21 frame A 635,145 10x24
[PT] bx21 frame I
[PT] ds21 text A 34m
[PT] ds21 text I
[PT] bx22 frame A 421,146 13x32
[PT] bx22 frame I
[PT] ds22 text A 24m
[PT] ds22 text I
[PT] bx23 frame A 649,153 9x23
[PT] bx23 frame I
[PT] ds23 text A 37m
[PT] ds23 text I
[PT] bx24 frame A 538,153 8x20
[PT] bx24 frame I
[PT] ds24 text A 40m
[PT] ds24 text I
[PT] bx25 frame A 432,146 11x26
[PT] bx25 frame I
[PT] ds25 text A 29m
[PT] ds25 text I
[PT] bx26 frame A 476,128 21x54
[PT] bx26 frame I
[PT] nm26 text A Player
[PT] nm26 text I
[PT] ds26 text A 13m
[PT] ds26 text I
[PT] bx27 frame A 426,144 14x35
[PT] bx27 frame I
[PT] ds27 text A 22m
[PT] ds27 text I
[PT] bx28 frame A 823,166 6x14
[PT] bx28 frame I
[PT] ds28 text A 71m
[PT] ds28 text I
[PT] bx29 frame A 676,172 7x17
[PT] bx29 frame I
[PT] nm29 text A BOT
[PT] nm29 text I
[PT] ds29 text A 52m
[PT] ds29 text I
[PT] bx30 frame A 516,150 8x19
[PT] bx30 frame I
[PT] ds30 text A 41m
[PT] ds30 text I
00:34:59.153  [PE] 绘制诊断：actors=49 w2s=41 onscreen=31 visibleViews=31
[PT] tick 151 enemies=49
[PT] tick 152 enemies=49
[PT] tick 153 enemies=49
[PT] tick 154 enemies=49
[PT] tick 155 enemies=49
[PT] tick 156 enemies=49
[PT] tick 157 enemies=49
[PT] tick 158 enemies=49
[PT] tick 159 enemies=49
[PT] tick 160 enemies=49
[PT] tick 161 enemies=49
[PT] tick 162 enemies=49
[PT] tick 163 enemies=49
[PT] tick 164 enemies=49
[PT] tick 165 enemies=49
[PT] tick 166 enemies=49
[PT] tick 167 enemies=49
[PT] tick 168 enemies=49
[PT] tick 169 enemies=49
[PT] tick 170 enemies=49
[PT] tick 171 enemies=49
[PT] tick 172 enemies=49
[PT] tick 173 enemies=49
[PT] tick 174 enemies=49
[PT] tick 175 enemies=49
[PT] tick 176 enemies=49
[PT] tick 177 enemies=49
[PT] tick 178 enemies=49
[PT] tick 179 enemies=49
[PT] tick 180 enemies=49
[PT] tick 181 enemies=49
[PT] tick 182 enemies=49
[PT] tick 183 enemies=49
[PT] tick 184 enemies=49
[PT] tick 185 enemies=49
[PT] tick 186 enemies=49
[PT] tick 187 enemies=49
[PT] tick 188 enemies=49
[PT] tick 189 enemies=49
[PT] tick 190 enemies=49
[PT] tick 191 enemies=49
[PT] tick 192 enemies=49
[PT] tick 193 enemies=49
[PT] tick 194 enemies=49
[PT] tick 195 enemies=49
[PT] tick 196 enemies=49
[PT] tick 197 enemies=49
[PT] tick 198 enemies=49
[PT] tick 199 enemies=49
[PT] tick 200 enemies=49
[PT] tick 201 enemies=49
[PT] tick 202 enemies=49
[PT] tick 203 enemies=49
[PT] tick 204 enemies=49
[PT] tick 205 enemies=49
[PT] tick 206 enemies=49
[PT] tick 207 enemies=49
[PT] tick 208 enemies=49
[PT] tick 209 enemies=49
[PT] tick 210 enemies=49
[PT] tick 211 enemies=49
[PT] tick 212 enemies=49
[PT] tick 213 enemies=49
[PT] tick 214 enemies=49
[PT] tick 215 enemies=49
[PT] tick 216 enemies=49
[PT] tick 217 enemies=49
[PT] tick 218 enemies=49
[PT] tick 219 enemies=49
[PT] tick 220 enemies=49
[PT] tick 221 enemies=49
[PT] tick 222 enemies=49
[PT] tick 223 enemies=49
[PT] tick 224 enemies=49
[PT] tick 225 enemies=49
[PT] tick 226 enemies=49
[PT] tick 227 enemies=49
[PT] tick 228 enemies=49
[PT] tick 229 enemies=49
[PT] tick 230 enemies=49
[PT] tick 231 enemies=49
[PT] tick 232 enemies=49
[PT] tick 233 enemies=49
[PT] tick 234 enemies=49
[PT] tick 235 enemies=49
[PT] tick 236 enemies=49
[PT] tick 237 enemies=49
[PT] tick 238 enemies=49
[PT] tick 239 enemies=49
[PT] tick 240 enemies=49
[PT] tick 241 enemies=49
[PT] tick 242 enemies=49
[PT] tick 243 enemies=49
[PT] tick 244 enemies=49
[PT] tick 245 enemies=49
[PT] tick 246 enemies=49
[PT] tick 247 enemies=49
[PT] tick 248 enemies=49
[PT] tick 249 enemies=49
[PT] tick 250 enemies=49
[PT] tick 251 enemies=49
[PT] tick 252 enemies=49
[PT] tick 253 enemies=49
[PT] tick 254 enemies=49
[PT] tick 255 enemies=49
[PT] tick 256 enemies=49
[PT] tick 257 enemies=49
[PT] tick 258 enemies=49
[PT] tick 259 enemies=49
[PT] tick 260 enemies=49
[PT] tick 261 enemies=49
[PT] tick 262 enemies=49
[PT] tick 263 enemies=49
[PT] tick 264 enemies=49
[PT] tick 265 enemies=49
[PT] tick 266 enemies=49
[PT] tick 267 enemies=49
[PT] tick 268 enemies=49
[PT] tick 269 enemies=49
[PT] tick 270 enemies=49
[PT] tick 271 enemies=49
[PT] tick 272 enemies=49
[PT] tick 273 enemies=49
[PT] tick 274 enemies=49
[PT] tick 275 enemies=49
[PT] tick 276 enemies=49
[PT] tick 277 enemies=49
[PT] tick 278 enemies=49
[PT] tick 279 enemies=49
[PT] tick 280 enemies=49
[PT] tick 281 enemies=49
[PT] tick 282 enemies=49
[PT] tick 283 enemies=49
[PT] tick 284 enemies=49
[PT] tick 285 enemies=49
[PT] tick 286 enemies=49
[PT] tick 287 enemies=49
[PT] tick 288 enemies=49
[PT] tick 289 enemies=49
[PT] tick 290 enemies=49
[PT] tick 291 enemies=49
[PT] tick 292 enemies=49
[PT] tick 293 enemies=49
[PT] tick 294 enemies=49
[PT] tick 295 enemies=49
[PT] tick 296 enemies=49
[PT] tick 297 enemies=49
[PT] tick 298 enemies=49
00:35:08.936  [ReinBridge] backgrounding: keepalive playing=1 preference=1 espRunning=1 -> keep session
[PT] tick 299 enemies=48
[PT] bx10 frame A 893,165 8x20
[PT] bx10 frame I
[PT] ds10 text A 53m
[PT] ds10 text I
[PT] bx14 frame A 609,171 1x3
[PT] bx14 frame I
[PT] ds14 text A 250m
[PT] ds14 text I
[PT] bx15 frame A 570,168 4x10
[PT] bx15 frame I
[PT] ds15 text A 82m
[PT] ds15 text I
[PT] bx16 frame A 628,168 1x3
[PT] bx16 frame I
[PT] ds16 text A 253m
[PT] ds16 text I
[PT] bx17 frame A 565,168 4x10
[PT] bx17 frame I
[PT] ds17 text A 82m
[PT] ds17 text I
[PT] bx18 frame A 424,134 11x28
[PT] bx18 frame I
[PT] ds18 text A 27m
[PT] ds18 text I
[PT] bx19 frame A 823,146 17x43
[PT] bx19 frame I
[PT] ds19 text A 22m
[PT] ds19 text I
[PT] bx20 frame A 635,145 10x24
[PT] bx20 frame I
[PT] ds20 text A 34m
[PT] ds20 text I
[PT] bx21 frame A 906,156 8x20
[PT] bx21 frame I
[PT] ds21 text A 55m
[PT] ds21 text I
[PT] bx22 frame A 714,138 11x27
[PT] bx22 frame I
[PT] ds22 text A 33m
[PT] ds22 text I
[PT] bx23 frame A 539,153 8x19
[PT] bx23 frame I
[PT] ds23 text A 40m
[PT] ds23 text I
[PT] bx24 frame A 420,136 11x27
[PT] bx24 frame I
[PT] ds24 text A 28m
[PT] ds24 text I
[PT] bx25 frame A 775,146 16x39
[PT] bx25 frame I
[PT] ds25 text A 24m
[PT] ds25 text I
[PT] bx26 frame A 427,137 10x26
[PT] bx26 frame I
[PT] ds26 text A 30m
[PT] ds26 text I
[PT] bx27 frame A 873,166 6x14
[PT] bx27 frame I
[PT] ds27 text A 74m
[PT] ds27 text I
[PT] bx28 frame A 676,172 7x17
[PT] bx28 frame I
[PT] nm28 text A BOT
[PT] nm28 text I
[PT] ds28 text A 52m
[PT] ds28 text I
[PT] bx29 hide A
[PT] nm29 hide A
[PT] ds29 hide A
[PT] bx30 hide A
[PT] nm30 hide A
[PT] ds30 hide A
[PT] tick 300 enemies=48
[PT] bx0 frame A 594,138 2x6
[PT] bx0 frame I
[PT] ds0 text A 140m
[PT] ds0 text I
[PT] bx1 frame A 645,170 8x20
[PT] bx1 frame I
[PT] ds1 text A 42m
[PT] ds1 text I
[PT] bx2 frame A 693,169 2x5
[PT] bx2 frame I
[PT] ds2 text A 173m
[PT] ds2 text I
[PT] bx3 frame A 752,161 7x17
[PT] bx3 frame I
[PT] ds3 text A 54m
[PT] ds3 text I
[PT] bx4 frame A 734,161 7x17
[PT] bx4 frame I
[PT] ds4 text A 55m
[PT] ds4 text I
[PT] bx5 frame A 717,161 6x16
[PT] bx5 frame I
[PT] ds5 text A 56m
[PT] ds5 text I
[PT] bx6 frame A 685,161 6x15
[PT] bx6 frame I
[PT] ds6 text A 58m
[PT] ds6 text I
[PT] bx7 frame A 682,162 6x14
[PT] bx7 frame I
[PT] ds7 text A 64m
[PT] ds7 text I
[PT] bx8 frame A 693,162 5x14
[PT] bx8 frame I
[PT] ds8 text A 65m
[PT] ds8 text I
[PT] bx9 frame A 883,163 9x23
[PT] bx9 frame I
[PT] ds9 text A 45m
[PT] ds9 text I
[PT] bx10 frame A 190,170 8x20
[PT] bx10 frame I
[PT] ds10 text A 46m
[PT] ds10 text I
[PT] bx11 frame A 541,167 6x16
[PT] bx11 frame I
[PT] ds11 text A 50m
[PT] ds11 text I
[PT] bx12 frame A 148,166 4x9
[PT] bx12 frame I
[PT] ds12 text A 103m
[PT] ds12 text I
[PT] bx13 frame A 668,165 1x3
[PT] bx13 frame I
[PT] ds13 text A 270m
[PT] ds13 text I
[PT] bx14 frame A 507,164 4x11
[PT] bx14 frame I
[PT] ds14 text A 71m
[PT] ds14 text I
[PT] bx15 frame A 668,162 1x3
[PT] bx15 frame I
[PT] ds15 text A 270m
[PT] ds15 text I
[PT] bx16 frame A 503,164 5x11
[PT] bx16 frame I
[PT] ds16 text A 71m
[PT] ds16 text I
[PT] bx17 frame A 312,118 19x48
[PT] bx17 frame I
[PT] ds17 text A 16m
[PT] ds17 text I
[PT] bx18 frame A 630,137 14x34
[PT] bx18 frame I
[PT] ds18 text A 24m
[PT] ds18 text I
[PT] bx19 frame A 902,152 9x23
[PT] bx19 frame I
[PT] ds19 text A 47m
[PT] ds19 text I
[PT] bx20 frame A 759,151 15x37
[PT] bx20 frame I
[PT] ds20 text A 24m
[PT] ds20 text I
[PT] bx21 frame A 489,147 10x26
[PT] bx21 frame I
[PT] ds21 text A 29m
[PT] ds21 text I
[PT] bx22 frame A 315,117 18x45
[PT] bx22 frame I
[PT] ds22 text A 17m
[PT] ds22 text I
[PT] bx23 frame A 329,121 17x42
[PT] bx23 frame I
[PT] ds23 text A 19m
[PT] ds23 text I
[PT] bx24 frame A 830,163 6x15
[PT] bx24 frame I
[PT] ds24 text A 66m
[PT] ds24 text I
[PT] bx25 frame A 645,170 8x20
[PT] bx25 frame I
[PT] nm25 text A BOT
[PT] nm25 text I
[PT] ds25 text A 42m
[PT] ds25 text I
[PT] bx26 frame A 864,160 7x19
[PT] bx26 frame I
[PT] ds26 text A 56m
[PT] ds26 text I
[PT] bx27 hide A
[PT] nm27 hide A
[PT] ds27 hide A
[PT] bx28 hide A
[PT] nm28 hide A
[PT] ds28 hide A
00:35:14.665  [PE] 绘制诊断：actors=48 w2s=38 onscreen=27 visibleViews=27
[PT] tick 301 enemies=48
[PT] bx0 frame A 573,147 2x6
[PT] bx0 frame I
[PT] ds0 text A 139m
[PT] ds0 text I
[PT] bx1 frame A 629,181 8x20
[PT] bx1 frame I
[PT] ds1 text A 40m
[PT] ds1 text I
[PT] bx2 frame A 669,177 2x5
[PT] bx2 frame I
[PT] ds2 text A 172m
[PT] ds2 text I
[PT] bx3 frame A 734,171 7x17
[PT] bx3 frame I
[PT] ds3 text A 52m
[PT] ds3 text I
[PT] bx4 frame A 716,171 7x17
[PT] bx4 frame I
[PT] ds4 text A 54m
[PT] ds4 text I
[PT] bx5 frame A 698,171 6x16
[PT] bx5 frame I
[PT] ds5 text A 55m
[PT] ds5 text I
[PT] bx6 frame A 667,171 6x15
[PT] bx6 frame I
[PT] ds6 text A 57m
[PT] ds6 text I
[PT] bx7 frame A 664,171 6x14
[PT] bx7 frame I
[PT] ds7 text A 62m
[PT] ds7 text I
[PT] bx8 frame A 674,171 5x14
[PT] bx8 frame I
[PT] ds8 text A 64m
[PT] ds8 text I
[PT] bx9 frame A 866,174 9x24
[PT] bx9 frame I
[PT] ds9 text A 44m
[PT] ds9 text I
[PT] bx10 frame A 151,181 8x21
[PT] bx10 frame I
[PT] ds10 text A 44m
[PT] ds10 text I
[PT] bx11 frame A 523,177 6x16
[PT] bx11 frame I
[PT] ds11 text A 49m
[PT] ds11 text I
[PT] bx12 frame A 110,175 4x10
[PT] bx12 frame I
[PT] ds12 text A 102m
[PT] ds12 text I
[PT] bx13 frame A 659,172 1x3
[PT] bx13 frame I
[PT] ds13 text A 272m
[PT] ds13 text I
[PT] bx14 frame A 488,173 5x11
[PT] bx14 frame I
[PT] ds14 text A 70m
[PT] ds14 text I
[PT] bx15 frame A 659,170 1x3
[PT] bx15 frame I
[PT] ds15 text A 272m
[PT] ds15 text I
[PT] bx16 frame A 483,173 5x11
[PT] bx16 frame I
[PT] ds16 text A 69m
[PT] ds16 text I
[PT] bx17 frame A 271,135 21x54
[PT] bx17 frame I
[PT] ds17 text A 15m
[PT] ds17 text I
[PT] bx18 frame A 620,148 14x36
[PT] bx18 frame I
[PT] ds18 text A 22m
[PT] ds18 text I
[PT] bx19 frame A 883,163 9x23
[PT] bx19 frame I
[PT] ds19 text A 46m
[PT] ds19 text I
[PT] bx20 frame A 740,159 16x40
[PT] bx20 frame I
[PT] ds20 text A 22m
[PT] ds20 text I
[PT] bx21 frame A 472,158 11x27
[PT] bx21 frame I
[PT] ds21 text A 28m
[PT] ds21 text I
[PT] bx22 frame A 282,127 20x50
[PT] bx22 frame I
[PT] ds22 text A 16m
[PT] ds22 text I
[PT] bx23 frame A 298,130 18x46
[PT] bx23 frame I
[PT] ds23 text A 17m
[PT] ds23 text I
[PT] bx24 frame A 808,173 6x15
[PT] bx24 frame I
[PT] ds24 text A 64m
[PT] ds24 text I
[PT] bx25 frame A 629,181 8x20
[PT] bx25 frame I
[PT] ds25 text A 40m
[PT] ds25 text I
[PT] bx26 frame A 862,170 8x19
[PT] bx26 frame I
[PT] ds26 text A 54m
[PT] ds26 text I
[PT] tick 302 enemies=48
[PT] bx0 frame A 570,142 2x6
[PT] bx0 frame I
[PT] bx1 frame A 630,177 8x20
[PT] bx1 frame I
[PT] bx2 frame A 666,172 2x5
[PT] bx2 frame I
[PT] bx3 frame A 734,167 7x17
[PT] bx3 frame I
[PT] bx4 frame A 716,167 7x17
[PT] bx4 frame I
[PT] ds4 text A 53m
[PT] ds4 text I
[PT] bx5 frame A 698,167 6x16
[PT] bx5 frame I
[PT] ds5 text A 54m
[PT] ds5 text I
[PT] bx6 frame A 667,167 6x15
[PT] bx6 frame I
[PT] bx7 frame A 663,167 6x14
[PT] bx7 frame I
[PT] bx8 frame A 673,167 5x14
[PT] bx8 frame I
[PT] bx9 frame A 868,170 9x24
[PT] bx9 frame I
[PT] bx10 frame A 145,178 9x21
[PT] bx10 frame I
[PT] bx11 frame A 522,173 6x16
[PT] bx11 frame I
[PT] bx12 frame A 103,171 4x10
[PT] bx12 frame I
[PT] ds12 text A 101m
[PT] ds12 text I
[PT] bx13 frame A 659,167 1x3
[PT] bx13 frame I
[PT] ds13 text A 273m
[PT] ds13 text I
[PT] bx14 frame A 486,168 5x11
[PT] bx14 frame I
[PT] ds14 text A 69m
[PT] ds14 text I
[PT] bx15 frame A 660,165 1x3
[PT] bx15 frame I
[PT] ds15 text A 273m
[PT] ds15 text I
[PT] bx16 frame A 481,168 5x12
[PT] bx16 frame I
[PT] bx17 frame A 270,132 22x55
[PT] bx17 frame I
[PT] ds17 text A 14m
[PT] ds17 text I
[PT] bx18 frame A 625,144 14x36
[PT] bx18 frame I
[PT] bx19 frame A 885,159 9x23
[PT] bx19 frame I
[PT] bx20 frame A 746,155 16x41
[PT] bx20 frame I
[PT] bx21 frame A 472,154 11x28
[PT] bx21 frame I
[PT] ds21 text A 27m
[PT] ds21 text I
[PT] bx22 frame A 280,123 21x51
[PT] bx22 frame I
[PT] ds22 text A 15m
[PT] ds22 text I
[PT] bx23 frame A 296,127 19x47
[PT] bx23 frame I
[PT] bx24 frame A 807,168 6x15
[PT] bx24 frame I
[PT] bx25 frame A 630,177 8x20
[PT] bx25 frame I
[PT] bx26 frame A 866,166 8x19
[PT] bx26 frame I
[PT] tick 303 enemies=49
[PT] bx0 frame A 572,139 2x6
[PT] bx0 frame I
[PT] ds0 text A 138m
[PT] ds0 text I
[PT] bx1 frame A 635,175 8x21
[PT] bx1 frame I
[PT] bx2 frame A 667,170 2x5
[PT] bx2 frame I
[PT] ds2 text A 171m
[PT] ds2 text I
[PT] bx3 frame A 740,165 7x18
[PT] bx3 frame I
[PT] bx4 frame A 721,165 7x17
[PT] bx4 frame I
[PT] bx5 frame A 703,165 7x16
[PT] bx5 frame I
[PT] bx6 frame A 671,165 6x15
[PT] bx6 frame I
[PT] bx7 frame A 666,165 6x14
[PT] bx7 frame I
[PT] bx8 frame A 677,165 6x14
[PT] bx8 frame I
[PT] ds8 text A 63m
[PT] ds8 text I
[PT] bx9 frame A 877,169 10x24
[PT] bx9 frame I
[PT] bx10 frame A 145,176 9x22
[PT] bx10 frame I
[PT] ds10 text A 43m
[PT] ds10 text I
[PT] bx11 frame A 525,171 7x16
[PT] bx11 frame I
[PT] ds11 text A 48m
[PT] ds11 text I
[PT] bx12 frame A 103,168 4x10
[PT] bx12 frame I
[PT] bx13 frame A 664,165 1x3
[PT] bx13 frame I
[PT] ds13 text A 274m
[PT] ds13 text I
[PT] bx14 frame A 488,166 5x12
[PT] bx14 frame I
[PT] bx15 frame A 664,162 1x3
[PT] bx15 frame I
[PT] ds15 text A 274m
[PT] ds15 text I
[PT] bx16 frame A 483,166 5x12
[PT] bx16 frame I
[PT] ds16 text A 68m
[PT] ds16 text I
[PT] bx17 frame A 274,131 23x57
[PT] bx17 frame I
[PT] ds17 text A 13m
[PT] ds17 text I
[PT] bx18 frame A 634,143 15x37
[PT] bx18 frame I
[PT] bx19 frame A 894,157 9x23
[PT] bx19 frame I
[PT] bx20 frame A 751,152 17x42
[PT] bx20 frame I
[PT] ds20 text A 21m
[PT] ds20 text I
[PT] bx21 frame A 477,152 11x28
[PT] bx21 frame I
[PT] bx22 frame A 284,122 21x53
[PT] bx22 frame I
[PT] bx23 frame A 300,125 19x48
[PT] bx23 frame I
[PT] ds23 text A 16m
[PT] ds23 text I
[PT] bx24 frame A 813,166 6x16
[PT] bx24 frame I
[PT] bx25 frame A 635,175 8x21
[PT] bx25 frame I
[PT] bx26 frame A 877,164 8x20
[PT] bx26 frame I
[PT] ds26 text A 53m
[PT] ds26 text I
[PT] bx27 frame A 585,145 2x6
[PT] bx27 frame I
[PT] bx27 show A
[PT] nm27 text A BOT
[PT] nm27 text I
[PT] nm27 show A
[PT] ds27 text A 151m
[PT] ds27 text I
[PT] ds27 show A
[PT] tick 304 enemies=49
[PT] bx0 frame A 565,125 2x6
[PT] bx0 frame I
[PT] bx1 frame A 636,163 8x21
[PT] bx1 frame I
[PT] ds1 text A 39m
[PT] ds1 text I
[PT] bx2 frame A 659,155 2x5
[PT] bx2 frame I
[PT] bx3 frame A 739,153 7x18
[PT] bx3 frame I
[PT] bx4 frame A 719,152 7x17
[PT] bx4 frame I
[PT] bx5 frame A 701,152 7x17
[PT] bx5 frame I
[PT] bx6 frame A 669,152 6x15
[PT] bx6 frame I
[PT] ds6 text A 56m
[PT] ds6 text I
[PT] bx7 frame A 663,152 6x14
[PT] bx7 frame I
[PT] ds7 text A 61m
[PT] ds7 text I
[PT] bx8 frame A 674,151 6x14
[PT] bx8 frame I
[PT] bx9 frame A 879,157 10x24
[PT] bx9 frame I
[PT] bx10 frame A 131,164 9x23
[PT] bx10 frame I
[PT] ds10 text A 42m
[PT] ds10 text I
[PT] bx11 frame A 522,158 7x17
[PT] bx11 frame I
[PT] bx12 frame A 87,155 4x10
[PT] bx12 frame I
[PT] ds12 text A 100m
[PT] ds12 text I
[PT] bx13 frame A 663,150 1x3
[PT] bx13 frame I
[PT] ds13 text A 275m
[PT] ds13 text I
[PT] bx14 frame A 483,153 5x12
[PT] bx14 frame I
[PT] ds14 text A 68m
[PT] ds14 text I
[PT] bx15 frame A 663,148 1x3
[PT] bx15 frame I
[PT] ds15 text A 275m
[PT] ds15 text I
[PT] bx16 frame A 478,153 5x12
[PT] bx16 frame I
[PT] bx17 frame A 272,121 24x61
[PT] bx17 frame I
[PT] bx18 frame A 643,132 15x38
[PT] bx18 frame I
[PT] ds18 text A 21m
[PT] ds18 text I
[PT] bx19 frame A 896,145 9x24
[PT] bx19 frame I
[PT] bx20 frame A 755,143 17x42
[PT] bx20 frame I
[PT] bx21 frame A 478,141 12x29
[PT] bx21 frame I
[PT] ds21 text A 26m
[PT] ds21 text I
[PT] bx22 frame A 282,111 23x56
[PT] bx22 frame I
[PT] ds22 text A 14m
[PT] ds22 text I
[PT] bx23 frame A 298,114 20x51
[PT] bx23 frame I
[PT] ds23 text A 15m
[PT] ds23 text I
[PT] bx24 frame A 810,153 6x16
[PT] bx24 frame I
[PT] bx25 frame A 636,163 8x21
[PT] bx25 frame I
[PT] ds25 text A 39m
[PT] ds25 text I
[PT] bx26 frame A 882,146 8x21
[PT] bx26 frame I
[PT] ds26 text A 52m
[PT] ds26 text I
[PT] bx27 frame A 578,131 2x6
[PT] bx27 frame I
[PT] ds27 text A 150m
[PT] ds27 text I
[PT] tick 305 enemies=49
[PT] bx0 frame A 539,109 2x6
[PT] bx0 frame I
[PT] ds0 text A 137m
[PT] ds0 text I
[PT] bx1 frame A 613,150 8x21
[PT] bx1 frame I
[PT] bx2 frame A 631,140 2x5
[PT] bx2 frame I
[PT] bx3 frame A 711,139 7x18
[PT] bx3 frame I
[PT] bx4 frame A 692,138 7x17
[PT] bx4 frame I
[PT] bx5 frame A 675,138 7x16
[PT] bx5 frame I
[PT] bx6 frame A 643,138 6x15
[PT] bx6 frame I
[PT] bx7 frame A 637,137 6x14
[PT] bx7 frame I
[PT] bx8 frame A 647,137 6x14
[PT] bx8 frame I
[PT] bx9 frame A 844,143 9x23
[PT] bx9 frame I
[PT] bx10 frame A 89,153 10x24
[PT] bx10 frame I
[PT] bx11 frame A 499,144 7x17
[PT] bx11 frame I
[PT] ds11 text A 47m
[PT] ds11 text I
[PT] bx12 frame A 38,141 4x11
[PT] bx12 frame I
[PT] ds12 text A 99m
[PT] ds12 text I
[PT] bx13 frame A 637,135 1x3
[PT] bx13 frame I
[PT] ds13 text A 276m
[PT] ds13 text I
[PT] bx14 frame A 458,138 5x12
[PT] bx14 frame I
[PT] bx15 frame A 638,132 1x3
[PT] bx15 frame I
[PT] ds15 text A 276m
[PT] ds15 text I
[PT] bx16 frame A 454,138 5x12
[PT] bx16 frame I
[PT] ds16 text A 67m
[PT] ds16 text I
[PT] bx17 frame A 249,119 25x64
[PT] bx17 frame I
[PT] ds17 text A 12m
[PT] ds17 text I
[PT] bx18 frame A 626,121 15x38
[PT] bx18 frame I
[PT] bx19 frame A 860,132 9x23
[PT] bx19 frame I
[PT] bx20 frame A 733,131 17x42
[PT] bx20 frame I
[PT] bx21 frame A 459,129 12x30
[PT] bx21 frame I
[PT] bx22 frame A 262,100 24x60
[PT] bx22 frame I
[PT] ds22 text A 13m
[PT] ds22 text I
[PT] bx23 frame A 275,103 22x54
[PT] bx23 frame I
[PT] bx24 frame A 777,139 6x15
[PT] bx24 frame I
[PT] bx25 frame A 613,150 8x21
[PT] bx25 frame I
[PT] bx26 frame A 851,130 8x20
[PT] bx26 frame I
[PT] bx27 frame A 552,115 2x6
[PT] bx27 frame I
[PT] tick 306 enemies=49
[PT] bx0 frame A 510,109 2x6
[PT] bx0 frame I
[PT] bx1 frame A 586,149 8x21
[PT] bx1 frame I
[PT] bx2 frame A 600,140 2x5
[PT] bx2 frame I
[PT] ds2 text A 170m
[PT] ds2 text I
[PT] bx3 frame A 679,138 7x17
[PT] bx3 frame I
[PT] bx4 frame A 661,138 7x16
[PT] bx4 frame I
[PT] bx5 frame A 644,138 6x16
[PT] bx5 frame I
[PT] bx6 frame A 614,138 6x15
[PT] bx6 frame I
[PT] bx7 frame A 608,137 5x14
[PT] bx7 frame I
[PT] bx8 frame A 617,137 5x13
[PT] bx8 frame I
[PT] bx9 frame A 805,139 9x22
[PT] bx9 frame I
[PT] bx10 frame A 43,154 10x25
[PT] bx10 frame I
[PT] bx11 frame A 474,144 7x17
[PT] bx11 frame I
[PT] bx12 frame A 609,134 1x3
[PT] bx12 frame I
[PT] ds12 text A 277m
[PT] ds12 text I
[PT] bx13 frame A 432,138 5x12
[PT] bx13 frame I
[PT] ds13 text A 67m
[PT] ds13 text I
[PT] bx14 frame A 609,132 1x3
[PT] bx14 frame I
[PT] ds14 text A 277m
[PT] ds14 text I
[PT] bx15 frame A 427,138 5x12
[PT] bx15 frame I
[PT] ds15 text A 67m
[PT] ds15 text I
[PT] bx16 frame A 225,121 27x66
[PT] bx16 frame I
[PT] ds16 text A 12m
[PT] ds16 text I
[PT] bx17 frame A 602,121 15x38
[PT] bx17 frame I
[PT] ds17 text A 21m
[PT] ds17 text I
[PT] bx18 frame A 818,132 9x22
[PT] bx18 frame I
[PT] ds18 text A 46m
[PT] ds18 text I
[PT] bx19 frame A 705,130 17x41
[PT] bx19 frame I
[PT] ds19 text A 21m
[PT] ds19 text I
[PT] bx20 frame A 438,131 12x29
[PT] bx20 frame I
[PT] ds20 text A 26m
[PT] ds20 text I
[PT] bx21 frame A 254,105 24x60
[PT] bx21 frame I
[PT] ds21 text A 13m
[PT] ds21 text I
[PT] bx22 frame A 250,102 22x56
[PT] bx22 frame I
[PT] ds22 text A 14m
[PT] ds22 text I
[PT] bx23 frame A 740,139 6x15
[PT] bx23 frame I
[PT] ds23 text A 64m
[PT] ds23 text I
[PT] bx24 frame A 586,149 8x21
[PT] bx24 frame I
[PT] nm24 text A BOT
[PT] nm24 text I
[PT] ds24 text A 39m
[PT] ds24 text I
[PT] bx25 frame A 815,128 8x19
[PT] bx25 frame I
[PT] nm25 text A Player
[PT] nm25 text I
[PT] ds25 text A 52m
[PT] ds25 text I
[PT] bx26 frame A 523,115 2x6
[PT] bx26 frame I
[PT] nm26 text A BOT
[PT] nm26 text I
[PT] ds26 text A 150m
[PT] ds26 text I
[PT] bx27 hide A
[PT] nm27 hide A
[PT] ds27 hide A
[PT] tick 307 enemies=49
[PT] bx0 frame A 508,112 2x6
[PT] bx0 frame I
[PT] bx1 frame A 585,152 8x21
[PT] bx1 frame I
[PT] bx2 frame A 598,142 2x5
[PT] bx2 frame I
[PT] bx3 frame A 677,141 7x17
[PT] bx3 frame I
[PT] bx4 frame A 659,141 7x16
[PT] bx4 frame I
[PT] bx5 frame A 642,140 6x16
[PT] bx5 frame I
[PT] bx6 frame A 612,140 6x15
[PT] bx6 frame I
[PT] bx7 frame A 606,139 5x14
[PT] bx7 frame I
[PT] bx8 frame A 616,139 5x13
[PT] bx8 frame I
[PT] bx9 frame A 802,142 9x22
[PT] bx9 frame I
[PT] bx10 frame A 41,156 10x25
[PT] bx10 frame I
[PT] bx11 frame A 473,147 7x17
[PT] bx11 frame I
[PT] bx12 frame A 611,137 1x3
[PT] bx12 frame I
[PT] ds12 text A 278m
[PT] ds12 text I
[PT] bx13 frame A 430,141 5x12
[PT] bx13 frame I
[PT] bx14 frame A 612,134 1x3
[PT] bx14 frame I
[PT] ds14 text A 278m
[PT] ds14 text I
[PT] bx15 frame A 426,141 5x12
[PT] bx15 frame I
[PT] bx16 frame A 225,123 27x66
[PT] bx16 frame I
[PT] bx17 frame A 601,123 15x38
[PT] bx17 frame I
[PT] bx18 frame A 815,135 9x22
[PT] bx18 frame I
[PT] bx19 frame A 695,131 17x41
[PT] bx19 frame I
[PT] ds19 text A 20m
[PT] ds19 text I
[PT] bx20 frame A 447,130 12x29
[PT] bx20 frame I
[PT] bx21 frame A 253,110 24x60
[PT] bx21 frame I
[PT] bx22 frame A 250,104 22x56
[PT] bx22 frame I
[PT] bx23 frame A 738,141 6x15
[PT] bx23 frame I
[PT] bx24 frame A 585,152 8x21
[PT] bx24 frame I
[PT] bx25 frame A 820,129 8x20
[PT] bx25 frame I
[PT] bx26 frame A 521,118 2x6
[PT] bx26 frame I
[PT] tick 308 enemies=49
[PT] bx0 frame A 514,112 2x6
[PT] bx0 frame I
[PT] bx1 frame A 590,152 8x21
[PT] bx1 frame I
[PT] bx2 frame A 603,142 2x5
[PT] bx2 frame I
[PT] bx3 frame A 683,141 7x17
[PT] bx3 frame I
[PT] bx4 frame A 665,141 7x17
[PT] bx4 frame I
[PT] bx5 frame A 649,140 6x16
[PT] bx5 frame I
[PT] bx6 frame A 618,140 6x15
[PT] bx6 frame I
[PT] bx7 frame A 612,140 6x14
[PT] bx7 frame I
[PT] bx8 frame A 622,139 5x14
[PT] bx8 frame I
[PT] bx9 frame A 810,145 9x23
[PT] bx9 frame I
[PT] bx10 frame A 51,156 10x25
[PT] bx10 frame I
[PT] bx11 frame A 478,147 7x17
[PT] bx11 frame I
[PT] bx12 frame A 622,137 1x3
[PT] bx12 frame I
[PT] ds12 text A 279m
[PT] ds12 text I
[PT] bx13 frame A 435,141 5x12
[PT] bx13 frame I
[PT] bx14 frame A 622,134 1x3
[PT] bx14 frame I
[PT] ds14 text A 279m
[PT] ds14 text I
[PT] bx15 frame A 431,141 5x12
[PT] bx15 frame I
[PT] bx16 frame A 231,123 26x66
[PT] bx16 frame I
[PT] bx17 frame A 607,123 15x38
[PT] bx17 frame I
[PT] bx18 frame A 824,135 9x22
[PT] bx18 frame I
[PT] bx19 frame A 694,129 17x42
[PT] bx19 frame I
[PT] bx20 frame A 457,131 12x29
[PT] bx20 frame I
[PT] ds20 text A 27m
[PT] ds20 text I
[PT] bx21 frame A 259,110 24x60
[PT] bx21 frame I
[PT] bx22 frame A 256,105 22x56
[PT] bx22 frame I
[PT] bx23 frame A 745,141 6x15
[PT] bx23 frame I
[PT] bx24 frame A 590,152 8x21
[PT] bx24 frame I
[PT] bx25 frame A 829,130 8x20
[PT] bx25 frame I
[PT] bx26 frame A 526,118 2x6
[PT] bx26 frame I
[PT] tick 309 enemies=49
[PT] bx0 frame A 520,111 2x6
[PT] bx0 frame I
[PT] bx1 frame A 597,151 8x21
[PT] bx1 frame I
[PT] bx2 frame A 610,141 2x5
[PT] bx2 frame I
[PT] bx3 frame A 691,140 7x17
[PT] bx3 frame I
[PT] bx4 frame A 673,140 7x17
[PT] bx4 frame I
[PT] bx5 frame A 656,139 6x16
[PT] bx5 frame I
[PT] bx6 frame A 625,139 6x15
[PT] bx6 frame I
[PT] bx7 frame A 619,138 6x14
[PT] bx7 frame I
[PT] bx8 frame A 628,138 5x14
[PT] bx8 frame I
[PT] bx9 frame A 819,144 9x23
[PT] bx9 frame I
[PT] bx10 frame A 61,155 10x25
[PT] bx10 frame I
[PT] bx11 frame A 484,145 7x17
[PT] bx11 frame I
[PT] bx12 frame A 3,143 5x11
[PT] bx12 frame I
[PT] ds12 text A 99m
[PT] ds12 text I
[PT] bx13 frame A 633,136 1x3
[PT] bx13 frame I
[PT] ds13 text A 280m
[PT] ds13 text I
[PT] bx14 frame A 441,139 5x12
[PT] bx14 frame I
[PT] ds14 text A 67m
[PT] ds14 text I
[PT] bx15 frame A 633,133 1x3
[PT] bx15 frame I
[PT] ds15 text A 280m
[PT] ds15 text I
[PT] bx16 frame A 437,140 5x12
[PT] bx16 frame I
[PT] ds16 text A 67m
[PT] ds16 text I
[PT] bx17 frame A 237,122 26x66
[PT] bx17 frame I
[PT] ds17 text A 12m
[PT] ds17 text I
[PT] bx18 frame A 613,122 15x38
[PT] bx18 frame I
[PT] ds18 text A 21m
[PT] ds18 text I
[PT] bx19 frame A 833,133 9x22
[PT] bx19 frame I
[PT] ds19 text A 46m
[PT] ds19 text I
[PT] bx20 frame A 698,127 17x43
[PT] bx20 frame I
[PT] ds20 text A 20m
[PT] ds20 text I
[PT] bx21 frame A 473,130 11x29
[PT] bx21 frame I
[PT] ds21 text A 27m
[PT] ds21 text I
[PT] bx22 frame A 265,109 24x60
[PT] bx22 frame I
[PT] ds22 text A 13m
[PT] ds22 text I
[PT] bx23 frame A 262,104 22x55
[PT] bx23 frame I
[PT] ds23 text A 14m
[PT] ds23 text I
[PT] bx24 frame A 753,140 6x15
[PT] bx24 frame I
[PT] nm24 text A Player
[PT] nm24 text I
[PT] ds24 text A 64m
[PT] ds24 text I
[PT] bx25 frame A 597,151 8x21
[PT] bx25 frame I
[PT] nm25 text A BOT
[PT] nm25 text I
[PT] ds25 text A 39m
[PT] ds25 text I
[PT] bx26 frame A 840,127 8x20
[PT] bx26 frame I
[PT] nm26 text A Player
[PT] nm26 text I
[PT] ds26 text A 52m
[PT] ds26 text I
[PT] bx27 frame A 533,116 2x6
[PT] bx27 frame I
[PT] bx27 show A
[PT] nm27 show A
[PT] ds27 show A
[PT] tick 310 enemies=49
[PT] bx0 frame A 530,107 2x6
[PT] bx0 frame I
[PT] bx1 frame A 607,147 8x21
[PT] bx1 frame I
[PT] bx2 frame A 621,137 2x5
[PT] bx2 frame I
[PT] bx3 frame A 703,136 7x17
[PT] bx3 frame I
[PT] bx4 frame A 684,136 7x17
[PT] bx4 frame I
[PT] bx5 frame A 667,136 7x16
[PT] bx5 frame I
[PT] bx6 frame A 635,135 6x15
[PT] bx6 frame I
[PT] bx7 frame A 630,135 6x14
[PT] bx7 frame I
[PT] bx8 frame A 639,135 5x14
[PT] bx8 frame I
[PT] bx9 frame A 835,137 9x23
[PT] bx9 frame I
[PT] bx10 frame A 76,151 10x24
[PT] bx10 frame I
[PT] bx11 frame A 493,142 7x17
[PT] bx11 frame I
[PT] bx12 frame A 21,139 5x11
[PT] bx12 frame I
[PT] bx13 frame A 650,132 1x3
[PT] bx13 frame I
[PT] ds13 text A 281m
[PT] ds13 text I
[PT] bx14 frame A 451,136 5x12
[PT] bx14 frame I
[PT] bx15 frame A 650,130 1x3
[PT] bx15 frame I
[PT] ds15 text A 281m
[PT] ds15 text I
[PT] bx16 frame A 446,136 5x12
[PT] bx16 frame I
[PT] bx17 frame A 247,104 26x66
[PT] bx17 frame I
[PT] bx18 frame A 623,119 15x38
[PT] bx18 frame I
[PT] bx19 frame A 849,130 9x23
[PT] bx19 frame I
[PT] bx20 frame A 703,122 17x44
[PT] bx20 frame I
[PT] ds20 text A 19m
[PT] ds20 text I
[PT] bx21 frame A 491,129 11x28
[PT] bx21 frame I
[PT] bx22 frame A 274,106 24x60
[PT] bx22 frame I
[PT] bx23 frame A 271,101 22x55
[PT] bx23 frame I
[PT] bx24 frame A 767,137 6x15
[PT] bx24 frame I
[PT] bx25 frame A 607,147 8x21
[PT] bx25 frame I
[PT] bx26 frame A 860,120 8x21
[PT] bx26 frame I
[PT] ds26 text A 51m
[PT] ds26 text I
[PT] bx27 frame A 543,113 2x6
[PT] bx27 frame I
[PT] tick 311 enemies=49
[PT] bx0 frame A 538,104 2x6
[PT] bx0 frame I
[PT] bx1 frame A 615,145 8x21
[PT] bx1 frame I
[PT] bx2 frame A 630,135 2x5
[PT] bx2 frame I
[PT] bx3 frame A 713,134 7x18
[PT] bx3 frame I
[PT] bx4 frame A 694,133 7x17
[PT] bx4 frame I
[PT] bx5 frame A 676,133 7x16
[PT] bx5 frame I
[PT] bx6 frame A 644,133 6x15
[PT] bx6 frame I
[PT] bx7 frame A 639,132 6x14
[PT] bx7 frame I
[PT] bx8 frame A 648,132 6x14
[PT] bx8 frame I
[PT] bx9 frame A 848,135 9x24
[PT] bx9 frame I
[PT] bx10 frame A 89,148 10x24
[PT] bx10 frame I
[PT] bx11 frame A 501,139 7x17
[PT] bx11 frame I
[PT] bx12 frame A 35,136 4x11
[PT] bx12 frame I
[PT] bx13 frame A 664,130 1x3
[PT] bx13 frame I
[PT] ds13 text A 282m
[PT] ds13 text I
[PT] bx14 frame A 459,133 5x12
[PT] bx14 frame I
[PT] bx15 frame A 664,127 1x3
[PT] bx15 frame I
[PT] ds15 text A 282m
[PT] ds15 text I
[PT] bx16 frame A 454,133 5x12
[PT] bx16 frame I
[PT] bx17 frame A 260,95 26x65
[PT] bx17 frame I
[PT] bx18 frame A 632,116 15x39
[PT] bx18 frame I
[PT] bx19 frame A 863,127 9x23
[PT] bx19 frame I
[PT] bx20 frame A 708,117 18x45
[PT] bx20 frame I
[PT] bx21 frame A 507,127 11x28
[PT] bx21 frame I
[PT] bx22 frame A 282,104 24x59
[PT] bx22 frame I
[PT] bx23 frame A 290,99 22x54
[PT] bx23 frame I
[PT] ds23 text A 15m
[PT] ds23 text I
[PT] bx24 frame A 778,134 6x15
[PT] bx24 frame I
[PT] bx25 frame A 615,145 8x21
[PT] bx25 frame I
[PT] bx26 frame A 881,117 8x21
[PT] bx26 frame I
[PT] bx27 frame A 551,110 2x6
[PT] bx27 frame I
[PT] tick 312 enemies=49
[PT] bx0 frame A 543,98 2x6
[PT] bx0 frame I
[PT] bx1 frame A 620,139 8x21
[PT] bx1 frame I
[PT] bx2 frame A 635,128 2x5
[PT] bx2 frame I
[PT] bx3 frame A 718,128 7x18
[PT] bx3 frame I
[PT] bx4 frame A 699,128 7x17
[PT] bx4 frame I
[PT] bx5 frame A 682,127 7x17
[PT] bx5 frame I
[PT] bx6 frame A 649,127 6x16
[PT] bx6 frame I
[PT] bx7 frame A 644,126 6x14
[PT] bx7 frame I
[PT] bx8 frame A 653,126 6x14
[PT] bx8 frame I
[PT] bx9 frame A 856,129 10x24
[PT] bx9 frame I
[PT] bx10 frame A 94,142 10x24
[PT] bx10 frame I
[PT] bx11 frame A 505,133 7x17
[PT] bx11 frame I
[PT] bx12 frame A 42,130 4x11
[PT] bx12 frame I
[PT] bx13 frame A 674,123 1x3
[PT] bx13 frame I
[PT] ds13 text A 283m
[PT] ds13 text I
[PT] bx14 frame A 463,127 5x12
[PT] bx14 frame I
[PT] bx15 frame A 675,121 1x3
[PT] bx15 frame I
[PT] ds15 text A 283m
[PT] ds15 text I
[PT] bx16 frame A 458,127 5x12
[PT] bx16 frame I
[PT] bx17 frame A 269,89 26x64
[PT] bx17 frame I
[PT] bx18 frame A 637,110 16x39
[PT] bx18 frame I
[PT] bx19 frame A 871,122 9x23
[PT] bx19 frame I
[PT] bx20 frame A 705,109 18x45
[PT] bx20 frame I
[PT] bx21 frame A 521,122 11x28
[PT] bx21 frame I
[PT] bx22 frame A 286,98 24x59
[PT] bx22 frame I
[PT] bx23 frame A 303,94 21x53
[PT] bx23 frame I
[PT] bx24 frame A 785,128 6x15
[PT] bx24 frame I
[PT] bx25 frame A 620,139 8x21
[PT] bx25 frame I
[PT] bx26 frame A 889,111 9x21
[PT] bx26 frame I
[PT] bx27 frame A 556,104 2x6
[PT] bx27 frame I
[PT] tick 313 enemies=49
[PT] bx0 frame A 547,96 3x6
[PT] bx0 frame I
[PT] bx1 frame A 624,138 8x21
[PT] bx1 frame I
[PT] bx2 frame A 639,127 2x5
[PT] bx2 frame I
[PT] bx3 frame A 723,127 7x18
[PT] bx3 frame I
[PT] bx4 frame A 704,126 7x17
[PT] bx4 frame I
[PT] bx5 frame A 686,126 7x17
[PT] bx5 frame I
[PT] bx6 frame A 654,126 6x16
[PT] bx6 frame I
[PT] bx7 frame A 648,125 6x14
[PT] bx7 frame I
[PT] bx8 frame A 658,125 6x14
[PT] bx8 frame I
[PT] bx9 frame A 861,132 10x24
[PT] bx9 frame I
[PT] bx10 frame A 100,141 10x24
[PT] bx10 frame I
[PT] bx11 frame A 508,132 7x17
[PT] bx11 frame I
[PT] bx12 frame A 48,129 4x11
[PT] bx12 frame I
[PT] bx13 frame A 683,122 1x3
[PT] bx13 frame I
[PT] bx14 frame A 466,126 5x12
[PT] bx14 frame I
[PT] bx15 frame A 683,119 1x3
[PT] bx15 frame I
[PT] bx16 frame A 462,126 5x12
[PT] bx16 frame I
[PT] bx17 frame A 270,88 26x64
[PT] bx17 frame I
[PT] bx18 frame A 640,109 16x39
[PT] bx18 frame I
[PT] bx19 frame A 877,120 9x23
[PT] bx19 frame I
[PT] bx20 frame A 702,108 18x46
[PT] bx20 frame I
[PT] bx21 frame A 531,121 11x28
[PT] bx21 frame I
[PT] bx22 frame A 289,97 24x59
[PT] bx22 frame I
[PT] bx23 frame A 305,93 21x53
[PT] bx23 frame I
[PT] bx24 frame A 790,127 6x15
[PT] bx24 frame I
[PT] bx25 frame A 624,138 8x21
[PT] bx25 frame I
[PT] bx26 frame A 896,110 9x22
[PT] bx26 frame I
[PT] bx27 frame A 559,102 2x6
[PT] bx27 frame I
[PT] tick 314 enemies=49
[PT] bx13 frame A 688,121 1x3
[PT] bx13 frame I
[PT] ds13 text A 284m
[PT] ds13 text I
[PT] bx15 frame A 689,118 1x3
[PT] bx15 frame I
[PT] ds15 text A 284m
[PT] ds15 text I
[PT] bx20 frame A 687,106 18x45
[PT] bx20 frame I
[PT] bx21 frame A 540,121 11x28
[PT] bx21 frame I
[PT] ds21 text A 28m
[PT] ds21 text I
[PT] bx26 frame A 898,109 9x22
[PT] bx26 frame I
[PT] tick 315 enemies=49
[PT] bx0 frame A 549,97 3x6
[PT] bx0 frame I
[PT] bx1 frame A 626,139 9x21
[PT] bx1 frame I
[PT] bx2 frame A 642,128 2x5
[PT] bx2 frame I
[PT] bx3 frame A 726,127 7x18
[PT] bx3 frame I
[PT] bx4 frame A 707,127 7x17
[PT] bx4 frame I
[PT] bx5 frame A 689,127 7x17
[PT] bx5 frame I
[PT] bx6 frame A 656,126 6x16
[PT] bx6 frame I
[PT] bx7 frame A 651,126 6x14
[PT] bx7 frame I
[PT] bx8 frame A 661,126 6x14
[PT] bx8 frame I
[PT] bx9 frame A 866,129 10x24
[PT] bx9 frame I
[PT] bx10 frame A 104,141 10x24
[PT] bx10 frame I
[PT] bx11 frame A 511,133 7x17
[PT] bx11 frame I
[PT] bx12 frame A 52,129 4x11
[PT] bx12 frame I
[PT] bx13 frame A 694,123 1x3
[PT] bx13 frame I
[PT] bx14 frame A 469,127 5x12
[PT] bx14 frame I
[PT] bx15 frame A 694,120 1x3
[PT] bx15 frame I
[PT] bx16 frame A 464,127 5x12
[PT] bx16 frame I
[PT] bx17 frame A 273,99 25x63
[PT] bx17 frame I
[PT] bx18 frame A 643,110 16x39
[PT] bx18 frame I
[PT] bx19 frame A 882,121 9x23
[PT] bx19 frame I
[PT] bx20 frame A 682,108 18x45
[PT] bx20 frame I
[PT] bx21 frame A 547,123 11x28
[PT] bx21 frame I
[PT] bx22 frame A 292,98 24x59
[PT] bx22 frame I
[PT] bx23 frame A 307,93 21x53
[PT] bx23 frame I
[PT] bx24 frame A 794,128 6x16
[PT] bx24 frame I
[PT] bx25 frame A 626,139 9x21
[PT] bx25 frame I
[PT] bx26 frame A 901,110 9x22
[PT] bx26 frame I
[PT] bx27 frame A 562,103 2x6
[PT] bx27 frame I
[PT] tick 316 enemies=49
[PT] bx0 frame A 554,98 3x6
[PT] bx0 frame I
[PT] bx1 frame A 631,140 9x21
[PT] bx1 frame I
[PT] bx2 frame A 647,129 2x5
[PT] bx2 frame I
[PT] bx3 frame A 732,128 7x18
[PT] bx3 frame I
[PT] bx4 frame A 712,128 7x17
[PT] bx4 frame I
[PT] bx5 frame A 694,128 7x17
[PT] bx5 frame I
[PT] bx6 frame A 661,127 6x16
[PT] bx6 frame I
[PT] bx7 frame A 655,127 6x14
[PT] bx7 frame I
[PT] bx8 frame A 665,127 6x14
[PT] bx8 frame I
[PT] bx9 frame A 873,130 10x24
[PT] bx9 frame I
[PT] bx10 frame A 110,142 9x24
[PT] bx10 frame I
[PT] bx11 frame A 515,134 7x17
[PT] bx11 frame I
[PT] bx12 frame A 60,130 4x11
[PT] bx12 frame I
[PT] bx13 frame A 704,123 1x3
[PT] bx13 frame I
[PT] bx14 frame A 473,128 5x12
[PT] bx14 frame I
[PT] bx15 frame A 704,121 1x3
[PT] bx15 frame I
[PT] bx16 frame A 468,128 5x12
[PT] bx16 frame I
[PT] bx17 frame A 278,100 25x63
[PT] bx17 frame I
[PT] bx18 frame A 648,111 16x39
[PT] bx18 frame I
[PT] bx19 frame A 889,122 9x24
[PT] bx19 frame I
[PT] bx20 frame A 677,109 18x44
[PT] bx20 frame I
[PT] bx21 frame A 562,124 11x29
[PT] bx21 frame I
[PT] bx22 frame A 295,85 24x60
[PT] bx22 frame I
[PT] bx23 frame A 312,94 21x53
[PT] bx23 frame I
[PT] bx24 frame A 800,129 6x16
[PT] bx24 frame I
[PT] bx25 frame A 631,140 9x21
[PT] bx25 frame I
[PT] bx26 frame A 911,106 9x22
[PT] bx26 frame I
[PT] ds26 text A 52m
[PT] ds26 text I
[PT] bx27 frame A 567,104 2x6
[PT] bx27 frame I
[PT] tick 317 enemies=49
[PT] bx9 frame A 881,130 10x24
[PT] bx9 frame I
[PT] bx10 frame A 111,142 9x24
[PT] bx10 frame I
[PT] bx12 frame A 61,130 4x11
[PT] bx12 frame I
[PT] bx13 frame A 710,124 1x3
[PT] bx13 frame I
[PT] bx15 frame A 710,121 1x3
[PT] bx15 frame I
[PT] bx19 frame A 890,122 9x24
[PT] bx19 frame I
[PT] bx20 frame A 683,109 17x44
[PT] bx20 frame I
[PT] bx21 frame A 573,125 12x29
[PT] bx21 frame I
[PT] ds21 text A 27m
[PT] ds21 text I
[PT] bx22 frame A 295,77 24x60
[PT] bx22 frame I
[PT] bx24 frame A 801,129 6x16
[PT] bx24 frame I
[PT] bx26 frame A 914,103 9x22
[PT] bx26 frame I
[PT] tick 318 enemies=49
[PT] bx0 frame A 556,97 3x6
[PT] bx0 frame I
[PT] bx1 frame A 633,138 9x21
[PT] bx1 frame I
[PT] bx2 frame A 649,128 2x5
[PT] bx2 frame I
[PT] bx3 frame A 735,127 7x18
[PT] bx3 frame I
[PT] bx4 frame A 715,127 7x17
[PT] bx4 frame I
[PT] bx5 frame A 697,127 7x17
[PT] bx5 frame I
[PT] bx6 frame A 664,126 6x16
[PT] bx6 frame I
[PT] bx7 frame A 658,125 6x14
[PT] bx7 frame I
[PT] bx8 frame A 668,125 6x14
[PT] bx8 frame I
[PT] bx9 frame A 890,129 10x25
[PT] bx9 frame I
[PT] bx10 frame A 113,141 9x24
[PT] bx10 frame I
[PT] bx11 frame A 517,132 7x17
[PT] bx11 frame I
[PT] bx12 frame A 63,129 4x11
[PT] bx12 frame I
[PT] bx13 frame A 716,122 1x3
[PT] bx13 frame I
[PT] bx14 frame A 475,126 5x12
[PT] bx14 frame I
[PT] bx15 frame A 716,119 1x3
[PT] bx15 frame I
[PT] bx16 frame A 470,126 5x12
[PT] bx16 frame I
[PT] bx17 frame A 280,99 25x63
[PT] bx17 frame I
[PT] bx18 frame A 650,109 16x39
[PT] bx18 frame I
[PT] bx19 frame A 893,121 10x24
[PT] bx19 frame I
[PT] bx20 frame A 692,108 17x44
[PT] bx20 frame I
[PT] bx21 frame A 580,124 12x29
[PT] bx21 frame I
[PT] bx22 frame A 296,70 24x60
[PT] bx22 frame I
[PT] bx23 frame A 314,93 21x53
[PT] bx23 frame I
[PT] bx24 frame A 803,128 6x16
[PT] bx24 frame I
[PT] bx25 frame A 633,139 9x21
[PT] bx25 frame I
[PT] bx26 frame A 918,99 9x22
[PT] bx26 frame I
[PT] bx27 frame A 569,103 2x6
[PT] bx27 frame I
[PT] tick 319 enemies=49
[PT] bx0 frame A 558,96 3x6
[PT] bx0 frame I
[PT] bx1 frame A 635,138 9x21
[PT] bx1 frame I
[PT] bx2 frame A 651,127 2x5
[PT] bx2 frame I
[PT] bx3 frame A 737,126 7x18
[PT] bx3 frame I
[PT] bx4 frame A 717,126 7x17
[PT] bx4 frame I
[PT] bx5 frame A 699,126 7x17
[PT] bx5 frame I
[PT] bx6 frame A 666,125 6x16
[PT] bx6 frame I
[PT] bx7 frame A 660,125 6x14
[PT] bx7 frame I
[PT] bx8 frame A 670,124 6x14
[PT] bx8 frame I
[PT] bx9 frame A 900,124 10x25
[PT] bx9 frame I
[PT] bx10 frame A 115,140 9x24
[PT] bx10 frame I
[PT] bx11 frame A 519,132 7x17
[PT] bx11 frame I
[PT] bx12 frame A 66,128 4x11
[PT] bx12 frame I
[PT] bx13 frame A 722,121 1x3
[PT] bx13 frame I
[PT] bx14 frame A 476,125 5x12
[PT] bx14 frame I
[PT] bx15 frame A 722,119 1x3
[PT] bx15 frame I
[PT] bx16 frame A 472,126 5x12
[PT] bx16 frame I
[PT] bx17 frame A 280,88 25x64
[PT] bx17 frame I
[PT] bx18 frame A 652,109 16x39
[PT] bx18 frame I
[PT] bx19 frame A 896,120 10x24
[PT] bx19 frame I
[PT] bx20 frame A 697,108 17x43
[PT] bx20 frame I
[PT] ds20 text A 20m
[PT] ds20 text I
[PT] bx21 frame A 596,123 12x29
[PT] bx21 frame I
[PT] bx22 frame A 297,64 24x60
[PT] bx22 frame I
[PT] bx23 frame A 315,92 21x53
[PT] bx23 frame I
[PT] bx24 frame A 806,127 6x16
[PT] bx24 frame I
[PT] bx25 frame A 635,138 9x21
[PT] bx25 frame I
[PT] bx26 frame A 922,97 9x22
[PT] bx26 frame I
[PT] bx27 frame A 571,102 2x6
[PT] bx27 frame I
[PT] tick 320 enemies=49
[PT] bx0 frame A 559,97 3x6
[PT] bx0 frame I
[PT] bx1 frame A 636,139 9x21
[PT] bx1 frame I
[PT] bx2 frame A 653,128 2x5
[PT] bx2 frame I
[PT] bx3 frame A 738,128 7x18
[PT] bx3 frame I
[PT] bx4 frame A 718,127 7x17
[PT] bx4 frame I
[PT] bx5 frame A 700,127 7x17
[PT] bx5 frame I
[PT] bx6 frame A 667,127 6x16
[PT] bx6 frame I
[PT] bx7 frame A 661,126 6x14
[PT] bx7 frame I
[PT] bx8 frame A 671,126 6x14
[PT] bx8 frame I
[PT] bx9 frame A 912,121 10x25
[PT] bx9 frame I
[PT] bx10 frame A 117,141 9x23
[PT] bx10 frame I
[PT] bx11 frame A 520,133 7x17
[PT] bx11 frame I
[PT] bx12 frame A 68,129 4x11
[PT] bx12 frame I
[PT] bx13 frame A 728,123 1x3
[PT] bx13 frame I
[PT] bx14 frame A 478,127 5x12
[PT] bx14 frame I
[PT] bx15 frame A 728,120 1x3
[PT] bx15 frame I
[PT] bx16 frame A 473,127 5x12
[PT] bx16 frame I
[PT] bx17 frame A 282,89 25x63
[PT] bx17 frame I
[PT] bx18 frame A 653,110 16x39
[PT] bx18 frame I
[PT] bx19 frame A 898,121 10x24
[PT] bx19 frame I
[PT] bx20 frame A 701,111 17x43
[PT] bx20 frame I
[PT] bx21 frame A 606,125 12x30
[PT] bx21 frame I
[PT] bx22 frame A 295,64 24x60
[PT] bx22 frame I
[PT] bx23 frame A 317,94 21x52
[PT] bx23 frame I
[PT] bx24 frame A 807,128 6x16
[PT] bx24 frame I
[PT] bx25 frame A 636,139 9x21
[PT] bx25 frame I
[PT] bx26 frame A 924,97 9x22
[PT] bx26 frame I
[PT] bx27 frame A 572,103 2x6
[PT] bx27 frame I
[PT] tick 321 enemies=49
[PT] bx0 frame A 556,97 3x6
[PT] bx0 frame I
[PT] bx1 frame A 634,139 9x21
[PT] bx1 frame I
[PT] bx2 frame A 650,129 2x5
[PT] bx2 frame I
[PT] bx3 frame A 735,128 7x18
[PT] bx3 frame I
[PT] bx4 frame A 716,128 7x17
[PT] bx4 frame I
[PT] bx5 frame A 697,127 7x17
[PT] bx5 frame I
[PT] bx6 frame A 664,127 6x16
[PT] bx6 frame I
[PT] bx7 frame A 658,126 6x14
[PT] bx7 frame I
[PT] bx8 frame A 668,126 6x14
[PT] bx8 frame I
[PT] bx9 frame A 914,119 10x25
[PT] bx9 frame I
[PT] bx10 frame A 114,142 9x24
[PT] bx10 frame I
[PT] bx11 frame A 517,133 7x17
[PT] bx11 frame I
[PT] bx12 frame A 64,130 4x11
[PT] bx12 frame I
[PT] bx13 frame A 729,123 1x3
[PT] bx13 frame I
[PT] bx14 frame A 475,127 5x12
[PT] bx14 frame I
[PT] bx15 frame A 729,121 1x3
[PT] bx15 frame I
[PT] bx16 frame A 471,127 5x12
[PT] bx16 frame I
[PT] bx17 frame A 293,90 25x62
[PT] bx17 frame I
[PT] bx18 frame A 650,110 16x39
[PT] bx18 frame I
[PT] bx19 frame A 894,122 10x24
[PT] bx19 frame I
[PT] bx20 frame A 701,101 17x42
[PT] bx20 frame I
[PT] bx21 frame A 612,125 12x30
[PT] bx21 frame I
[PT] bx22 frame A 290,65 24x60
[PT] bx22 frame I
[PT] bx23 frame A 314,94 21x52
[PT] bx23 frame I
[PT] bx24 frame A 804,128 6x16
[PT] bx24 frame I
[PT] bx25 frame A 634,139 9x21
[PT] bx25 frame I
[PT] bx26 frame A 919,98 9x22
[PT] bx26 frame I
[PT] bx27 frame A 569,103 2x6
[PT] bx27 frame I
[PT] tick 322 enemies=49
[PT] bx9 frame A 922,117 10x25
[PT] bx9 frame I
[PT] ds9 text A 45m
[PT] ds9 text I
[PT] bx13 frame A 732,124 1x3
[PT] bx13 frame I
[PT] bx15 frame A 733,121 1x3
[PT] bx15 frame I
[PT] bx17 frame A 291,90 25x62
[PT] bx17 frame I
[PT] bx19 frame A 893,122 9x24
[PT] bx19 frame I
[PT] bx20 frame A 702,94 17x42
[PT] bx20 frame I
[PT] ds20 text A 21m
[PT] ds20 text I
[PT] bx21 frame A 618,126 12x30
[PT] bx21 frame I
[PT] bx22 frame A 286,68 24x60
[PT] bx22 frame I
[PT] bx26 frame A 918,98 9x22
[PT] bx26 frame I
[PT] tick 323 enemies=49
[PT] bx0 frame A 558,98 3x6
[PT] bx0 frame I
[PT] bx1 frame A 635,140 9x21
[PT] bx1 frame I
[PT] bx2 frame A 651,129 2x5
[PT] bx2 frame I
[PT] bx3 frame A 737,128 7x18
[PT] bx3 frame I
[PT] bx4 frame A 717,128 7x17
[PT] bx4 frame I
[PT] bx5 frame A 699,128 7x17
[PT] bx5 frame I
[PT] bx6 frame A 665,127 6x16
[PT] bx6 frame I
[PT] bx7 frame A 660,127 6x14
[PT] bx7 frame I
[PT] bx8 frame A 670,127 6x14
[PT] bx8 frame I
[PT] bx9 frame A 116,142 9x24
[PT] bx9 frame I
[PT] ds9 text A 42m
[PT] ds9 text I
[PT] bx10 frame A 519,134 7x17
[PT] bx10 frame I
[PT] ds10 text A 47m
[PT] ds10 text I
[PT] bx11 frame A 66,130 4x11
[PT] bx11 frame I
[PT] ds11 text A 99m
[PT] ds11 text I
[PT] bx12 frame A 738,124 1x3
[PT] bx12 frame I
[PT] ds12 text A 284m
[PT] ds12 text I
[PT] bx13 frame A 476,128 5x12
[PT] bx13 frame I
[PT] ds13 text A 67m
[PT] ds13 text I
[PT] bx14 frame A 738,122 1x3
[PT] bx14 frame I
[PT] ds14 text A 284m
[PT] ds14 text I
[PT] bx15 frame A 472,128 5x12
[PT] bx15 frame I
[PT] ds15 text A 67m
[PT] ds15 text I
[PT] bx16 frame A 291,89 25x62
[PT] bx16 frame I
[PT] ds16 text A 12m
[PT] ds16 text I
[PT] bx17 frame A 652,111 16x39
[PT] bx17 frame I
[PT] ds17 text A 21m
[PT] ds17 text I
[PT] bx18 frame A 896,122 10x24
[PT] bx18 frame I
[PT] ds18 text A 46m
[PT] ds18 text I
[PT] bx19 frame A 705,92 17x41
[PT] bx19 frame I
[PT] ds19 text A 21m
[PT] ds19 text I
[PT] bx20 frame A 629,126 12x31
[PT] bx20 frame I
[PT] ds20 text A 27m
[PT] ds20 text I
[PT] bx21 frame A 285,73 24x59
[PT] bx21 frame I
[PT] ds21 text A 13m
[PT] ds21 text I
[PT] bx22 frame A 316,94 21x52
[PT] bx22 frame I
[PT] ds22 text A 15m
[PT] ds22 text I
[PT] bx23 frame A 806,129 6x16
[PT] bx23 frame I
[PT] ds23 text A 64m
[PT] ds23 text I
[PT] bx24 frame A 635,140 9x21
[PT] bx24 frame I
[PT] nm24 text A BOT
[PT] nm24 text I
[PT] ds24 text A 39m
[PT] ds24 text I
[PT] bx25 frame A 921,98 9x22
[PT] bx25 frame I
[PT] nm25 text A Player
[PT] nm25 text I
[PT] ds25 text A 52m
[PT] ds25 text I
[PT] bx26 frame A 570,104 2x6
[PT] bx26 frame I
[PT] nm26 text A BOT
[PT] nm26 text I
[PT] ds26 text A 150m
[PT] ds26 text I
[PT] bx27 hide A
[PT] nm27 hide A
[PT] ds27 hide A
[PT] tick 324 enemies=49
[PT] bx0 frame A 556,97 3x6
[PT] bx0 frame I
[PT] bx1 frame A 633,139 9x21
[PT] bx1 frame I
[PT] bx2 frame A 649,129 2x5
[PT] bx2 frame I
[PT] bx3 frame A 735,128 7x18
[PT] bx3 frame I
[PT] bx4 frame A 715,128 7x17
[PT] bx4 frame I
[PT] bx5 frame A 697,127 7x17
[PT] bx5 frame I
[PT] bx6 frame A 664,127 6x16
[PT] bx6 frame I
[PT] bx7 frame A 658,126 6x14
[PT] bx7 frame I
[PT] bx8 frame A 668,126 6x14
[PT] bx8 frame I
[PT] bx9 frame A 113,142 9x24
[PT] bx9 frame I
[PT] bx10 frame A 517,133 7x17
[PT] bx10 frame I
[PT] bx11 frame A 64,130 4x11
[PT] bx11 frame I
[PT] bx12 frame A 741,124 1x3
[PT] bx12 frame I
[PT] ds12 text A 283m
[PT] ds12 text I
[PT] bx13 frame A 475,127 5x12
[PT] bx13 frame I
[PT] bx14 frame A 741,121 1x3
[PT] bx14 frame I
[PT] ds14 text A 283m
[PT] ds14 text I
[PT] bx15 frame A 470,127 5x12
[PT] bx15 frame I
[PT] bx16 frame A 289,89 25x62
[PT] bx16 frame I
[PT] bx17 frame A 650,110 16x39
[PT] bx17 frame I
[PT] bx18 frame A 893,122 10x24
[PT] bx18 frame I
[PT] bx19 frame A 705,89 16x41
[PT] bx19 frame I
[PT] ds19 text A 22m
[PT] ds19 text I
[PT] bx20 frame A 636,126 12x31
[PT] bx20 frame I
[PT] ds20 text A 26m
[PT] ds20 text I
[PT] bx21 frame A 280,82 23x59
[PT] bx21 frame I
[PT] ds21 text A 14m
[PT] ds21 text I
[PT] bx22 frame A 314,94 21x52
[PT] bx22 frame I
[PT] bx23 frame A 803,128 6x16
[PT] bx23 frame I
[PT] bx24 frame A 633,139 9x21
[PT] bx24 frame I
[PT] bx25 frame A 923,98 9x22
[PT] bx25 frame I
[PT] bx26 frame A 569,104 2x6
[PT] bx26 frame I
[PT] tick 325 enemies=49
[PT] bx12 frame A 747,124 1x3
[PT] bx12 frame I
[PT] bx14 frame A 747,121 1x3
[PT] bx14 frame I
[PT] ds14 text A 282m
[PT] ds14 text I
[PT] bx20 frame A 648,126 13x32
[PT] bx20 frame I
[PT] bx21 frame A 279,88 23x58
[PT] bx21 frame I
[PT] bx25 frame A 569,104 2x6
[PT] bx25 frame I
[PT] nm25 text A BOT
[PT] nm25 text I
[PT] ds25 text A 150m
[PT] ds25 text I
[PT] bx26 hide A
[PT] nm26 hide A
[PT] ds26 hide A
[PT] tick 326 enemies=49
[PT] bx0 frame A 555,97 3x6
[PT] bx0 frame I
[PT] bx1 frame A 632,139 9x21
[PT] bx1 frame I
[PT] bx2 frame A 648,129 2x5
[PT] bx2 frame I
[PT] bx3 frame A 733,128 7x18
[PT] bx3 frame I
[PT] bx4 frame A 714,128 7x17
[PT] bx4 frame I
[PT] bx5 frame A 695,127 7x17
[PT] bx5 frame I
[PT] bx6 frame A 662,127 6x16
[PT] bx6 frame I
[PT] bx7 frame A 657,126 6x14
[PT] bx7 frame I
[PT] bx8 frame A 667,126 6x14
[PT] bx8 frame I
[PT] bx9 frame A 112,142 9x24
[PT] bx9 frame I
[PT] bx10 frame A 516,133 7x17
[PT] bx10 frame I
[PT] bx11 frame A 62,130 4x11
[PT] bx11 frame I
[PT] bx12 frame A 749,124 1x3
[PT] bx12 frame I
[PT] ds12 text A 282m
[PT] ds12 text I
[PT] bx13 frame A 474,127 5x12
[PT] bx13 frame I
[PT] bx14 frame A 749,121 1x3
[PT] bx14 frame I
[PT] bx15 frame A 469,127 5x12
[PT] bx15 frame I
[PT] bx16 frame A 288,89 25x62
[PT] bx16 frame I
[PT] bx17 frame A 649,110 16x39
[PT] bx17 frame I
[PT] bx18 frame A 891,122 9x24
[PT] bx18 frame I
[PT] bx19 frame A 704,90 16x39
[PT] bx19 frame I
[PT] ds19 text A 23m
[PT] ds19 text I
[PT] bx20 frame A 656,127 13x32
[PT] bx20 frame I
[PT] bx21 frame A 275,93 23x58
[PT] bx21 frame I
[PT] bx22 frame A 313,94 21x53
[PT] bx22 frame I
[PT] bx23 frame A 802,128 6x16
[PT] bx23 frame I
[PT] bx24 frame A 632,139 9x21
[PT] bx24 frame I
[PT] bx25 frame A 568,104 2x6
[PT] bx25 frame I
[PT] tick 327 enemies=49
[PT] bx0 frame A 553,96 3x6
[PT] bx0 frame I
[PT] bx1 frame A 631,138 9x21
[PT] bx1 frame I
[PT] bx2 frame A 647,127 2x5
[PT] bx2 frame I
[PT] bx3 frame A 732,127 7x18
[PT] bx3 frame I
[PT] bx4 frame A 712,126 7x17
[PT] bx4 frame I
[PT] bx5 frame A 694,126 7x17
[PT] bx5 frame I
[PT] bx6 frame A 661,126 6x16
[PT] bx6 frame I
[PT] bx7 frame A 655,125 6x14
[PT] bx7 frame I
[PT] bx8 frame A 665,125 6x14
[PT] bx8 frame I
[PT] bx9 frame A 110,141 9x24
[PT] bx9 frame I
[PT] bx10 frame A 515,132 7x17
[PT] bx10 frame I
[PT] bx11 frame A 59,128 4x11
[PT] bx11 frame I
[PT] bx12 frame A 752,123 1x3
[PT] bx12 frame I
[PT] ds12 text A 281m
[PT] ds12 text I
[PT] bx13 frame A 473,126 5x12
[PT] bx13 frame I
[PT] bx14 frame A 752,120 1x3
[PT] bx14 frame I
[PT] ds14 text A 281m
[PT] ds14 text I
[PT] bx15 frame A 468,126 5x12
[PT] bx15 frame I
[PT] bx16 frame A 287,88 25x63
[PT] bx16 frame I
[PT] bx17 frame A 647,109 16x39
[PT] bx17 frame I
[PT] bx18 frame A 889,120 9x24
[PT] bx18 frame I
[PT] bx19 frame A 702,92 15x38
[PT] bx19 frame I
[PT] bx20 frame A 663,126 13x32
[PT] bx20 frame I
[PT] bx21 frame A 275,91 23x58
[PT] bx21 frame I
[PT] bx22 frame A 311,93 21x53
[PT] bx22 frame I
[PT] bx23 frame A 800,127 6x16
[PT] bx23 frame I
[PT] bx24 frame A 631,138 9x21
[PT] bx24 frame I
[PT] bx25 frame A 566,102 2x6
[PT] bx25 frame I
[PT] tick 328 enemies=49
[PT] bx0 frame A 552,95 3x6
[PT] bx0 frame I
[PT] bx1 frame A 630,137 9x21
[PT] bx1 frame I
[PT] bx2 frame A 646,126 2x5
[PT] bx2 frame I
[PT] bx3 frame A 730,125 7x18
[PT] bx3 frame I
[PT] bx4 frame A 711,125 7x17
[PT] bx4 frame I
[PT] bx5 frame A 693,125 7x17
[PT] bx5 frame I
[PT] bx6 frame A 660,124 6x16
[PT] bx6 frame I
[PT] bx7 frame A 654,124 6x14
[PT] bx7 frame I
[PT] bx8 frame A 664,123 6x14
[PT] bx8 frame I
[PT] bx9 frame A 108,139 10x24
[PT] bx9 frame I
[PT] bx10 frame A 514,131 7x17
[PT] bx10 frame I
[PT] bx11 frame A 57,127 4x11
[PT] bx11 frame I
[PT] bx12 frame A 755,122 1x4
[PT] bx12 frame I
[PT] ds12 text A 280m
[PT] ds12 text I
[PT] bx13 frame A 471,124 5x12
[PT] bx13 frame I
[PT] bx14 frame A 755,119 1x4
[PT] bx14 frame I
[PT] ds14 text A 280m
[PT] ds14 text I
[PT] bx15 frame A 467,125 5x12
[PT] bx15 frame I
[PT] bx16 frame A 286,86 25x63
[PT] bx16 frame I
[PT] bx17 frame A 646,108 16x39
[PT] bx17 frame I
[PT] bx18 frame A 887,119 9x24
[PT] bx18 frame I
[PT] bx19 frame A 701,94 15x38
[PT] bx19 frame I
[PT] bx20 frame A 674,123 13x32
[PT] bx20 frame I
[PT] bx21 frame A 274,90 23x58
[PT] bx21 frame I
[PT] bx22 frame A 315,92 21x52
[PT] bx22 frame I
[PT] bx23 frame A 798,126 6x16
[PT] bx23 frame I
[PT] bx24 frame A 630,137 9x21
[PT] bx24 frame I
[PT] bx25 frame A 565,101 2x6
[PT] bx25 frame I
[PT] tick 329 enemies=50
[PT] bx0 frame A 553,93 3x6
[PT] bx0 frame I
[PT] bx1 frame A 630,136 9x21
[PT] bx1 frame I
[PT] bx2 frame A 646,125 2x5
[PT] bx2 frame I
[PT] bx3 frame A 731,124 7x18
[PT] bx3 frame I
[PT] bx4 frame A 711,124 7x17
[PT] bx4 frame I
[PT] bx5 frame A 693,124 7x17
[PT] bx5 frame I
[PT] bx6 frame A 660,123 6x16
[PT] bx6 frame I
[PT] bx7 frame A 654,122 6x14
[PT] bx7 frame I
[PT] bx8 frame A 664,122 6x14
[PT] bx8 frame I
[PT] bx9 frame A 108,138 10x24
[PT] bx9 frame I
[PT] bx10 frame A 514,129 7x17
[PT] bx10 frame I
[PT] bx11 frame A 57,126 4x11
[PT] bx11 frame I
[PT] bx12 frame A 760,121 1x4
[PT] bx12 frame I
[PT] ds12 text A 279m
[PT] ds12 text I
[PT] bx13 frame A 472,123 5x12
[PT] bx13 frame I
[PT] bx14 frame A 760,118 1x4
[PT] bx14 frame I
[PT] ds14 text A 279m
[PT] ds14 text I
[PT] bx15 frame A 467,123 5x12
[PT] bx15 frame I
[PT] bx16 frame A 286,96 25x62
[PT] bx16 frame I
[PT] bx17 frame A 647,107 16x39
[PT] bx17 frame I
[PT] bx18 frame A 888,118 9x24
[PT] bx18 frame I
[PT] bx19 frame A 701,97 15x37
[PT] bx19 frame I
[PT] ds19 text A 24m
[PT] ds19 text I
[PT] bx20 frame A 683,123 13x33
[PT] bx20 frame I
[PT] bx21 frame A 274,89 23x58
[PT] bx21 frame I
[PT] bx22 frame A 322,91 20x51
[PT] bx22 frame I
[PT] bx23 frame A 799,124 6x16
[PT] bx23 frame I
[PT] bx24 frame A 630,136 9x21
[PT] bx24 frame I
[PT] bx25 frame A 565,100 2x6
[PT] bx25 frame I
[PT] bx26 frame A 656,81 16x40
[PT] bx26 frame I
[PT] bx26 show A
[PT] nm26 text A Player
[PT] nm26 text I
[PT] nm26 show A
[PT] ds26 text A 21m
[PT] ds26 text I
[PT] ds26 show A
[PT] tick 330 enemies=50
[PT] bx0 frame A 552,92 3x6
[PT] bx0 frame I
[PT] bx1 frame A 629,134 9x21
[PT] bx1 frame I
[PT] bx2 frame A 645,123 2x5
[PT] bx2 frame I
[PT] bx3 frame A 730,123 7x18
[PT] bx3 frame I
[PT] bx4 frame A 710,123 7x17
[PT] bx4 frame I
[PT] bx5 frame A 692,122 7x17
[PT] bx5 frame I
[PT] bx6 frame A 659,122 6x16
[PT] bx6 frame I
[PT] bx7 frame A 653,121 6x14
[PT] bx7 frame I
[PT] bx8 frame A 663,121 6x14
[PT] bx8 frame I
[PT] bx9 frame A 106,137 10x24
[PT] bx9 frame I
[PT] bx10 frame A 513,128 7x17
[PT] bx10 frame I
[PT] bx11 frame A 55,125 4x11
[PT] bx11 frame I
[PT] bx12 frame A 766,120 1x4
[PT] bx12 frame I
[PT] ds12 text A 277m
[PT] ds12 text I
[PT] bx13 frame A 471,122 5x12
[PT] bx13 frame I
[PT] bx14 frame A 766,117 1x4
[PT] bx14 frame I
[PT] ds14 text A 277m
[PT] ds14 text I
[PT] bx15 frame A 466,122 5x12
[PT] bx15 frame I
[PT] bx16 frame A 285,95 25x62
[PT] bx16 frame I
[PT] bx17 frame A 646,106 16x39
[PT] bx17 frame I
[PT] bx18 frame A 886,117 9x24
[PT] bx18 frame I
[PT] bx19 frame A 698,110 14x36
[PT] bx19 frame I
[PT] bx20 frame A 702,122 13x33
[PT] bx20 frame I
[PT] bx21 frame A 289,88 23x57
[PT] bx21 frame I
[PT] bx22 frame A 319,90 21x51
[PT] bx22 frame I
[PT] bx23 frame A 798,123 6x16
[PT] bx23 frame I
[PT] bx24 frame A 629,134 9x21
[PT] bx24 frame I
[PT] bx25 frame A 564,98 2x6
[PT] bx25 frame I
[PT] bx26 frame A 655,79 16x40
[PT] bx26 frame I
[PT] tick 331 enemies=50
[PT] bx0 frame A 551,90 3x6
[PT] bx0 frame I
[PT] bx1 frame A 628,133 9x21
[PT] bx1 frame I
[PT] bx2 frame A 644,122 2x5
[PT] bx2 frame I
[PT] bx3 frame A 729,121 7x18
[PT] bx3 frame I
[PT] bx4 frame A 709,121 7x17
[PT] bx4 frame I
[PT] bx5 frame A 691,121 7x17
[PT] bx5 frame I
[PT] bx6 frame A 658,120 6x16
[PT] bx6 frame I
[PT] bx7 frame A 653,120 6x14
[PT] bx7 frame I
[PT] bx8 frame A 663,119 6x14
[PT] bx8 frame I
[PT] bx9 frame A 105,135 10x24
[PT] bx9 frame I
[PT] bx10 frame A 512,127 7x17
[PT] bx10 frame I
[PT] bx11 frame A 54,123 4x11
[PT] bx11 frame I
[PT] bx12 frame A 770,118 1x4
[PT] bx12 frame I
[PT] ds12 text A 276m
[PT] ds12 text I
[PT] bx13 frame A 470,120 5x12
[PT] bx13 frame I
[PT] bx14 frame A 770,115 1x4
[PT] bx14 frame I
[PT] ds14 text A 276m
[PT] ds14 text I
[PT] bx15 frame A 465,121 5x12
[PT] bx15 frame I
[PT] bx16 frame A 285,93 25x62
[PT] bx16 frame I
[PT] bx17 frame A 645,104 16x39
[PT] bx17 frame I
[PT] bx18 frame A 885,115 9x24
[PT] bx18 frame I
[PT] bx19 frame A 697,117 14x35
[PT] bx19 frame I
[PT] ds19 text A 25m
[PT] ds19 text I
[PT] bx20 frame A 714,121 14x34
[PT] bx20 frame I
[PT] bx21 frame A 301,92 22x55
[PT] bx21 frame I
[PT] bx22 frame A 319,88 21x52
[PT] bx22 frame I
[PT] bx23 frame A 797,122 6x16
[PT] bx23 frame I
[PT] bx24 frame A 628,133 9x21
[PT] bx24 frame I
[PT] bx25 frame A 564,97 2x6
[PT] bx25 frame I
[PT] bx26 frame A 655,77 16x40
[PT] bx26 frame I
[PT] tick 332 enemies=50
[PT] bx0 frame A 551,87 3x6
[PT] bx0 frame I
[PT] bx1 frame A 628,130 9x21
[PT] bx1 frame I
[PT] bx2 frame A 644,119 2x5
[PT] bx2 frame I
[PT] bx3 frame A 729,118 7x18
[PT] bx3 frame I
[PT] bx4 frame A 709,118 7x17
[PT] bx4 frame I
[PT] bx5 frame A 691,118 7x17
[PT] bx5 frame I
[PT] bx6 frame A 658,117 6x16
[PT] bx6 frame I
[PT] bx7 frame A 653,117 6x14
[PT] bx7 frame I
[PT] bx8 frame A 663,116 6x14
[PT] bx8 frame I
[PT] bx9 frame A 104,133 10x24
[PT] bx9 frame I
[PT] bx10 frame A 512,124 7x17
[PT] bx10 frame I
[PT] bx11 frame A 53,120 4x11
[PT] bx11 frame I
[PT] bx12 frame A 774,115 1x4
[PT] bx12 frame I
[PT] ds12 text A 275m
[PT] ds12 text I
[PT] bx13 frame A 470,118 5x12
[PT] bx13 frame I
[PT] bx14 frame A 774,112 1x4
[PT] bx14 frame I
[PT] ds14 text A 275m
[PT] ds14 text I
[PT] bx15 frame A 465,118 5x12
[PT] bx15 frame I
[PT] bx16 frame A 284,90 25x63
[PT] bx16 frame I
[PT] bx17 frame A 645,101 16x39
[PT] bx17 frame I
[PT] bx18 frame A 885,112 9x24
[PT] bx18 frame I
[PT] bx19 frame A 700,118 14x35
[PT] bx19 frame I
[PT] bx20 frame A 724,119 14x34
[PT] bx20 frame I
[PT] bx21 frame A 297,88 22x56
[PT] bx21 frame I
[PT] bx22 frame A 318,85 21x52
[PT] bx22 frame I
[PT] bx23 frame A 797,119 6x16
[PT] bx23 frame I
[PT] bx24 frame A 628,130 9x21
[PT] bx24 frame I
[PT] bx25 frame A 564,93 2x6
[PT] bx25 frame I
[PT] bx26 frame A 657,76 16x40
[PT] bx26 frame I
[PT] tick 333 enemies=50
[PT] bx0 frame A 549,84 3x6
[PT] bx0 frame I
[PT] bx1 frame A 627,127 9x21
[PT] bx1 frame I
[PT] bx2 frame A 642,116 2x5
[PT] bx2 frame I
[PT] bx3 frame A 727,116 7x18
[PT] bx3 frame I
[PT] bx4 frame A 708,115 7x17
[PT] bx4 frame I
[PT] bx5 frame A 690,115 7x17
[PT] bx5 frame I
[PT] bx6 frame A 657,114 6x16
[PT] bx6 frame I
[PT] bx7 frame A 651,114 6x14
[PT] bx7 frame I
[PT] bx8 frame A 661,114 6x14
[PT] bx8 frame I
[PT] bx9 frame A 101,130 10x24
[PT] bx9 frame I
[PT] bx10 frame A 511,121 7x17
[PT] bx10 frame I
[PT] bx11 frame A 50,117 4x11
[PT] bx11 frame I
[PT] bx12 frame A 776,112 1x4
[PT] bx12 frame I
[PT] ds12 text A 274m
[PT] ds12 text I
[PT] bx13 frame A 468,115 5x12
[PT] bx13 frame I
[PT] bx14 frame A 777,109 1x4
[PT] bx14 frame I
[PT] ds14 text A 274m
[PT] ds14 text I
[PT] bx15 frame A 464,115 5x12
[PT] bx15 frame I
[PT] bx16 frame A 282,88 25x63
[PT] bx16 frame I
[PT] bx17 frame A 644,99 16x39
[PT] bx17 frame I
[PT] bx18 frame A 883,109 9x24
[PT] bx18 frame I
[PT] bx19 frame A 698,116 14x35
[PT] bx19 frame I
[PT] bx20 frame A 732,118 14x34
[PT] bx20 frame I
[PT] bx21 frame A 295,85 23x56
[PT] bx21 frame I
[PT] bx22 frame A 316,83 21x52
[PT] bx22 frame I
[PT] bx23 frame A 795,116 6x16
[PT] bx23 frame I
[PT] bx24 frame A 627,127 9x21
[PT] bx24 frame I
[PT] bx25 frame A 562,91 2x6
[PT] bx25 frame I
[PT] tick 334 enemies=50
[PT] bx12 frame A 781,111 1x4
[PT] bx12 frame I
[PT] ds12 text A 273m
[PT] ds12 text I
[PT] bx14 frame A 781,108 1x4
[PT] bx14 frame I
[PT] ds14 text A 272m
[PT] ds14 text I
[PT] bx16 frame A 282,77 25x63
[PT] bx16 frame I
[PT] bx19 frame A 699,115 14x35
[PT] bx19 frame I
[PT] bx20 frame A 750,119 14x35
[PT] bx20 frame I
[PT] bx22 frame A 323,83 20x51
[PT] bx22 frame I
[PT] bx26 frame A 658,75 16x41
[PT] bx26 frame I
[PT] tick 335 enemies=50
[PT] bx0 frame A 551,82 3x6
[PT] bx0 frame I
[PT] bx1 frame A 628,125 9x21
[PT] bx1 frame I
[PT] bx2 frame A 644,114 2x5
[PT] bx2 frame I
[PT] bx3 frame A 729,114 7x18
[PT] bx3 frame I
[PT] bx4 frame A 709,113 7x17
[PT] bx4 frame I
[PT] bx5 frame A 691,113 7x17
[PT] bx5 frame I
[PT] bx6 frame A 658,112 6x16
[PT] bx6 frame I
[PT] bx7 frame A 652,112 6x14
[PT] bx7 frame I
[PT] bx8 frame A 663,112 6x14
[PT] bx8 frame I
[PT] bx9 frame A 919,115 10x25
[PT] bx9 frame I
[PT] ds9 text A 46m
[PT] ds9 text I
[PT] bx10 frame A 103,128 10x24
[PT] bx10 frame I
[PT] ds10 text A 42m
[PT] ds10 text I
[PT] bx11 frame A 512,119 7x17
[PT] bx11 frame I
[PT] ds11 text A 47m
[PT] ds11 text I
[PT] bx12 frame A 51,115 4x11
[PT] bx12 frame I
[PT] ds12 text A 99m
[PT] ds12 text I
[PT] bx13 frame A 786,110 2x4
[PT] bx13 frame I
[PT] ds13 text A 272m
[PT] ds13 text I
[PT] bx14 frame A 469,113 5x12
[PT] bx14 frame I
[PT] ds14 text A 67m
[PT] ds14 text I
[PT] bx15 frame A 786,107 2x4
[PT] bx15 frame I
[PT] ds15 text A 271m
[PT] ds15 text I
[PT] bx16 frame A 465,113 5x12
[PT] bx16 frame I
[PT] ds16 text A 67m
[PT] ds16 text I
[PT] bx17 frame A 282,76 25x63
[PT] bx17 frame I
[PT] ds17 text A 12m
[PT] ds17 text I
[PT] bx18 frame A 645,97 16x40
[PT] bx18 frame I
[PT] ds18 text A 21m
[PT] ds18 text I
[PT] bx19 frame A 886,107 10x24
[PT] bx19 frame I
[PT] ds19 text A 46m
[PT] ds19 text I
[PT] bx20 frame A 702,113 14x35
[PT] bx20 frame I
[PT] ds20 text A 25m
[PT] ds20 text I
[PT] bx21 frame A 763,118 14x36
[PT] bx21 frame I
[PT] ds21 text A 26m
[PT] ds21 text I
[PT] bx22 frame A 296,83 23x56
[PT] bx22 frame I
[PT] ds22 text A 14m
[PT] ds22 text I
[PT] bx23 frame A 334,84 20x50
[PT] bx23 frame I
[PT] ds23 text A 16m
[PT] ds23 text I
[PT] bx24 frame A 797,114 6x16
[PT] bx24 frame I
[PT] nm24 text A Player
[PT] nm24 text I
[PT] ds24 text A 64m
[PT] ds24 text I
[PT] bx25 frame A 628,125 9x21
[PT] bx25 frame I
[PT] ds25 text A 39m
[PT] ds25 text I
[PT] bx26 frame A 564,88 2x6
[PT] bx26 frame I
[PT] nm26 text A BOT
[PT] nm26 text I
[PT] ds26 text A 150m
[PT] ds26 text I
[PT] bx27 frame A 658,71 16x41
[PT] bx27 frame I
[PT] bx27 show A
[PT] nm27 text A Player
[PT] nm27 text I
[PT] nm27 show A
[PT] ds27 text A 21m
[PT] ds27 text I
[PT] ds27 show A
[PT] tick 336 enemies=50
[PT] bx0 frame A 553,83 3x6
[PT] bx0 frame I
[PT] bx1 frame A 631,126 9x21
[PT] bx1 frame I
[PT] bx2 frame A 647,115 2x5
[PT] bx2 frame I
[PT] bx3 frame A 732,115 7x18
[PT] bx3 frame I
[PT] bx4 frame A 712,114 7x17
[PT] bx4 frame I
[PT] bx5 frame A 694,114 7x17
[PT] bx5 frame I
[PT] bx6 frame A 661,113 6x16
[PT] bx6 frame I
[PT] bx7 frame A 655,113 6x14
[PT] bx7 frame I
[PT] bx8 frame A 665,113 6x14
[PT] bx8 frame I
[PT] bx9 frame A 912,116 10x25
[PT] bx9 frame I
[PT] ds9 text A 45m
[PT] ds9 text I
[PT] bx10 frame A 107,129 10x24
[PT] bx10 frame I
[PT] bx11 frame A 514,120 7x17
[PT] bx11 frame I
[PT] bx12 frame A 56,116 4x11
[PT] bx12 frame I
[PT] bx13 frame A 794,111 2x4
[PT] bx13 frame I
[PT] ds13 text A 270m
[PT] ds13 text I
[PT] bx14 frame A 472,114 5x12
[PT] bx14 frame I
[PT] bx15 frame A 795,108 2x4
[PT] bx15 frame I
[PT] ds15 text A 270m
[PT] ds15 text I
[PT] bx16 frame A 467,114 5x12
[PT] bx16 frame I
[PT] bx17 frame A 285,77 25x63
[PT] bx17 frame I
[PT] bx18 frame A 648,98 16x40
[PT] bx18 frame I
[PT] bx19 frame A 890,108 10x24
[PT] bx19 frame I
[PT] bx20 frame A 707,113 14x36
[PT] bx20 frame I
[PT] ds20 text A 24m
[PT] ds20 text I
[PT] bx21 frame A 782,119 15x37
[PT] bx21 frame I
[PT] ds21 text A 25m
[PT] ds21 text I
[PT] bx22 frame A 298,84 22x56
[PT] bx22 frame I
[PT] bx23 frame A 354,87 19x48
[PT] bx23 frame I
[PT] bx24 frame A 800,115 6x16
[PT] bx24 frame I
[PT] bx25 frame A 631,126 9x21
[PT] bx25 frame I
[PT] bx26 frame A 566,89 2x6
[PT] bx26 frame I
[PT] tick 337 enemies=50
[PT] bx0 frame A 555,96 3x6
[PT] bx0 frame I
[PT] bx1 frame A 632,138 9x21
[PT] bx1 frame I
[PT] bx2 frame A 648,127 2x5
[PT] bx2 frame I
[PT] bx3 frame A 733,127 7x18
[PT] bx3 frame I
[PT] bx4 frame A 714,127 7x17
[PT] bx4 frame I
[PT] bx5 frame A 696,126 7x17
[PT] bx5 frame I
[PT] bx6 frame A 663,126 6x16
[PT] bx6 frame I
[PT] bx7 frame A 657,125 6x14
[PT] bx7 frame I
[PT] bx8 frame A 667,125 6x14
[PT] bx8 frame I
[PT] bx9 frame A 908,128 10x24
[PT] bx9 frame I
[PT] bx10 frame A 112,141 9x24
[PT] bx10 frame I
[PT] bx11 frame A 516,132 7x17
[PT] bx11 frame I
[PT] bx12 frame A 62,128 4x11
[PT] bx12 frame I
[PT] bx13 frame A 800,124 2x4
[PT] bx13 frame I
[PT] bx14 frame A 474,126 5x12
[PT] bx14 frame I
[PT] bx15 frame A 800,121 2x4
[PT] bx15 frame I
[PT] ds15 text A 269m
[PT] ds15 text I
[PT] bx16 frame A 469,126 5x12
[PT] bx16 frame I
[PT] bx17 frame A 288,88 25x62
[PT] bx17 frame I
[PT] bx18 frame A 649,109 16x39
[PT] bx18 frame I
[PT] bx19 frame A 891,121 9x24
[PT] bx19 frame I
[PT] bx20 frame A 710,117 15x37
[PT] bx20 frame I
[PT] bx21 frame A 794,131 15x37
[PT] bx21 frame I
[PT] bx22 frame A 302,96 22x56
[PT] bx22 frame I
[PT] bx23 frame A 374,96 19x48
[PT] bx23 frame I
[PT] bx24 frame A 802,127 6x16
[PT] bx24 frame I
[PT] bx25 frame A 632,138 9x21
[PT] bx25 frame I
[PT] bx26 frame A 568,102 2x6
[PT] bx26 frame I
[PT] bx27 frame A 658,85 16x41
[PT] bx27 frame I
[PT] tick 338 enemies=50
[PT] bx0 frame A 552,85 3x6
[PT] bx0 frame I
[PT] bx1 frame A 629,128 9x21
[PT] bx1 frame I
[PT] bx2 frame A 645,117 2x5
[PT] bx2 frame I
[PT] bx3 frame A 730,116 7x18
[PT] bx3 frame I
[PT] bx4 frame A 710,116 7x17
[PT] bx4 frame I
[PT] bx5 frame A 692,116 7x17
[PT] bx5 frame I
[PT] bx6 frame A 659,115 6x16
[PT] bx6 frame I
[PT] bx7 frame A 654,115 6x14
[PT] bx7 frame I
[PT] bx8 frame A 664,114 6x14
[PT] bx8 frame I
[PT] bx9 frame A 900,118 10x25
[PT] bx9 frame I
[PT] bx10 frame A 105,131 10x24
[PT] bx10 frame I
[PT] bx11 frame A 513,122 7x17
[PT] bx11 frame I
[PT] bx12 frame A 54,118 4x11
[PT] bx12 frame I
[PT] bx13 frame A 801,113 2x4
[PT] bx13 frame I
[PT] ds13 text A 269m
[PT] ds13 text I
[PT] bx14 frame A 470,115 5x12
[PT] bx14 frame I
[PT] bx15 frame A 802,110 2x4
[PT] bx15 frame I
[PT] ds15 text A 268m
[PT] ds15 text I
[PT] bx16 frame A 466,116 5x12
[PT] bx16 frame I
[PT] bx17 frame A 283,78 25x63
[PT] bx17 frame I
[PT] bx18 frame A 646,99 16x40
[PT] bx18 frame I
[PT] bx19 frame A 887,110 10x24
[PT] bx19 frame I
[PT] bx20 frame A 709,101 15x38
[PT] bx20 frame I
[PT] ds20 text A 23m
[PT] ds20 text I
[PT] bx21 frame A 809,124 15x38
[PT] bx21 frame I
[PT] bx22 frame A 297,86 22x56
[PT] bx22 frame I
[PT] bx23 frame A 385,86 19x49
[PT] bx23 frame I
[PT] bx24 frame A 798,117 6x16
[PT] bx24 frame I
[PT] bx25 frame A 629,128 9x21
[PT] bx25 frame I
[PT] bx26 frame A 565,91 2x6
[PT] bx26 frame I
[PT] bx27 frame A 656,74 16x41
[PT] bx27 frame I
[PT] tick 339 enemies=50
[PT] bx0 frame A 546,71 3x6
[PT] bx0 frame I
[PT] bx1 frame A 624,115 9x22
[PT] bx1 frame I
[PT] bx2 frame A 639,103 2x5
[PT] bx2 frame I
[PT] bx3 frame A 724,103 7x18
[PT] bx3 frame I
[PT] bx4 frame A 705,103 7x18
[PT] bx4 frame I
[PT] bx5 frame A 687,103 7x17
[PT] bx5 frame I
[PT] bx6 frame A 654,102 6x16
[PT] bx6 frame I
[PT] bx7 frame A 648,101 6x14
[PT] bx7 frame I
[PT] bx8 frame A 658,101 6x14
[PT] bx8 frame I
[PT] bx9 frame A 888,105 10x25
[PT] bx9 frame I
[PT] bx10 frame A 94,118 10x24
[PT] bx10 frame I
[PT] bx11 frame A 507,109 7x17
[PT] bx11 frame I
[PT] bx12 frame A 41,105 5x11
[PT] bx12 frame I
[PT] bx13 frame A 799,100 2x4
[PT] bx13 frame I
[PT] ds13 text A 268m
[PT] ds13 text I
[PT] bx14 frame A 465,102 5x12
[PT] bx14 frame I
[PT] bx15 frame A 800,96 2x4
[PT] bx15 frame I
[PT] bx16 frame A 460,102 5x12
[PT] bx16 frame I
[PT] bx17 frame A 276,66 26x64
[PT] bx17 frame I
[PT] bx18 frame A 641,87 16x40
[PT] bx18 frame I
[PT] bx19 frame A 879,97 10x24
[PT] bx19 frame I
[PT] bx20 frame A 705,86 15x39
[PT] bx20 frame I
[PT] bx21 frame A 817,111 15x38
[PT] bx21 frame I
[PT] ds21 text A 26m
[PT] ds21 text I
[PT] bx22 frame A 290,73 23x57
[PT] bx22 frame I
[PT] bx23 frame A 393,74 20x49
[PT] bx23 frame I
[PT] ds23 text A 15m
[PT] ds23 text I
[PT] bx24 frame A 792,103 6x16
[PT] bx24 frame I
[PT] bx25 frame A 624,115 9x22
[PT] bx25 frame I
[PT] bx26 frame A 559,77 2x6
[PT] bx26 frame I
[PT] bx27 frame A 652,60 17x41
[PT] bx27 frame I
[PT] tick 340 enemies=50
[PT] bx0 frame A 522,69 3x6
[PT] bx0 frame I
[PT] bx1 frame A 599,112 9x21
[PT] bx1 frame I
[PT] bx2 frame A 614,100 2x5
[PT] bx2 frame I
[PT] bx3 frame A 696,101 7x18
[PT] bx3 frame I
[PT] bx4 frame A 677,100 7x17
[PT] bx4 frame I
[PT] bx5 frame A 660,100 7x17
[PT] bx5 frame I
[PT] bx6 frame A 628,99 6x16
[PT] bx6 frame I
[PT] bx7 frame A 623,99 6x14
[PT] bx7 frame I
[PT] bx8 frame A 632,99 6x14
[PT] bx8 frame I
[PT] bx9 frame A 849,102 9x24
[PT] bx9 frame I
[PT] ds9 text A 44m
[PT] ds9 text I
[PT] bx10 frame A 56,117 10x25
[PT] bx10 frame I
[PT] bx11 frame A 485,106 7x17
[PT] bx11 frame I
[PT] bx12 frame A -3,103 5x12
[PT] bx12 frame I
[PT] bx13 frame A 770,97 2x4
[PT] bx13 frame I
[PT] bx14 frame A 442,100 5x12
[PT] bx14 frame I
[PT] bx15 frame A 771,94 2x4
[PT] bx15 frame I
[PT] bx16 frame A 437,100 5x12
[PT] bx16 frame I
[PT] bx17 frame A 251,63 26x66
[PT] bx17 frame I
[PT] bx18 frame A 617,85 16x39
[PT] bx18 frame I
[PT] bx19 frame A 841,95 9x23
[PT] bx19 frame I
[PT] bx20 frame A 680,79 16x39
[PT] bx20 frame I
[PT] ds20 text A 22m
[PT] ds20 text I
[PT] bx21 frame A 794,109 15x37
[PT] bx21 frame I
[PT] bx22 frame A 266,71 23x58
[PT] bx22 frame I
[PT] bx23 frame A 387,76 20x50
[PT] bx23 frame I
[PT] bx24 frame A 759,101 6x15
[PT] bx24 frame I
[PT] bx25 frame A 599,112 9x21
[PT] bx25 frame I
[PT] bx26 frame A 535,75 2x6
[PT] bx26 frame I
[PT] bx27 frame A 628,59 16x41
[PT] bx27 frame I
[PT] tick 341 enemies=50
[PT] bx0 frame A 516,71 3x6
[PT] bx0 frame I
[PT] bx1 frame A 593,114 8x21
[PT] bx1 frame I
[PT] bx2 frame A 607,102 2x5
[PT] bx2 frame I
[PT] bx3 frame A 688,102 7x18
[PT] bx3 frame I
[PT] bx4 frame A 670,102 7x17
[PT] bx4 frame I
[PT] bx5 frame A 653,101 7x16
[PT] bx5 frame I
[PT] bx6 frame A 622,101 6x16
[PT] bx6 frame I
[PT] bx7 frame A 616,100 6x14
[PT] bx7 frame I
[PT] bx8 frame A 625,100 6x14
[PT] bx8 frame I
[PT] bx9 frame A 833,104 9x23
[PT] bx9 frame I
[PT] bx10 frame A 46,119 10x26
[PT] bx10 frame I
[PT] bx11 frame A 479,108 7x17
[PT] bx11 frame I
[PT] bx12 frame A 766,98 2x4
[PT] bx12 frame I
[PT] ds12 text A 268m
[PT] ds12 text I
[PT] bx13 frame A 436,101 5x12
[PT] bx13 frame I
[PT] ds13 text A 67m
[PT] ds13 text I
[PT] bx14 frame A 767,95 2x4
[PT] bx14 frame I
[PT] ds14 text A 268m
[PT] ds14 text I
[PT] bx15 frame A 431,101 5x12
[PT] bx15 frame I
[PT] ds15 text A 67m
[PT] ds15 text I
[PT] bx16 frame A 245,65 26x66
[PT] bx16 frame I
[PT] ds16 text A 12m
[PT] ds16 text I
[PT] bx17 frame A 611,86 16x39
[PT] bx17 frame I
[PT] ds17 text A 21m
[PT] ds17 text I
[PT] bx18 frame A 832,96 9x23
[PT] bx18 frame I
[PT] ds18 text A 46m
[PT] ds18 text I
[PT] bx19 frame A 675,79 16x39
[PT] bx19 frame I
[PT] ds19 text A 22m
[PT] ds19 text I
[PT] bx20 frame A 803,110 15x37
[PT] bx20 frame I
[PT] ds20 text A 26m
[PT] ds20 text I
[PT] bx21 frame A 259,72 23x58
[PT] bx21 frame I
[PT] ds21 text A 14m
[PT] ds21 text I
[PT] bx22 frame A 400,98 19x49
[PT] bx22 frame I
[PT] ds22 text A 15m
[PT] ds22 text I
[PT] bx23 frame A 751,102 6x15
[PT] bx23 frame I
[PT] ds23 text A 64m
[PT] ds23 text I
[PT] bx24 frame A 593,114 8x21
[PT] bx24 frame I
[PT] nm24 text A BOT
[PT] nm24 text I
[PT] ds24 text A 39m
[PT] ds24 text I
[PT] bx25 frame A 529,77 2x6
[PT] bx25 frame I
[PT] ds25 text A 150m
[PT] ds25 text I
[PT] bx26 frame A 623,63 16x40
[PT] bx26 frame I
[PT] nm26 text A Player
[PT] nm26 text I
[PT] ds26 text A 21m
[PT] ds26 text I
[PT] bx27 hide A
[PT] nm27 hide A
[PT] ds27 hide A
[PT] tick 342 enemies=50
[PT] bx0 frame A 514,66 3x6
[PT] bx0 frame I
[PT] bx1 frame A 591,109 8x21
[PT] bx1 frame I
[PT] bx2 frame A 605,97 2x5
[PT] bx2 frame I
[PT] bx3 frame A 686,98 7x18
[PT] bx3 frame I
[PT] bx4 frame A 668,97 7x17
[PT] bx4 frame I
[PT] bx5 frame A 651,97 7x17
[PT] bx5 frame I
[PT] bx6 frame A 620,96 6x16
[PT] bx6 frame I
[PT] bx7 frame A 614,96 6x14
[PT] bx7 frame I
[PT] bx8 frame A 624,96 6x14
[PT] bx8 frame I
[PT] bx9 frame A 821,99 9x23
[PT] bx9 frame I
[PT] bx10 frame A 42,114 10x26
[PT] bx10 frame I
[PT] bx11 frame A 477,103 7x17
[PT] bx11 frame I
[PT] bx12 frame A 769,94 2x4
[PT] bx12 frame I
[PT] bx13 frame A 434,97 5x12
[PT] bx13 frame I
[PT] bx14 frame A 769,90 2x4
[PT] bx14 frame I
[PT] bx15 frame A 429,97 5x12
[PT] bx15 frame I
[PT] bx16 frame A 242,60 27x66
[PT] bx16 frame I
[PT] bx17 frame A 609,82 16x39
[PT] bx17 frame I
[PT] bx18 frame A 829,92 9x23
[PT] bx18 frame I
[PT] bx19 frame A 674,74 16x40
[PT] bx19 frame I
[PT] bx20 frame A 818,106 15x38
[PT] bx20 frame I
[PT] bx21 frame A 257,68 24x59
[PT] bx21 frame I
[PT] bx22 frame A 413,94 19x48
[PT] bx22 frame I
[PT] bx23 frame A 749,98 6x15
[PT] bx23 frame I
[PT] bx24 frame A 591,109 8x21
[PT] bx24 frame I
[PT] bx25 frame A 527,72 2x6
[PT] bx25 frame I
[PT] bx26 frame A 621,58 16x40
[PT] bx26 frame I
[PT] tick 343 enemies=50
[PT] bx0 frame A 515,66 3x6
[PT] bx0 frame I
[PT] bx1 frame A 593,109 8x21
[PT] bx1 frame I
[PT] bx2 frame A 606,97 2x5
[PT] bx2 frame I
[PT] bx3 frame A 688,98 7x18
[PT] bx3 frame I
[PT] bx4 frame A 670,97 7x17
[PT] bx4 frame I
[PT] bx5 frame A 652,97 7x17
[PT] bx5 frame I
[PT] bx6 frame A 621,96 6x16
[PT] bx6 frame I
[PT] bx7 frame A 616,96 6x14
[PT] bx7 frame I
[PT] bx8 frame A 625,96 6x14
[PT] bx8 frame I
[PT] bx9 frame A 819,99 9x23
[PT] bx9 frame I
[PT] bx10 frame A 44,114 10x26
[PT] bx10 frame I
[PT] bx11 frame A 478,103 7x17
[PT] bx11 frame I
[PT] bx12 frame A 775,93 2x4
[PT] bx12 frame I
[PT] ds12 text A 269m
[PT] ds12 text I
[PT] bx13 frame A 435,97 5x12
[PT] bx13 frame I
[PT] bx14 frame A 776,90 2x4
[PT] bx14 frame I
[PT] ds14 text A 269m
[PT] ds14 text I
[PT] bx15 frame A 431,97 5x12
[PT] bx15 frame I
[PT] bx16 frame A 244,60 27x66
[PT] bx16 frame I
[PT] bx17 frame A 610,82 16x39
[PT] bx17 frame I
[PT] bx18 frame A 832,92 9x23
[PT] bx18 frame I
[PT] bx19 frame A 676,77 16x41
[PT] bx19 frame I
[PT] ds19 text A 21m
[PT] ds19 text I
[PT] bx20 frame A 835,98 16x40
[PT] bx20 frame I
[PT] ds20 text A 25m
[PT] ds20 text I
[PT] bx21 frame A 258,68 24x59
[PT] bx21 frame I
[PT] bx22 frame A 431,94 19x48
[PT] bx22 frame I
[PT] ds22 text A 16m
[PT] ds22 text I
[PT] bx23 frame A 751,98 6x15
[PT] bx23 frame I
[PT] bx24 frame A 593,109 8x21
[PT] bx24 frame I
[PT] bx25 frame A 528,72 2x6
[PT] bx25 frame I
[PT] bx26 frame A 622,57 16x40
[PT] bx26 frame I
[PT] tick 344 enemies=50
[PT] bx0 frame A 517,68 3x6
[PT] bx0 frame I
[PT] bx1 frame A 594,111 8x21
[PT] bx1 frame I
[PT] bx2 frame A 608,99 2x5
[PT] bx2 frame I
[PT] bx3 frame A 690,100 7x18
[PT] bx3 frame I
[PT] bx4 frame A 671,99 7x17
[PT] bx4 frame I
[PT] bx5 frame A 654,99 7x17
[PT] bx5 frame I
[PT] bx6 frame A 623,98 6x16
[PT] bx6 frame I
[PT] bx7 frame A 617,98 6x14
[PT] bx7 frame I
[PT] bx8 frame A 627,98 6x14
[PT] bx8 frame I
[PT] bx9 frame A 825,101 9x23
[PT] bx9 frame I
[PT] bx10 frame A 48,116 10x26
[PT] bx10 frame I
[PT] bx11 frame A 480,105 7x17
[PT] bx11 frame I
[PT] bx12 frame A 782,95 2x4
[PT] bx12 frame I
[PT] bx13 frame A 437,99 5x12
[PT] bx13 frame I
[PT] bx14 frame A 783,92 2x4
[PT] bx14 frame I
[PT] bx15 frame A 432,99 5x12
[PT] bx15 frame I
[PT] bx16 frame A 246,62 26x66
[PT] bx16 frame I
[PT] bx17 frame A 612,84 16x39
[PT] bx17 frame I
[PT] bx18 frame A 834,94 9x23
[PT] bx18 frame I
[PT] bx19 frame A 678,82 17x41
[PT] bx19 frame I
[PT] bx20 frame A 856,93 16x41
[PT] bx20 frame I
[PT] bx21 frame A 260,70 23x59
[PT] bx21 frame I
[PT] bx22 frame A 446,96 19x47
[PT] bx22 frame I
[PT] bx23 frame A 753,100 6x15
[PT] bx23 frame I
[PT] bx24 frame A 594,111 8x21
[PT] bx24 frame I
[PT] bx25 frame A 530,74 2x6
[PT] bx25 frame I
[PT] bx26 frame A 623,58 16x40
[PT] bx26 frame I
[PT] tick 345 enemies=50
[PT] bx0 frame A 518,70 3x6
[PT] bx0 frame I
[PT] bx1 frame A 595,113 8x21
[PT] bx1 frame I
[PT] bx2 frame A 609,101 2x5
[PT] bx2 frame I
[PT] bx3 frame A 691,101 7x18
[PT] bx3 frame I
[PT] bx4 frame A 672,101 7x17
[PT] bx4 frame I
[PT] bx5 frame A 655,101 7x17
[PT] bx5 frame I
[PT] bx6 frame A 624,100 6x16
[PT] bx6 frame I
[PT] bx7 frame A 618,99 6x14
[PT] bx7 frame I
[PT] bx8 frame A 628,99 6x14
[PT] bx8 frame I
[PT] bx9 frame A 822,103 9x23
[PT] bx9 frame I
[PT] bx10 frame A 49,118 10x26
[PT] bx10 frame I
[PT] bx11 frame A 481,107 7x17
[PT] bx11 frame I
[PT] bx12 frame A 787,97 2x4
[PT] bx12 frame I
[PT] ds12 text A 270m
[PT] ds12 text I
[PT] bx13 frame A 438,100 5x12
[PT] bx13 frame I
[PT] bx14 frame A 788,94 2x4
[PT] bx14 frame I
[PT] ds14 text A 270m
[PT] ds14 text I
[PT] bx15 frame A 433,100 5x12
[PT] bx15 frame I
[PT] bx16 frame A 247,64 26x66
[PT] bx16 frame I
[PT] bx17 frame A 613,85 16x39
[PT] bx17 frame I
[PT] bx18 frame A 835,95 9x23
[PT] bx18 frame I
[PT] bx19 frame A 680,89 17x42
[PT] bx19 frame I
[PT] ds19 text A 20m
[PT] ds19 text I
[PT] bx20 frame A 873,90 17x42
[PT] bx20 frame I
[PT] bx21 frame A 276,87 22x56
[PT] bx21 frame I
[PT] bx22 frame A 460,95 19x47
[PT] bx22 frame I
[PT] bx23 frame A 753,101 6x15
[PT] bx23 frame I
[PT] bx24 frame A 595,113 8x21
[PT] bx24 frame I
[PT] bx25 frame A 531,76 2x6
[PT] bx25 frame I
[PT] bx26 frame A 624,61 16x40
[PT] bx26 frame I
[PT] tick 346 enemies=50
[PT] bx0 frame A 515,72 3x6
[PT] bx0 frame I
[PT] bx1 frame A 592,115 8x21
[PT] bx1 frame I
[PT] bx2 frame A 606,103 2x5
[PT] bx2 frame I
[PT] bx3 frame A 687,103 7x18
[PT] bx3 frame I
[PT] bx4 frame A 668,103 7x17
[PT] bx4 frame I
[PT] bx5 frame A 651,102 7x16
[PT] bx5 frame I
[PT] bx6 frame A 620,102 6x16
[PT] bx6 frame I
[PT] bx7 frame A 615,101 6x14
[PT] bx7 frame I
[PT] bx8 frame A 624,101 6x14
[PT] bx8 frame I
[PT] bx9 frame A 814,104 9x23
[PT] bx9 frame I
[PT] bx10 frame A 44,120 10x26
[PT] bx10 frame I
[PT] bx11 frame A 478,109 7x17
[PT] bx11 frame I
[PT] bx12 frame A 786,99 2x4
[PT] bx12 frame I
[PT] ds12 text A 271m
[PT] ds12 text I
[PT] bx13 frame A 435,102 5x12
[PT] bx13 frame I
[PT] bx14 frame A 787,96 2x4
[PT] bx14 frame I
[PT] bx15 frame A 430,102 5x12
[PT] bx15 frame I
[PT] bx16 frame A 244,65 26x66
[PT] bx16 frame I
[PT] bx17 frame A 609,87 16x39
[PT] bx17 frame I
[PT] bx18 frame A 830,97 9x23
[PT] bx18 frame I
[PT] bx19 frame A 679,92 17x42
[PT] bx19 frame I
[PT] bx20 frame A 881,90 17x42
[PT] bx20 frame I
[PT] bx21 frame A 284,90 22x56
[PT] bx21 frame I
[PT] bx22 frame A 467,97 18x46
[PT] bx22 frame I
[PT] bx23 frame A 749,103 6x15
[PT] bx23 frame I
[PT] bx24 frame A 592,115 8x21
[PT] bx24 frame I
[PT] bx25 frame A 528,78 2x6
[PT] bx25 frame I
[PT] bx26 frame A 621,64 16x40
[PT] bx26 frame I
[PT] tick 347 enemies=50
[PT] bx0 frame A 512,74 3x6
[PT] bx0 frame I
[PT] bx1 frame A 589,117 8x21
[PT] bx1 frame I
[PT] bx2 frame A 603,105 2x5
[PT] bx2 frame I
[PT] bx3 frame A 684,105 7x17
[PT] bx3 frame I
[PT] bx4 frame A 666,105 7x17
[PT] bx4 frame I
[PT] bx5 frame A 649,105 7x16
[PT] bx5 frame I
[PT] bx6 frame A 618,104 6x15
[PT] bx6 frame I
[PT] bx7 frame A 612,104 6x14
[PT] bx7 frame I
[PT] bx8 frame A 621,104 6x14
[PT] bx8 frame I
[PT] bx9 frame A 805,107 9x23
[PT] bx9 frame I
[PT] bx10 frame A 41,122 10x26
[PT] bx10 frame I
[PT] bx11 frame A 476,111 7x17
[PT] bx11 frame I
[PT] bx12 frame A 786,102 2x4
[PT] bx12 frame I
[PT] bx13 frame A 433,105 5x12
[PT] bx13 frame I
[PT] bx14 frame A 787,99 2x4
[PT] bx14 frame I
[PT] ds14 text A 271m
[PT] ds14 text I
[PT] bx15 frame A 428,105 5x12
[PT] bx15 frame I
[PT] bx16 frame A 242,68 26x66
[PT] bx16 frame I
[PT] bx17 frame A 607,89 16x39
[PT] bx17 frame I
[PT] bx18 frame A 826,100 9x22
[PT] bx18 frame I
[PT] bx19 frame A 676,102 17x42
[PT] bx19 frame I
[PT] bx20 frame A 894,91 17x43
[PT] bx20 frame I
[PT] bx21 frame A 299,92 22x55
[PT] bx21 frame I
[PT] bx22 frame A 477,101 18x45
[PT] bx22 frame I
[PT] bx23 frame A 746,106 6x15
[PT] bx23 frame I
[PT] bx24 frame A 589,117 8x21
[PT] bx24 frame I
[PT] bx25 frame A 525,80 2x6
[PT] bx25 frame I
[PT] bx26 frame A 619,65 16x40
[PT] bx26 frame I
[PT] tick 348 enemies=50
[PT] bx9 frame A 812,107 9x23
[PT] bx9 frame I
[PT] bx10 frame A 43,122 10x26
[PT] bx10 frame I
[PT] bx12 frame A 791,102 2x4
[PT] bx12 frame I
[PT] ds12 text A 272m
[PT] ds12 text I
[PT] bx14 frame A 792,99 2x4
[PT] bx14 frame I
[PT] ds14 text A 272m
[PT] ds14 text I
[PT] bx18 frame A 827,100 9x22
[PT] bx18 frame I
[PT] bx19 frame A 678,102 17x42
[PT] bx19 frame I
[PT] bx20 frame A 916,92 18x44
[PT] bx20 frame I
[PT] bx21 frame A 301,92 22x55
[PT] bx21 frame I
[PT] bx22 frame A 489,101 18x44
[PT] bx22 frame I
[PT] ds22 text A 17m
[PT] ds22 text I
[PT] bx23 frame A 747,106 6x15
[PT] bx23 frame I
[PT] bx26 frame A 621,67 16x40
[PT] bx26 frame I
[PT] tick 349 enemies=50
[PT] bx12 frame A 792,103 2x4
[PT] bx12 frame I
[PT] ds12 text A 273m
[PT] ds12 text I
[PT] bx14 frame A 793,100 2x4
[PT] bx14 frame I
[PT] bx18 frame A 826,100 9x22
[PT] bx18 frame I
[PT] bx19 frame A 685,96 17x42
[PT] bx19 frame I
[PT] bx20 frame A 925,93 18x45
[PT] bx20 frame I
[PT] bx22 frame A 498,102 18x44
[PT] bx22 frame I
[PT] bx26 frame A 621,69 16x40
[PT] bx26 frame I
[PT] tick 350 enemies=50
[PT] bx0 frame A 516,75 3x6
[PT] bx0 frame I
[PT] bx1 frame A 593,118 8x21
[PT] bx1 frame I
[PT] bx2 frame A 607,106 2x5
[PT] bx2 frame I
[PT] bx3 frame A 688,106 7x18
[PT] bx3 frame I
[PT] bx4 frame A 670,106 7x17
[PT] bx4 frame I
[PT] bx5 frame A 653,106 7x16
[PT] bx5 frame I
[PT] bx6 frame A 621,105 6x15
[PT] bx6 frame I
[PT] bx7 frame A 616,105 6x14
[PT] bx7 frame I
[PT] bx8 frame A 625,104 6x14
[PT] bx8 frame I
[PT] bx9 frame A 814,108 9x23
[PT] bx9 frame I
[PT] ds9 text A 43m
[PT] ds9 text I
[PT] bx10 frame A 47,123 10x26
[PT] bx10 frame I
[PT] bx11 frame A 479,112 7x17
[PT] bx11 frame I
[PT] bx12 frame A 800,103 2x4
[PT] bx12 frame I
[PT] bx13 frame A 436,106 5x12
[PT] bx13 frame I
[PT] bx14 frame A 801,100 2x4
[PT] bx14 frame I
[PT] ds14 text A 273m
[PT] ds14 text I
[PT] bx15 frame A 431,106 5x12
[PT] bx15 frame I
[PT] bx16 frame A 246,69 26x66
[PT] bx16 frame I
[PT] bx17 frame A 611,90 16x39
[PT] bx17 frame I
[PT] bx18 frame A 831,100 9x23
[PT] bx18 frame I
[PT] bx19 frame A 697,97 17x43
[PT] bx19 frame I
[PT] bx20 frame A 303,93 22x55
[PT] bx20 frame I
[PT] ds20 text A 14m
[PT] ds20 text I
[PT] bx21 frame A 510,102 17x44
[PT] bx21 frame I
[PT] ds21 text A 17m
[PT] ds21 text I
[PT] bx22 frame A 750,107 6x15
[PT] bx22 frame I
[PT] ds22 text A 64m
[PT] ds22 text I
[PT] bx23 frame A 593,118 8x21
[PT] bx23 frame I
[PT] nm23 text A BOT
[PT] nm23 text I
[PT] ds23 text A 39m
[PT] ds23 text I
[PT] bx24 frame A 529,81 2x6
[PT] bx24 frame I
[PT] ds24 text A 150m
[PT] ds24 text I
[PT] bx25 frame A 625,69 16x40
[PT] bx25 frame I
[PT] nm25 text A Player
[PT] nm25 text I
[PT] ds25 text A 21m
[PT] ds25 text I
[PT] bx26 hide A
[PT] nm26 hide A
[PT] ds26 hide A
[PT] tick 351 enemies=50
[PT] bx0 frame A 517,73 3x6
[PT] bx0 frame I
[PT] bx1 frame A 594,116 8x21
[PT] bx1 frame I
[PT] bx2 frame A 608,104 2x5
[PT] bx2 frame I
[PT] bx3 frame A 689,104 7x18
[PT] bx3 frame I
[PT] bx4 frame A 671,104 7x17
[PT] bx4 frame I
[PT] bx5 frame A 654,104 7x16
[PT] bx5 frame I
[PT] bx6 frame A 623,103 6x16
[PT] bx6 frame I
[PT] bx7 frame A 617,102 6x14
[PT] bx7 frame I
[PT] bx8 frame A 626,102 6x14
[PT] bx8 frame I
[PT] bx9 frame A 809,106 9x23
[PT] bx9 frame I
[PT] ds9 text A 44m
[PT] ds9 text I
[PT] bx10 frame A 49,120 10x26
[PT] bx10 frame I
[PT] bx11 frame A 480,110 7x17
[PT] bx11 frame I
[PT] bx12 frame A 806,101 2x4
[PT] bx12 frame I
[PT] ds12 text A 275m
[PT] ds12 text I
[PT] bx13 frame A 437,103 5x12
[PT] bx13 frame I
[PT] bx14 frame A 807,98 2x4
[PT] bx14 frame I
[PT] ds14 text A 275m
[PT] ds14 text I
[PT] bx15 frame A 432,103 5x12
[PT] bx15 frame I
[PT] bx16 frame A 250,67 26x66
[PT] bx16 frame I
[PT] bx17 frame A 612,88 16x39
[PT] bx17 frame I
[PT] bx18 frame A 833,98 9x23
[PT] bx18 frame I
[PT] bx19 frame A 707,96 17x43
[PT] bx19 frame I
[PT] bx20 frame A 301,91 22x54
[PT] bx20 frame I
[PT] bx21 frame A 524,99 17x43
[PT] bx21 frame I
[PT] ds21 text A 18m
[PT] ds21 text I
[PT] bx22 frame A 752,104 6x15
[PT] bx22 frame I
[PT] bx23 frame A 594,116 8x21
[PT] bx23 frame I
[PT] bx24 frame A 530,79 2x6
[PT] bx24 frame I
[PT] bx25 frame A 624,64 16x40
[PT] bx25 frame I
[PT] tick 352 enemies=50
[PT] bx0 frame A 516,71 3x6
[PT] bx0 frame I
[PT] bx1 frame A 593,114 8x21
[PT] bx1 frame I
[PT] bx2 frame A 607,103 2x5
[PT] bx2 frame I
[PT] bx3 frame A 688,103 7x18
[PT] bx3 frame I
[PT] bx4 frame A 670,102 7x17
[PT] bx4 frame I
[PT] bx5 frame A 653,102 7x16
[PT] bx5 frame I
[PT] bx6 frame A 622,102 6x16
[PT] bx6 frame I
[PT] bx7 frame A 616,101 6x14
[PT] bx7 frame I
[PT] bx8 frame A 626,101 6x14
[PT] bx8 frame I
[PT] bx9 frame A 811,104 9x23
[PT] bx9 frame I
[PT] bx10 frame A 47,119 10x26
[PT] bx10 frame I
[PT] bx11 frame A 479,108 7x17
[PT] bx11 frame I
[PT] bx12 frame A 808,100 2x4
[PT] bx12 frame I
[PT] ds12 text A 276m
[PT] ds12 text I
[PT] bx13 frame A 436,102 5x12
[PT] bx13 frame I
[PT] bx14 frame A 809,97 2x4
[PT] bx14 frame I
[PT] ds14 text A 276m
[PT] ds14 text I
[PT] bx15 frame A 431,102 5x12
[PT] bx15 frame I
[PT] bx16 frame A 280,89 26x65
[PT] bx16 frame I
[PT] bx17 frame A 611,87 16x39
[PT] bx17 frame I
[PT] bx18 frame A 832,97 9x23
[PT] bx18 frame I
[PT] bx19 frame A 714,95 17x43
[PT] bx19 frame I
[PT] bx20 frame A 303,82 22x54
[PT] bx20 frame I
[PT] ds20 text A 15m
[PT] ds20 text I
[PT] bx21 frame A 534,98 17x43
[PT] bx21 frame I
[PT] bx22 frame A 751,103 6x15
[PT] bx22 frame I
[PT] bx23 frame A 593,114 8x21
[PT] bx23 frame I
[PT] bx24 frame A 529,78 2x6
[PT] bx24 frame I
[PT] bx25 frame A 622,61 16x40
[PT] bx25 frame I
[PT] tick 353 enemies=50
[PT] bx0 frame A 517,74 3x6
[PT] bx0 frame I
[PT] bx1 frame A 594,117 8x21
[PT] bx1 frame I
[PT] bx2 frame A 608,105 2x5
[PT] bx2 frame I
[PT] bx3 frame A 689,105 7x18
[PT] bx3 frame I
[PT] bx4 frame A 671,105 7x17
[PT] bx4 frame I
[PT] bx5 frame A 653,104 7x16
[PT] bx5 frame I
[PT] bx6 frame A 622,104 6x15
[PT] bx6 frame I
[PT] bx7 frame A 617,103 6x14
[PT] bx7 frame I
[PT] bx8 frame A 626,103 6x14
[PT] bx8 frame I
[PT] bx9 frame A 814,106 9x23
[PT] bx9 frame I
[PT] bx10 frame A 48,121 10x26
[PT] bx10 frame I
[PT] bx11 frame A 480,111 7x17
[PT] bx11 frame I
[PT] bx12 frame A 811,102 2x4
[PT] bx12 frame I
[PT] ds12 text A 277m
[PT] ds12 text I
[PT] bx13 frame A 437,104 5x12
[PT] bx13 frame I
[PT] bx14 frame A 813,99 2x4
[PT] bx14 frame I
[PT] ds14 text A 277m
[PT] ds14 text I
[PT] bx15 frame A 432,104 5x12
[PT] bx15 frame I
[PT] bx16 frame A 292,85 26x65
[PT] bx16 frame I
[PT] bx17 frame A 611,89 16x39
[PT] bx17 frame I
[PT] bx18 frame A 832,99 9x23
[PT] bx18 frame I
[PT] bx19 frame A 722,98 17x44
[PT] bx19 frame I
[PT] bx20 frame A 307,73 21x53
[PT] bx20 frame I
[PT] bx21 frame A 545,100 17x42
[PT] bx21 frame I
[PT] bx22 frame A 752,105 6x15
[PT] bx22 frame I
[PT] bx23 frame A 594,117 8x21
[PT] bx23 frame I
[PT] bx24 frame A 530,80 2x6
[PT] bx24 frame I
[PT] bx25 frame A 622,63 16x40
[PT] bx25 frame I
[PT] tick 354 enemies=50
[PT] bx0 frame A 519,74 3x6
[PT] bx0 frame I
[PT] bx1 frame A 596,117 8x21
[PT] bx1 frame I
[PT] bx2 frame A 609,105 2x5
[PT] bx2 frame I
[PT] bx3 frame A 691,105 7x18
[PT] bx3 frame I
[PT] bx4 frame A 673,105 7x17
[PT] bx4 frame I
[PT] bx5 frame A 655,105 7x16
[PT] bx5 frame I
[PT] bx6 frame A 624,104 6x16
[PT] bx6 frame I
[PT] bx7 frame A 618,103 6x14
[PT] bx7 frame I
[PT] bx8 frame A 628,103 6x14
[PT] bx8 frame I
[PT] bx9 frame A 811,107 9x23
[PT] bx9 frame I
[PT] bx10 frame A 51,121 10x25
[PT] bx10 frame I
[PT] bx11 frame A 481,111 7x17
[PT] bx11 frame I
[PT] bx12 frame A 817,103 2x4
[PT] bx12 frame I
[PT] ds12 text A 278m
[PT] ds12 text I
[PT] bx13 frame A 439,104 5x12
[PT] bx13 frame I
[PT] bx14 frame A 818,100 2x4
[PT] bx14 frame I
[PT] ds14 text A 278m
[PT] ds14 text I
[PT] bx15 frame A 434,104 5x12
[PT] bx15 frame I
[PT] bx16 frame A 320,70 26x66
[PT] bx16 frame I
[PT] ds16 text A 11m
[PT] ds16 text I
[PT] bx17 frame A 613,89 16x39
[PT] bx17 frame I
[PT] bx18 frame A 835,99 9x23
[PT] bx18 frame I
[PT] bx19 frame A 730,99 18x44
[PT] bx19 frame I
[PT] bx20 frame A 311,68 21x53
[PT] bx20 frame I
[PT] bx21 frame A 557,100 17x42
[PT] bx21 frame I
[PT] ds21 text A 19m
[PT] ds21 text I
[PT] bx22 frame A 754,105 6x15
[PT] bx22 frame I
[PT] bx23 frame A 596,117 8x21
[PT] bx23 frame I
[PT] bx24 frame A 531,80 2x6
[PT] bx24 frame I
[PT] bx25 frame A 623,64 16x40
[PT] bx25 frame I
[PT] tick 355 enemies=50
[PT] bx0 frame A 521,75 3x6
[PT] bx0 frame I
[PT] bx1 frame A 598,118 8x21
[PT] bx1 frame I
[PT] bx2 frame A 612,106 2x5
[PT] bx2 frame I
[PT] bx3 frame A 694,106 7x18
[PT] bx3 frame I
[PT] bx4 frame A 675,106 7x17
[PT] bx4 frame I
[PT] bx5 frame A 658,106 7x17
[PT] bx5 frame I
[PT] bx6 frame A 627,105 6x16
[PT] bx6 frame I
[PT] bx7 frame A 621,105 6x14
[PT] bx7 frame I
[PT] bx8 frame A 631,105 6x14
[PT] bx8 frame I
[PT] bx9 frame A 812,105 9x23
[PT] bx9 frame I
[PT] bx10 frame A 56,122 10x25
[PT] bx10 frame I
[PT] bx11 frame A 484,112 7x17
[PT] bx11 frame I
[PT] bx12 frame A -3,109 5x12
[PT] bx12 frame I
[PT] ds12 text A 99m
[PT] ds12 text I
[PT] bx13 frame A 824,105 2x4
[PT] bx13 frame I
[PT] ds13 text A 280m
[PT] ds13 text I
[PT] bx14 frame A 441,106 5x12
[PT] bx14 frame I
[PT] ds14 text A 67m
[PT] ds14 text I
[PT] bx15 frame A 826,102 2x4
[PT] bx15 frame I
[PT] ds15 text A 280m
[PT] ds15 text I
[PT] bx16 frame A 436,106 5x12
[PT] bx16 frame I
[PT] ds16 text A 67m
[PT] ds16 text I
[PT] bx17 frame A 337,64 27x66
[PT] bx17 frame I
[PT] ds17 text A 11m
[PT] ds17 text I
[PT] bx18 frame A 616,90 16x39
[PT] bx18 frame I
[PT] ds18 text A 21m
[PT] ds18 text I
[PT] bx19 frame A 839,100 9x23
[PT] bx19 frame I
[PT] ds19 text A 46m
[PT] ds19 text I
[PT] bx20 frame A 740,101 18x44
[PT] bx20 frame I
[PT] ds20 text A 20m
[PT] ds20 text I
[PT] bx21 frame A 316,66 21x52
[PT] bx21 frame I
[PT] ds21 text A 15m
[PT] ds21 text I
[PT] bx22 frame A 570,98 16x41
[PT] bx22 frame I
[PT] ds22 text A 19m
[PT] ds22 text I
[PT] bx23 frame A 757,107 6x15
[PT] bx23 frame I
[PT] nm23 text A Player
[PT] nm23 text I
[PT] ds23 text A 64m
[PT] ds23 text I
[PT] bx24 frame A 598,118 8x21
[PT] bx24 frame I
[PT] ds24 text A 39m
[PT] ds24 text I
[PT] bx25 frame A 534,81 2x6
[PT] bx25 frame I
[PT] nm25 text A BOT
[PT] nm25 text I
[PT] ds25 text A 150m
[PT] ds25 text I
[PT] bx26 frame A 625,65 16x40
[PT] bx26 frame I
[PT] bx26 show A
[PT] nm26 show A
[PT] ds26 show A
[PT] tick 356 enemies=50
[PT] bx0 frame A 523,75 3x6
[PT] bx0 frame I
[PT] bx1 frame A 600,118 8x21
[PT] bx1 frame I
[PT] bx2 frame A 615,106 2x5
[PT] bx2 frame I
[PT] bx3 frame A 697,106 7x18
[PT] bx3 frame I
[PT] bx4 frame A 678,106 7x17
[PT] bx4 frame I
[PT] bx5 frame A 661,105 7x17
[PT] bx5 frame I
[PT] bx6 frame A 629,105 6x16
[PT] bx6 frame I
[PT] bx7 frame A 624,104 6x14
[PT] bx7 frame I
[PT] bx8 frame A 633,104 6x14
[PT] bx8 frame I
[PT] bx9 frame A 813,100 9x23
[PT] bx9 frame I
[PT] bx10 frame A 59,122 10x25
[PT] bx10 frame I
[PT] bx11 frame A 486,112 7x17
[PT] bx11 frame I
[PT] bx12 frame A 1,108 5x12
[PT] bx12 frame I
[PT] bx13 frame A 831,105 2x4
[PT] bx13 frame I
[PT] ds13 text A 282m
[PT] ds13 text I
[PT] bx14 frame A 443,105 5x12
[PT] bx14 frame I
[PT] bx15 frame A 832,101 2x4
[PT] bx15 frame I
[PT] ds15 text A 282m
[PT] ds15 text I
[PT] bx16 frame A 439,105 5x12
[PT] bx16 frame I
[PT] bx17 frame A 359,57 27x67
[PT] bx17 frame I
[PT] bx18 frame A 618,90 16x39
[PT] bx18 frame I
[PT] bx19 frame A 842,100 9x23
[PT] bx19 frame I
[PT] bx20 frame A 741,100 18x44
[PT] bx20 frame I
[PT] bx21 frame A 322,63 21x52
[PT] bx21 frame I
[PT] bx22 frame A 581,95 16x41
[PT] bx22 frame I
[PT] bx23 frame A 760,106 6x15
[PT] bx23 frame I
[PT] bx24 frame A 600,118 8x21
[PT] bx24 frame I
[PT] bx25 frame A 536,81 2x6
[PT] bx25 frame I
[PT] bx26 frame A 628,64 16x41
[PT] bx26 frame I
[PT] tick 357 enemies=50
[PT] bx0 frame A 525,73 3x6
[PT] bx0 frame I
[PT] bx1 frame A 602,116 8x21
[PT] bx1 frame I
[PT] bx2 frame A 616,104 2x5
[PT] bx2 frame I
[PT] bx3 frame A 698,104 7x18
[PT] bx3 frame I
[PT] bx4 frame A 680,104 7x17
[PT] bx4 frame I
[PT] bx5 frame A 662,104 7x17
[PT] bx5 frame I
[PT] bx6 frame A 631,103 6x16
[PT] bx6 frame I
[PT] bx7 frame A 625,103 6x14
[PT] bx7 frame I
[PT] bx8 frame A 635,102 6x14
[PT] bx8 frame I
[PT] bx9 frame A 811,95 9x23
[PT] bx9 frame I
[PT] ds9 text A 45m
[PT] ds9 text I
[PT] bx10 frame A 61,120 10x25
[PT] bx10 frame I
[PT] bx11 frame A 487,110 7x17
[PT] bx11 frame I
[PT] bx12 frame A 3,107 5x12
[PT] bx12 frame I
[PT] bx13 frame A 836,103 2x4
[PT] bx13 frame I
[PT] ds13 text A 284m
[PT] ds13 text I
[PT] bx14 frame A 444,104 5x12
[PT] bx14 frame I
[PT] bx15 frame A 837,100 2x4
[PT] bx15 frame I
[PT] ds15 text A 284m
[PT] ds15 text I
[PT] bx16 frame A 440,104 5x12
[PT] bx16 frame I
[PT] bx17 frame A 388,52 27x67
[PT] bx17 frame I
[PT] bx18 frame A 619,88 16x39
[PT] bx18 frame I
[PT] bx19 frame A 845,98 9x23
[PT] bx19 frame I
[PT] bx20 frame A 742,99 18x45
[PT] bx20 frame I
[PT] bx21 frame A 328,62 20x51
[PT] bx21 frame I
[PT] ds21 text A 16m
[PT] ds21 text I
[PT] bx22 frame A 592,91 16x41
[PT] bx22 frame I
[PT] ds22 text A 20m
[PT] ds22 text I
[PT] bx23 frame A 762,105 6x15
[PT] bx23 frame I
[PT] bx24 frame A 602,116 8x21
[PT] bx24 frame I
[PT] bx25 frame A 537,79 2x6
[PT] bx25 frame I
[PT] bx26 frame A 631,63 16x41
[PT] bx26 frame I
[PT] tick 358 enemies=50
[PT] bx0 frame A 526,74 3x6
[PT] bx0 frame I
[PT] bx1 frame A 603,117 8x21
[PT] bx1 frame I
[PT] bx2 frame A 617,106 2x5
[PT] bx2 frame I
[PT] bx3 frame A 699,106 7x18
[PT] bx3 frame I
[PT] bx4 frame A 681,106 7x17
[PT] bx4 frame I
[PT] bx5 frame A 663,105 7x17
[PT] bx5 frame I
[PT] bx6 frame A 632,105 6x16
[PT] bx6 frame I
[PT] bx7 frame A 626,104 6x14
[PT] bx7 frame I
[PT] bx8 frame A 636,104 6x14
[PT] bx8 frame I
[PT] bx9 frame A 810,95 9x23
[PT] bx9 frame I
[PT] bx10 frame A 63,122 10x25
[PT] bx10 frame I
[PT] bx11 frame A 488,111 7x17
[PT] bx11 frame I
[PT] bx12 frame A 5,108 5x12
[PT] bx12 frame I
[PT] bx13 frame A 839,105 2x4
[PT] bx13 frame I
[PT] ds13 text A 285m
[PT] ds13 text I
[PT] bx14 frame A 445,105 5x12
[PT] bx14 frame I
[PT] bx15 frame A 841,102 2x4
[PT] bx15 frame I
[PT] ds15 text A 285m
[PT] ds15 text I
[PT] bx16 frame A 441,105 5x12
[PT] bx16 frame I
[PT] bx17 frame A 409,53 27x67
[PT] bx17 frame I
[PT] bx18 frame A 620,90 16x39
[PT] bx18 frame I
[PT] bx19 frame A 846,100 9x23
[PT] bx19 frame I
[PT] bx20 frame A 738,99 18x45
[PT] bx20 frame I
[PT] bx21 frame A 334,66 20x50
[PT] bx21 frame I
[PT] bx22 frame A 603,91 16x40
[PT] bx22 frame I
[PT] bx23 frame A 763,106 6x15
[PT] bx23 frame I
[PT] bx24 frame A 603,117 8x21
[PT] bx24 frame I
[PT] bx25 frame A 539,81 2x6
[PT] bx25 frame I
[PT] bx26 frame A 632,66 16x40
[PT] bx26 frame I
[PT] tick 359 enemies=50
[PT] bx0 frame A 527,76 3x6
[PT] bx0 frame I
[PT] bx1 frame A 604,119 8x21
[PT] bx1 frame I
[PT] bx2 frame A 619,107 2x5
[PT] bx2 frame I
[PT] bx3 frame A 701,107 7x18
[PT] bx3 frame I
[PT] bx4 frame A 682,107 7x17
[PT] bx4 frame I
[PT] bx5 frame A 665,107 7x17
[PT] bx5 frame I
[PT] bx6 frame A 633,106 6x16
[PT] bx6 frame I
[PT] bx7 frame A 628,105 6x14
[PT] bx7 frame I
[PT] bx8 frame A 637,105 6x14
[PT] bx8 frame I
[PT] bx10 frame A 66,123 10x25
[PT] bx10 frame I
[PT] bx11 frame A 490,113 7x17
[PT] bx11 frame I
[PT] bx12 frame A 8,109 5x12
[PT] bx12 frame I
[PT] bx13 frame A 843,106 2x4
[PT] bx13 frame I
[PT] ds13 text A 287m
[PT] ds13 text I
[PT] bx14 frame A 447,106 5x12
[PT] bx14 frame I
[PT] bx15 frame A 844,103 2x4
[PT] bx15 frame I
[PT] ds15 text A 287m
[PT] ds15 text I
[PT] bx16 frame A 442,106 5x12
[PT] bx16 frame I
[PT] bx17 frame A 431,57 27x66
[PT] bx17 frame I
[PT] bx18 frame A 622,91 16x39
[PT] bx18 frame I
[PT] bx19 frame A 848,101 9x23
[PT] bx19 frame I
[PT] bx20 frame A 730,97 18x46
[PT] bx20 frame I
[PT] ds20 text A 19m
[PT] ds20 text I
[PT] bx21 frame A 343,72 20x49
[PT] bx21 frame I
[PT] bx22 frame A 612,90 16x40
[PT] bx22 frame I
[PT] bx23 frame A 765,107 6x15
[PT] bx23 frame I
[PT] bx24 frame A 604,119 8x21
[PT] bx24 frame I
[PT] bx25 frame A 540,82 2x6
[PT] bx25 frame I
[PT] bx26 frame A 634,67 16x40
[PT] bx26 frame I
[PT] tick 360 enemies=50
[PT] bx0 frame A 527,78 3x6
[PT] bx0 frame I
[PT] bx1 frame A 604,120 8x21
[PT] bx1 frame I
[PT] bx2 frame A 618,109 2x5
[PT] bx2 frame I
[PT] bx3 frame A 700,109 7x18
[PT] bx3 frame I
[PT] bx4 frame A 682,109 7x17
[PT] bx4 frame I
[PT] bx5 frame A 664,108 7x17
[PT] bx5 frame I
[PT] bx6 frame A 632,108 6x16
[PT] bx6 frame I
[PT] bx7 frame A 627,107 6x14
[PT] bx7 frame I
[PT] bx8 frame A 636,107 6x14
[PT] bx8 frame I
[PT] bx9 frame A 806,97 9x22
[PT] bx9 frame I
[PT] ds9 text A 46m
[PT] ds9 text I
[PT] bx10 frame A 65,124 10x25
[PT] bx10 frame I
[PT] bx11 frame A 489,114 7x17
[PT] bx11 frame I
[PT] bx12 frame A 8,111 5x12
[PT] bx12 frame I
[PT] bx13 frame A 842,108 2x4
[PT] bx13 frame I
[PT] ds13 text A 288m
[PT] ds13 text I
[PT] bx14 frame A 446,108 5x12
[PT] bx14 frame I
[PT] bx15 frame A 843,105 2x4
[PT] bx15 frame I
[PT] ds15 text A 288m
[PT] ds15 text I
[PT] bx16 frame A 442,108 5x12
[PT] bx16 frame I
[PT] bx17 frame A 449,64 26x66
[PT] bx17 frame I
[PT] bx18 frame A 621,92 16x39
[PT] bx18 frame I
[PT] bx19 frame A 847,103 9x23
[PT] bx19 frame I
[PT] bx20 frame A 717,98 18x45
[PT] bx20 frame I
[PT] bx21 frame A 349,79 19x48
[PT] bx21 frame I
[PT] bx22 frame A 615,92 16x40
[PT] bx22 frame I
[PT] bx23 frame A 764,109 6x15
[PT] bx23 frame I
[PT] bx24 frame A 604,120 8x21
[PT] bx24 frame I
[PT] bx25 frame A 539,84 2x6
[PT] bx25 frame I
[PT] bx26 frame A 632,66 16x40
[PT] bx26 frame I
[PT] tick 361 enemies=50
[PT] bx0 frame A 526,74 3x6
[PT] bx0 frame I
[PT] bx1 frame A 603,117 8x21
[PT] bx1 frame I
[PT] bx2 frame A 617,106 2x5
[PT] bx2 frame I
[PT] bx3 frame A 699,106 7x18
[PT] bx3 frame I
[PT] bx4 frame A 681,105 7x17
[PT] bx4 frame I
[PT] bx5 frame A 663,105 7x17
[PT] bx5 frame I
[PT] bx6 frame A 632,105 6x16
[PT] bx6 frame I
[PT] bx7 frame A 626,104 6x14
[PT] bx7 frame I
[PT] bx8 frame A 636,104 6x14
[PT] bx8 frame I
[PT] bx9 frame A 802,95 9x22
[PT] bx9 frame I
[PT] bx10 frame A 63,121 10x25
[PT] bx10 frame I
[PT] bx11 frame A 488,111 7x17
[PT] bx11 frame I
[PT] bx12 frame A 5,108 5x12
[PT] bx12 frame I
[PT] bx13 frame A 841,105 1x4
[PT] bx13 frame I
[PT] ds13 text A 290m
[PT] ds13 text I
[PT] bx14 frame A 445,105 5x12
[PT] bx14 frame I
[PT] bx15 frame A 842,102 2x4
[PT] bx15 frame I
[PT] ds15 text A 290m
[PT] ds15 text I
[PT] bx16 frame A 441,105 5x12
[PT] bx16 frame I
[PT] bx17 frame A 468,70 26x65
[PT] bx17 frame I
[PT] bx18 frame A 621,89 16x39
[PT] bx18 frame I
[PT] bx19 frame A 846,100 9x23
[PT] bx19 frame I
[PT] bx20 frame A 709,95 18x44
[PT] bx20 frame I
[PT] ds20 text A 20m
[PT] ds20 text I
[PT] bx21 frame A 357,86 19x47
[PT] bx21 frame I
[PT] bx22 frame A 621,88 16x41
[PT] bx22 frame I
[PT] bx23 frame A 763,106 6x15
[PT] bx23 frame I
[PT] bx24 frame A 603,117 8x21
[PT] bx24 frame I
[PT] bx25 frame A 538,80 2x6
[PT] bx25 frame I
[PT] bx26 frame A 632,63 16x40
[PT] bx26 frame I
[PT] tick 362 enemies=50
[PT] bx0 frame A 528,70 3x6
[PT] bx0 frame I
[PT] bx1 frame A 605,113 9x21
[PT] bx1 frame I
[PT] bx2 frame A 620,101 2x5
[PT] bx2 frame I
[PT] bx3 frame A 703,102 7x18
[PT] bx3 frame I
[PT] bx4 frame A 684,101 7x17
[PT] bx4 frame I
[PT] bx5 frame A 666,101 7x17
[PT] bx5 frame I
[PT] bx6 frame A 634,100 6x16
[PT] bx6 frame I
[PT] bx7 frame A 629,100 6x14
[PT] bx7 frame I
[PT] bx8 frame A 639,100 6x14
[PT] bx8 frame I
[PT] bx9 frame A 804,93 9x22
[PT] bx9 frame I
[PT] bx10 frame A 66,117 10x25
[PT] bx10 frame I
[PT] bx11 frame A 490,107 7x17
[PT] bx11 frame I
[PT] bx12 frame A 8,104 5x12
[PT] bx12 frame I
[PT] bx13 frame A 846,101 1x4
[PT] bx13 frame I
[PT] ds13 text A 292m
[PT] ds13 text I
[PT] bx14 frame A 448,101 5x12
[PT] bx14 frame I
[PT] bx15 frame A 847,97 2x4
[PT] bx15 frame I
[PT] ds15 text A 292m
[PT] ds15 text I
[PT] bx16 frame A 443,101 5x12
[PT] bx16 frame I
[PT] bx17 frame A 485,74 26x64
[PT] bx17 frame I
[PT] bx18 frame A 625,85 16x39
[PT] bx18 frame I
[PT] bx19 frame A 851,96 9x23
[PT] bx19 frame I
[PT] bx20 frame A 707,89 18x45
[PT] bx20 frame I
[PT] ds20 text A 19m
[PT] ds20 text I
[PT] bx21 frame A 371,97 18x46
[PT] bx21 frame I
[PT] ds21 text A 17m
[PT] ds21 text I
[PT] bx22 frame A 627,85 16x41
[PT] bx22 frame I
[PT] bx23 frame A 767,102 6x15
[PT] bx23 frame I
[PT] bx24 frame A 605,113 9x21
[PT] bx24 frame I
[PT] bx25 frame A 541,76 2x6
[PT] bx25 frame I
[PT] bx26 frame A 636,63 16x41
[PT] bx26 frame I
[PT] tick 363 enemies=50
[PT] bx0 frame A 529,68 3x6
[PT] bx0 frame I
[PT] bx1 frame A 606,112 9x21
[PT] bx1 frame I
[PT] bx2 frame A 621,100 2x5
[PT] bx2 frame I
[PT] bx3 frame A 704,100 7x18
[PT] bx3 frame I
[PT] bx4 frame A 685,100 7x17
[PT] bx4 frame I
[PT] bx5 frame A 667,99 7x17
[PT] bx5 frame I
[PT] bx6 frame A 635,99 6x16
[PT] bx6 frame I
[PT] bx7 frame A 630,98 6x14
[PT] bx7 frame I
[PT] bx8 frame A 639,98 6x14
[PT] bx8 frame I
[PT] bx9 frame A 804,94 9x22
[PT] bx9 frame I
[PT] ds9 text A 47m
[PT] ds9 text I
[PT] bx10 frame A 67,116 10x25
[PT] bx10 frame I
[PT] bx11 frame A 491,106 7x17
[PT] bx11 frame I
[PT] bx12 frame A 9,102 5x12
[PT] bx12 frame I
[PT] bx13 frame A 847,99 1x4
[PT] bx13 frame I
[PT] ds13 text A 293m
[PT] ds13 text I
[PT] bx14 frame A 448,99 5x12
[PT] bx14 frame I
[PT] bx15 frame A 848,96 2x4
[PT] bx15 frame I
[PT] ds15 text A 293m
[PT] ds15 text I
[PT] bx16 frame A 444,99 5x12
[PT] bx16 frame I
[PT] bx17 frame A 508,88 25x63
[PT] bx17 frame I
[PT] bx18 frame A 627,84 16x40
[PT] bx18 frame I
[PT] bx19 frame A 852,94 9x23
[PT] bx19 frame I
[PT] bx20 frame A 699,86 18x45
[PT] bx20 frame I
[PT] bx21 frame A 378,96 18x46
[PT] bx21 frame I
[PT] bx22 frame A 629,83 16x41
[PT] bx22 frame I
[PT] bx23 frame A 768,100 6x15
[PT] bx23 frame I
[PT] bx24 frame A 606,112 9x21
[PT] bx24 frame I
[PT] bx25 frame A 542,74 2x6
[PT] bx25 frame I
[PT] bx26 frame A 637,67 16x40
[PT] bx26 frame I
[PT] tick 364 enemies=50
[PT] bx0 frame A 531,66 3x6
[PT] bx0 frame I
[PT] bx1 frame A 609,110 9x21
[PT] bx1 frame I
[PT] bx2 frame A 623,98 2x5
[PT] bx2 frame I
[PT] bx3 frame A 706,98 7x18
[PT] bx3 frame I
[PT] bx4 frame A 688,98 7x17
[PT] bx4 frame I
[PT] bx5 frame A 670,98 7x17
[PT] bx5 frame I
[PT] bx6 frame A 638,97 6x16
[PT] bx6 frame I
[PT] bx7 frame A 632,96 6x14
[PT] bx7 frame I
[PT] bx8 frame A 642,96 6x14
[PT] bx8 frame I
[PT] bx9 frame A 804,95 9x22
[PT] bx9 frame I
[PT] bx10 frame A 70,114 10x25
[PT] bx10 frame I
[PT] bx11 frame A 493,104 7x17
[PT] bx11 frame I
[PT] bx12 frame A 13,100 5x12
[PT] bx12 frame I
[PT] bx13 frame A 851,98 1x4
[PT] bx13 frame I
[PT] ds13 text A 295m
[PT] ds13 text I
[PT] bx14 frame A 450,97 5x12
[PT] bx14 frame I
[PT] bx15 frame A 852,94 2x4
[PT] bx15 frame I
[PT] ds15 text A 295m
[PT] ds15 text I
[PT] bx16 frame A 446,97 5x12
[PT] bx16 frame I
[PT] bx17 frame A 526,93 25x62
[PT] bx17 frame I
[PT] ds17 text A 12m
[PT] ds17 text I
[PT] bx18 frame A 630,82 16x40
[PT] bx18 frame I
[PT] bx19 frame A 856,92 9x23
[PT] bx19 frame I
[PT] bx20 frame A 700,84 18x45
[PT] bx20 frame I
[PT] bx21 frame A 380,94 18x46
[PT] bx21 frame I
[PT] bx22 frame A 645,82 16x41
[PT] bx22 frame I
[PT] bx23 frame A 772,98 6x16
[PT] bx23 frame I
[PT] bx24 frame A 609,110 9x21
[PT] bx24 frame I
[PT] bx25 frame A 544,73 2x6
[PT] bx25 frame I
[PT] bx26 frame A 640,70 16x40
[PT] bx26 frame I
[PT] tick 365 enemies=50
[PT] bx0 frame A 532,64 3x6
[PT] bx0 frame I
[PT] bx1 frame A 610,108 9x21
[PT] bx1 frame I
[PT] bx2 frame A 625,95 2x5
[PT] bx2 frame I
[PT] bx3 frame A 708,96 7x18
[PT] bx3 frame I
[PT] bx4 frame A 689,95 7x17
[PT] bx4 frame I
[PT] bx5 frame A 671,95 7x17
[PT] bx5 frame I
[PT] bx6 frame A 639,94 6x16
[PT] bx6 frame I
[PT] bx7 frame A 633,94 6x14
[PT] bx7 frame I
[PT] bx8 frame A 643,94 6x14
[PT] bx8 frame I
[PT] bx9 frame A 803,96 9x22
[PT] bx9 frame I
[PT] bx10 frame A 71,112 10x25
[PT] bx10 frame I
[PT] bx11 frame A 494,101 7x17
[PT] bx11 frame I
[PT] bx12 frame A 14,98 5x12
[PT] bx12 frame I
[PT] bx13 frame A 853,95 1x4
[PT] bx13 frame I
[PT] ds13 text A 296m
[PT] ds13 text I
[PT] bx14 frame A 451,95 5x12
[PT] bx14 frame I
[PT] bx15 frame A 854,92 1x4
[PT] bx15 frame I
[PT] ds15 text A 296m
[PT] ds15 text I
[PT] bx16 frame A 446,95 5x12
[PT] bx16 frame I
[PT] bx17 frame A 526,91 25x62
[PT] bx17 frame I
[PT] bx18 frame A 633,80 16x40
[PT] bx18 frame I
[PT] bx19 frame A 858,90 9x23
[PT] bx19 frame I
[PT] bx20 frame A 698,79 18x46
[PT] bx20 frame I
[PT] bx21 frame A 381,92 18x46
[PT] bx21 frame I
[PT] bx22 frame A 661,82 17x41
[PT] bx22 frame I
[PT] ds22 text A 21m
[PT] ds22 text I
[PT] bx23 frame A 773,96 6x16
[PT] bx23 frame I
[PT] bx24 frame A 610,108 9x21
[PT] bx24 frame I
[PT] bx25 frame A 545,70 2x6
[PT] bx25 frame I
[PT] bx26 frame A 642,72 16x40
[PT] bx26 frame I
[PT] tick 366 enemies=50
[PT] bx0 frame A 530,59 3x7
[PT] bx0 frame I
[PT] bx1 frame A 608,103 9x22
[PT] bx1 frame I
[PT] bx2 frame A 623,91 2x5
[PT] bx2 frame I
[PT] bx3 frame A 706,91 7x18
[PT] bx3 frame I
[PT] bx4 frame A 687,91 7x17
[PT] bx4 frame I
[PT] bx5 frame A 669,91 7x17
[PT] bx5 frame I
[PT] bx6 frame A 637,90 6x16
[PT] bx6 frame I
[PT] bx7 frame A 632,89 6x14
[PT] bx7 frame I
[PT] bx8 frame A 641,89 6x14
[PT] bx8 frame I
[PT] bx9 frame A 801,92 9x22
[PT] bx9 frame I
[PT] bx10 frame A 67,107 10x25
[PT] bx10 frame I
[PT] bx11 frame A 492,97 7x17
[PT] bx11 frame I
[PT] bx12 frame A 9,93 5x12
[PT] bx12 frame I
[PT] bx13 frame A 850,90 1x4
[PT] bx13 frame I
[PT] ds13 text A 297m
[PT] ds13 text I
[PT] bx14 frame A 449,90 5x12
[PT] bx14 frame I
[PT] bx15 frame A 852,87 1x4
[PT] bx15 frame I
[PT] ds15 text A 297m
[PT] ds15 text I
[PT] bx16 frame A 444,90 5x12
[PT] bx16 frame I
[PT] bx17 frame A 524,87 25x62
[PT] bx17 frame I
[PT] bx18 frame A 632,76 16x40
[PT] bx18 frame I
[PT] bx19 frame A 855,85 9x23
[PT] bx19 frame I
[PT] bx20 frame A 685,74 18x46
[PT] bx20 frame I
[PT] bx21 frame A 394,88 18x46
[PT] bx21 frame I
[PT] bx22 frame A 672,80 17x41
[PT] bx22 frame I
[PT] bx23 frame A 771,91 6x16
[PT] bx23 frame I
[PT] bx24 frame A 608,103 9x22
[PT] bx24 frame I
[PT] bx25 frame A 543,65 2x6
[PT] bx25 frame I
[PT] bx26 frame A 640,73 16x40
[PT] bx26 frame I
[PT] tick 367 enemies=50
[PT] ds13 text A 299m
[PT] ds13 text I
[PT] bx15 frame A 853,88 1x4
[PT] bx15 frame I
[PT] ds15 text A 299m
[PT] ds15 text I
[PT] bx17 frame A 540,90 24x60
[PT] bx17 frame I
[PT] bx18 frame A 633,76 16x40
[PT] bx18 frame I
[PT] bx20 frame A 678,75 18x45
[PT] bx20 frame I
[PT] bx21 frame A 410,88 18x45
[PT] bx21 frame I
[PT] bx22 frame A 688,82 17x42
[PT] bx22 frame I
[PT] bx26 frame A 643,77 16x40
[PT] bx26 frame I
[PT] tick 368 enemies=50
[PT] bx0 frame A 530,61 3x6
[PT] bx0 frame I
[PT] bx1 frame A 608,105 9x21
[PT] bx1 frame I
[PT] bx2 frame A 623,93 2x5
[PT] bx2 frame I
[PT] bx3 frame A 706,94 7x18
[PT] bx3 frame I
[PT] bx4 frame A 687,93 7x17
[PT] bx4 frame I
[PT] bx5 frame A 669,93 7x17
[PT] bx5 frame I
[PT] bx6 frame A 637,92 6x16
[PT] bx6 frame I
[PT] bx7 frame A 632,92 6x14
[PT] bx7 frame I
[PT] bx8 frame A 641,91 6x14
[PT] bx8 frame I
[PT] bx9 frame A 805,94 9x22
[PT] bx9 frame I
[PT] bx10 frame A 67,110 10x25
[PT] bx10 frame I
[PT] bx11 frame A 492,99 7x17
[PT] bx11 frame I
[PT] bx12 frame A 10,95 5x12
[PT] bx12 frame I
[PT] bx13 frame A 851,93 1x4
[PT] bx13 frame I
[PT] ds13 text A 300m
[PT] ds13 text I
[PT] bx14 frame A 449,92 5x12
[PT] bx14 frame I
[PT] bx15 frame A 852,90 1x4
[PT] bx15 frame I
[PT] ds15 text A 300m
[PT] ds15 text I
[PT] bx16 frame A 445,93 5x12
[PT] bx16 frame I
[PT] bx17 frame A 545,92 24x60
[PT] bx17 frame I
[PT] bx18 frame A 634,78 16x40
[PT] bx18 frame I
[PT] bx19 frame A 855,88 9x23
[PT] bx19 frame I
[PT] bx20 frame A 678,77 18x44
[PT] bx20 frame I
[PT] bx21 frame A 427,90 18x45
[PT] bx21 frame I
[PT] bx22 frame A 678,83 17x41
[PT] bx22 frame I
[PT] bx23 frame A 771,94 6x16
[PT] bx23 frame I
[PT] bx24 frame A 608,105 9x21
[PT] bx24 frame I
[PT] bx25 frame A 543,67 2x6
[PT] bx25 frame I
[PT] bx26 frame A 644,80 16x40
[PT] bx26 frame I
[PT] tick 369 enemies=50
[PT] bx0 frame A 533,66 3x6
[PT] bx0 frame I
[PT] bx1 frame A 610,110 9x21
[PT] bx1 frame I
[PT] bx2 frame A 625,98 2x5
[PT] bx2 frame I
[PT] bx3 frame A 708,98 7x18
[PT] bx3 frame I
[PT] bx4 frame A 689,98 7x17
[PT] bx4 frame I
[PT] bx5 frame A 672,97 7x17
[PT] bx5 frame I
[PT] bx6 frame A 640,97 6x16
[PT] bx6 frame I
[PT] bx7 frame A 634,96 6x14
[PT] bx7 frame I
[PT] bx8 frame A 644,96 6x14
[PT] bx8 frame I
[PT] bx9 frame A 814,99 9x22
[PT] bx9 frame I
[PT] ds9 text A 46m
[PT] ds9 text I
[PT] bx10 frame A 72,114 10x25
[PT] bx10 frame I
[PT] bx11 frame A 495,104 7x17
[PT] bx11 frame I
[PT] bx12 frame A 16,100 5x12
[PT] bx12 frame I
[PT] bx13 frame A 855,98 1x4
[PT] bx13 frame I
[PT] ds13 text A 302m
[PT] ds13 text I
[PT] bx14 frame A 452,97 5x12
[PT] bx14 frame I
[PT] bx15 frame A 856,95 1x4
[PT] bx15 frame I
[PT] ds15 text A 302m
[PT] ds15 text I
[PT] bx16 frame A 447,97 5x12
[PT] bx16 frame I
[PT] bx17 frame A 556,86 24x59
[PT] bx17 frame I
[PT] ds17 text A 13m
[PT] ds17 text I
[PT] bx18 frame A 637,82 16x40
[PT] bx18 frame I
[PT] bx19 frame A 858,92 9x23
[PT] bx19 frame I
[PT] bx20 frame A 673,81 18x44
[PT] bx20 frame I
[PT] bx21 frame A 441,92 18x44
[PT] bx21 frame I
[PT] bx22 frame A 674,87 17x41
[PT] bx22 frame I
[PT] bx23 frame A 774,98 6x16
[PT] bx23 frame I
[PT] bx24 frame A 610,110 9x21
[PT] bx24 frame I
[PT] bx25 frame A 546,72 2x6
[PT] bx25 frame I
[PT] bx26 frame A 648,82 16x40
[PT] bx26 frame I
[PT] tick 370 enemies=50
[PT] bx0 frame A 537,70 3x6
[PT] bx0 frame I
[PT] bx1 frame A 615,113 9x21
[PT] bx1 frame I
[PT] bx2 frame A 630,101 2x5
[PT] bx2 frame I
[PT] bx3 frame A 713,102 7x18
[PT] bx3 frame I
[PT] bx4 frame A 694,101 7x17
[PT] bx4 frame I
[PT] bx5 frame A 677,101 7x17
[PT] bx5 frame I
[PT] bx6 frame A 644,100 6x16
[PT] bx6 frame I
[PT] bx7 frame A 639,100 6x14
[PT] bx7 frame I
[PT] bx8 frame A 648,99 6x14
[PT] bx8 frame I
[PT] bx9 frame A 828,96 9x22
[PT] bx9 frame I
[PT] bx10 frame A 80,117 10x25
[PT] bx10 frame I
[PT] bx11 frame A 499,107 7x17
[PT] bx11 frame I
[PT] bx12 frame A 25,103 5x11
[PT] bx12 frame I
[PT] bx13 frame A 863,102 1x4
[PT] bx13 frame I
[PT] ds13 text A 303m
[PT] ds13 text I
[PT] bx14 frame A 456,100 5x12
[PT] bx14 frame I
[PT] bx15 frame A 864,99 1x4
[PT] bx15 frame I
[PT] ds15 text A 303m
[PT] ds15 text I
[PT] bx16 frame A 452,101 5x12
[PT] bx16 frame I
[PT] bx17 frame A 571,78 23x58
[PT] bx17 frame I
[PT] bx18 frame A 642,85 16x40
[PT] bx18 frame I
[PT] bx19 frame A 865,95 9x23
[PT] bx19 frame I
[PT] bx20 frame A 663,84 18x44
[PT] bx20 frame I
[PT] bx21 frame A 461,95 18x44
[PT] bx21 frame I
[PT] bx22 frame A 670,89 17x41
[PT] bx22 frame I
[PT] bx23 frame A 779,102 6x16
[PT] bx23 frame I
[PT] bx24 frame A 615,113 9x21
[PT] bx24 frame I
[PT] bx25 frame A 550,76 2x6
[PT] bx25 frame I
[PT] bx26 frame A 656,83 16x41
[PT] bx26 frame I
[PT] tick 371 enemies=50
[PT] bx0 frame A 538,67 3x6
[PT] bx0 frame I
[PT] bx1 frame A 616,111 9x22
[PT] bx1 frame I
[PT] bx2 frame A 631,99 2x5
[PT] bx2 frame I
[PT] bx3 frame A 715,100 7x18
[PT] bx3 frame I
[PT] bx4 frame A 696,99 7x17
[PT] bx4 frame I
[PT] bx5 frame A 678,99 7x17
[PT] bx5 frame I
[PT] bx6 frame A 646,98 6x16
[PT] bx6 frame I
[PT] bx7 frame A 640,98 6x14
[PT] bx7 frame I
[PT] bx8 frame A 650,97 6x14
[PT] bx8 frame I
[PT] bx9 frame A 835,91 9x23
[PT] bx9 frame I
[PT] bx10 frame A 81,115 10x25
[PT] bx10 frame I
[PT] bx11 frame A 500,105 7x17
[PT] bx11 frame I
[PT] bx12 frame A 26,101 5x11
[PT] bx12 frame I
[PT] bx13 frame A 866,100 1x4
[PT] bx13 frame I
[PT] ds13 text A 305m
[PT] ds13 text I
[PT] bx14 frame A 457,98 5x12
[PT] bx14 frame I
[PT] bx15 frame A 867,97 1x4
[PT] bx15 frame I
[PT] ds15 text A 305m
[PT] ds15 text I
[PT] bx16 frame A 453,99 5x12
[PT] bx16 frame I
[PT] bx17 frame A 582,68 23x58
[PT] bx17 frame I
[PT] bx18 frame A 644,84 16x40
[PT] bx18 frame I
[PT] bx19 frame A 867,94 9x24
[PT] bx19 frame I
[PT] bx20 frame A 666,82 17x43
[PT] bx20 frame I
[PT] ds20 text A 20m
[PT] ds20 text I
[PT] bx21 frame A 472,95 17x44
[PT] bx21 frame I
[PT] bx22 frame A 665,84 17x41
[PT] bx22 frame I
[PT] ds22 text A 20m
[PT] ds22 text I
[PT] bx23 frame A 781,100 6x16
[PT] bx23 frame I
[PT] bx24 frame A 616,111 9x22
[PT] bx24 frame I
[PT] bx25 frame A 551,74 2x6
[PT] bx25 frame I
[PT] bx26 frame A 661,80 16x41
[PT] bx26 frame I
[PT] tick 372 enemies=50
[PT] bx0 frame A 544,66 3x6
[PT] bx0 frame I
[PT] bx1 frame A 621,110 9x22
[PT] bx1 frame I
[PT] bx2 frame A 637,98 2x5
[PT] bx2 frame I
[PT] bx3 frame A 721,99 7x18
[PT] bx3 frame I
[PT] bx4 frame A 702,98 7x18
[PT] bx4 frame I
[PT] bx5 frame A 684,98 7x17
[PT] bx5 frame I
[PT] bx6 frame A 651,97 6x16
[PT] bx6 frame I
[PT] bx7 frame A 646,97 6x15
[PT] bx7 frame I
[PT] bx8 frame A 656,96 6x14
[PT] bx8 frame I
[PT] bx9 frame A 849,88 9x23
[PT] bx9 frame I
[PT] bx10 frame A 89,114 10x25
[PT] bx10 frame I
[PT] bx11 frame A 505,104 7x17
[PT] bx11 frame I
[PT] bx12 frame A 35,100 5x11
[PT] bx12 frame I
[PT] bx13 frame A 876,99 1x4
[PT] bx13 frame I
[PT] ds13 text A 307m
[PT] ds13 text I
[PT] bx14 frame A 462,97 5x12
[PT] bx14 frame I
[PT] bx15 frame A 877,96 1x4
[PT] bx15 frame I
[PT] ds15 text A 306m
[PT] ds15 text I
[PT] bx16 frame A 457,98 5x12
[PT] bx16 frame I
[PT] bx17 frame A 595,64 23x57
[PT] bx17 frame I
[PT] ds17 text A 14m
[PT] ds17 text I
[PT] bx18 frame A 650,83 16x40
[PT] bx18 frame I
[PT] bx19 frame A 876,93 10x24
[PT] bx19 frame I
[PT] bx21 frame A 488,94 17x43
[PT] bx21 frame I
[PT] bx22 frame A 666,82 17x42
[PT] bx22 frame I
[PT] bx23 frame A 788,99 6x16
[PT] bx23 frame I
[PT] bx24 frame A 621,110 9x22
[PT] bx24 frame I
[PT] bx25 frame A 557,73 2x6
[PT] bx25 frame I
[PT] bx26 frame A 668,76 17x41
[PT] bx26 frame I
[PT] tick 373 enemies=50
[PT] bx0 frame A 543,64 3x6
[PT] bx0 frame I
[PT] bx1 frame A 621,109 9x22
[PT] bx1 frame I
[PT] bx2 frame A 636,96 2x5
[PT] bx2 frame I
[PT] bx3 frame A 721,97 7x18
[PT] bx3 frame I
[PT] bx4 frame A 702,96 7x18
[PT] bx4 frame I
[PT] bx5 frame A 684,96 7x17
[PT] bx5 frame I
[PT] bx6 frame A 651,95 6x16
[PT] bx6 frame I
[PT] bx7 frame A 645,95 6x15
[PT] bx7 frame I
[PT] bx8 frame A 655,95 6x14
[PT] bx8 frame I
[PT] bx9 frame A 856,84 9x24
[PT] bx9 frame I
[PT] ds9 text A 45m
[PT] ds9 text I
[PT] bx10 frame A 88,112 10x25
[PT] bx10 frame I
[PT] bx11 frame A 504,102 7x17
[PT] bx11 frame I
[PT] bx12 frame A 34,98 5x11
[PT] bx12 frame I
[PT] bx13 frame A 877,97 1x4
[PT] bx13 frame I
[PT] ds13 text A 308m
[PT] ds13 text I
[PT] bx14 frame A 462,96 5x12
[PT] bx14 frame I
[PT] bx15 frame A 879,94 1x4
[PT] bx15 frame I
[PT] ds15 text A 308m
[PT] ds15 text I
[PT] bx16 frame A 457,96 5x12
[PT] bx16 frame I
[PT] bx17 frame A 602,61 23x57
[PT] bx17 frame I
[PT] bx18 frame A 650,81 16x40
[PT] bx18 frame I
[PT] bx19 frame A 876,91 10x24
[PT] bx19 frame I
[PT] bx20 frame A 661,79 17x43
[PT] bx20 frame I
[PT] bx21 frame A 499,92 17x43
[PT] bx21 frame I
[PT] bx22 frame A 666,81 17x42
[PT] bx22 frame I
[PT] bx23 frame A 788,97 6x16
[PT] bx23 frame I
[PT] bx24 frame A 621,109 9x22
[PT] bx24 frame I
[PT] bx25 frame A 556,71 2x6
[PT] bx25 frame I
[PT] bx26 frame A 667,72 17x42
[PT] bx26 frame I
[PT] tick 374 enemies=50
[PT] bx0 frame A 544,62 3x7
[PT] bx0 frame I
[PT] bx1 frame A 622,106 9x22
[PT] bx1 frame I
[PT] bx2 frame A 638,94 2x5
[PT] bx2 frame I
[PT] bx3 frame A 722,94 7x18
[PT] bx3 frame I
[PT] bx4 frame A 703,94 7x18
[PT] bx4 frame I
[PT] bx5 frame A 685,94 7x17
[PT] bx5 frame I
[PT] bx6 frame A 652,93 6x16
[PT] bx6 frame I
[PT] bx7 frame A 646,92 6x15
[PT] bx7 frame I
[PT] bx8 frame A 656,92 6x14
[PT] bx8 frame I
[PT] bx9 frame A 863,82 10x24
[PT] bx9 frame I
[PT] bx10 frame A 89,110 10x25
[PT] bx10 frame I
[PT] bx11 frame A 505,100 7x17
[PT] bx11 frame I
[PT] bx12 frame A 35,96 5x11
[PT] bx12 frame I
[PT] bx13 frame A 880,95 1x4
[PT] bx13 frame I
[PT] ds13 text A 310m
[PT] ds13 text I
[PT] bx14 frame A 462,93 5x12
[PT] bx14 frame I
[PT] bx15 frame A 882,92 1x4
[PT] bx15 frame I
[PT] ds15 text A 310m
[PT] ds15 text I
[PT] bx16 frame A 458,93 5x12
[PT] bx16 frame I
[PT] bx17 frame A 612,60 22x56
[PT] bx17 frame I
[PT] bx18 frame A 651,78 16x40
[PT] bx18 frame I
[PT] bx19 frame A 878,88 10x24
[PT] bx19 frame I
[PT] bx20 frame A 657,77 17x43
[PT] bx20 frame I
[PT] ds20 text A 19m
[PT] ds20 text I
[PT] bx21 frame A 516,90 17x43
[PT] bx21 frame I
[PT] ds21 text A 18m
[PT] ds21 text I
[PT] bx22 frame A 665,78 17x42
[PT] bx22 frame I
[PT] bx23 frame A 790,94 6x16
[PT] bx23 frame I
[PT] bx24 frame A 622,106 9x22
[PT] bx24 frame I
[PT] bx25 frame A 557,68 2x6
[PT] bx25 frame I
[PT] bx26 frame A 668,68 17x42
[PT] bx26 frame I
[PT] tick 375 enemies=50
[PT] bx3 frame A 723,95 7x18
[PT] bx3 frame I
[PT] bx9 frame A 872,84 10x24
[PT] bx9 frame I
[PT] bx10 frame A 90,110 10x25
[PT] bx10 frame I
[PT] bx12 frame A 36,96 5x11
[PT] bx12 frame I
[PT] bx13 frame A 883,96 1x4
[PT] bx13 frame I
[PT] ds13 text A 311m
[PT] ds13 text I
[PT] bx15 frame A 885,93 1x4
[PT] bx15 frame I
[PT] ds15 text A 311m
[PT] ds15 text I
[PT] bx17 frame A 621,65 22x55
[PT] bx17 frame I
[PT] ds17 text A 15m
[PT] ds17 text I
[PT] bx19 frame A 879,89 10x24
[PT] bx19 frame I
[PT] bx20 frame A 653,78 17x43
[PT] bx20 frame I
[PT] bx21 frame A 534,91 17x43
[PT] bx21 frame I
[PT] bx23 frame A 791,95 6x16
[PT] bx23 frame I
[PT] bx26 frame A 665,68 17x42
[PT] bx26 frame I
[PT] ds26 text A 20m
[PT] ds26 text I
[PT] tick 376 enemies=50
[PT] bx0 frame A 545,64 3x6
[PT] bx0 frame I
[PT] bx1 frame A 622,108 9x22
[PT] bx1 frame I
[PT] bx2 frame A 638,96 2x5
[PT] bx2 frame I
[PT] bx3 frame A 723,96 7x18
[PT] bx3 frame I
[PT] bx4 frame A 704,96 7x18
[PT] bx4 frame I
[PT] bx5 frame A 686,96 7x17
[PT] bx5 frame I
[PT] bx6 frame A 653,95 6x16
[PT] bx6 frame I
[PT] bx7 frame A 647,94 6x15
[PT] bx7 frame I
[PT] bx8 frame A 657,94 6x14
[PT] bx8 frame I
[PT] bx9 frame A 875,86 10x24
[PT] bx9 frame I
[PT] bx10 frame A 90,112 10x25
[PT] bx10 frame I
[PT] bx11 frame A 506,102 7x17
[PT] bx11 frame I
[PT] bx12 frame A 37,98 5x11
[PT] bx12 frame I
[PT] bx13 frame A 884,97 1x4
[PT] bx13 frame I
[PT] ds13 text A 313m
[PT] ds13 text I
[PT] bx14 frame A 463,95 5x12
[PT] bx14 frame I
[PT] bx15 frame A 886,94 1x4
[PT] bx15 frame I
[PT] ds15 text A 313m
[PT] ds15 text I
[PT] bx16 frame A 458,95 5x12
[PT] bx16 frame I
[PT] bx17 frame A 625,69 21x54
[PT] bx17 frame I
[PT] bx18 frame A 650,80 16x40
[PT] bx18 frame I
[PT] bx19 frame A 878,90 10x24
[PT] bx19 frame I
[PT] bx20 frame A 646,79 17x42
[PT] bx20 frame I
[PT] ds20 text A 20m
[PT] ds20 text I
[PT] bx21 frame A 543,92 17x42
[PT] bx21 frame I
[PT] bx22 frame A 664,80 17x42
[PT] bx22 frame I
[PT] bx23 frame A 790,97 6x16
[PT] bx23 frame I
[PT] bx24 frame A 622,108 9x22
[PT] bx24 frame I
[PT] bx25 frame A 558,70 2x6
[PT] bx25 frame I
[PT] bx26 frame A 662,69 17x42
[PT] bx26 frame I
[PT] tick 377 enemies=50
[PT] bx0 frame A 544,63 3x6
[PT] bx0 frame I
[PT] bx1 frame A 622,107 9x22
[PT] bx1 frame I
[PT] bx2 frame A 638,95 2x5
[PT] bx2 frame I
[PT] bx3 frame A 723,95 7x18
[PT] bx3 frame I
[PT] bx4 frame A 703,95 7x18
[PT] bx4 frame I
[PT] bx5 frame A 685,95 7x17
[PT] bx5 frame I
[PT] bx6 frame A 652,94 6x16
[PT] bx6 frame I
[PT] bx7 frame A 647,93 6x15
[PT] bx7 frame I
[PT] bx8 frame A 657,93 6x14
[PT] bx8 frame I
[PT] bx9 frame A 879,88 10x25
[PT] bx9 frame I
[PT] bx10 frame A 89,111 10x25
[PT] bx10 frame I
[PT] bx11 frame A 505,101 7x17
[PT] bx11 frame I
[PT] bx12 frame A 35,97 5x11
[PT] bx12 frame I
[PT] bx13 frame A 885,96 1x4
[PT] bx13 frame I
[PT] ds13 text A 314m
[PT] ds13 text I
[PT] bx14 frame A 463,94 5x12
[PT] bx14 frame I
[PT] bx15 frame A 887,93 1x4
[PT] bx15 frame I
[PT] ds15 text A 314m
[PT] ds15 text I
[PT] bx16 frame A 458,94 5x12
[PT] bx16 frame I
[PT] bx17 frame A 632,77 21x52
[PT] bx17 frame I
[PT] bx18 frame A 650,79 16x41
[PT] bx18 frame I
[PT] bx19 frame A 878,89 10x24
[PT] bx19 frame I
[PT] bx20 frame A 638,78 17x41
[PT] bx20 frame I
[PT] bx21 frame A 556,91 17x42
[PT] bx21 frame I
[PT] bx22 frame A 662,79 17x42
[PT] bx22 frame I
[PT] bx23 frame A 790,96 6x16
[PT] bx23 frame I
[PT] bx24 frame A 622,107 9x22
[PT] bx24 frame I
[PT] bx25 frame A 557,69 2x6
[PT] bx25 frame I
[PT] bx26 frame A 659,68 17x42
[PT] bx26 frame I
[PT] tick 378 enemies=50
[PT] bx9 frame A 885,92 10x25
[PT] bx9 frame I
[PT] bx13 frame A 887,96 1x4
[PT] bx13 frame I
[PT] ds13 text A 316m
[PT] ds13 text I
[PT] bx15 frame A 889,93 1x4
[PT] bx15 frame I
[PT] ds15 text A 316m
[PT] ds15 text I
[PT] bx17 frame A 638,86 20x51
[PT] bx17 frame I
[PT] ds17 text A 16m
[PT] ds17 text I
[PT] bx20 frame A 631,78 16x41
[PT] bx20 frame I
[PT] bx21 frame A 568,91 17x42
[PT] bx21 frame I
[PT] ds21 text A 19m
[PT] ds21 text I
[PT] bx22 frame A 656,78 17x42
[PT] bx22 frame I
[PT] tick 379 enemies=50
[PT] bx9 frame A 888,97 10x25
[PT] bx9 frame I
[PT] ds9 text A 44m
[PT] ds9 text I
[PT] bx13 frame A 889,97 1x4
[PT] bx13 frame I
[PT] ds13 text A 317m
[PT] ds13 text I
[PT] bx15 frame A 891,94 1x4
[PT] bx15 frame I
[PT] ds15 text A 317m
[PT] ds15 text I
[PT] bx17 frame A 644,92 20x50
[PT] bx17 frame I
[PT] bx20 frame A 628,79 16x40
[PT] bx20 frame I
[PT] ds20 text A 21m
[PT] ds20 text I
[PT] bx21 frame A 578,91 17x42
[PT] bx21 frame I
[PT] bx22 frame A 651,79 17x42
[PT] bx22 frame I
[PT] bx26 frame A 658,71 17x42
[PT] bx26 frame I
[PT] tick 380 enemies=50
[PT] bx13 frame A 891,96 1x4
[PT] bx13 frame I
[PT] ds13 text A 319m
[PT] ds13 text I
[PT] bx15 frame A 893,93 1x4
[PT] bx15 frame I
[PT] ds15 text A 318m
[PT] ds15 text I
[PT] bx17 frame A 643,92 20x50
[PT] bx17 frame I
[PT] bx20 frame A 630,78 16x40
[PT] bx20 frame I
[PT] bx21 frame A 590,87 17x42
[PT] bx21 frame I
[PT] bx22 frame A 644,78 17x42
[PT] bx22 frame I
[PT] tick 381 enemies=50
[PT] bx0 frame A 546,62 3x7
[PT] bx0 frame I
[PT] bx1 frame A 623,107 9x22
[PT] bx1 frame I
[PT] bx2 frame A 639,94 2x5
[PT] bx2 frame I
[PT] bx3 frame A 724,95 7x18
[PT] bx3 frame I
[PT] bx4 frame A 705,95 7x18
[PT] bx4 frame I
[PT] bx5 frame A 686,94 7x17
[PT] bx5 frame I
[PT] bx6 frame A 654,94 6x16
[PT] bx6 frame I
[PT] bx7 frame A 648,93 6x15
[PT] bx7 frame I
[PT] bx8 frame A 658,93 6x14
[PT] bx8 frame I
[PT] bx9 frame A 890,97 10x25
[PT] bx9 frame I
[PT] bx10 frame A 91,110 10x25
[PT] bx10 frame I
[PT] bx11 frame A 506,100 7x17
[PT] bx11 frame I
[PT] bx12 frame A 37,96 5x11
[PT] bx12 frame I
[PT] bx13 frame A 895,96 1x4
[PT] bx13 frame I
[PT] ds13 text A 320m
[PT] ds13 text I
[PT] bx14 frame A 464,94 5x12
[PT] bx14 frame I
[PT] bx15 frame A 896,93 1x4
[PT] bx15 frame I
[PT] ds15 text A 320m
[PT] ds15 text I
[PT] bx16 frame A 459,94 5x12
[PT] bx16 frame I
[PT] bx19 frame A 880,89 10x24
[PT] bx19 frame I
[PT] bx20 frame A 632,78 16x41
[PT] bx20 frame I
[PT] ds20 text A 20m
[PT] ds20 text I
[PT] bx21 frame A 601,85 17x42
[PT] bx21 frame I
[PT] bx22 frame A 643,78 17x42
[PT] bx22 frame I
[PT] bx23 frame A 792,95 6x16
[PT] bx23 frame I
[PT] bx24 frame A 623,107 9x22
[PT] bx24 frame I
[PT] bx25 frame A 559,69 2x6
[PT] bx25 frame I
[PT] bx26 frame A 654,70 17x42
[PT] bx26 frame I
[PT] tick 382 enemies=50
[PT] bx0 frame A 546,60 3x7
[PT] bx0 frame I
[PT] bx1 frame A 624,105 9x22
[PT] bx1 frame I
[PT] bx2 frame A 639,92 2x5
[PT] bx2 frame I
[PT] bx3 frame A 725,93 7x18
[PT] bx3 frame I
[PT] bx4 frame A 705,92 7x18
[PT] bx4 frame I
[PT] bx5 frame A 687,92 7x17
[PT] bx5 frame I
[PT] bx6 frame A 654,91 6x16
[PT] bx6 frame I
[PT] bx7 frame A 648,91 6x15
[PT] bx7 frame I
[PT] bx8 frame A 658,90 6x14
[PT] bx8 frame I
[PT] bx9 frame A 892,91 10x25
[PT] bx9 frame I
[PT] bx10 frame A 91,108 10x25
[PT] bx10 frame I
[PT] bx11 frame A 507,98 7x17
[PT] bx11 frame I
[PT] bx12 frame A 37,94 5x11
[PT] bx12 frame I
[PT] bx13 frame A 898,94 1x4
[PT] bx13 frame I
[PT] ds13 text A 321m
[PT] ds13 text I
[PT] bx14 frame A 464,91 5x12
[PT] bx14 frame I
[PT] bx15 frame A 900,91 1x4
[PT] bx15 frame I
[PT] ds15 text A 321m
[PT] ds15 text I
[PT] bx16 frame A 459,91 5x12
[PT] bx16 frame I
[PT] bx17 frame A 644,83 20x50
[PT] bx17 frame I
[PT] bx18 frame A 650,77 16x41
[PT] bx18 frame I
[PT] bx19 frame A 881,87 10x24
[PT] bx19 frame I
[PT] bx20 frame A 635,76 16x41
[PT] bx20 frame I
[PT] bx21 frame A 607,81 17x42
[PT] bx21 frame I
[PT] bx22 frame A 645,76 17x42
[PT] bx22 frame I
[PT] bx23 frame A 792,93 6x16
[PT] bx23 frame I
[PT] bx24 frame A 624,105 9x22
[PT] bx24 frame I
[PT] bx25 frame A 559,66 2x6
[PT] bx25 frame I
[PT] bx26 frame A 646,67 17x42
[PT] bx26 frame I
[PT] tick 383 enemies=50
[PT] bx0 frame A 547,59 3x7
[PT] bx0 frame I
[PT] bx1 frame A 625,104 9x22
[PT] bx1 frame I
[PT] bx2 frame A 641,92 2x5
[PT] bx2 frame I
[PT] bx3 frame A 726,92 7x18
[PT] bx3 frame I
[PT] bx4 frame A 707,92 7x18
[PT] bx4 frame I
[PT] bx5 frame A 689,91 7x17
[PT] bx5 frame I
[PT] bx6 frame A 656,91 6x16
[PT] bx6 frame I
[PT] bx7 frame A 650,90 6x15
[PT] bx7 frame I
[PT] bx8 frame A 660,90 6x14
[PT] bx8 frame I
[PT] bx9 frame A 895,86 10x25
[PT] bx9 frame I
[PT] bx10 frame A 93,107 10x25
[PT] bx10 frame I
[PT] bx11 frame A 508,98 7x17
[PT] bx11 frame I
[PT] bx12 frame A 39,93 5x11
[PT] bx12 frame I
[PT] bx13 frame A 903,94 1x4
[PT] bx13 frame I
[PT] ds13 text A 323m
[PT] ds13 text I
[PT] bx14 frame A 465,91 5x12
[PT] bx14 frame I
[PT] bx15 frame A 905,91 1x4
[PT] bx15 frame I
[PT] ds15 text A 323m
[PT] ds15 text I
[PT] bx16 frame A 460,91 5x12
[PT] bx16 frame I
[PT] bx17 frame A 646,72 20x50
[PT] bx17 frame I
[PT] bx19 frame A 883,86 10x24
[PT] bx19 frame I
[PT] bx20 frame A 634,76 16x40
[PT] bx20 frame I
[PT] ds20 text A 21m
[PT] ds20 text I
[PT] bx21 frame A 618,79 17x42
[PT] bx21 frame I
[PT] ds21 text A 20m
[PT] ds21 text I
[PT] bx22 frame A 647,75 17x42
[PT] bx22 frame I
[PT] bx23 frame A 794,92 6x16
[PT] bx23 frame I
[PT] bx24 frame A 625,104 9x22
[PT] bx24 frame I
[PT] bx25 frame A 560,66 2x6
[PT] bx25 frame I
[PT] bx26 frame A 638,66 17x41
[PT] bx26 frame I
[PT] tick 384 enemies=50
[PT] bx0 frame A 547,57 3x7
[PT] bx0 frame I
[PT] bx1 frame A 624,102 9x22
[PT] bx1 frame I
[PT] bx2 frame A 640,89 2x5
[PT] bx2 frame I
[PT] bx3 frame A 725,90 7x18
[PT] bx3 frame I
[PT] bx4 frame A 706,89 7x18
[PT] bx4 frame I
[PT] bx5 frame A 688,89 7x17
[PT] bx5 frame I
[PT] bx6 frame A 655,88 6x16
[PT] bx6 frame I
[PT] bx7 frame A 649,88 6x15
[PT] bx7 frame I
[PT] bx8 frame A 659,87 6x14
[PT] bx8 frame I
[PT] bx9 frame A 893,81 10x25
[PT] bx9 frame I
[PT] bx10 frame A 91,105 10x25
[PT] bx10 frame I
[PT] bx11 frame A 507,95 7x17
[PT] bx11 frame I
[PT] bx12 frame A 37,91 5x11
[PT] bx12 frame I
[PT] bx13 frame A 905,91 1x4
[PT] bx13 frame I
[PT] ds13 text A 324m
[PT] ds13 text I
[PT] bx14 frame A 464,88 5x12
[PT] bx14 frame I
[PT] bx15 frame A 906,88 1x4
[PT] bx15 frame I
[PT] ds15 text A 324m
[PT] ds15 text I
[PT] bx16 frame A 460,88 5x13
[PT] bx16 frame I
[PT] bx17 frame A 645,63 20x50
[PT] bx17 frame I
[PT] ds17 text A 17m
[PT] ds17 text I
[PT] bx18 frame A 650,74 16x41
[PT] bx18 frame I
[PT] bx19 frame A 882,84 10x24
[PT] bx19 frame I
[PT] bx20 frame A 632,74 16x40
[PT] bx20 frame I
[PT] bx21 frame A 626,75 17x42
[PT] bx21 frame I
[PT] bx22 frame A 646,73 17x42
[PT] bx22 frame I
[PT] bx23 frame A 793,90 6x16
[PT] bx23 frame I
[PT] bx24 frame A 624,102 9x22
[PT] bx24 frame I
[PT] bx25 frame A 560,63 2x6
[PT] bx25 frame I
[PT] bx26 frame A 637,64 17x41
[PT] bx26 frame I
[PT] ds26 text A 21m
[PT] ds26 text I
[PT] tick 385 enemies=50
[PT] bx0 frame A 545,55 3x7
[PT] bx0 frame I
[PT] bx1 frame A 623,100 9x22
[PT] bx1 frame I
[PT] bx2 frame A 639,87 2x5
[PT] bx2 frame I
[PT] bx3 frame A 724,88 7x18
[PT] bx3 frame I
[PT] bx4 frame A 705,88 7x18
[PT] bx4 frame I
[PT] bx5 frame A 687,87 7x17
[PT] bx5 frame I
[PT] bx6 frame A 654,87 6x16
[PT] bx6 frame I
[PT] bx7 frame A 648,86 6x15
[PT] bx7 frame I
[PT] bx8 frame A 658,86 6x14
[PT] bx8 frame I
[PT] bx9 frame A 891,77 10x25
[PT] bx9 frame I
[PT] bx10 frame A 89,104 10x25
[PT] bx10 frame I
[PT] bx11 frame A 506,94 7x17
[PT] bx11 frame I
[PT] bx12 frame A 35,89 5x11
[PT] bx12 frame I
[PT] bx13 frame A 907,90 1x4
[PT] bx13 frame I
[PT] ds13 text A 326m
[PT] ds13 text I
[PT] bx14 frame A 463,87 5x12
[PT] bx14 frame I
[PT] bx15 frame A 908,87 1x4
[PT] bx15 frame I
[PT] ds15 text A 326m
[PT] ds15 text I
[PT] bx16 frame A 458,87 5x13
[PT] bx16 frame I
[PT] bx17 frame A 644,58 20x50
[PT] bx17 frame I
[PT] bx18 frame A 649,72 16x41
[PT] bx18 frame I
[PT] bx19 frame A 880,82 10x24
[PT] bx19 frame I
[PT] bx20 frame A 633,73 16x39
[PT] bx20 frame I
[PT] bx21 frame A 627,72 16x41
[PT] bx21 frame I
[PT] bx22 frame A 645,71 17x42
[PT] bx22 frame I
[PT] bx23 frame A 792,88 6x16
[PT] bx23 frame I
[PT] bx24 frame A 623,100 9x22
[PT] bx24 frame I
[PT] bx25 frame A 558,62 2x6
[PT] bx25 frame I
[PT] bx26 frame A 638,62 17x41
[PT] bx26 frame I
[PT] tick 386 enemies=50
[PT] bx0 frame A 547,55 3x7
[PT] bx0 frame I
[PT] bx1 frame A 625,100 9x22
[PT] bx1 frame I
[PT] bx2 frame A 641,87 2x5
[PT] bx2 frame I
[PT] bx3 frame A 726,88 7x18
[PT] bx3 frame I
[PT] bx4 frame A 707,87 7x18
[PT] bx4 frame I
[PT] bx5 frame A 689,87 7x17
[PT] bx5 frame I
[PT] bx6 frame A 656,86 6x16
[PT] bx6 frame I
[PT] bx7 frame A 650,86 6x15
[PT] bx7 frame I
[PT] bx8 frame A 660,86 6x14
[PT] bx8 frame I
[PT] bx9 frame A 893,75 10x25
[PT] bx9 frame I
[PT] bx10 frame A 91,103 10x25
[PT] bx10 frame I
[PT] bx11 frame A 508,93 7x18
[PT] bx11 frame I
[PT] bx12 frame A 37,89 5x11
[PT] bx12 frame I
[PT] bx13 frame A 913,90 1x4
[PT] bx13 frame I
[PT] ds13 text A 328m
[PT] ds13 text I
[PT] bx14 frame A 465,86 5x12
[PT] bx14 frame I
[PT] bx15 frame A 915,87 1x4
[PT] bx15 frame I
[PT] ds15 text A 328m
[PT] ds15 text I
[PT] bx16 frame A 460,87 5x13
[PT] bx16 frame I
[PT] bx17 frame A 645,56 20x49
[PT] bx17 frame I
[PT] bx18 frame A 650,72 16x41
[PT] bx18 frame I
[PT] bx19 frame A 883,82 10x24
[PT] bx19 frame I
[PT] bx20 frame A 643,76 16x39
[PT] bx20 frame I
[PT] ds20 text A 22m
[PT] ds20 text I
[PT] bx21 frame A 631,71 16x41
[PT] bx21 frame I
[PT] ds21 text A 21m
[PT] ds21 text I
[PT] bx23 frame A 794,88 6x16
[PT] bx23 frame I
[PT] bx24 frame A 625,100 9x22
[PT] bx24 frame I
[PT] bx25 frame A 560,61 2x6
[PT] bx25 frame I
[PT] bx26 frame A 641,62 17x42
[PT] bx26 frame I
[PT] tick 387 enemies=50
[PT] bx0 frame A 548,53 3x7
[PT] bx0 frame I
[PT] bx1 frame A 626,99 9x22
[PT] bx1 frame I
[PT] bx2 frame A 642,86 2x5
[PT] bx2 frame I
[PT] bx3 frame A 728,86 7x18
[PT] bx3 frame I
[PT] bx4 frame A 708,86 7x18
[PT] bx4 frame I
[PT] bx5 frame A 690,86 7x17
[PT] bx5 frame I
[PT] bx6 frame A 657,85 6x16
[PT] bx6 frame I
[PT] bx7 frame A 651,84 6x15
[PT] bx7 frame I
[PT] bx8 frame A 661,84 6x15
[PT] bx8 frame I
[PT] bx9 frame A 893,74 10x25
[PT] bx9 frame I
[PT] bx10 frame A 92,102 10x25
[PT] bx10 frame I
[PT] bx11 frame A 509,92 7x18
[PT] bx11 frame I
[PT] bx12 frame A 39,88 5x11
[PT] bx12 frame I
[PT] bx13 frame A 919,89 1x4
[PT] bx13 frame I
[PT] ds13 text A 329m
[PT] ds13 text I
[PT] bx14 frame A 466,85 5x12
[PT] bx14 frame I
[PT] bx15 frame A 920,86 1x4
[PT] bx15 frame I
[PT] ds15 text A 329m
[PT] ds15 text I
[PT] bx16 frame A 461,85 5x13
[PT] bx16 frame I
[PT] bx18 frame A 651,71 16x41
[PT] bx18 frame I
[PT] bx19 frame A 885,81 10x24
[PT] bx19 frame I
[PT] bx20 frame A 655,63 16x39
[PT] bx20 frame I
[PT] bx21 frame A 631,70 16x40
[PT] bx21 frame I
[PT] bx22 frame A 644,70 17x42
[PT] bx22 frame I
[PT] bx23 frame A 796,87 6x16
[PT] bx23 frame I
[PT] bx24 frame A 626,99 9x22
[PT] bx24 frame I
[PT] bx25 frame A 561,60 2x6
[PT] bx25 frame I
[PT] bx26 frame A 643,62 17x42
[PT] bx26 frame I
[PT] tick 388 enemies=50
[PT] bx0 frame A 551,52 3x7
[PT] bx0 frame I
[PT] bx1 frame A 629,97 9x22
[PT] bx1 frame I
[PT] bx2 frame A 646,84 2x5
[PT] bx2 frame I
[PT] bx3 frame A 732,85 7x19
[PT] bx3 frame I
[PT] bx4 frame A 712,85 7x18
[PT] bx4 frame I
[PT] bx5 frame A 694,84 7x17
[PT] bx5 frame I
[PT] bx6 frame A 660,84 6x16
[PT] bx6 frame I
[PT] bx7 frame A 655,83 6x15
[PT] bx7 frame I
[PT] bx8 frame A 665,83 6x15
[PT] bx8 frame I
[PT] bx9 frame A 898,74 10x26
[PT] bx9 frame I
[PT] bx10 frame A 97,100 10x25
[PT] bx10 frame I
[PT] bx11 frame A 512,91 7x18
[PT] bx11 frame I
[PT] bx12 frame A 44,86 5x11
[PT] bx12 frame I
[PT] bx13 frame A 469,84 5x12
[PT] bx13 frame I
[PT] ds13 text A 67m
[PT] ds13 text I
[PT] bx14 frame A 464,84 5x13
[PT] bx14 frame I
[PT] bx15 frame A 647,56 19x48
[PT] bx15 frame I
[PT] ds15 text A 18m
[PT] ds15 text I
[PT] bx16 frame A 654,70 16x41
[PT] bx16 frame I
[PT] ds16 text A 21m
[PT] ds16 text I
[PT] bx17 frame A 891,79 10x24
[PT] bx17 frame I
[PT] ds17 text A 46m
[PT] ds17 text I
[PT] bx18 frame A 671,56 16x40
[PT] bx18 frame I
[PT] ds18 text A 22m
[PT] ds18 text I
[PT] bx19 frame A 635,69 16x40
[PT] bx19 frame I
[PT] ds19 text A 21m
[PT] ds19 text I
[PT] bx20 frame A 646,68 17x42
[PT] bx20 frame I
[PT] ds20 text A 20m
[PT] ds20 text I
[PT] bx21 frame A 801,85 6x16
[PT] bx21 frame I
[PT] ds21 text A 64m
[PT] ds21 text I
[PT] bx22 frame A 629,97 9x22
[PT] bx22 frame I
[PT] nm22 text A BOT
[PT] nm22 text I
[PT] ds22 text A 39m
[PT] ds22 text I
[PT] bx23 frame A 565,58 2x6
[PT] bx23 frame I
[PT] nm23 text A BOT
[PT] nm23 text I
[PT] ds23 text A 150m
[PT] ds23 text I
[PT] bx24 frame A 644,61 16x41
[PT] bx24 frame I
[PT] nm24 text A Player
[PT] nm24 text I
[PT] ds24 text A 21m
[PT] ds24 text I
[PT] bx25 hide A
[PT] nm25 hide A
[PT] ds25 hide A
[PT] bx26 hide A
[PT] nm26 hide A
[PT] ds26 hide A
[PT] tick 389 enemies=50
[PT] bx0 frame A 554,53 3x7
[PT] bx0 frame I
[PT] bx1 frame A 631,98 9x22
[PT] bx1 frame I
[PT] bx2 frame A 648,85 2x5
[PT] bx2 frame I
[PT] bx3 frame A 734,86 7x19
[PT] bx3 frame I
[PT] bx4 frame A 715,86 7x18
[PT] bx4 frame I
[PT] bx5 frame A 696,85 7x17
[PT] bx5 frame I
[PT] bx6 frame A 663,85 6x16
[PT] bx6 frame I
[PT] bx7 frame A 657,84 6x15
[PT] bx7 frame I
[PT] bx8 frame A 667,84 6x15
[PT] bx8 frame I
[PT] bx9 frame A 898,78 10x25
[PT] bx9 frame I
[PT] bx10 frame A 100,101 10x24
[PT] bx10 frame I
[PT] bx11 frame A 514,92 7x18
[PT] bx11 frame I
[PT] bx12 frame A 48,87 5x11
[PT] bx12 frame I
[PT] bx13 frame A 471,85 5x12
[PT] bx13 frame I
[PT] bx14 frame A 466,85 5x13
[PT] bx14 frame I
[PT] bx15 frame A 647,63 19x47
[PT] bx15 frame I
[PT] bx16 frame A 656,70 16x41
[PT] bx16 frame I
[PT] bx17 frame A 894,80 10x24
[PT] bx17 frame I
[PT] bx18 frame A 687,52 16x40
[PT] bx18 frame I
[PT] ds18 text A 23m
[PT] ds18 text I
[PT] bx19 frame A 645,71 16x39
[PT] bx19 frame I
[PT] ds19 text A 22m
[PT] ds19 text I
[PT] bx20 frame A 645,69 17x42
[PT] bx20 frame I
[PT] bx21 frame A 804,86 6x16
[PT] bx21 frame I
[PT] bx22 frame A 631,98 9x22
[PT] bx22 frame I
[PT] bx23 frame A 567,59 2x6
[PT] bx23 frame I
[PT] bx24 frame A 647,61 16x41
[PT] bx24 frame I
[PT] tick 390 enemies=50
[PT] bx9 frame A 897,82 10x25
[PT] bx9 frame I
[PT] bx15 frame A 646,70 18x46
[PT] bx15 frame I
[PT] bx16 frame A 657,71 16x41
[PT] bx16 frame I
[PT] bx18 frame A 696,51 16x40
[PT] bx18 frame I
[PT] bx19 frame A 656,76 16x39
[PT] bx19 frame I
[PT] bx20 frame A 643,70 17x42
[PT] bx20 frame I
[PT] tick 391 enemies=50
[PT] bx0 frame A 552,54 3x7
[PT] bx0 frame I
[PT] bx1 frame A 630,99 9x22
[PT] bx1 frame I
[PT] bx2 frame A 647,86 2x5
[PT] bx2 frame I
[PT] bx3 frame A 733,87 7x19
[PT] bx3 frame I
[PT] bx4 frame A 713,86 7x18
[PT] bx4 frame I
[PT] bx5 frame A 695,86 7x17
[PT] bx5 frame I
[PT] bx6 frame A 661,85 6x16
[PT] bx6 frame I
[PT] bx7 frame A 655,85 6x15
[PT] bx7 frame I
[PT] bx8 frame A 666,84 6x15
[PT] bx8 frame I
[PT] bx9 frame A 893,85 10x25
[PT] bx9 frame I
[PT] bx10 frame A 99,102 10x25
[PT] bx10 frame I
[PT] bx11 frame A 513,92 7x18
[PT] bx11 frame I
[PT] bx12 frame A 46,88 5x11
[PT] bx12 frame I
[PT] bx13 frame A 470,85 5x12
[PT] bx13 frame I
[PT] bx14 frame A 465,85 5x13
[PT] bx14 frame I
[PT] bx15 frame A 643,74 18x45
[PT] bx15 frame I
[PT] bx16 frame A 656,71 16x41
[PT] bx16 frame I
[PT] bx17 frame A 892,81 10x24
[PT] bx17 frame I
[PT] bx18 frame A 709,50 16x40
[PT] bx18 frame I
[PT] bx19 frame A 667,76 16x39
[PT] bx19 frame I
[PT] bx21 frame A 802,87 6x16
[PT] bx21 frame I
[PT] bx22 frame A 630,99 9x22
[PT] bx22 frame I
[PT] bx23 frame A 566,60 2x6
[PT] bx23 frame I
[PT] bx24 frame A 645,60 16x41
[PT] bx24 frame I
[PT] tick 392 enemies=50
[PT] bx0 frame A 550,54 3x7
[PT] bx0 frame I
[PT] bx1 frame A 628,99 9x22
[PT] bx1 frame I
[PT] bx2 frame A 644,86 2x5
[PT] bx2 frame I
[PT] bx3 frame A 730,87 7x18
[PT] bx3 frame I
[PT] bx4 frame A 710,87 7x18
[PT] bx4 frame I
[PT] bx5 frame A 692,86 7x17
[PT] bx5 frame I
[PT] bx6 frame A 658,86 6x16
[PT] bx6 frame I
[PT] bx7 frame A 653,85 6x15
[PT] bx7 frame I
[PT] bx8 frame A 663,85 6x15
[PT] bx8 frame I
[PT] bx9 frame A 886,89 10x25
[PT] bx9 frame I
[PT] ds9 text A 45m
[PT] ds9 text I
[PT] bx10 frame A 95,102 10x25
[PT] bx10 frame I
[PT] bx11 frame A 510,93 7x18
[PT] bx11 frame I
[PT] bx12 frame A 41,88 5x11
[PT] bx12 frame I
[PT] bx13 frame A 467,86 5x12
[PT] bx13 frame I
[PT] bx14 frame A 462,86 5x13
[PT] bx14 frame I
[PT] bx15 frame A 638,75 18x45
[PT] bx15 frame I
[PT] bx16 frame A 654,71 16x41
[PT] bx16 frame I
[PT] bx17 frame A 888,81 10x24
[PT] bx17 frame I
[PT] bx18 frame A 716,51 16x40
[PT] bx18 frame I
[PT] bx19 frame A 677,78 16x40
[PT] bx19 frame I
[PT] bx20 frame A 640,70 17x41
[PT] bx20 frame I
[PT] bx21 frame A 798,87 6x16
[PT] bx21 frame I
[PT] bx22 frame A 628,99 9x22
[PT] bx22 frame I
[PT] bx23 frame A 563,60 2x6
[PT] bx23 frame I
[PT] bx24 frame A 643,61 16x40
[PT] bx24 frame I
[PT] tick 393 enemies=50
[PT] bx0 frame A 545,56 3x7
[PT] bx0 frame I
[PT] bx1 frame A 623,101 9x22
[PT] bx1 frame I
[PT] bx2 frame A 638,88 2x5
[PT] bx2 frame I
[PT] bx3 frame A 724,89 7x18
[PT] bx3 frame I
[PT] bx4 frame A 704,88 7x18
[PT] bx4 frame I
[PT] bx5 frame A 686,88 7x17
[PT] bx5 frame I
[PT] bx6 frame A 653,88 6x16
[PT] bx6 frame I
[PT] bx7 frame A 647,87 6x15
[PT] bx7 frame I
[PT] bx8 frame A 657,87 6x14
[PT] bx8 frame I
[PT] bx9 frame A 879,86 10x25
[PT] bx9 frame I
[PT] bx10 frame A 88,104 10x25
[PT] bx10 frame I
[PT] bx11 frame A 506,94 7x17
[PT] bx11 frame I
[PT] bx12 frame A 34,90 5x11
[PT] bx12 frame I
[PT] bx13 frame A 463,88 5x12
[PT] bx13 frame I
[PT] bx14 frame A 458,88 5x13
[PT] bx14 frame I
[PT] bx15 frame A 634,76 18x45
[PT] bx15 frame I
[PT] bx16 frame A 649,73 16x40
[PT] bx16 frame I
[PT] bx17 frame A 879,83 10x24
[PT] bx17 frame I
[PT] bx18 frame A 719,55 16x39
[PT] bx18 frame I
[PT] bx19 frame A 678,79 16x40
[PT] bx19 frame I
[PT] ds19 text A 21m
[PT] ds19 text I
[PT] bx20 frame A 629,72 16x41
[PT] bx20 frame I
[PT] ds20 text A 21m
[PT] ds20 text I
[PT] bx21 frame A 791,89 6x16
[PT] bx21 frame I
[PT] bx22 frame A 623,101 9x22
[PT] bx22 frame I
[PT] bx23 frame A 558,62 2x6
[PT] bx23 frame I
[PT] bx24 frame A 639,63 16x40
[PT] bx24 frame I
[PT] tick 394 enemies=50
[PT] bx0 frame A 541,58 3x7
[PT] bx0 frame I
[PT] bx1 frame A 619,103 9x22
[PT] bx1 frame I
[PT] bx2 frame A 634,90 2x5
[PT] bx2 frame I
[PT] bx3 frame A 719,91 7x18
[PT] bx3 frame I
[PT] bx4 frame A 700,90 7x18
[PT] bx4 frame I
[PT] bx5 frame A 682,90 7x17
[PT] bx5 frame I
[PT] bx6 frame A 649,89 6x16
[PT] bx6 frame I
[PT] bx7 frame A 643,88 6x15
[PT] bx7 frame I
[PT] bx8 frame A 653,88 6x14
[PT] bx8 frame I
[PT] bx9 frame A 874,84 10x25
[PT] bx9 frame I
[PT] ds9 text A 44m
[PT] ds9 text I
[PT] bx10 frame A 83,106 10x25
[PT] bx10 frame I
[PT] bx11 frame A 502,96 7x17
[PT] bx11 frame I
[PT] bx12 frame A 28,92 5x12
[PT] bx12 frame I
[PT] bx13 frame A 459,89 5x12
[PT] bx13 frame I
[PT] bx14 frame A 455,89 5x12
[PT] bx14 frame I
[PT] bx15 frame A 631,71 18x45
[PT] bx15 frame I
[PT] bx16 frame A 646,75 16x40
[PT] bx16 frame I
[PT] bx17 frame A 873,85 10x24
[PT] bx17 frame I
[PT] bx18 frame A 726,61 16x39
[PT] bx18 frame I
[PT] ds18 text A 24m
[PT] ds18 text I
[PT] bx19 frame A 673,81 16x40
[PT] bx19 frame I
[PT] bx20 frame A 622,74 16x40
[PT] bx20 frame I
[PT] bx21 frame A 786,91 6x16
[PT] bx21 frame I
[PT] bx22 frame A 619,103 9x22
[PT] bx22 frame I
[PT] bx23 frame A 554,64 2x6
[PT] bx23 frame I
[PT] bx24 frame A 640,66 16x40
[PT] bx24 frame I
[PT] tick 395 enemies=50
[PT] bx0 frame A 540,58 3x7
[PT] bx0 frame I
[PT] bx1 frame A 617,103 9x22
[PT] bx1 frame I
[PT] bx2 frame A 633,90 2x5
[PT] bx2 frame I
[PT] bx3 frame A 717,91 7x18
[PT] bx3 frame I
[PT] bx4 frame A 698,91 7x18
[PT] bx4 frame I
[PT] bx5 frame A 680,90 7x17
[PT] bx5 frame I
[PT] bx6 frame A 647,90 6x16
[PT] bx6 frame I
[PT] bx7 frame A 642,89 6x15
[PT] bx7 frame I
[PT] bx8 frame A 652,89 6x14
[PT] bx8 frame I
[PT] bx9 frame A 872,82 10x25
[PT] bx9 frame I
[PT] bx10 frame A 81,107 10x25
[PT] bx10 frame I
[PT] bx11 frame A 501,96 7x17
[PT] bx11 frame I
[PT] bx12 frame A 26,92 5x12
[PT] bx12 frame I
[PT] bx13 frame A 458,90 5x12
[PT] bx13 frame I
[PT] bx14 frame A 453,90 5x12
[PT] bx14 frame I
[PT] bx15 frame A 630,62 18x45
[PT] bx15 frame I
[PT] bx16 frame A 645,75 16x40
[PT] bx16 frame I
[PT] bx17 frame A 871,85 10x24
[PT] bx17 frame I
[PT] bx18 frame A 737,68 16x39
[PT] bx18 frame I
[PT] bx19 frame A 670,81 16x40
[PT] bx19 frame I
[PT] bx20 frame A 618,75 16x39
[PT] bx20 frame I
[PT] bx21 frame A 784,91 6x16
[PT] bx21 frame I
[PT] bx22 frame A 617,103 9x22
[PT] bx22 frame I
[PT] bx23 frame A 553,65 2x6
[PT] bx23 frame I
[PT] bx24 frame A 649,68 16x40
[PT] bx24 frame I
[PT] tick 396 enemies=50
[PT] bx0 frame A 532,62 3x6
[PT] bx0 frame I
[PT] bx1 frame A 609,106 9x22
[PT] bx1 frame I
[PT] bx2 frame A 624,94 2x5
[PT] bx2 frame I
[PT] bx3 frame A 708,94 7x18
[PT] bx3 frame I
[PT] bx4 frame A 689,94 7x17
[PT] bx4 frame I
[PT] bx5 frame A 671,93 7x17
[PT] bx5 frame I
[PT] bx6 frame A 639,93 6x16
[PT] bx6 frame I
[PT] bx7 frame A 633,92 6x14
[PT] bx7 frame I
[PT] bx8 frame A 643,92 6x14
[PT] bx8 frame I
[PT] bx9 frame A 859,83 10x24
[PT] bx9 frame I
[PT] bx10 frame A 70,110 10x25
[PT] bx10 frame I
[PT] bx11 frame A 494,100 7x17
[PT] bx11 frame I
[PT] bx12 frame A 13,96 5x12
[PT] bx12 frame I
[PT] bx13 frame A 918,100 1x3
[PT] bx13 frame I
[PT] ds13 text A 343m
[PT] ds13 text I
[PT] bx14 frame A 451,93 5x12
[PT] bx14 frame I
[PT] bx15 frame A 918,97 1x3
[PT] bx15 frame I
[PT] ds15 text A 343m
[PT] ds15 text I
[PT] bx16 frame A 446,93 5x12
[PT] bx16 frame I
[PT] ds16 text A 67m
[PT] ds16 text I
[PT] bx17 frame A 621,61 18x45
[PT] bx17 frame I
[PT] ds17 text A 18m
[PT] ds17 text I
[PT] bx18 frame A 637,78 16x40
[PT] bx18 frame I
[PT] ds18 text A 21m
[PT] ds18 text I
[PT] bx19 frame A 858,88 9x23
[PT] bx19 frame I
[PT] ds19 text A 46m
[PT] ds19 text I
[PT] bx20 frame A 736,77 15x38
[PT] bx20 frame I
[PT] ds20 text A 24m
[PT] ds20 text I
[PT] bx21 frame A 662,84 16x40
[PT] bx21 frame I
[PT] ds21 text A 21m
[PT] ds21 text I
[PT] bx22 frame A 608,78 15x39
[PT] bx22 frame I
[PT] nm22 text A Player
[PT] nm22 text I
[PT] ds22 text A 21m
[PT] ds22 text I
[PT] bx23 frame A 773,94 6x16
[PT] bx23 frame I
[PT] nm23 text A Player
[PT] nm23 text I
[PT] ds23 text A 64m
[PT] ds23 text I
[PT] bx24 frame A 609,106 9x22
[PT] bx24 frame I
[PT] nm24 text A BOT
[PT] nm24 text I
[PT] ds24 text A 39m
[PT] ds24 text I
[PT] bx25 frame A 545,68 2x6
[PT] bx25 frame I
[PT] bx25 show A
[PT] nm25 show A
[PT] ds25 show A
[PT] bx26 frame A 647,71 16x40
[PT] bx26 frame I
[PT] bx26 show A
[PT] nm26 show A
[PT] ds26 show A
[PT] tick 397 enemies=50
[PT] bx0 frame A 519,67 3x6
[PT] bx0 frame I
[PT] bx1 frame A 596,110 9x21
[PT] bx1 frame I
[PT] bx2 frame A 610,98 2x5
[PT] bx2 frame I
[PT] bx3 frame A 692,98 7x18
[PT] bx3 frame I
[PT] bx4 frame A 673,98 7x17
[PT] bx4 frame I
[PT] bx5 frame A 656,98 7x17
[PT] bx5 frame I
[PT] bx6 frame A 625,97 6x16
[PT] bx6 frame I
[PT] bx7 frame A 619,96 6x14
[PT] bx7 frame I
[PT] bx8 frame A 629,96 6x14
[PT] bx8 frame I
[PT] bx9 frame A 838,86 9x24
[PT] bx9 frame I
[PT] bx10 frame A 50,115 10x26
[PT] bx10 frame I
[PT] bx11 frame A 481,104 7x17
[PT] bx11 frame I
[PT] bx12 frame A 897,105 1x3
[PT] bx12 frame I
[PT] ds12 text A 345m
[PT] ds12 text I
[PT] bx13 frame A 438,97 5x12
[PT] bx13 frame I
[PT] ds13 text A 67m
[PT] ds13 text I
[PT] bx14 frame A 897,102 1x3
[PT] bx14 frame I
[PT] ds14 text A 345m
[PT] ds14 text I
[PT] bx15 frame A 434,98 5x12
[PT] bx15 frame I
[PT] ds15 text A 67m
[PT] ds15 text I
[PT] bx16 frame A 606,61 18x45
[PT] bx16 frame I
[PT] ds16 text A 18m
[PT] ds16 text I
[PT] bx17 frame A 624,83 16x39
[PT] bx17 frame I
[PT] ds17 text A 21m
[PT] ds17 text I
[PT] bx18 frame A 836,92 9x23
[PT] bx18 frame I
[PT] ds18 text A 46m
[PT] ds18 text I
[PT] bx19 frame A 733,93 15x37
[PT] bx19 frame I
[PT] ds19 text A 24m
[PT] ds19 text I
[PT] bx20 frame A 638,88 15x39
[PT] bx20 frame I
[PT] ds20 text A 22m
[PT] ds20 text I
[PT] bx21 frame A 593,83 15x38
[PT] bx21 frame I
[PT] ds21 text A 22m
[PT] ds21 text I
[PT] bx22 frame A 755,98 6x15
[PT] bx22 frame I
[PT] ds22 text A 64m
[PT] ds22 text I
[PT] bx23 frame A 596,110 9x21
[PT] bx23 frame I
[PT] nm23 text A BOT
[PT] nm23 text I
[PT] ds23 text A 39m
[PT] ds23 text I
[PT] bx24 frame A 532,73 2x6
[PT] bx24 frame I
[PT] ds24 text A 150m
[PT] ds24 text I
[PT] bx25 frame A 636,74 16x40
[PT] bx25 frame I
[PT] nm25 text A Player
[PT] nm25 text I
[PT] ds25 text A 21m
[PT] ds25 text I
[PT] bx26 hide A
[PT] nm26 hide A
[PT] ds26 hide A
[PT] tick 398 enemies=50
[PT] bx0 frame A 504,69 3x6
[PT] bx0 frame I
[PT] bx1 frame A 581,112 8x21
[PT] bx1 frame I
[PT] bx2 frame A 595,100 2x5
[PT] bx2 frame I
[PT] bx3 frame A 675,100 7x17
[PT] bx3 frame I
[PT] bx4 frame A 657,100 7x17
[PT] bx4 frame I
[PT] bx5 frame A 640,99 7x16
[PT] bx5 frame I
[PT] bx6 frame A 609,99 6x15
[PT] bx6 frame I
[PT] bx7 frame A 604,98 6x14
[PT] bx7 frame I
[PT] bx8 frame A 613,98 6x14
[PT] bx8 frame I
[PT] bx9 frame A 816,89 9x23
[PT] bx9 frame I
[PT] bx10 frame A 26,117 10x26
[PT] bx10 frame I
[PT] bx11 frame A 468,106 7x17
[PT] bx11 frame I
[PT] bx12 frame A 875,106 1x3
[PT] bx12 frame I
[PT] ds12 text A 347m
[PT] ds12 text I
[PT] bx13 frame A 425,99 5x12
[PT] bx13 frame I
[PT] bx14 frame A 875,104 1x3
[PT] bx14 frame I
[PT] ds14 text A 347m
[PT] ds14 text I
[PT] bx15 frame A 420,99 5x12
[PT] bx15 frame I
[PT] bx16 frame A 590,61 18x45
[PT] bx16 frame I
[PT] bx17 frame A 610,85 16x39
[PT] bx17 frame I
[PT] bx18 frame A 814,94 9x22
[PT] bx18 frame I
[PT] bx19 frame A 727,105 14x36
[PT] bx19 frame I
[PT] ds19 text A 25m
[PT] ds19 text I
[PT] bx20 frame A 617,89 15x38
[PT] bx20 frame I
[PT] bx21 frame A 579,85 15x37
[PT] bx21 frame I
[PT] bx22 frame A 736,100 6x15
[PT] bx22 frame I
[PT] bx23 frame A 581,112 8x21
[PT] bx23 frame I
[PT] bx24 frame A 517,75 2x6
[PT] bx24 frame I
[PT] bx25 frame A 623,74 16x40
[PT] bx25 frame I
[PT] tick 399 enemies=50
[PT] bx0 frame A 487,69 3x6
[PT] bx0 frame I
[PT] bx1 frame A 564,112 8x21
[PT] bx1 frame I
[PT] bx2 frame A 576,101 2x5
[PT] bx2 frame I
[PT] bx3 frame A 655,101 7x17
[PT] bx3 frame I
[PT] bx4 frame A 637,100 7x17
[PT] bx4 frame I
[PT] bx5 frame A 621,100 6x16
[PT] bx5 frame I
[PT] bx6 frame A 591,100 6x15
[PT] bx6 frame I
[PT] bx7 frame A 585,99 6x14
[PT] bx7 frame I
[PT] bx8 frame A 595,99 5x14
[PT] bx8 frame I
[PT] bx9 frame A 790,91 9x22
[PT] bx9 frame I
[PT] bx10 frame A -6,119 11x27
[PT] bx10 frame I
[PT] bx11 frame A 451,107 7x17
[PT] bx11 frame I
[PT] bx12 frame A 848,107 1x3
[PT] bx12 frame I
[PT] ds12 text A 349m
[PT] ds12 text I
[PT] bx13 frame A 407,100 5x12
[PT] bx13 frame I
[PT] bx14 frame A 849,104 1x3
[PT] bx14 frame I
[PT] ds14 text A 349m
[PT] ds14 text I
[PT] bx15 frame A 403,100 5x12
[PT] bx15 frame I
[PT] bx16 frame A 571,63 18x45
[PT] bx16 frame I
[PT] bx17 frame A 593,85 15x39
[PT] bx17 frame I
[PT] bx18 frame A 789,95 9x22
[PT] bx18 frame I
[PT] bx19 frame A 708,112 14x35
[PT] bx19 frame I
[PT] bx20 frame A 594,90 15x37
[PT] bx20 frame I
[PT] bx21 frame A 562,85 15x37
[PT] bx21 frame I
[PT] bx22 frame A 714,101 6x15
[PT] bx22 frame I
[PT] bx23 frame A 564,112 8x21
[PT] bx23 frame I
[PT] bx24 frame A 499,76 2x6
[PT] bx24 frame I
[PT] bx25 frame A 607,74 16x39
[PT] bx25 frame I
[PT] tick 400 enemies=50
[PT] bx0 frame A 474,70 3x6
[PT] bx0 frame I
[PT] bx1 frame A 551,113 8x21
[PT] bx1 frame I
[PT] bx2 frame A 563,101 2x5
[PT] bx2 frame I
[PT] bx3 frame A 640,101 7x17
[PT] bx3 frame I
[PT] bx4 frame A 623,101 7x16
[PT] bx4 frame I
[PT] bx5 frame A 607,101 6x16
[PT] bx5 frame I
[PT] bx6 frame A 578,100 6x15
[PT] bx6 frame I
[PT] bx7 frame A 572,100 6x14
[PT] bx7 frame I
[PT] bx8 frame A 581,99 5x14
[PT] bx8 frame I
[PT] bx9 frame A 771,94 9x22
[PT] bx9 frame I
[PT] bx10 frame A 439,107 7x17
[PT] bx10 frame I
[PT] ds10 text A 47m
[PT] ds10 text I
[PT] bx11 frame A 830,108 1x3
[PT] bx11 frame I
[PT] ds11 text A 351m
[PT] ds11 text I
[PT] bx12 frame A 395,101 5x12
[PT] bx12 frame I
[PT] ds12 text A 67m
[PT] ds12 text I
[PT] bx13 frame A 830,105 1x3
[PT] bx13 frame I
[PT] ds13 text A 351m
[PT] ds13 text I
[PT] bx14 frame A 390,101 5x12
[PT] bx14 frame I
[PT] ds14 text A 67m
[PT] ds14 text I
[PT] bx15 frame A 557,67 18x44
[PT] bx15 frame I
[PT] ds15 text A 18m
[PT] ds15 text I
[PT] bx16 frame A 581,86 15x38
[PT] bx16 frame I
[PT] ds16 text A 21m
[PT] ds16 text I
[PT] bx17 frame A 771,95 9x21
[PT] bx17 frame I
[PT] ds17 text A 46m
[PT] ds17 text I
[PT] bx18 frame A 693,112 14x35
[PT] bx18 frame I
[PT] ds18 text A 25m
[PT] ds18 text I
[PT] bx19 frame A 575,90 15x37
[PT] bx19 frame I
[PT] ds19 text A 22m
[PT] ds19 text I
[PT] bx20 frame A 550,86 15x37
[PT] bx20 frame I
[PT] bx21 frame A 698,101 6x14
[PT] bx21 frame I
[PT] ds21 text A 64m
[PT] ds21 text I
[PT] bx22 frame A 551,113 8x21
[PT] bx22 frame I
[PT] nm22 text A BOT
[PT] nm22 text I
[PT] ds22 text A 39m
[PT] ds22 text I
[PT] bx23 frame A 486,76 2x6
[PT] bx23 frame I
[PT] ds23 text A 150m
[PT] ds23 text I
[PT] bx24 frame A 595,76 16x39
[PT] bx24 frame I
[PT] nm24 text A Player
[PT] nm24 text I
[PT] ds24 text A 21m
[PT] ds24 text I
[PT] bx25 hide A
[PT] nm25 hide A
[PT] ds25 hide A
[PT] tick 401 enemies=50
[PT] bx0 frame A 459,69 3x6
[PT] bx0 frame I
[PT] bx1 frame A 537,111 8x21
[PT] bx1 frame I
[PT] bx2 frame A 548,100 2x5
[PT] bx2 frame I
[PT] bx3 frame A 625,100 7x17
[PT] bx3 frame I
[PT] bx4 frame A 608,100 7x16
[PT] bx4 frame I
[PT] bx5 frame A 592,99 6x16
[PT] bx5 frame I
[PT] bx6 frame A 563,99 6x15
[PT] bx6 frame I
[PT] bx7 frame A 557,98 6x14
[PT] bx7 frame I
[PT] bx8 frame A 566,98 5x14
[PT] bx8 frame I
[PT] bx9 frame A 752,95 9x22
[PT] bx9 frame I
[PT] bx10 frame A 425,106 7x17
[PT] bx10 frame I
[PT] bx11 frame A 811,106 1x3
[PT] bx11 frame I
[PT] ds11 text A 353m
[PT] ds11 text I
[PT] bx12 frame A 380,100 5x12
[PT] bx12 frame I
[PT] bx13 frame A 811,104 1x3
[PT] bx13 frame I
[PT] ds13 text A 353m
[PT] ds13 text I
[PT] bx14 frame A 375,100 5x13
[PT] bx14 frame I
[PT] bx15 frame A 542,69 18x44
[PT] bx15 frame I
[PT] bx16 frame A 568,85 15x38
[PT] bx16 frame I
[PT] bx17 frame A 751,94 8x21
[PT] bx17 frame I
[PT] bx18 frame A 674,110 14x34
[PT] bx18 frame I
[PT] bx19 frame A 909,83 17x42
[PT] bx19 frame I
[PT] ds19 text A 26m
[PT] ds19 text I
[PT] bx20 frame A 561,89 15x36
[PT] bx20 frame I
[PT] bx21 frame A 920,109 27x68
[PT] bx21 frame I
[PT] ds21 text A 15m
[PT] ds21 text I
[PT] bx22 frame A 539,85 15x37
[PT] bx22 frame I
[PT] nm22 text A Player
[PT] nm22 text I
[PT] ds22 text A 22m
[PT] ds22 text I
[PT] bx23 frame A 680,100 6x14
[PT] bx23 frame I
[PT] nm23 text A Player
[PT] nm23 text I
[PT] ds23 text A 64m
[PT] ds23 text I
[PT] bx24 frame A 537,111 8x21
[PT] bx24 frame I
[PT] nm24 text A BOT
[PT] nm24 text I
[PT] ds24 text A 39m
[PT] ds24 text I
[PT] bx25 frame A 472,75 2x6
[PT] bx25 frame I
[PT] bx25 show A
[PT] nm25 text A BOT
[PT] nm25 text I
[PT] nm25 show A
[PT] ds25 text A 150m
[PT] ds25 text I
[PT] ds25 show A
[PT] bx26 frame A 582,77 15x39
[PT] bx26 frame I
[PT] bx26 show A
[PT] nm26 show A
[PT] ds26 show A
[PT] tick 402 enemies=50
[PT] bx0 frame A 442,66 3x6
[PT] bx0 frame I
[PT] bx1 frame A 521,109 8x21
[PT] bx1 frame I
[PT] bx2 frame A 531,97 2x5
[PT] bx2 frame I
[PT] bx3 frame A 607,97 7x17
[PT] bx3 frame I
[PT] bx4 frame A 591,97 6x16
[PT] bx4 frame I
[PT] bx5 frame A 575,96 6x16
[PT] bx5 frame I
[PT] bx6 frame A 546,96 6x15
[PT] bx6 frame I
[PT] bx7 frame A 541,95 5x14
[PT] bx7 frame I
[PT] bx8 frame A 550,95 5x13
[PT] bx8 frame I
[PT] bx9 frame A 730,98 8x21
[PT] bx9 frame I
[PT] ds9 text A 45m
[PT] ds9 text I
[PT] bx10 frame A 409,103 7x17
[PT] bx10 frame I
[PT] bx11 frame A 789,104 1x3
[PT] bx11 frame I
[PT] ds11 text A 355m
[PT] ds11 text I
[PT] bx12 frame A 363,97 5x13
[PT] bx12 frame I
[PT] bx13 frame A 789,102 1x3
[PT] bx13 frame I
[PT] ds13 text A 355m
[PT] ds13 text I
[PT] bx14 frame A 358,97 5x13
[PT] bx14 frame I
[PT] bx15 frame A 524,76 18x44
[PT] bx15 frame I
[PT] bx16 frame A 553,83 15x38
[PT] bx16 frame I
[PT] bx17 frame A 730,91 8x21
[PT] bx17 frame I
[PT] bx18 frame A 657,108 13x34
[PT] bx18 frame I
[PT] bx19 frame A 881,81 16x41
[PT] bx19 frame I
[PT] bx20 frame A 546,86 14x36
[PT] bx20 frame I
[PT] bx21 frame A 893,106 26x66
[PT] bx21 frame I
[PT] bx22 frame A 525,82 15x37
[PT] bx22 frame I
[PT] bx23 frame A 662,97 6x14
[PT] bx23 frame I
[PT] bx24 frame A 521,109 8x21
[PT] bx24 frame I
[PT] bx25 frame A 923,101 12x30
[PT] bx25 frame I
[PT] nm25 text A Player
[PT] nm25 text I
[PT] ds25 text A 38m
[PT] ds25 text I
[PT] bx26 frame A 455,72 2x6
[PT] bx26 frame I
[PT] nm26 text A BOT
[PT] nm26 text I
[PT] ds26 text A 150m
[PT] ds26 text I
[PT] bx27 frame A 566,74 15x38
[PT] bx27 frame I
[PT] bx27 show A
[PT] nm27 show A
[PT] ds27 show A
[PT] tick 403 enemies=50
[PT] bx0 frame A 429,63 3x6
[PT] bx0 frame I
[PT] bx1 frame A 509,106 8x21
[PT] bx1 frame I
[PT] bx2 frame A 518,94 2x5
[PT] bx2 frame I
[PT] bx3 frame A 594,94 7x17
[PT] bx3 frame I
[PT] bx4 frame A 577,94 6x16
[PT] bx4 frame I
[PT] bx5 frame A 562,94 6x16
[PT] bx5 frame I
[PT] bx6 frame A 533,93 6x15
[PT] bx6 frame I
[PT] bx7 frame A 528,93 5x14
[PT] bx7 frame I
[PT] bx8 frame A 537,93 5x13
[PT] bx8 frame I
[PT] bx9 frame A 714,95 8x21
[PT] bx9 frame I
[PT] bx10 frame A 396,101 7x17
[PT] bx10 frame I
[PT] bx11 frame A 773,102 1x3
[PT] bx11 frame I
[PT] ds11 text A 357m
[PT] ds11 text I
[PT] bx12 frame A 350,94 5x13
[PT] bx12 frame I
[PT] bx13 frame A 774,100 1x3
[PT] bx13 frame I
[PT] ds13 text A 357m
[PT] ds13 text I
[PT] bx14 frame A 345,94 5x13
[PT] bx14 frame I
[PT] bx15 frame A 511,82 17x44
[PT] bx15 frame I
[PT] bx16 frame A 542,82 15x37
[PT] bx16 frame I
[PT] bx17 frame A 714,89 8x20
[PT] bx17 frame I
[PT] bx18 frame A 643,105 13x33
[PT] bx18 frame I
[PT] bx19 frame A 860,78 16x40
[PT] bx19 frame I
[PT] bx20 frame A 533,84 14x36
[PT] bx20 frame I
[PT] bx21 frame A 872,103 26x65
[PT] bx21 frame I
[PT] bx22 frame A 512,80 15x37
[PT] bx22 frame I
[PT] bx23 frame A 647,94 6x14
[PT] bx23 frame I
[PT] bx24 frame A 509,106 8x21
[PT] bx24 frame I
[PT] bx25 frame A 906,98 12x30
[PT] bx25 frame I
[PT] ds25 text A 37m
[PT] ds25 text I
[PT] bx26 frame A 442,69 2x6
[PT] bx26 frame I
[PT] bx27 frame A 553,72 15x38
[PT] bx27 frame I
[PT] tick 404 enemies=50
[PT] bx0 frame A 420,61 3x6
[PT] bx0 frame I
[PT] bx1 frame A 500,104 8x21
[PT] bx1 frame I
[PT] bx2 frame A 509,92 2x5
[PT] bx2 frame I
[PT] bx3 frame A 585,92 7x17
[PT] bx3 frame I
[PT] bx4 frame A 569,92 6x16
[PT] bx4 frame I
[PT] bx5 frame A 553,92 6x16
[PT] bx5 frame I
[PT] bx6 frame A 525,91 6x15
[PT] bx6 frame I
[PT] bx7 frame A 519,91 5x14
[PT] bx7 frame I
[PT] bx8 frame A 528,91 5x13
[PT] bx8 frame I
[PT] bx9 frame A 704,93 8x21
[PT] bx9 frame I
[PT] bx10 frame A 387,99 7x18
[PT] bx10 frame I
[PT] bx11 frame A 763,100 1x3
[PT] bx11 frame I
[PT] ds11 text A 359m
[PT] ds11 text I
[PT] bx12 frame A 340,92 5x13
[PT] bx12 frame I
[PT] bx13 frame A 764,98 1x3
[PT] bx13 frame I
[PT] ds13 text A 359m
[PT] ds13 text I
[PT] bx14 frame A 336,92 5x13
[PT] bx14 frame I
[PT] bx15 frame A 501,87 17x43
[PT] bx15 frame I
[PT] bx16 frame A 535,81 15x37
[PT] bx16 frame I
[PT] bx17 frame A 704,87 8x20
[PT] bx17 frame I
[PT] bx18 frame A 635,103 13x33
[PT] bx18 frame I
[PT] bx19 frame A 847,76 16x40
[PT] bx19 frame I
[PT] bx20 frame A 524,82 14x36
[PT] bx20 frame I
[PT] bx21 frame A 859,101 26x64
[PT] bx21 frame I
[PT] bx22 frame A 504,78 15x37
[PT] bx22 frame I
[PT] bx23 frame A 923,93 8x21
[PT] bx23 frame I
[PT] ds23 text A 54m
[PT] ds23 text I
[PT] bx24 frame A 638,92 6x14
[PT] bx24 frame I
[PT] nm24 text A Player
[PT] nm24 text I
[PT] ds24 text A 64m
[PT] ds24 text I
[PT] bx25 frame A 500,104 8x21
[PT] bx25 frame I
[PT] nm25 text A BOT
[PT] nm25 text I
[PT] ds25 text A 39m
[PT] ds25 text I
[PT] bx26 frame A 896,96 12x30
[PT] bx26 frame I
[PT] nm26 text A Player
[PT] nm26 text I
[PT] ds26 text A 37m
[PT] ds26 text I
[PT] bx27 frame A 433,67 2x6
[PT] bx27 frame I
[PT] nm27 text A BOT
[PT] nm27 text I
[PT] ds27 text A 150m
[PT] ds27 text I
[PT] bx28 frame A 544,72 15x37
[PT] bx28 frame I
[PT] bx28 show A
[PT] nm28 text A Player
[PT] nm28 text I
[PT] nm28 show A
[PT] ds28 text A 21m
[PT] ds28 text I
[PT] ds28 show A
[PT] tick 405 enemies=50
[PT] bx0 frame A 397,55 3x7
[PT] bx0 frame I
[PT] bx1 frame A 479,99 8x21
[PT] bx1 frame I
[PT] bx2 frame A 487,87 2x5
[PT] bx2 frame I
[PT] bx3 frame A 562,87 7x16
[PT] bx3 frame I
[PT] bx4 frame A 547,87 6x16
[PT] bx4 frame I
[PT] bx5 frame A 531,86 6x16
[PT] bx5 frame I
[PT] bx6 frame A 503,86 6x15
[PT] bx6 frame I
[PT] bx7 frame A 498,85 5x14
[PT] bx7 frame I
[PT] bx8 frame A 506,85 5x13
[PT] bx8 frame I
[PT] bx9 frame A 678,88 8x20
[PT] bx9 frame I
[PT] bx10 frame A 365,94 7x18
[PT] bx10 frame I
[PT] bx11 frame A 736,95 1x3
[PT] bx11 frame I
[PT] ds11 text A 361m
[PT] ds11 text I
[PT] bx12 frame A 911,89 6x15
[PT] bx12 frame I
[PT] ds12 text A 75m
[PT] ds12 text I
[PT] bx13 frame A 317,87 5x13
[PT] bx13 frame I
[PT] ds13 text A 67m
[PT] ds13 text I
[PT] bx14 frame A 736,92 1x3
[PT] bx14 frame I
[PT] ds14 text A 361m
[PT] ds14 text I
[PT] bx15 frame A 312,87 5x13
[PT] bx15 frame I
[PT] ds15 text A 67m
[PT] ds15 text I
[PT] bx16 frame A 482,82 17x43
[PT] bx16 frame I
[PT] ds16 text A 18m
[PT] ds16 text I
[PT] bx17 frame A 515,76 15x37
[PT] bx17 frame I
[PT] ds17 text A 21m
[PT] ds17 text I
[PT] bx18 frame A 678,81 8x20
[PT] bx18 frame I
[PT] ds18 text A 46m
[PT] ds18 text I
[PT] bx19 frame A 612,98 13x33
[PT] bx19 frame I
[PT] ds19 text A 25m
[PT] ds19 text I
[PT] bx20 frame A 814,72 15x38
[PT] bx20 frame I
[PT] ds20 text A 26m
[PT] ds20 text I
[PT] bx21 frame A 498,77 14x36
[PT] bx21 frame I
[PT] ds21 text A 22m
[PT] ds21 text I
[PT] bx22 frame A 827,96 25x62
[PT] bx22 frame I
[PT] ds22 text A 15m
[PT] ds22 text I
[PT] bx23 frame A 484,73 15x37
[PT] bx23 frame I
[PT] ds23 text A 22m
[PT] ds23 text I
[PT] bx24 frame A 884,88 8x20
[PT] bx24 frame I
[PT] ds24 text A 54m
[PT] ds24 text I
[PT] bx25 frame A 614,87 6x14
[PT] bx25 frame I
[PT] nm25 text A Player
[PT] nm25 text I
[PT] ds25 text A 64m
[PT] ds25 text I
[PT] bx26 frame A 479,99 8x21
[PT] bx26 frame I
[PT] nm26 text A BOT
[PT] nm26 text I
[PT] ds26 text A 39m
[PT] ds26 text I
[PT] bx27 frame A 865,91 12x29
[PT] bx27 frame I
[PT] nm27 text A Player
[PT] nm27 text I
[PT] ds27 text A 36m
[PT] ds27 text I
[PT] bx28 frame A 410,62 2x6
[PT] bx28 frame I
[PT] nm28 text A BOT
[PT] nm28 text I
[PT] ds28 text A 150m
[PT] ds28 text I
[PT] bx29 frame A 523,67 15x37
[PT] bx29 frame I
[PT] bx29 show A
[PT] nm29 text A Player
[PT] nm29 text I
[PT] nm29 show A
[PT] ds29 text A 22m
[PT] ds29 text I
[PT] ds29 show A
[PT] tick 406 enemies=50
[PT] bx0 frame A 395,56 3x7
[PT] bx0 frame I
[PT] bx1 frame A 478,99 8x21
[PT] bx1 frame I
[PT] bx2 frame A 485,87 2x5
[PT] bx2 frame I
[PT] bx3 frame A 561,87 7x16
[PT] bx3 frame I
[PT] bx4 frame A 545,87 6x16
[PT] bx4 frame I
[PT] bx5 frame A 530,87 6x16
[PT] bx5 frame I
[PT] bx6 frame A 501,87 6x15
[PT] bx6 frame I
[PT] bx7 frame A 496,86 5x14
[PT] bx7 frame I
[PT] bx8 frame A 505,86 5x13
[PT] bx8 frame I
[PT] bx9 frame A 676,88 8x20
[PT] bx9 frame I
[PT] bx10 frame A 363,94 7x18
[PT] bx10 frame I
[PT] ds11 text A 364m
[PT] ds11 text I
[PT] bx12 frame A 908,90 6x15
[PT] bx12 frame I
[PT] bx13 frame A 315,88 5x13
[PT] bx13 frame I
[PT] ds14 text A 364m
[PT] ds14 text I
[PT] bx15 frame A 310,88 5x13
[PT] bx15 frame I
[PT] bx16 frame A 480,83 17x43
[PT] bx16 frame I
[PT] bx18 frame A 676,82 8x20
[PT] bx18 frame I
[PT] bx19 frame A 610,98 13x33
[PT] bx19 frame I
[PT] bx20 frame A 812,72 15x38
[PT] bx20 frame I
[PT] bx21 frame A 490,78 14x35
[PT] bx21 frame I
[PT] bx22 frame A 825,96 25x62
[PT] bx22 frame I
[PT] bx23 frame A 482,73 15x37
[PT] bx23 frame I
[PT] bx24 frame A 881,88 8x20
[PT] bx24 frame I
[PT] bx25 frame A 612,87 6x14
[PT] bx25 frame I
[PT] bx26 frame A 478,99 8x21
[PT] bx26 frame I
[PT] bx27 frame A 868,92 12x30
[PT] bx27 frame I
[PT] bx28 frame A 409,62 2x6
[PT] bx28 frame I
[PT] bx29 frame A 521,67 15x37
[PT] bx29 frame I
[PT] tick 407 enemies=50
[PT] bx0 frame A 393,55 3x7
[PT] bx0 frame I
[PT] bx1 frame A 475,98 8x21
[PT] bx1 frame I
[PT] bx2 frame A 483,86 2x5
[PT] bx2 frame I
[PT] bx3 frame A 558,86 7x16
[PT] bx3 frame I
[PT] bx4 frame A 543,86 6x16
[PT] bx4 frame I
[PT] bx5 frame A 527,86 6x16
[PT] bx5 frame I
[PT] bx6 frame A 499,86 6x15
[PT] bx6 frame I
[PT] bx7 frame A 494,85 5x14
[PT] bx7 frame I
[PT] bx8 frame A 502,85 5x13
[PT] bx8 frame I
[PT] bx9 frame A 674,82 8x20
[PT] bx9 frame I
[PT] bx10 frame A 361,93 7x18
[PT] bx10 frame I
[PT] bx11 frame A 735,93 1x3
[PT] bx11 frame I
[PT] ds11 text A 365m
[PT] ds11 text I
[PT] bx12 frame A 904,89 6x15
[PT] bx12 frame I
[PT] bx13 frame A 312,87 5x13
[PT] bx13 frame I
[PT] bx14 frame A 735,91 1x3
[PT] bx14 frame I
[PT] ds14 text A 365m
[PT] ds14 text I
[PT] bx15 frame A 307,87 5x13
[PT] bx15 frame I
[PT] bx16 frame A 478,82 17x43
[PT] bx16 frame I
[PT] bx17 frame A 513,76 15x37
[PT] bx17 frame I
[PT] bx18 frame A 673,81 8x20
[PT] bx18 frame I
[PT] bx19 frame A 608,92 13x33
[PT] bx19 frame I
[PT] bx20 frame A 809,71 15x38
[PT] bx20 frame I
[PT] bx21 frame A 485,77 14x35
[PT] bx21 frame I
[PT] ds21 text A 23m
[PT] ds21 text I
[PT] bx22 frame A 822,95 25x62
[PT] bx22 frame I
[PT] bx23 frame A 480,72 15x37
[PT] bx23 frame I
[PT] bx24 frame A 877,87 8x20
[PT] bx24 frame I
[PT] bx25 frame A 609,86 5x14
[PT] bx25 frame I
[PT] bx26 frame A 475,98 8x21
[PT] bx26 frame I
[PT] ds27 text A 35m
[PT] ds27 text I
[PT] bx28 frame A 406,61 2x6
[PT] bx28 frame I
[PT] bx29 frame A 518,66 15x37
[PT] bx29 frame I
[PT] tick 408 enemies=50
[PT] bx0 frame A 383,53 3x7
[PT] bx0 frame I
[PT] bx1 frame A 466,97 8x21
[PT] bx1 frame I
[PT] bx2 frame A 473,85 2x5
[PT] bx2 frame I
[PT] bx3 frame A 549,85 7x16
[PT] bx3 frame I
[PT] bx4 frame A 533,85 6x16
[PT] bx4 frame I
[PT] bx5 frame A 518,84 6x16
[PT] bx5 frame I
[PT] bx6 frame A 490,84 6x15
[PT] bx6 frame I
[PT] bx7 frame A 484,83 5x14
[PT] bx7 frame I
[PT] bx8 frame A 493,83 5x13
[PT] bx8 frame I
[PT] bx9 frame A 926,136 22x56
[PT] bx9 frame I
[PT] ds9 text A 19m
[PT] ds9 text I
[PT] bx10 frame A 664,77 8x20
[PT] bx10 frame I
[PT] ds10 text A 45m
[PT] ds10 text I
[PT] bx11 frame A 351,92 7x18
[PT] bx11 frame I
[PT] ds11 text A 47m
[PT] ds11 text I
[PT] bx12 frame A 724,91 1x3
[PT] bx12 frame I
[PT] ds12 text A 367m
[PT] ds12 text I
[PT] bx13 frame A 887,87 6x15
[PT] bx13 frame I
[PT] ds13 text A 75m
[PT] ds13 text I
[PT] bx14 frame A 302,85 5x13
[PT] bx14 frame I
[PT] ds14 text A 67m
[PT] ds14 text I
[PT] bx15 frame A 724,89 1x3
[PT] bx15 frame I
[PT] ds15 text A 367m
[PT] ds15 text I
[PT] bx16 frame A 296,85 5x13
[PT] bx16 frame I
[PT] ds16 text A 67m
[PT] ds16 text I
[PT] bx17 frame A 469,80 17x43
[PT] bx17 frame I
[PT] ds17 text A 18m
[PT] ds17 text I
[PT] bx18 frame A 505,75 15x37
[PT] bx18 frame I
[PT] ds18 text A 21m
[PT] ds18 text I
[PT] bx19 frame A 662,79 8x20
[PT] bx19 frame I
[PT] ds19 text A 46m
[PT] ds19 text I
[PT] bx20 frame A 599,90 13x33
[PT] bx20 frame I
[PT] ds20 text A 25m
[PT] ds20 text I
[PT] bx21 frame A 795,70 15x38
[PT] bx21 frame I
[PT] ds21 text A 26m
[PT] ds21 text I
[PT] bx22 frame A 470,76 14x35
[PT] bx22 frame I
[PT] ds22 text A 23m
[PT] ds22 text I
[PT] bx23 frame A 808,94 24x61
[PT] bx23 frame I
[PT] ds23 text A 15m
[PT] ds23 text I
[PT] bx24 frame A 472,71 15x37
[PT] bx24 frame I
[PT] ds24 text A 21m
[PT] ds24 text I
[PT] bx25 frame A 861,86 8x20
[PT] bx25 frame I
[PT] ds25 text A 54m
[PT] ds25 text I
[PT] bx26 frame A 599,85 5x14
[PT] bx26 frame I
[PT] nm26 text A Player
[PT] nm26 text I
[PT] ds26 text A 64m
[PT] ds26 text I
[PT] bx27 frame A 466,97 8x21
[PT] bx27 frame I
[PT] nm27 text A BOT
[PT] nm27 text I
[PT] ds27 text A 39m
[PT] ds27 text I
[PT] bx28 frame A 919,114 14x36
[PT] bx28 frame I
[PT] nm28 text A Player
[PT] nm28 text I
[PT] ds28 text A 30m
[PT] ds28 text I
[PT] bx29 frame A 857,89 12x30
[PT] bx29 frame I
[PT] ds29 text A 35m
[PT] ds29 text I
[PT] bx30 frame A 396,59 2x6
[PT] bx30 frame I
[PT] bx30 show A
[PT] nm30 text A BOT
[PT] nm30 text I
[PT] nm30 show A
[PT] ds30 text A 150m
[PT] ds30 text I
[PT] ds30 show A
[PT] bx31 frame A 509,65 15x37
[PT] bx31 frame I
[PT] bx31 show A
[PT] nm31 show A
[PT] ds31 text A 22m
[PT] ds31 text I
[PT] ds31 show A
[PT] tick 409 enemies=50
[PT] bx0 frame A 365,49 3x7
[PT] bx0 frame I
[PT] bx1 frame A 450,94 8x21
[PT] bx1 frame I
[PT] bx2 frame A 456,81 2x5
[PT] bx2 frame I
[PT] bx3 frame A 532,82 7x16
[PT] bx3 frame I
[PT] bx4 frame A 516,81 6x16
[PT] bx4 frame I
[PT] bx5 frame A 501,81 6x16
[PT] bx5 frame I
[PT] bx6 frame A 473,81 6x15
[PT] bx6 frame I
[PT] bx7 frame A 468,80 6x14
[PT] bx7 frame I
[PT] bx8 frame A 476,80 5x13
[PT] bx8 frame I
[PT] bx9 frame A 897,132 22x54
[PT] bx9 frame I
[PT] bx10 frame A 647,72 8x20
[PT] bx10 frame I
[PT] bx11 frame A 333,89 7x18
[PT] bx11 frame I
[PT] bx12 frame A 705,86 1x3
[PT] bx12 frame I
[PT] ds12 text A 369m
[PT] ds12 text I
[PT] bx13 frame A 859,83 6x15
[PT] bx13 frame I
[PT] bx14 frame A 283,82 5x13
[PT] bx14 frame I
[PT] bx15 frame A 705,84 1x3
[PT] bx15 frame I
[PT] ds15 text A 369m
[PT] ds15 text I
[PT] bx16 frame A 277,82 5x14
[PT] bx16 frame I
[PT] bx17 frame A 454,77 17x44
[PT] bx17 frame I
[PT] bx18 frame A 491,72 15x37
[PT] bx18 frame I
[PT] bx19 frame A 644,76 8x19
[PT] bx19 frame I
[PT] bx20 frame A 585,84 14x34
[PT] bx20 frame I
[PT] ds20 text A 24m
[PT] ds20 text I
[PT] bx21 frame A 772,67 15x37
[PT] bx21 frame I
[PT] bx22 frame A 450,72 14x35
[PT] bx22 frame I
[PT] bx23 frame A 786,90 24x59
[PT] bx23 frame I
[PT] bx24 frame A 456,68 15x37
[PT] bx24 frame I
[PT] ds24 text A 22m
[PT] ds24 text I
[PT] bx25 frame A 835,82 8x20
[PT] bx25 frame I
[PT] bx26 frame A 582,81 5x14
[PT] bx26 frame I
[PT] bx27 frame A 450,94 8x21
[PT] bx27 frame I
[PT] bx28 frame A 890,110 14x35
[PT] bx28 frame I
[PT] bx29 frame A 837,88 12x30
[PT] bx29 frame I
[PT] ds29 text A 34m
[PT] ds29 text I
[PT] bx30 frame A 378,56 2x6
[PT] bx30 frame I
[PT] bx31 frame A 492,62 15x37
[PT] bx31 frame I
[PT] tick 410 enemies=50
[PT] bx0 frame A 355,48 3x7
[PT] bx0 frame I
[PT] bx1 frame A 441,92 8x21
[PT] bx1 frame I
[PT] bx2 frame A 447,80 2x5
[PT] bx2 frame I
[PT] bx3 frame A 523,80 7x16
[PT] bx3 frame I
[PT] bx4 frame A 507,80 6x16
[PT] bx4 frame I
[PT] bx5 frame A 492,80 6x16
[PT] bx5 frame I
[PT] bx6 frame A 464,79 6x15
[PT] bx6 frame I
[PT] bx7 frame A 458,79 6x14
[PT] bx7 frame I
[PT] bx8 frame A 467,78 5x13
[PT] bx8 frame I
[PT] bx9 frame A 882,129 21x53
[PT] bx9 frame I
[PT] bx10 frame A 638,69 8x20
[PT] bx10 frame I
[PT] bx11 frame A 324,88 7x18
[PT] bx11 frame I
[PT] bx12 frame A 696,84 1x3
[PT] bx12 frame I
[PT] ds12 text A 372m
[PT] ds12 text I
[PT] bx13 frame A 844,82 6x14
[PT] bx13 frame I
[PT] bx14 frame A 272,81 5x13
[PT] bx14 frame I
[PT] bx15 frame A 696,82 1x3
[PT] bx15 frame I
[PT] ds15 text A 372m
[PT] ds15 text I
[PT] bx16 frame A 267,81 5x14
[PT] bx16 frame I
[PT] bx17 frame A 445,65 18x44
[PT] bx17 frame I
[PT] bx18 frame A 483,71 15x37
[PT] bx18 frame I
[PT] bx19 frame A 634,74 8x19
[PT] bx19 frame I
[PT] bx20 frame A 569,82 14x34
[PT] bx20 frame I
[PT] bx21 frame A 760,65 15x37
[PT] bx21 frame I
[PT] bx22 frame A 443,71 14x35
[PT] bx22 frame I
[PT] bx23 frame A 774,89 24x59
[PT] bx23 frame I
[PT] bx24 frame A 448,66 15x37
[PT] bx24 frame I
[PT] bx25 frame A 821,80 8x19
[PT] bx25 frame I
[PT] bx26 frame A 572,80 5x14
[PT] bx26 frame I
[PT] bx27 frame A 441,92 8x21
[PT] bx27 frame I
[PT] bx28 frame A 874,108 14x35
[PT] bx28 frame I
[PT] bx29 frame A 829,87 12x31
[PT] bx29 frame I
[PT] ds29 text A 33m
[PT] ds29 text I
[PT] bx30 frame A 369,54 2x6
[PT] bx30 frame I
[PT] bx31 frame A 483,60 15x37
[PT] bx31 frame I
[PT] tick 411 enemies=50
[PT] bx0 frame A 346,46 3x7
[PT] bx0 frame I
[PT] bx1 frame A 434,91 8x21
[PT] bx1 frame I
[PT] bx2 frame A 439,78 2x5
[PT] bx2 frame I
[PT] bx3 frame A 515,78 7x16
[PT] bx3 frame I
[PT] bx4 frame A 500,78 6x16
[PT] bx4 frame I
[PT] bx5 frame A 485,78 6x16
[PT] bx5 frame I
[PT] bx6 frame A 457,78 6x15
[PT] bx6 frame I
[PT] bx7 frame A 451,77 6x14
[PT] bx7 frame I
[PT] bx8 frame A 459,77 5x14
[PT] bx8 frame I
[PT] bx9 frame A 870,127 21x52
[PT] bx9 frame I
[PT] bx10 frame A 630,68 8x20
[PT] bx10 frame I
[PT] bx11 frame A 315,86 7x18
[PT] bx11 frame I
[PT] bx12 frame A 689,82 1x3
[PT] bx12 frame I
[PT] ds12 text A 373m
[PT] ds12 text I
[PT] bx13 frame A 832,80 6x14
[PT] bx13 frame I
[PT] bx14 frame A 263,79 5x14
[PT] bx14 frame I
[PT] bx15 frame A 688,79 1x3
[PT] bx15 frame I
[PT] ds15 text A 373m
[PT] ds15 text I
[PT] bx16 frame A 257,79 5x14
[PT] bx16 frame I
[PT] bx17 frame A 438,56 18x45
[PT] bx17 frame I
[PT] bx18 frame A 477,69 15x37
[PT] bx18 frame I
[PT] bx19 frame A 625,73 8x19
[PT] bx19 frame I
[PT] bx20 frame A 558,81 13x34
[PT] bx20 frame I
[PT] bx21 frame A 751,64 15x36
[PT] bx21 frame I
[PT] bx22 frame A 434,69 14x35
[PT] bx22 frame I
[PT] bx23 frame A 765,87 23x58
[PT] bx23 frame I
[PT] bx24 frame A 440,65 15x37
[PT] bx24 frame I
[PT] bx25 frame A 809,79 8x19
[PT] bx25 frame I
[PT] bx26 frame A 564,78 5x14
[PT] bx26 frame I
[PT] bx27 frame A 434,91 8x21
[PT] bx27 frame I
[PT] bx28 frame A 862,106 14x34
[PT] bx28 frame I
[PT] bx29 frame A 822,85 12x31
[PT] bx29 frame I
[PT] bx30 frame A 360,52 2x6
[PT] bx30 frame I
[PT] bx31 frame A 476,60 15x37
[PT] bx31 frame I
[PT] tick 412 enemies=50
[PT] bx0 frame A 336,42 3x7
[PT] bx0 frame I
[PT] bx1 frame A 425,88 8x21
[PT] bx1 frame I
[PT] bx2 frame A 430,75 2x5
[PT] bx2 frame I
[PT] bx3 frame A 507,75 7x16
[PT] bx3 frame I
[PT] bx4 frame A 491,75 6x16
[PT] bx4 frame I
[PT] bx5 frame A 476,75 6x16
[PT] bx5 frame I
[PT] bx6 frame A 448,74 6x15
[PT] bx6 frame I
[PT] bx7 frame A 442,74 6x14
[PT] bx7 frame I
[PT] bx8 frame A 451,73 5x14
[PT] bx8 frame I
[PT] bx9 frame A 857,123 21x52
[PT] bx9 frame I
[PT] bx10 frame A 622,66 8x20
[PT] bx10 frame I
[PT] bx11 frame A 305,83 7x19
[PT] bx11 frame I
[PT] bx12 frame A 680,77 1x3
[PT] bx12 frame I
[PT] ds12 text A 375m
[PT] ds12 text I
[PT] bx13 frame A 819,77 6x14
[PT] bx13 frame I
[PT] bx14 frame A 252,76 6x14
[PT] bx14 frame I
[PT] bx15 frame A 680,75 1x3
[PT] bx15 frame I
[PT] ds15 text A 375m
[PT] ds15 text I
[PT] bx16 frame A 246,76 6x14
[PT] bx16 frame I
[PT] bx17 frame A 430,48 18x45
[PT] bx17 frame I
[PT] bx18 frame A 470,66 15x37
[PT] bx18 frame I
[PT] ds18 text A 22m
[PT] ds18 text I
[PT] bx19 frame A 616,70 8x19
[PT] bx19 frame I
[PT] bx20 frame A 553,77 14x34
[PT] bx20 frame I
[PT] bx21 frame A 740,61 14x36
[PT] bx21 frame I
[PT] bx22 frame A 420,65 14x36
[PT] bx22 frame I
[PT] bx23 frame A 754,84 23x58
[PT] bx23 frame I
[PT] bx24 frame A 432,62 15x37
[PT] bx24 frame I
[PT] bx25 frame A 797,75 8x19
[PT] bx25 frame I
[PT] bx26 frame A 555,75 5x14
[PT] bx26 frame I
[PT] bx27 frame A 425,88 8x21
[PT] bx27 frame I
[PT] bx28 frame A 849,102 14x34
[PT] bx28 frame I
[PT] bx29 frame A 815,82 13x31
[PT] bx29 frame I
[PT] ds29 text A 32m
[PT] ds29 text I
[PT] bx30 frame A 350,49 2x6
[PT] bx30 frame I
[PT] bx31 frame A 471,55 15x37
[PT] bx31 frame I
[PT] tick 413 enemies=50
[PT] bx0 frame A 325,39 3x7
[PT] bx0 frame I
[PT] bx1 frame A 415,85 8x21
[PT] bx1 frame I
[PT] bx2 frame A 420,72 2x5
[PT] bx2 frame I
[PT] bx3 frame A 497,72 7x16
[PT] bx3 frame I
[PT] bx4 frame A 481,72 6x16
[PT] bx4 frame I
[PT] bx5 frame A 466,72 6x16
[PT] bx5 frame I
[PT] bx6 frame A 438,72 6x15
[PT] bx6 frame I
[PT] bx7 frame A 432,71 6x14
[PT] bx7 frame I
[PT] bx8 frame A 441,71 5x14
[PT] bx8 frame I
[PT] bx9 frame A 842,120 20x51
[PT] bx9 frame I
[PT] bx10 frame A 612,65 8x20
[PT] bx10 frame I
[PT] bx11 frame A 294,80 7x19
[PT] bx11 frame I
[PT] bx12 frame A 671,74 1x3
[PT] bx12 frame I
[PT] ds12 text A 377m
[PT] ds12 text I
[PT] bx13 frame A 804,74 6x14
[PT] bx13 frame I
[PT] bx14 frame A 240,73 6x14
[PT] bx14 frame I
[PT] bx15 frame A 670,72 1x3
[PT] bx15 frame I
[PT] ds15 text A 376m
[PT] ds15 text I
[PT] bx16 frame A 234,73 6x14
[PT] bx16 frame I
[PT] bx17 frame A 421,43 18x46
[PT] bx17 frame I
[PT] bx18 frame A 921,84 16x39
[PT] bx18 frame I
[PT] ds18 text A 29m
[PT] ds18 text I
[PT] bx19 frame A 461,64 15x37
[PT] bx19 frame I
[PT] ds19 text A 22m
[PT] ds19 text I
[PT] bx20 frame A 605,67 8x19
[PT] bx20 frame I
[PT] ds20 text A 46m
[PT] ds20 text I
[PT] bx21 frame A 539,74 14x34
[PT] bx21 frame I
[PT] ds21 text A 24m
[PT] ds21 text I
[PT] bx22 frame A 727,58 14x36
[PT] bx22 frame I
[PT] ds22 text A 26m
[PT] ds22 text I
[PT] bx23 frame A 406,59 14x36
[PT] bx23 frame I
[PT] ds23 text A 22m
[PT] ds23 text I
[PT] bx24 frame A 742,82 23x57
[PT] bx24 frame I
[PT] ds24 text A 15m
[PT] ds24 text I
[PT] bx25 frame A 424,59 15x37
[PT] bx25 frame I
[PT] ds25 text A 21m
[PT] ds25 text I
[PT] bx26 frame A 783,73 7x19
[PT] bx26 frame I
[PT] ds26 text A 54m
[PT] ds26 text I
[PT] bx27 frame A 545,72 5x14
[PT] bx27 frame I
[PT] nm27 text A Player
[PT] nm27 text I
[PT] ds27 text A 64m
[PT] ds27 text I
[PT] bx28 frame A 415,85 8x21
[PT] bx28 frame I
[PT] nm28 text A BOT
[PT] nm28 text I
[PT] ds28 text A 39m
[PT] ds28 text I
[PT] bx29 frame A 834,99 13x33
[PT] bx29 frame I
[PT] ds29 text A 30m
[PT] ds29 text I
[PT] bx30 frame A 806,80 13x32
[PT] bx30 frame I
[PT] nm30 text A Player
[PT] nm30 text I
[PT] ds30 text A 32m
[PT] ds30 text I
[PT] bx31 frame A 339,46 2x6
[PT] bx31 frame I
[PT] nm31 text A BOT
[PT] nm31 text I
[PT] ds31 text A 150m
[PT] ds31 text I
[PT] bx32 frame A 464,49 15x37
[PT] bx32 frame I
[PT] bx32 show A
[PT] nm32 show A
[PT] ds32 text A 22m
[PT] ds32 text I
[PT] ds32 show A
[PT] tick 414 enemies=50
[PT] bx0 frame A 294,33 3x7
[PT] bx0 frame I
[PT] bx1 frame A 389,80 9x21
[PT] bx1 frame I
[PT] bx2 frame A 392,66 2x5
[PT] bx2 frame I
[PT] bx3 frame A 471,67 7x16
[PT] bx3 frame I
[PT] bx4 frame A 455,67 6x16
[PT] bx4 frame I
[PT] bx5 frame A 440,66 6x16
[PT] bx5 frame I
[PT] bx6 frame A 411,66 6x15
[PT] bx6 frame I
[PT] bx7 frame A 405,65 6x14
[PT] bx7 frame I
[PT] bx8 frame A 414,65 6x14
[PT] bx8 frame I
[PT] bx9 frame A 805,113 20x49
[PT] bx9 frame I
[PT] bx10 frame A 587,58 8x19
[PT] bx10 frame I
[PT] ds10 text A 46m
[PT] ds10 text I
[PT] bx11 frame A 264,75 8x19
[PT] bx11 frame I
[PT] bx12 frame A 642,67 1x2
[PT] bx12 frame I
[PT] ds12 text A 378m
[PT] ds12 text I
[PT] bx13 frame A 767,68 5x14
[PT] bx13 frame I
[PT] bx14 frame A 206,68 6x14
[PT] bx14 frame I
[PT] bx15 frame A 641,65 1x3
[PT] bx15 frame I
[PT] ds15 text A 378m
[PT] ds15 text I
[PT] bx16 frame A 200,68 6x15
[PT] bx16 frame I
[PT] bx17 frame A 399,37 18x46
[PT] bx17 frame I
[PT] bx18 frame A 868,77 15x36
[PT] bx18 frame I
[PT] bx19 frame A 437,59 15x37
[PT] bx19 frame I
[PT] bx20 frame A 578,61 8x19
[PT] bx20 frame I
[PT] bx21 frame A 511,69 14x34
[PT] bx21 frame I
[PT] bx22 frame A 696,53 14x35
[PT] bx22 frame I
[PT] bx23 frame A 376,54 15x37
[PT] bx23 frame I
[PT] bx24 frame A 712,76 22x56
[PT] bx24 frame I
[PT] bx25 frame A 400,54 15x38
[PT] bx25 frame I
[PT] bx26 frame A 747,67 7x18
[PT] bx26 frame I
[PT] bx27 frame A 519,66 5x14
[PT] bx27 frame I
[PT] bx28 frame A 389,80 9x21
[PT] bx28 frame I
[PT] bx29 frame A 796,92 13x32
[PT] bx29 frame I
[PT] bx30 frame A 776,74 13x31
[PT] bx30 frame I
[PT] ds30 text A 31m
[PT] ds30 text I
[PT] bx31 frame A 897,30 7x17
[PT] bx31 frame I
[PT] nm31 text A Player
[PT] nm31 text I
[PT] ds31 text A 69m
[PT] ds31 text I
[PT] bx32 frame A 309,40 3x6
[PT] bx32 frame I
[PT] nm32 text A BOT
[PT] nm32 text I
[PT] ds32 text A 150m
[PT] ds32 text I
[PT] bx33 frame A 440,38 15x38
[PT] bx33 frame I
[PT] bx33 show A
[PT] nm33 text A Player
[PT] nm33 text I
[PT] nm33 show A
[PT] ds33 text A 22m
[PT] ds33 text I
[PT] ds33 show A
[PT] tick 415 enemies=50
[PT] bx0 frame A 240,29 3x7
[PT] bx0 frame I
[PT] bx1 frame A 344,77 9x22
[PT] bx1 frame I
[PT] bx2 frame A 345,64 2x5
[PT] bx2 frame I
[PT] bx3 frame A 426,64 7x17
[PT] bx3 frame I
[PT] bx4 frame A 410,64 7x16
[PT] bx4 frame I
[PT] bx5 frame A 395,64 6x16
[PT] bx5 frame I
[PT] bx6 frame A 366,63 6x16
[PT] bx6 frame I
[PT] bx7 frame A 359,63 6x14
[PT] bx7 frame I
[PT] bx8 frame A 368,62 6x14
[PT] bx8 frame I
[PT] bx9 frame A 747,107 19x47
[PT] bx9 frame I
[PT] bx10 frame A 540,58 8x19
[PT] bx10 frame I
[PT] bx11 frame A 210,73 8x20
[PT] bx11 frame I
[PT] bx12 frame A 593,63 1x2
[PT] bx12 frame I
[PT] ds12 text A 379m
[PT] ds12 text I
[PT] bx13 frame A 708,64 5x13
[PT] bx13 frame I
[PT] bx14 frame A 145,66 6x15
[PT] bx14 frame I
[PT] bx15 frame A 593,61 1x2
[PT] bx15 frame I
[PT] ds15 text A 379m
[PT] ds15 text I
[PT] bx16 frame A 138,66 6x15
[PT] bx16 frame I
[PT] bx17 frame A 358,36 19x47
[PT] bx17 frame I
[PT] bx18 frame A 793,73 13x33
[PT] bx18 frame I
[PT] ds18 text A 30m
[PT] ds18 text I
[PT] bx19 frame A 395,56 15x38
[PT] bx19 frame I
[PT] bx20 frame A 532,58 7x19
[PT] bx20 frame I
[PT] bx21 frame A 471,67 14x35
[PT] bx21 frame I
[PT] ds21 text A 23m
[PT] ds21 text I
[PT] bx22 frame A 645,50 14x34
[PT] bx22 frame I
[PT] bx23 frame A 327,50 15x39
[PT] bx23 frame I
[PT] bx24 frame A 659,73 21x53
[PT] bx24 frame I
[PT] ds24 text A 16m
[PT] ds24 text I
[PT] bx25 frame A 357,51 15x39
[PT] bx25 frame I
[PT] bx26 frame A 691,63 7x17
[PT] bx26 frame I
[PT] bx27 frame A 474,63 5x13
[PT] bx27 frame I
[PT] bx28 frame A 344,77 9x22
[PT] bx28 frame I
[PT] bx29 frame A 736,88 12x31
[PT] bx29 frame I
[PT] bx30 frame A 721,71 12x30
[PT] bx30 frame I
[PT] bx31 frame A 822,29 7x16
[PT] bx31 frame I
[PT] bx32 frame A 256,36 3x7
[PT] bx32 frame I
[PT] bx33 frame A 400,33 15x38
[PT] bx33 frame I
[PT] tick 416 enemies=50
[PT] bx0 frame A 164,24 3x8
[PT] bx0 frame I
[PT] bx1 frame A 283,76 9x23
[PT] bx1 frame I
[PT] bx2 frame A 282,61 2x6
[PT] bx2 frame I
[PT] bx3 frame A 369,61 7x17
[PT] bx3 frame I
[PT] bx4 frame A 352,61 7x17
[PT] bx4 frame I
[PT] bx5 frame A 336,61 7x17
[PT] bx5 frame I
[PT] bx6 frame A 305,61 6x16
[PT] bx6 frame I
[PT] bx7 frame A 298,60 6x15
[PT] bx7 frame I
[PT] bx8 frame A 308,60 6x14
[PT] bx8 frame I
[PT] bx9 frame A 681,102 18x44
[PT] bx9 frame I
[PT] bx10 frame A 483,56 8x19
[PT] bx10 frame I
[PT] bx11 frame A 134,72 9x22
[PT] bx11 frame I
[PT] bx12 frame A 534,59 1x2
[PT] bx12 frame I
[PT] ds12 text A 380m
[PT] ds12 text I
[PT] bx13 frame A 641,61 5x12
[PT] bx13 frame I
[PT] bx14 frame A 57,64 7x17
[PT] bx14 frame I
[PT] bx15 frame A 533,58 1x2
[PT] bx15 frame I
[PT] ds15 text A 380m
[PT] ds15 text I
[PT] bx16 frame A 49,64 7x17
[PT] bx16 frame I
[PT] bx17 frame A 308,40 19x48
[PT] bx17 frame I
[PT] bx18 frame A 712,68 12x30
[PT] bx18 frame I
[PT] bx19 frame A 341,54 15x38
[PT] bx19 frame I
[PT] bx20 frame A 476,55 7x19
[PT] bx20 frame I
[PT] bx21 frame A 412,65 14x34
[PT] bx21 frame I
[PT] bx22 frame A 585,48 13x33
[PT] bx22 frame I
[PT] bx23 frame A 267,47 16x41
[PT] bx23 frame I
[PT] bx24 frame A 592,69 20x50
[PT] bx24 frame I
[PT] bx25 frame A 301,48 16x40
[PT] bx25 frame I
[PT] bx26 frame A 626,60 7x17
[PT] bx26 frame I
[PT] bx27 frame A 417,61 5x14
[PT] bx27 frame I
[PT] bx28 frame A 283,76 9x23
[PT] bx28 frame I
[PT] bx29 frame A 669,83 12x29
[PT] bx29 frame I
[PT] bx30 frame A 653,67 12x29
[PT] bx30 frame I
[PT] bx31 frame A 741,28 6x15
[PT] bx31 frame I
[PT] bx32 frame A 183,32 3x7
[PT] bx32 frame I
[PT] bx33 frame A 347,28 16x39
[PT] bx33 frame I
[PT] tick 417 enemies=50
[PT] bx0 frame A 94,19 3x8
[PT] bx0 frame I
[PT] bx1 frame A 231,74 9x24
[PT] bx1 frame I
[PT] bx2 frame A 226,59 2x6
[PT] bx2 frame I
[PT] bx3 frame A 321,59 7x17
[PT] bx3 frame I
[PT] bx4 frame A 304,59 7x17
[PT] bx4 frame I
[PT] bx5 frame A 286,59 7x17
[PT] bx5 frame I
[PT] bx6 frame A 253,58 7x17
[PT] bx6 frame I
[PT] bx7 frame A 245,58 6x16
[PT] bx7 frame I
[PT] bx8 frame A 256,57 6x15
[PT] bx8 frame I
[PT] bx9 frame A 633,97 17x43
[PT] bx9 frame I
[PT] bx10 frame A 436,54 8x19
[PT] bx10 frame I
[PT] ds10 text A 45m
[PT] ds10 text I
[PT] bx11 frame A 63,71 9x23
[PT] bx11 frame I
[PT] bx12 frame A 488,56 1x2
[PT] bx12 frame I
[PT] bx13 frame A 591,58 5x12
[PT] bx13 frame I
[PT] bx14 frame A 487,54 1x2
[PT] bx14 frame I
[PT] ds14 text A 380m
[PT] ds14 text I
[PT] bx15 frame A 266,45 19x48
[PT] bx15 frame I
[PT] ds15 text A 18m
[PT] ds15 text I
[PT] bx16 frame A 654,64 11x29
[PT] bx16 frame I
[PT] ds16 text A 31m
[PT] ds16 text I
[PT] bx17 frame A 295,52 16x40
[PT] bx17 frame I
[PT] ds17 text A 22m
[PT] ds17 text I
[PT] bx18 frame A 431,53 7x19
[PT] bx18 frame I
[PT] ds18 text A 46m
[PT] ds18 text I
[PT] bx19 frame A 367,62 14x35
[PT] bx19 frame I
[PT] ds19 text A 23m
[PT] ds19 text I
[PT] bx20 frame A 540,45 13x32
[PT] bx20 frame I
[PT] ds20 text A 26m
[PT] ds20 text I
[PT] bx21 frame A 214,44 17x42
[PT] bx21 frame I
[PT] ds21 text A 22m
[PT] ds21 text I
[PT] bx22 frame A 541,66 19x48
[PT] bx22 frame I
[PT] ds22 text A 16m
[PT] ds22 text I
[PT] bx23 frame A 252,45 17x41
[PT] bx23 frame I
[PT] ds23 text A 21m
[PT] ds23 text I
[PT] bx24 frame A 577,57 7x16
[PT] bx24 frame I
[PT] ds24 text A 54m
[PT] ds24 text I
[PT] bx25 frame A 371,58 6x14
[PT] bx25 frame I
[PT] ds25 text A 64m
[PT] ds25 text I
[PT] bx26 frame A 231,74 9x24
[PT] bx26 frame I
[PT] nm26 text A BOT
[PT] nm26 text I
[PT] ds26 text A 39m
[PT] ds26 text I
[PT] bx27 frame A 620,79 11x28
[PT] bx27 frame I
[PT] ds27 text A 30m
[PT] ds27 text I
[PT] bx28 frame A 604,64 11x28
[PT] bx28 frame I
[PT] nm28 text A Player
[PT] nm28 text I
[PT] ds28 text A 31m
[PT] ds28 text I
[PT] bx29 frame A 683,26 6x14
[PT] bx29 frame I
[PT] ds29 text A 69m
[PT] ds29 text I
[PT] bx30 frame A 116,28 3x8
[PT] bx30 frame I
[PT] nm30 text A BOT
[PT] nm30 text I
[PT] ds30 text A 150m
[PT] ds30 text I
[PT] bx31 frame A 302,23 16x41
[PT] bx31 frame I
[PT] ds31 text A 22m
[PT] ds31 text I
[PT] bx32 hide A
[PT] nm32 hide A
[PT] ds32 hide A
[PT] bx33 hide A
[PT] nm33 hide A
[PT] ds33 hide A
[PT] tick 418 enemies=50
[PT] bx0 frame A 52,17 4x9
[PT] bx0 frame I
[PT] bx1 frame A 201,74 10x24
[PT] bx1 frame I
[PT] bx2 frame A 912,21 18x45
[PT] bx2 frame I
[PT] nm2 text A Player
[PT] nm2 text I
[PT] ds2 text A 26m
[PT] ds2 text I
[PT] bx3 frame A 194,58 2x6
[PT] bx3 frame I
[PT] nm3 text A BOT
[PT] nm3 text I
[PT] ds3 text A 170m
[PT] ds3 text I
[PT] bx4 frame A 294,58 7x18
[PT] bx4 frame I
[PT] ds4 text A 52m
[PT] ds4 text I
[PT] bx5 frame A 276,58 7x18
[PT] bx5 frame I
[PT] ds5 text A 53m
[PT] ds5 text I
[PT] bx6 frame A 258,58 7x17
[PT] bx6 frame I
[PT] ds6 text A 54m
[PT] ds6 text I
[PT] bx7 frame A 223,58 7x17
[PT] bx7 frame I
[PT] ds7 text A 56m
[PT] ds7 text I
[PT] bx8 frame A 215,57 6x16
[PT] bx8 frame I
[PT] ds8 text A 61m
[PT] ds8 text I
[PT] bx9 frame A 226,56 6x15
[PT] bx9 frame I
[PT] ds9 text A 63m
[PT] ds9 text I
[PT] bx10 frame A 609,95 17x42
[PT] bx10 frame I
[PT] ds10 text A 19m
[PT] ds10 text I
[PT] bx11 frame A 411,53 8x19
[PT] bx11 frame I
[PT] ds11 text A 45m
[PT] ds11 text I
[PT] bx12 frame A 21,71 10x24
[PT] bx12 frame I
[PT] ds12 text A 47m
[PT] ds12 text I
[PT] bx13 frame A 464,54 1x2
[PT] bx13 frame I
[PT] ds13 text A 381m
[PT] ds13 text I
[PT] bx14 frame A 565,57 5x12
[PT] bx14 frame I
[PT] ds14 text A 75m
[PT] ds14 text I
[PT] bx15 frame A 463,52 1x2
[PT] bx15 frame I
[PT] ds15 text A 381m
[PT] ds15 text I
[PT] bx16 frame A 248,49 19x49
[PT] bx16 frame I
[PT] ds16 text A 18m
[PT] ds16 text I
[PT] bx17 frame A 622,55 11x28
[PT] bx17 frame I
[PT] ds17 text A 31m
[PT] ds17 text I
[PT] bx18 frame A 270,51 16x40
[PT] bx18 frame I
[PT] ds18 text A 22m
[PT] ds18 text I
[PT] bx19 frame A 406,51 8x19
[PT] bx19 frame I
[PT] ds19 text A 46m
[PT] ds19 text I
[PT] bx20 frame A 344,61 14x36
[PT] bx20 frame I
[PT] ds20 text A 23m
[PT] ds20 text I
[PT] bx21 frame A 516,44 13x32
[PT] bx21 frame I
[PT] ds21 text A 26m
[PT] ds21 text I
[PT] bx22 frame A 183,43 17x44
[PT] bx22 frame I
[PT] ds22 text A 22m
[PT] ds22 text I
[PT] bx23 frame A 508,65 18x46
[PT] bx23 frame I
[PT] ds23 text A 17m
[PT] ds23 text I
[PT] bx24 frame A 226,44 17x42
[PT] bx24 frame I
[PT] ds24 text A 21m
[PT] ds24 text I
[PT] bx25 frame A 552,56 6x16
[PT] bx25 frame I
[PT] ds25 text A 54m
[PT] ds25 text I
[PT] bx26 frame A 345,57 6x14
[PT] bx26 frame I
[PT] nm26 text A Player
[PT] nm26 text I
[PT] ds26 text A 64m
[PT] ds26 text I
[PT] bx27 frame A 201,74 10x24
[PT] bx27 frame I
[PT] nm27 text A BOT
[PT] nm27 text I
[PT] ds27 text A 39m
[PT] ds27 text I
[PT] bx28 frame A 595,78 11x28
[PT] bx28 frame I
[PT] ds28 text A 30m
[PT] ds28 text I
[PT] bx29 frame A 579,63 11x28
[PT] bx29 frame I
[PT] ds29 text A 31m
[PT] ds29 text I
[PT] bx30 frame A 653,26 6x14
[PT] bx30 frame I
[PT] nm30 text A Player
[PT] nm30 text I
[PT] ds30 text A 69m
[PT] ds30 text I
[PT] bx31 frame A 76,26 3x8
[PT] bx31 frame I
[PT] nm31 text A BOT
[PT] nm31 text I
[PT] ds31 text A 150m
[PT] ds31 text I
[PT] bx32 frame A 276,22 17x42
[PT] bx32 frame I
[PT] bx32 show A
[PT] nm32 text A Player
[PT] nm32 text I
[PT] nm32 show A
[PT] ds32 text A 22m
[PT] ds32 text I
[PT] ds32 show A
[PT] tick 419 enemies=50
[PT] bx0 frame A 38,13 4x9
[PT] bx0 frame I
[PT] bx1 frame A 191,70 10x24
[PT] bx1 frame I
[PT] bx2 frame A 900,18 18x45
[PT] bx2 frame I
[PT] bx3 frame A 184,54 2x6
[PT] bx3 frame I
[PT] bx4 frame A 285,54 7x18
[PT] bx4 frame I
[PT] bx5 frame A 267,54 7x18
[PT] bx5 frame I
[PT] bx6 frame A 249,54 7x18
[PT] bx6 frame I
[PT] bx7 frame A 214,54 7x17
[PT] bx7 frame I
[PT] bx8 frame A 205,53 6x16
[PT] bx8 frame I
[PT] bx9 frame A 216,53 6x16
[PT] bx9 frame I
[PT] bx10 frame A 602,92 17x42
[PT] bx10 frame I
[PT] bx11 frame A 404,49 8x19
[PT] bx11 frame I
[PT] bx12 frame A 6,68 10x25
[PT] bx12 frame I
[PT] bx13 frame A 457,50 1x2
[PT] bx13 frame I
[PT] bx14 frame A 558,53 5x12
[PT] bx14 frame I
[PT] bx15 frame A 456,48 1x2
[PT] bx15 frame I
[PT] bx16 frame A 238,47 20x49
[PT] bx16 frame I
[PT] bx17 frame A 609,46 11x27
[PT] bx17 frame I
[PT] ds17 text A 32m
[PT] ds17 text I
[PT] bx18 frame A 263,48 16x41
[PT] bx18 frame I
[PT] bx19 frame A 399,48 8x19
[PT] bx19 frame I
[PT] bx20 frame A 340,50 15x37
[PT] bx20 frame I
[PT] bx21 frame A 509,40 13x32
[PT] bx21 frame I
[PT] bx22 frame A 173,40 18x44
[PT] bx22 frame I
[PT] bx23 frame A 489,60 18x46
[PT] bx23 frame I
[PT] bx24 frame A 218,41 17x43
[PT] bx24 frame I
[PT] bx25 frame A 544,52 6x16
[PT] bx25 frame I
[PT] bx26 frame A 337,53 6x14
[PT] bx26 frame I
[PT] bx27 frame A 191,70 10x24
[PT] bx27 frame I
[PT] bx28 frame A 587,74 11x28
[PT] bx28 frame I
[PT] bx29 frame A 572,59 11x28
[PT] bx29 frame I
[PT] bx30 frame A 645,22 6x14
[PT] bx30 frame I
[PT] bx31 frame A 62,22 3x8
[PT] bx31 frame I
[PT] bx32 frame A 264,20 17x42
[PT] bx32 frame I
[PT] tick 420 enemies=50
[PT] bx0 frame A 27,14 4x9
[PT] bx0 frame I
[PT] bx1 frame A 183,72 10x25
[PT] bx1 frame I
[PT] bx2 frame A 889,19 18x44
[PT] bx2 frame I
[PT] bx3 frame A 176,55 2x6
[PT] bx3 frame I
[PT] bx4 frame A 279,55 7x18
[PT] bx4 frame I
[PT] bx5 frame A 260,55 7x18
[PT] bx5 frame I
[PT] bx6 frame A 242,55 7x18
[PT] bx6 frame I
[PT] bx7 frame A 206,55 7x18
[PT] bx7 frame I
[PT] bx8 frame A 198,54 6x16
[PT] bx8 frame I
[PT] bx9 frame A 209,54 6x16
[PT] bx9 frame I
[PT] bx10 frame A 596,93 17x42
[PT] bx10 frame I
[PT] bx11 frame A 398,50 8x19
[PT] bx11 frame I
[PT] bx12 frame A -4,69 10x25
[PT] bx12 frame I
[PT] bx13 frame A 451,51 1x2
[PT] bx13 frame I
[PT] bx14 frame A 552,54 5x12
[PT] bx14 frame I
[PT] bx15 frame A 451,49 1x2
[PT] bx15 frame I
[PT] bx16 frame A 233,45 20x49
[PT] bx16 frame I
[PT] bx17 frame A 599,45 11x27
[PT] bx17 frame I
[PT] ds17 text A 33m
[PT] ds17 text I
[PT] bx18 frame A 258,49 16x41
[PT] bx18 frame I
[PT] bx19 frame A 393,49 8x19
[PT] bx19 frame I
[PT] bx20 frame A 336,45 15x38
[PT] bx20 frame I
[PT] ds20 text A 22m
[PT] ds20 text I
[PT] bx21 frame A 503,41 13x32
[PT] bx21 frame I
[PT] bx22 frame A 166,41 18x44
[PT] bx22 frame I
[PT] bx23 frame A 475,60 18x45
[PT] bx23 frame I
[PT] bx24 frame A 213,42 17x43
[PT] bx24 frame I
[PT] bx25 frame A 538,53 6x16
[PT] bx25 frame I
[PT] bx26 frame A 330,54 6x14
[PT] bx26 frame I
[PT] bx27 frame A 183,72 10x25
[PT] bx27 frame I
[PT] bx28 frame A 581,75 11x28
[PT] bx28 frame I
[PT] bx29 frame A 566,60 11x28
[PT] bx29 frame I
[PT] bx30 frame A 638,23 6x14
[PT] bx30 frame I
[PT] bx31 frame A 52,23 3x8
[PT] bx31 frame I
[PT] bx32 frame A 255,20 17x42
[PT] bx32 frame I
[PT] tick 421 enemies=50
[PT] bx0 frame A 14,19 4x9
[PT] bx0 frame I
[PT] bx1 frame A 173,77 10x25
[PT] bx1 frame I
[PT] bx2 frame A 873,25 17x43
[PT] bx2 frame I
[PT] bx3 frame A 165,61 2x6
[PT] bx3 frame I
[PT] bx4 frame A 270,61 7x18
[PT] bx4 frame I
[PT] bx5 frame A 251,61 7x18
[PT] bx5 frame I
[PT] bx6 frame A 233,61 7x18
[PT] bx6 frame I
[PT] bx7 frame A 196,61 7x18
[PT] bx7 frame I
[PT] bx8 frame A 188,60 6x16
[PT] bx8 frame I
[PT] bx9 frame A 199,60 6x16
[PT] bx9 frame I
[PT] bx10 frame A 587,97 17x41
[PT] bx10 frame I
[PT] bx11 frame A 390,56 8x19
[PT] bx11 frame I
[PT] bx12 frame A 443,56 1x2
[PT] bx12 frame I
[PT] ds12 text A 381m
[PT] ds12 text I
[PT] bx13 frame A 543,59 5x12
[PT] bx13 frame I
[PT] ds13 text A 75m
[PT] ds13 text I
[PT] bx14 frame A 443,54 1x2
[PT] bx14 frame I
[PT] ds14 text A 380m
[PT] ds14 text I
[PT] bx15 frame A 229,39 19x48
[PT] bx15 frame I
[PT] ds15 text A 19m
[PT] ds15 text I
[PT] bx16 frame A 585,49 11x26
[PT] bx16 frame I
[PT] ds16 text A 33m
[PT] ds16 text I
[PT] bx17 frame A 250,54 16x41
[PT] bx17 frame I
[PT] ds17 text A 22m
[PT] ds17 text I
[PT] bx18 frame A 384,54 8x19
[PT] bx18 frame I
[PT] ds18 text A 46m
[PT] ds18 text I
[PT] bx19 frame A 328,46 15x39
[PT] bx19 frame I
[PT] ds19 text A 22m
[PT] ds19 text I
[PT] bx20 frame A 494,47 13x32
[PT] bx20 frame I
[PT] ds20 text A 26m
[PT] ds20 text I
[PT] bx21 frame A 156,46 18x45
[PT] bx21 frame I
[PT] ds21 text A 22m
[PT] ds21 text I
[PT] bx22 frame A 457,65 18x44
[PT] bx22 frame I
[PT] ds22 text A 17m
[PT] ds22 text I
[PT] bx23 frame A 205,47 17x43
[PT] bx23 frame I
[PT] ds23 text A 21m
[PT] ds23 text I
[PT] bx24 frame A 529,59 6x16
[PT] bx24 frame I
[PT] ds24 text A 54m
[PT] ds24 text I
[PT] bx25 frame A 322,60 6x14
[PT] bx25 frame I
[PT] ds25 text A 64m
[PT] ds25 text I
[PT] bx26 frame A 173,77 10x25
[PT] bx26 frame I
[PT] nm26 text A BOT
[PT] nm26 text I
[PT] ds26 text A 39m
[PT] ds26 text I
[PT] bx27 frame A 572,80 11x27
[PT] bx27 frame I
[PT] nm27 text A Player
[PT] nm27 text I
[PT] ds27 text A 30m
[PT] ds27 text I
[PT] bx28 frame A 557,65 11x27
[PT] bx28 frame I
[PT] ds28 text A 31m
[PT] ds28 text I
[PT] bx29 frame A 628,29 6x14
[PT] bx29 frame I
[PT] ds29 text A 69m
[PT] ds29 text I
[PT] bx30 frame A 39,28 3x8
[PT] bx30 frame I
[PT] nm30 text A BOT
[PT] nm30 text I
[PT] ds30 text A 150m
[PT] ds30 text I
[PT] bx31 frame A 247,26 17x42
[PT] bx31 frame I
[PT] nm31 text A Player
[PT] nm31 text I
[PT] ds31 text A 22m
[PT] ds31 text I
[PT] bx32 hide A
[PT] nm32 hide A
[PT] ds32 hide A
[PT] tick 422 enemies=50
[PT] bx0 frame A 75,64 3x8
[PT] bx0 frame I
[PT] bx1 frame A 213,115 9x23
[PT] bx1 frame I
[PT] bx2 frame A 907,64 17x43
[PT] bx2 frame I
[PT] bx3 frame A 208,102 2x6
[PT] bx3 frame I
[PT] bx4 frame A 304,101 7x17
[PT] bx4 frame I
[PT] bx5 frame A 287,101 7x17
[PT] bx5 frame I
[PT] bx6 frame A 270,101 7x17
[PT] bx6 frame I
[PT] bx7 frame A 236,101 7x16
[PT] bx7 frame I
[PT] bx8 frame A 228,100 6x15
[PT] bx8 frame I
[PT] bx9 frame A 238,100 6x15
[PT] bx9 frame I
[PT] bx10 frame A 611,134 16x41
[PT] bx10 frame I
[PT] bx11 frame A 418,96 7x18
[PT] bx11 frame I
[PT] bx12 frame A 41,113 9x23
[PT] bx12 frame I
[PT] ds12 text A 47m
[PT] ds12 text I
[PT] bx13 frame A 472,98 1x2
[PT] bx13 frame I
[PT] ds13 text A 380m
[PT] ds13 text I
[PT] bx14 frame A 568,101 5x11
[PT] bx14 frame I
[PT] ds14 text A 75m
[PT] ds14 text I
[PT] bx15 frame A 471,96 1x2
[PT] bx15 frame I
[PT] ds15 text A 380m
[PT] ds15 text I
[PT] bx16 frame A 272,69 18x44
[PT] bx16 frame I
[PT] ds16 text A 19m
[PT] ds16 text I
[PT] bx17 frame A 603,90 10x25
[PT] bx17 frame I
[PT] ds17 text A 34m
[PT] ds17 text I
[PT] bx18 frame A 287,93 15x38
[PT] bx18 frame I
[PT] ds18 text A 22m
[PT] ds18 text I
[PT] bx19 frame A 413,95 7x18
[PT] bx19 frame I
[PT] ds19 text A 46m
[PT] ds19 text I
[PT] bx20 frame A 361,81 15x38
[PT] bx20 frame I
[PT] ds20 text A 21m
[PT] ds20 text I
[PT] bx21 frame A 519,87 12x30
[PT] bx21 frame I
[PT] ds21 text A 26m
[PT] ds21 text I
[PT] bx22 frame A 198,85 17x41
[PT] bx22 frame I
[PT] ds22 text A 22m
[PT] ds22 text I
[PT] bx23 frame A 471,102 17x42
[PT] bx23 frame I
[PT] ds23 text A 18m
[PT] ds23 text I
[PT] bx24 frame A 245,86 16x40
[PT] bx24 frame I
[PT] ds24 text A 21m
[PT] ds24 text I
[PT] bx25 frame A 555,99 6x15
[PT] bx25 frame I
[PT] ds25 text A 54m
[PT] ds25 text I
[PT] bx26 frame A 353,101 5x13
[PT] bx26 frame I
[PT] nm26 text A Player
[PT] nm26 text I
[PT] ds26 text A 64m
[PT] ds26 text I
[PT] bx27 frame A 213,115 9x23
[PT] bx27 frame I
[PT] nm27 text A BOT
[PT] nm27 text I
[PT] ds27 text A 39m
[PT] ds27 text I
[PT] bx28 frame A 597,119 11x27
[PT] bx28 frame I
[PT] ds28 text A 30m
[PT] ds28 text I
[PT] bx29 frame A 582,105 11x27
[PT] bx29 frame I
[PT] ds29 text A 31m
[PT] ds29 text I
[PT] bx30 frame A 654,71 5x13
[PT] bx30 frame I
[PT] nm30 text A Player
[PT] nm30 text I
[PT] ds30 text A 69m
[PT] ds30 text I
[PT] bx31 frame A 97,72 3x7
[PT] bx31 frame I
[PT] nm31 text A BOT
[PT] nm31 text I
[PT] ds31 text A 150m
[PT] ds31 text I
[PT] bx32 frame A 288,68 15x38
[PT] bx32 frame I
[PT] bx32 show A
[PT] nm32 show A
[PT] ds32 show A
[PT] tick 423 enemies=50
[PT] bx0 frame A 190,131 3x7
[PT] bx0 frame I
[PT] bx1 frame A 297,173 8x21
[PT] bx1 frame I
[PT] bx2 frame A 297,164 2x5
[PT] bx2 frame I
[PT] nm2 text A BOT
[PT] nm2 text I
[PT] ds2 text A 170m
[PT] ds2 text I
[PT] bx3 frame A 379,161 6x15
[PT] bx3 frame I
[PT] nm3 text A Player
[PT] nm3 text I
[PT] ds3 text A 52m
[PT] ds3 text I
[PT] bx4 frame A 364,161 6x15
[PT] bx4 frame I
[PT] ds4 text A 53m
[PT] ds4 text I
[PT] bx5 frame A 348,161 6x15
[PT] bx5 frame I
[PT] ds5 text A 54m
[PT] ds5 text I
[PT] bx6 frame A 319,161 6x15
[PT] bx6 frame I
[PT] ds6 text A 56m
[PT] ds6 text I
[PT] bx7 frame A 312,161 5x14
[PT] bx7 frame I
[PT] ds7 text A 61m
[PT] ds7 text I
[PT] bx8 frame A 321,161 5x13
[PT] bx8 frame I
[PT] ds8 text A 63m
[PT] ds8 text I
[PT] bx9 frame A 681,191 17x43
[PT] bx9 frame I
[PT] ds9 text A 19m
[PT] ds9 text I
[PT] bx10 frame A 488,155 7x17
[PT] bx10 frame I
[PT] ds10 text A 46m
[PT] ds10 text I
[PT] bx11 frame A 156,170 8x20
[PT] bx11 frame I
[PT] ds11 text A 47m
[PT] ds11 text I
[PT] bx12 frame A 542,161 1x2
[PT] bx12 frame I
[PT] ds12 text A 380m
[PT] ds12 text I
[PT] bx13 frame A 640,162 5x11
[PT] bx13 frame I
[PT] ds13 text A 75m
[PT] ds13 text I
[PT] bx14 frame A 85,164 6x15
[PT] bx14 frame I
[PT] ds14 text A 67m
[PT] ds14 text I
[PT] bx15 frame A 542,159 1x2
[PT] bx15 frame I
[PT] bx16 frame A 77,164 6x15
[PT] bx16 frame I
[PT] ds16 text A 67m
[PT] ds16 text I
[PT] bx17 frame A 353,125 16x39
[PT] bx17 frame I
[PT] ds17 text A 20m
[PT] ds17 text I
[PT] bx18 frame A 669,152 10x25
[PT] bx18 frame I
[PT] ds18 text A 34m
[PT] ds18 text I
[PT] bx19 frame A 362,151 14x35
[PT] bx19 frame I
[PT] ds19 text A 22m
[PT] ds19 text I
[PT] bx20 frame A 481,155 7x17
[PT] bx20 frame I
[PT] ds20 text A 46m
[PT] ds20 text I
[PT] bx21 frame A 430,139 14x36
[PT] bx21 frame I
[PT] ds21 text A 21m
[PT] ds21 text I
[PT] bx22 frame A 585,145 12x30
[PT] bx22 frame I
[PT] ds22 text A 26m
[PT] ds22 text I
[PT] bx23 frame A 284,143 15x37
[PT] bx23 frame I
[PT] ds23 text A 22m
[PT] ds23 text I
[PT] bx24 frame A 523,157 17x41
[PT] bx24 frame I
[PT] ds24 text A 18m
[PT] ds24 text I
[PT] bx25 frame A 326,144 15x36
[PT] bx25 frame I
[PT] ds25 text A 21m
[PT] ds25 text I
[PT] bx26 frame A 625,160 6x15
[PT] bx26 frame I
[PT] ds26 text A 54m
[PT] ds26 text I
[PT] bx27 frame A 425,161 5x12
[PT] bx27 frame I
[PT] nm27 text A Player
[PT] nm27 text I
[PT] ds27 text A 64m
[PT] ds27 text I
[PT] bx28 frame A 297,173 8x21
[PT] bx28 frame I
[PT] nm28 text A BOT
[PT] nm28 text I
[PT] ds28 text A 39m
[PT] ds28 text I
[PT] bx29 frame A 668,178 11x27
[PT] bx29 frame I
[PT] ds29 text A 30m
[PT] ds29 text I
[PT] bx30 frame A 651,164 11x27
[PT] bx30 frame I
[PT] ds30 text A 31m
[PT] ds30 text I
[PT] bx31 frame A 732,132 5x14
[PT] bx31 frame I
[PT] nm31 text A Player
[PT] nm31 text I
[PT] ds31 text A 69m
[PT] ds31 text I
[PT] bx32 frame A 207,138 2x6
[PT] bx32 frame I
[PT] nm32 text A BOT
[PT] nm32 text I
[PT] ds32 text A 150m
[PT] ds32 text I
[PT] bx33 frame A 366,128 14x35
[PT] bx33 frame I
[PT] bx33 show A
[PT] nm33 show A
[PT] ds33 show A
[PT] tick 424 enemies=50
[PT] bx0 frame A 289,196 2x6
[PT] bx0 frame I
[PT] bx1 frame A 378,233 8x20
[PT] bx1 frame I
[PT] bx2 frame A 381,227 2x5
[PT] bx2 frame I
[PT] bx3 frame A 456,223 6x15
[PT] bx3 frame I
[PT] bx4 frame A 441,223 6x15
[PT] bx4 frame I
[PT] bx5 frame A 427,223 6x15
[PT] bx5 frame I
[PT] bx6 frame A 399,223 6x14
[PT] bx6 frame I
[PT] bx7 frame A 394,222 5x13
[PT] bx7 frame I
[PT] bx8 frame A 402,222 5x13
[PT] bx8 frame I
[PT] bx9 frame A 776,251 19x48
[PT] bx9 frame I
[PT] bx10 frame A 565,216 7x17
[PT] bx10 frame I
[PT] bx11 frame A 256,230 7x18
[PT] bx11 frame I
[PT] bx12 frame A 626,224 1x2
[PT] bx12 frame I
[PT] bx13 frame A 733,225 5x12
[PT] bx13 frame I
[PT] bx14 frame A 199,225 5x13
[PT] bx14 frame I
[PT] bx15 frame A 625,223 1x2
[PT] bx15 frame I
[PT] ds15 text A 379m
[PT] ds15 text I
[PT] bx16 frame A 193,225 5x14
[PT] bx16 frame I
[PT] bx17 frame A 432,184 15x36
[PT] bx17 frame I
[PT] bx18 frame A 757,215 10x26
[PT] bx18 frame I
[PT] ds18 text A 35m
[PT] ds18 text I
[PT] bx19 frame A 437,210 14x34
[PT] bx19 frame I
[PT] bx20 frame A 557,217 7x17
[PT] bx20 frame I
[PT] bx21 frame A 502,198 14x36
[PT] bx21 frame I
[PT] ds21 text A 20m
[PT] ds21 text I
[PT] bx22 frame A 665,204 13x31
[PT] bx22 frame I
[PT] bx23 frame A 364,202 14x35
[PT] bx23 frame I
[PT] bx24 frame A 581,212 17x42
[PT] bx24 frame I
[PT] bx25 frame A 403,203 14x35
[PT] bx25 frame I
[PT] bx26 frame A 714,222 7x16
[PT] bx26 frame I
[PT] bx27 frame A 501,223 5x12
[PT] bx27 frame I
[PT] bx28 frame A 378,233 8x20
[PT] bx28 frame I
[PT] bx29 frame A 764,239 12x30
[PT] bx29 frame I
[PT] bx30 frame A 743,224 12x29
[PT] bx30 frame I
[PT] bx31 frame A 841,191 6x15
[PT] bx31 frame I
[PT] bx32 frame A 303,203 2x6
[PT] bx32 frame I
[PT] bx33 frame A 443,187 13x33
[PT] bx33 frame I
[PT] tick 425 enemies=50
[PT] bx0 frame A 332,262 2x6
[PT] bx0 frame I
[PT] bx1 frame A 415,296 8x21
[PT] bx1 frame I
[PT] bx2 frame A 420,293 2x5
[PT] bx2 frame I
[PT] bx3 frame A 495,287 6x16
[PT] bx3 frame I
[PT] bx4 frame A 480,287 6x15
[PT] bx4 frame I
[PT] bx5 frame A 465,287 6x15
[PT] bx5 frame I
[PT] bx6 frame A 438,287 6x14
[PT] bx6 frame I
[PT] bx7 frame A 432,287 5x13
[PT] bx7 frame I
[PT] bx8 frame A 441,287 5x13
[PT] bx8 frame I
[PT] bx9 frame A 841,311 22x54
[PT] bx9 frame I
[PT] bx10 frame A 607,276 7x18
[PT] bx10 frame I
[PT] bx11 frame A 298,293 7x18
[PT] bx11 frame I
[PT] bx12 frame A 676,291 1x2
[PT] bx12 frame I
[PT] ds12 text A 379m
[PT] ds12 text I
[PT] bx13 frame A 792,289 5x13
[PT] bx13 frame I
[PT] bx14 frame A 246,289 5x13
[PT] bx14 frame I
[PT] bx15 frame A 675,289 1x2
[PT] bx15 frame I
[PT] bx16 frame A 240,289 5x13
[PT] bx16 frame I
[PT] bx17 frame A 471,245 14x36
[PT] bx17 frame I
[PT] bx18 frame A 808,283 11x28
[PT] bx18 frame I
[PT] bx19 frame A 475,270 14x35
[PT] bx19 frame I
[PT] bx20 frame A 599,280 7x18
[PT] bx20 frame I
[PT] bx21 frame A 538,261 15x38
[PT] bx21 frame I
[PT] bx22 frame A 713,263 13x33
[PT] bx22 frame I
[PT] bx23 frame A 401,262 14x35
[PT] bx23 frame I
[PT] bx24 frame A 609,269 18x44
[PT] bx24 frame I
[PT] bx25 frame A 441,263 14x35
[PT] bx25 frame I
[PT] bx26 frame A 771,285 7x18
[PT] bx26 frame I
[PT] bx27 frame A 542,288 5x13
[PT] bx27 frame I
[PT] bx28 frame A 415,296 8x21
[PT] bx28 frame I
[PT] bx29 frame A 827,302 13x34
[PT] bx29 frame I
[PT] bx30 frame A 801,285 13x32
[PT] bx30 frame I
[PT] bx31 frame A 912,252 6x16
[PT] bx31 frame I
[PT] bx32 frame A 345,268 2x6
[PT] bx32 frame I
[PT] bx33 frame A 481,249 13x34
[PT] bx33 frame I
[PT] tick 426 enemies=50
[PT] bx0 frame A 381,341 3x6
[PT] bx0 frame I
[PT] bx1 frame A 463,374 9x22
[PT] bx1 frame I
[PT] bx2 frame A 470,374 2x5
[PT] bx2 frame I
[PT] bx3 frame A 546,365 7x17
[PT] bx3 frame I
[PT] bx4 frame A 530,365 7x17
[PT] bx4 frame I
[PT] bx5 frame A 515,365 7x16
[PT] bx5 frame I
[PT] bx6 frame A 486,365 6x16
[PT] bx6 frame I
[PT] bx7 frame A 481,365 6x14
[PT] bx7 frame I
[PT] bx8 frame A 489,365 6x14
[PT] bx8 frame I
[PT] bx9 frame A 668,353 8x20
[PT] bx9 frame I
[PT] ds9 text A 46m
[PT] ds9 text I
[PT] bx10 frame A 344,371 8x19
[PT] bx10 frame I
[PT] ds10 text A 47m
[PT] ds10 text I
[PT] bx11 frame A 751,372 1x3
[PT] bx11 frame I
[PT] ds11 text A 379m
[PT] ds11 text I
[PT] bx12 frame A 888,368 6x16
[PT] bx12 frame I
[PT] ds12 text A 75m
[PT] ds12 text I
[PT] bx13 frame A 295,368 6x14
[PT] bx13 frame I
[PT] ds13 text A 67m
[PT] ds13 text I
[PT] bx14 frame A 750,370 1x3
[PT] bx14 frame I
[PT] ds14 text A 379m
[PT] ds14 text I
[PT] bx15 frame A 290,368 6x14
[PT] bx15 frame I
[PT] ds15 text A 67m
[PT] ds15 text I
[PT] bx16 frame A 519,319 15x38
[PT] bx16 frame I
[PT] ds16 text A 21m
[PT] ds16 text I
[PT] bx17 frame A 900,358 13x33
[PT] bx17 frame I
[PT] ds17 text A 36m
[PT] ds17 text I
[PT] bx18 frame A 522,343 15x38
[PT] bx18 frame I
[PT] ds18 text A 22m
[PT] ds18 text I
[PT] bx19 frame A 659,357 8x20
[PT] bx19 frame I
[PT] ds19 text A 46m
[PT] ds19 text I
[PT] bx20 frame A 588,339 17x43
[PT] bx20 frame I
[PT] ds20 text A 19m
[PT] ds20 text I
[PT] bx21 frame A 785,334 15x38
[PT] bx21 frame I
[PT] ds21 text A 26m
[PT] ds21 text I
[PT] bx22 frame A 445,335 15x37
[PT] bx22 frame I
[PT] ds22 text A 22m
[PT] ds22 text I
[PT] bx23 frame A 650,337 20x49
[PT] bx23 frame I
[PT] ds23 text A 18m
[PT] ds23 text I
[PT] bx24 frame A 487,336 15x38
[PT] bx24 frame I
[PT] ds24 text A 21m
[PT] ds24 text I
[PT] bx25 frame A 860,363 8x21
[PT] bx25 frame I
[PT] ds25 text A 54m
[PT] ds25 text I
[PT] bx26 frame A 597,367 6x14
[PT] bx26 frame I
[PT] ds26 text A 64m
[PT] ds26 text I
[PT] bx27 frame A 463,374 9x22
[PT] bx27 frame I
[PT] nm27 text A BOT
[PT] nm27 text I
[PT] ds27 text A 39m
[PT] ds27 text I
[PT] bx28 frame A 894,358 15x38
[PT] bx28 frame I
[PT] nm28 text A Player
[PT] nm28 text I
[PT] ds28 text A 31m
[PT] ds28 text I
[PT] bx29 frame A 393,348 2x6
[PT] bx29 frame I
[PT] nm29 text A BOT
[PT] nm29 text I
[PT] ds29 text A 150m
[PT] ds29 text I
[PT] bx30 frame A 530,323 14x36
[PT] bx30 frame I
[PT] ds30 text A 22m
[PT] ds30 text I
[PT] bx31 hide A
[PT] nm31 hide A
[PT] ds31 hide A
[PT] bx32 hide A
[PT] nm32 hide A
[PT] ds32 hide A
[PT] bx33 hide A
[PT] nm33 hide A
[PT] ds33 hide A
[PT] tick 427 enemies=50
[PT] bx0 frame A 447,421 3x7
[PT] bx0 frame I
[PT] bx1 frame A 765,426 10x25
[PT] bx1 frame I
[PT] nm1 text A Player
[PT] nm1 text I
[PT] ds1 text A 46m
[PT] ds1 text I
[PT] bx2 frame A 98,181 2x5
[PT] bx2 frame I
[PT] nm2 text A Player
[PT] nm2 text I
[PT] ds2 text A 173m
[PT] ds2 text I
[PT] bx3 frame A 589,395 17x43
[PT] bx3 frame I
[PT] ds3 text A 21m
[PT] ds3 text I
[PT] bx4 frame A 594,416 17x43
[PT] bx4 frame I
[PT] ds4 text A 22m
[PT] ds4 text I
[PT] bx5 frame A 668,409 20x51
[PT] bx5 frame I
[PT] ds5 text A 19m
[PT] ds5 text I
[PT] bx6 frame A 906,401 19x47
[PT] bx6 frame I
[PT] ds6 text A 26m
[PT] ds6 text I
[PT] bx7 frame A 508,408 17x42
[PT] bx7 frame I
[PT] ds7 text A 22m
[PT] ds7 text I
[PT] bx8 frame A 719,402 23x59
[PT] bx8 frame I
[PT] ds8 text A 17m
[PT] ds8 text I
[PT] bx9 frame A 555,409 17x43
[PT] bx9 frame I
[PT] ds9 text A 21m
[PT] ds9 text I
[PT] bx10 frame A 601,391 16x41
[PT] bx10 frame I
[PT] ds10 text A 22m
[PT] ds10 text I
[PT] bx11 hide A
[PT] nm11 hide A
[PT] ds11 hide A
[PT] bx12 hide A
[PT] nm12 hide A
[PT] ds12 hide A
[PT] bx13 hide A
[PT] nm13 hide A
[PT] ds13 hide A
[PT] bx14 hide A
[PT] nm14 hide A
[PT] ds14 hide A
[PT] bx15 hide A
[PT] nm15 hide A
[PT] ds15 hide A
[PT] bx16 hide A
[PT] nm16 hide A
[PT] ds16 hide A
[PT] bx17 hide A
[PT] nm17 hide A
[PT] ds17 hide A
[PT] bx18 hide A
[PT] nm18 hide A
[PT] ds18 hide A
[PT] bx19 hide A
[PT] nm19 hide A
[PT] ds19 hide A
[PT] bx20 hide A
[PT] nm20 hide A
[PT] ds20 hide A
[PT] bx21 hide A
[PT] nm21 hide A
[PT] ds21 hide A
[PT] bx22 hide A
[PT] nm22 hide A
[PT] ds22 hide A
[PT] bx23 hide A
[PT] nm23 hide A
[PT] ds23 hide A
[PT] bx24 hide A
[PT] nm24 hide A
[PT] ds24 hide A
[PT] bx25 hide A
[PT] nm25 hide A
[PT] ds25 hide A
[PT] bx26 hide A
[PT] nm26 hide A
[PT] ds26 hide A
[PT] bx27 hide A
[PT] nm27 hide A
[PT] ds27 hide A
[PT] bx28 hide A
[PT] nm28 hide A
[PT] ds28 hide A
[PT] bx29 hide A
[PT] nm29 hide A
[PT] ds29 hide A
[PT] bx30 hide A
[PT] nm30 hide A
[PT] ds30 hide A
[PT] tick 428 enemies=50
[PT] bx0 frame A 183,247 2x5
[PT] bx0 frame I
[PT] nm0 text A Player
[PT] nm0 text I
[PT] ds0 text A 173m
[PT] ds0 text I
[PT] bx1 hide A
[PT] nm1 hide A
[PT] ds1 hide A
[PT] bx2 hide A
[PT] nm2 hide A
[PT] ds2 hide A
[PT] bx3 hide A
[PT] nm3 hide A
[PT] ds3 hide A
[PT] bx4 hide A
[PT] nm4 hide A
[PT] ds4 hide A
[PT] bx5 hide A
[PT] nm5 hide A
[PT] ds5 hide A
[PT] bx6 hide A
[PT] nm6 hide A
[PT] ds6 hide A
[PT] bx7 hide A
[PT] nm7 hide A
[PT] ds7 hide A
[PT] bx8 hide A
[PT] nm8 hide A
[PT] ds8 hide A
[PT] bx9 hide A
[PT] nm9 hide A
[PT] ds9 hide A
[PT] bx10 hide A
[PT] nm10 hide A
[PT] ds10 hide A
[PT] tick 429 enemies=50
[PT] bx0 frame A 233,281 2x5
[PT] bx0 frame I
[PT] tick 430 enemies=50
[PT] bx0 frame A 249,294 2x5
[PT] bx0 frame I
[PT] tick 431 enemies=50
[PT] bx0 frame A 250,290 2x5
[PT] bx0 frame I
[PT] tick 432 enemies=50
[PT] bx0 frame A 250,283 2x5
[PT] bx0 frame I
[PT] tick 433 enemies=50
[PT] bx0 frame A 245,242 2x5
[PT] bx0 frame I
[PT] bx1 frame A 834,404 28x71
[PT] bx1 frame I
[PT] bx1 show A
[PT] nm1 show A
[PT] ds1 text A 16m
[PT] ds1 text I
[PT] ds1 show A
[PT] bx2 frame A 753,409 19x48
[PT] bx2 frame I
[PT] bx2 show A
[PT] nm2 show A
[PT] ds2 text A 22m
[PT] ds2 text I
[PT] ds2 show A
[PT] tick 434 enemies=50
[PT] bx0 frame A 580,423 3x7
[PT] bx0 frame I
[PT] nm0 text A BOT
[PT] nm0 text I
[PT] ds0 text A 137m
[PT] ds0 text I
[PT] bx1 frame A 244,220 2x5
[PT] bx1 frame I
[PT] ds1 text A 173m
[PT] ds1 text I
[PT] bx2 frame A 734,407 20x51
[PT] bx2 frame I
[PT] ds2 text A 21m
[PT] ds2 text I
[PT] bx3 frame A 745,415 19x49
[PT] bx3 frame I
[PT] bx3 show A
[PT] nm3 show A
[PT] ds3 text A 22m
[PT] ds3 text I
[PT] ds3 show A
[PT] bx4 frame A 847,413 23x58
[PT] bx4 frame I
[PT] bx4 show A
[PT] nm4 show A
[PT] ds4 text A 21m
[PT] ds4 text I
[PT] ds4 show A
[PT] bx5 frame A 635,408 18x44
[PT] bx5 frame I
[PT] bx5 show A
[PT] nm5 show A
[PT] ds5 text A 22m
[PT] ds5 text I
[PT] ds5 show A
[PT] bx6 frame A 810,382 27x68
[PT] bx6 frame I
[PT] bx6 show A
[PT] nm6 show A
[PT] ds6 text A 16m
[PT] ds6 text I
[PT] ds6 show A
[PT] bx7 frame A 697,410 19x47
[PT] bx7 frame I
[PT] bx7 show A
[PT] nm7 show A
[PT] ds7 text A 21m
[PT] ds7 text I
[PT] ds7 show A
[PT] bx8 frame A 748,388 19x46
[PT] bx8 frame I
[PT] bx8 show A
[PT] nm8 show A
[PT] ds8 text A 22m
[PT] ds8 text I
[PT] ds8 show A
[PT] tick 435 enemies=50
[PT] bx0 frame A 579,420 3x7
[PT] bx0 frame I
[PT] bx1 frame A 242,218 2x5
[PT] bx1 frame I
[PT] bx2 frame A 729,404 20x51
[PT] bx2 frame I
[PT] ds2 text A 20m
[PT] ds2 text I
[PT] bx3 frame A 744,413 19x48
[PT] bx3 frame I
[PT] bx4 frame A 847,411 23x57
[PT] bx4 frame I
[PT] bx5 frame A 634,405 18x44
[PT] bx5 frame I
[PT] bx6 frame A 798,379 27x68
[PT] bx6 frame I
[PT] bx7 frame A 696,408 19x47
[PT] bx7 frame I
[PT] ds7 text A 22m
[PT] ds7 text I
[PT] bx8 frame A 594,428 3x7
[PT] bx8 frame I
[PT] nm8 text A BOT
[PT] nm8 text I
[PT] ds8 text A 150m
[PT] ds8 text I
[PT] bx9 frame A 749,387 19x47
[PT] bx9 frame I
[PT] bx9 show A
[PT] nm9 show A
[PT] ds9 text A 22m
[PT] ds9 text I
[PT] ds9 show A
[PT] tick 436 enemies=50
[PT] bx0 frame A 566,421 3x7
[PT] bx0 frame I
[PT] bx1 frame A 229,216 2x5
[PT] bx1 frame I
[PT] bx2 frame A 704,401 20x50
[PT] bx2 frame I
[PT] bx3 frame A 731,414 19x48
[PT] bx3 frame I
[PT] bx4 frame A 841,413 23x57
[PT] bx4 frame I
[PT] bx5 frame A 621,406 18x44
[PT] bx5 frame I
[PT] bx6 frame A 775,383 27x68
[PT] bx6 frame I
[PT] ds6 text A 15m
[PT] ds6 text I
[PT] bx7 frame A 684,409 19x46
[PT] bx7 frame I
[PT] bx8 frame A 736,387 18x46
[PT] bx8 frame I
[PT] nm8 text A Player
[PT] nm8 text I
[PT] ds8 text A 22m
[PT] ds8 text I
[PT] bx9 hide A
[PT] nm9 hide A
[PT] ds9 hide A
[PT] tick 437 enemies=50
[PT] bx0 frame A 916,425 11x28
[PT] bx0 frame I
[PT] nm0 text A Player
[PT] nm0 text I
[PT] ds0 text A 46m
[PT] ds0 text I
[PT] bx1 frame A 212,225 2x5
[PT] bx1 frame I
[PT] bx2 frame A 678,415 20x50
[PT] bx2 frame I
[PT] bx3 frame A 607,420 18x44
[PT] bx3 frame I
[PT] bx4 frame A 752,397 27x69
[PT] bx4 frame I
[PT] ds4 text A 15m
[PT] ds4 text I
[PT] bx5 frame A 670,424 19x47
[PT] bx5 frame I
[PT] bx6 frame A 720,400 19x46
[PT] bx6 frame I
[PT] ds6 text A 22m
[PT] ds6 text I
[PT] bx7 hide A
[PT] nm7 hide A
[PT] ds7 hide A
[PT] bx8 hide A
[PT] nm8 hide A
[PT] ds8 hide A
[PT] tick 438 enemies=50
[PT] bx0 frame A 196,237 2x5
[PT] bx0 frame I
[PT] ds0 text A 173m
[PT] ds0 text I
[PT] bx1 frame A 735,417 28x71
[PT] bx1 frame I
[PT] ds1 text A 15m
[PT] ds1 text I
[PT] bx2 frame A 708,418 19x47
[PT] bx2 frame I
[PT] ds2 text A 22m
[PT] ds2 text I
[PT] bx3 hide A
[PT] nm3 hide A
[PT] ds3 hide A
[PT] bx4 hide A
[PT] nm4 hide A
[PT] ds4 hide A
[PT] bx5 hide A
[PT] nm5 hide A
[PT] ds5 hide A
[PT] bx6 hide A
[PT] nm6 hide A
[PT] ds6 hide A
[PT] tick 439 enemies=50
[PT] bx0 frame A 183,247 2x5
[PT] bx0 frame I
[PT] bx1 hide A
[PT] nm1 hide A
[PT] ds1 hide A
[PT] bx2 hide A
[PT] nm2 hide A
[PT] ds2 hide A
[PT] tick 440 enemies=50
[PT] bx0 frame A 189,241 2x5
[PT] bx0 frame I
[PT] bx1 frame A 714,425 29x73
[PT] bx1 frame I
[PT] bx1 show A
[PT] nm1 show A
[PT] ds1 text A 14m
[PT] ds1 text I
[PT] ds1 show A
[PT] bx2 frame A 705,426 19x47
[PT] bx2 frame I
[PT] bx2 show A
[PT] nm2 show A
[PT] ds2 show A
[PT] tick 441 enemies=50
[PT] bx0 frame A 504,383 3x7
[PT] bx0 frame I
[PT] nm0 text A BOT
[PT] nm0 text I
[PT] ds0 text A 137m
[PT] ds0 text I
[PT] bx1 frame A 589,416 10x25
[PT] bx1 frame I
[PT] nm1 text A BOT
[PT] nm1 text I
[PT] ds1 text A 39m
[PT] ds1 text I
[PT] bx2 frame A 602,417 2x6
[PT] bx2 frame I
[PT] nm2 text A BOT
[PT] nm2 text I
[PT] ds2 text A 170m
[PT] ds2 text I
[PT] bx3 frame A 685,406 8x20
[PT] bx3 frame I
[PT] bx3 show A
[PT] nm3 show A
[PT] ds3 text A 52m
[PT] ds3 text I
[PT] ds3 show A
[PT] bx4 frame A 666,406 8x19
[PT] bx4 frame I
[PT] bx4 show A
[PT] nm4 show A
[PT] ds4 text A 53m
[PT] ds4 text I
[PT] ds4 show A
[PT] bx5 frame A 649,407 7x19
[PT] bx5 frame I
[PT] bx5 show A
[PT] nm5 show A
[PT] ds5 text A 54m
[PT] ds5 text I
[PT] ds5 show A
[PT] bx6 frame A 616,407 7x17
[PT] bx6 frame I
[PT] bx6 show A
[PT] nm6 show A
[PT] ds6 text A 56m
[PT] ds6 text I
[PT] ds6 show A
[PT] bx7 frame A 610,407 6x16
[PT] bx7 frame I
[PT] bx7 show A
[PT] nm7 show A
[PT] ds7 text A 61m
[PT] ds7 text I
[PT] ds7 show A
[PT] bx8 frame A 620,407 6x16
[PT] bx8 frame I
[PT] bx8 show A
[PT] nm8 show A
[PT] ds8 text A 63m
[PT] ds8 text I
[PT] ds8 show A
[PT] bx9 frame A 830,376 10x24
[PT] bx9 frame I
[PT] bx9 show A
[PT] nm9 show A
[PT] ds9 text A 46m
[PT] ds9 text I
[PT] ds9 show A
[PT] bx10 frame A -8,417 13x31
[PT] bx10 frame I
[PT] bx10 show A
[PT] nm10 show A
[PT] ds10 text A 42m
[PT] ds10 text I
[PT] ds10 show A
[PT] bx11 frame A 467,413 8x20
[PT] bx11 frame I
[PT] bx11 show A
[PT] nm11 show A
[PT] ds11 text A 47m
[PT] ds11 text I
[PT] ds11 show A
[PT] bx12 frame A 162,167 2x5
[PT] bx12 frame I
[PT] bx12 show A
[PT] nm12 show A
[PT] ds12 text A 173m
[PT] ds12 text I
[PT] ds12 show A
[PT] bx13 frame A 422,410 6x14
[PT] bx13 frame I
[PT] bx13 show A
[PT] nm13 show A
[PT] ds13 show A
[PT] bx14 frame A 417,410 6x14
[PT] bx14 frame I
[PT] bx14 show A
[PT] nm14 show A
[PT] ds14 text A 67m
[PT] ds14 text I
[PT] ds14 show A
[PT] bx15 frame A 598,369 17x43
[PT] bx15 frame I
[PT] bx15 show A
[PT] nm15 show A
[PT] ds15 text A 21m
[PT] ds15 text I
[PT] ds15 show A
[PT] bx16 frame A 663,381 17x43
[PT] bx16 frame I
[PT] bx16 show A
[PT] nm16 show A
[PT] ds16 text A 22m
[PT] ds16 text I
[PT] ds16 show A
[PT] bx17 frame A 828,395 10x25
[PT] bx17 frame I
[PT] bx17 show A
[PT] nm17 show A
[PT] ds17 text A 46m
[PT] ds17 text I
[PT] ds17 show A
[PT] bx18 frame A 762,390 20x50
[PT] bx18 frame I
[PT] bx18 show A
[PT] nm18 show A
[PT] ds18 text A 21m
[PT] ds18 text I
[PT] ds18 show A
[PT] bx19 frame A 561,372 16x40
[PT] bx19 frame I
[PT] bx19 show A
[PT] nm19 show A
[PT] ds19 text A 22m
[PT] ds19 text I
[PT] ds19 show A
[PT] bx20 frame A 671,359 26x64
[PT] bx20 frame I
[PT] bx20 show A
[PT] nm20 show A
[PT] ds20 text A 14m
[PT] ds20 text I
[PT] ds20 show A
[PT] bx21 frame A 622,376 17x42
[PT] bx21 frame I
[PT] bx21 show A
[PT] nm21 show A
[PT] ds21 text A 22m
[PT] ds21 text I
[PT] ds21 show A
[PT] bx22 frame A 750,409 7x17
[PT] bx22 frame I
[PT] bx22 show A
[PT] nm22 show A
[PT] ds22 text A 64m
[PT] ds22 text I
[PT] ds22 show A
[PT] bx23 frame A 589,416 10x25
[PT] bx23 frame I
[PT] bx23 show A
[PT] nm23 text A BOT
[PT] nm23 text I
[PT] nm23 show A
[PT] ds23 text A 39m
[PT] ds23 text I
[PT] ds23 show A
[PT] bx24 frame A 518,390 2x6
[PT] bx24 frame I
[PT] bx24 show A
[PT] nm24 text A BOT
[PT] nm24 text I
[PT] nm24 show A
[PT] ds24 text A 150m
[PT] ds24 text I
[PT] ds24 show A
[PT] bx25 frame A 669,357 17x41
[PT] bx25 frame I
[PT] bx25 show A
[PT] nm25 show A
[PT] ds25 text A 22m
[PT] ds25 text I
[PT] ds25 show A
[PT] tick 442 enemies=50
[PT] bx0 frame A 456,268 2x6
[PT] bx0 frame I
[PT] bx1 frame A 534,301 8x21
[PT] bx1 frame I
[PT] bx2 frame A 544,298 2x5
[PT] bx2 frame I
[PT] bx3 frame A 619,292 7x16
[PT] bx3 frame I
[PT] bx4 frame A 603,292 6x16
[PT] bx4 frame I
[PT] bx5 frame A 587,292 6x16
[PT] bx5 frame I
[PT] bx6 frame A 558,292 6x15
[PT] bx6 frame I
[PT] bx7 frame A 553,292 5x13
[PT] bx7 frame I
[PT] bx8 frame A 562,292 5x13
[PT] bx8 frame I
[PT] bx9 frame A 746,269 8x20
[PT] bx9 frame I
[PT] bx10 frame A 422,298 7x17
[PT] bx10 frame I
[PT] ds10 text A 47m
[PT] ds10 text I
[PT] bx11 frame A 76,35 2x6
[PT] bx11 frame I
[PT] ds11 text A 173m
[PT] ds11 text I
[PT] bx12 frame A 873,294 1x3
[PT] bx12 frame I
[PT] ds12 text A 376m
[PT] ds12 text I
[PT] bx13 frame A 378,294 5x12
[PT] bx13 frame I
[PT] bx14 frame A 872,292 1x3
[PT] bx14 frame I
[PT] ds14 text A 376m
[PT] ds14 text I
[PT] bx15 frame A 374,294 5x12
[PT] bx15 frame I
[PT] ds15 text A 67m
[PT] ds15 text I
[PT] bx16 frame A 546,267 14x36
[PT] bx16 frame I
[PT] ds16 text A 21m
[PT] ds16 text I
[PT] bx17 frame A 607,276 15x37
[PT] bx17 frame I
[PT] ds17 text A 22m
[PT] ds17 text I
[PT] bx18 frame A 741,285 8x20
[PT] bx18 frame I
[PT] ds18 text A 46m
[PT] ds18 text I
[PT] bx19 frame A 688,279 16x41
[PT] bx19 frame I
[PT] ds19 text A 21m
[PT] ds19 text I
[PT] bx20 frame A 888,263 16x40
[PT] bx20 frame I
[PT] ds20 text A 26m
[PT] ds20 text I
[PT] bx21 frame A 513,268 14x35
[PT] bx21 frame I
[PT] bx22 frame A 601,269 23x57
[PT] bx22 frame I
[PT] ds22 text A 13m
[PT] ds22 text I
[PT] bx23 frame A 571,272 14x36
[PT] bx23 frame I
[PT] nm23 text A Player
[PT] nm23 text I
[PT] ds23 text A 22m
[PT] ds23 text I
[PT] bx24 frame A 674,293 6x14
[PT] bx24 frame I
[PT] nm24 text A Player
[PT] nm24 text I
[PT] ds24 text A 64m
[PT] ds24 text I
[PT] bx25 frame A 534,301 8x21
[PT] bx25 frame I
[PT] nm25 text A BOT
[PT] nm25 text I
[PT] ds25 text A 39m
[PT] ds25 text I
[PT] bx26 frame A 469,274 2x5
[PT] bx26 frame I
[PT] bx26 show A
[PT] nm26 text A BOT
[PT] nm26 text I
[PT] nm26 show A
[PT] ds26 text A 150m
[PT] ds26 text I
[PT] ds26 show A
[PT] bx27 frame A 617,255 14x36
[PT] bx27 frame I
[PT] bx27 show A
[PT] nm27 text A Player
[PT] nm27 text I
[PT] nm27 show A
[PT] ds27 text A 22m
[PT] ds27 text I
[PT] ds27 show A
[PT] tick 443 enemies=50
[PT] bx0 frame A 432,258 2x6
[PT] bx0 frame I
[PT] bx1 frame A 509,291 8x20
[PT] bx1 frame I
[PT] bx2 frame A 518,288 2x5
[PT] bx2 frame I
[PT] bx3 frame A 592,282 6x16
[PT] bx3 frame I
[PT] bx4 frame A 576,282 6x16
[PT] bx4 frame I
[PT] bx5 frame A 561,282 6x15
[PT] bx5 frame I
[PT] bx6 frame A 533,282 6x15
[PT] bx6 frame I
[PT] bx7 frame A 528,282 5x13
[PT] bx7 frame I
[PT] bx8 frame A 536,282 5x13
[PT] bx8 frame I
[PT] bx9 frame A 711,259 8x19
[PT] bx9 frame I
[PT] bx10 frame A 398,288 7x17
[PT] bx10 frame I
[PT] bx11 frame A 29,10 2x6
[PT] bx11 frame I
[PT] bx12 frame A 832,283 1x3
[PT] bx12 frame I
[PT] bx13 frame A 353,284 5x12
[PT] bx13 frame I
[PT] bx14 frame A 831,281 1x3
[PT] bx14 frame I
[PT] bx15 frame A 348,284 5x12
[PT] bx15 frame I
[PT] bx16 frame A 523,258 14x36
[PT] bx16 frame I
[PT] bx17 frame A 904,279 11x28
[PT] bx17 frame I
[PT] ds17 text A 39m
[PT] ds17 text I
[PT] bx18 frame A 584,267 14x36
[PT] bx18 frame I
[PT] ds18 text A 22m
[PT] ds18 text I
[PT] bx19 frame A 709,275 8x20
[PT] bx19 frame I
[PT] ds19 text A 46m
[PT] ds19 text I
[PT] bx20 frame A 660,270 16x40
[PT] bx20 frame I
[PT] ds20 text A 21m
[PT] ds20 text I
[PT] bx21 frame A 846,256 15x38
[PT] bx21 frame I
[PT] ds21 text A 26m
[PT] ds21 text I
[PT] bx22 frame A 490,258 14x35
[PT] bx22 frame I
[PT] ds22 text A 22m
[PT] ds22 text I
[PT] bx23 frame A 567,260 23x57
[PT] bx23 frame I
[PT] ds23 text A 13m
[PT] ds23 text I
[PT] bx24 frame A 548,263 14x35
[PT] bx24 frame I
[PT] ds24 text A 22m
[PT] ds24 text I
[PT] bx25 frame A 919,281 8x21
[PT] bx25 frame I
[PT] nm25 text A Player
[PT] nm25 text I
[PT] ds25 text A 55m
[PT] ds25 text I
[PT] bx26 frame A 644,283 5x14
[PT] bx26 frame I
[PT] nm26 text A Player
[PT] nm26 text I
[PT] ds26 text A 64m
[PT] ds26 text I
[PT] bx27 frame A 509,291 8x20
[PT] bx27 frame I
[PT] nm27 text A BOT
[PT] nm27 text I
[PT] ds27 text A 39m
[PT] ds27 text I
[PT] bx28 frame A 444,264 2x5
[PT] bx28 frame I
[PT] bx28 show A
[PT] nm28 text A BOT
[PT] nm28 text I
[PT] nm28 show A
[PT] ds28 text A 150m
[PT] ds28 text I
[PT] ds28 show A
[PT] bx29 frame A 594,249 14x36
[PT] bx29 frame I
[PT] bx29 show A
[PT] nm29 text A Player
[PT] nm29 text I
[PT] nm29 show A
[PT] ds29 text A 22m
[PT] ds29 text I
[PT] ds29 show A
[PT] tick 444 enemies=50
[PT] bx0 frame A 431,254 2x6
[PT] bx0 frame I
[PT] bx1 frame A 509,288 8x20
[PT] bx1 frame I
[PT] bx2 frame A 517,284 2x5
[PT] bx2 frame I
[PT] bx3 frame A 592,279 6x16
[PT] bx3 frame I
[PT] bx4 frame A 576,279 6x16
[PT] bx4 frame I
[PT] bx5 frame A 561,279 6x15
[PT] bx5 frame I
[PT] bx6 frame A 533,278 6x14
[PT] bx6 frame I
[PT] bx7 frame A 527,278 5x13
[PT] bx7 frame I
[PT] bx8 frame A 536,278 5x13
[PT] bx8 frame I
[PT] bx9 frame A 710,255 8x19
[PT] bx9 frame I
[PT] bx10 frame A 398,284 7x17
[PT] bx10 frame I
[PT] bx11 frame A 26,6 2x6
[PT] bx11 frame I
[PT] bx12 frame A 833,280 1x3
[PT] bx12 frame I
[PT] bx13 frame A 353,280 5x12
[PT] bx13 frame I
[PT] bx14 frame A 833,277 1x3
[PT] bx14 frame I
[PT] bx15 frame A 348,280 5x12
[PT] bx15 frame I
[PT] bx16 frame A 522,255 14x36
[PT] bx16 frame I
[PT] bx17 frame A 899,276 11x28
[PT] bx17 frame I
[PT] ds17 text A 40m
[PT] ds17 text I
[PT] bx18 frame A 584,264 14x36
[PT] bx18 frame I
[PT] bx19 frame A 708,271 8x20
[PT] bx19 frame I
[PT] bx20 frame A 660,273 16x40
[PT] bx20 frame I
[PT] bx21 frame A 845,252 15x38
[PT] bx21 frame I
[PT] bx22 frame A 490,255 14x35
[PT] bx22 frame I
[PT] bx23 frame A 557,256 23x58
[PT] bx23 frame I
[PT] ds23 text A 12m
[PT] ds23 text I
[PT] bx24 frame A 549,260 14x35
[PT] bx24 frame I
[PT] bx25 frame A 905,277 8x20
[PT] bx25 frame I
[PT] bx26 frame A 644,280 5x14
[PT] bx26 frame I
[PT] bx27 frame A 509,288 8x20
[PT] bx27 frame I
[PT] bx28 frame A 444,260 2x5
[PT] bx28 frame I
[PT] bx29 frame A 593,243 14x36
[PT] bx29 frame I
[PT] tick 445 enemies=50
[PT] bx0 frame A 430,251 2x6
[PT] bx0 frame I
[PT] bx1 frame A 508,284 8x20
[PT] bx1 frame I
[PT] bx2 frame A 516,281 2x5
[PT] bx2 frame I
[PT] bx3 frame A 590,275 6x16
[PT] bx3 frame I
[PT] bx4 frame A 574,275 6x16
[PT] bx4 frame I
[PT] bx5 frame A 559,275 6x15
[PT] bx5 frame I
[PT] bx6 frame A 531,275 6x14
[PT] bx6 frame I
[PT] bx7 frame A 526,275 5x13
[PT] bx7 frame I
[PT] bx8 frame A 534,275 5x13
[PT] bx8 frame I
[PT] bx9 frame A 708,252 8x19
[PT] bx9 frame I
[PT] bx10 frame A 397,281 7x17
[PT] bx10 frame I
[PT] bx11 frame A 22,0 3x6
[PT] bx11 frame I
[PT] bx12 frame A 833,276 1x3
[PT] bx12 frame I
[PT] bx13 frame A 352,277 5x12
[PT] bx13 frame I
[PT] bx14 frame A 833,274 1x3
[PT] bx14 frame I
[PT] ds14 text A 375m
[PT] ds14 text I
[PT] bx15 frame A 347,277 5x12
[PT] bx15 frame I
[PT] bx16 frame A 521,252 14x35
[PT] bx16 frame I
[PT] bx17 frame A 887,272 11x27
[PT] bx17 frame I
[PT] bx18 frame A 584,260 14x36
[PT] bx18 frame I
[PT] bx19 frame A 706,268 8x19
[PT] bx19 frame I
[PT] bx20 frame A 658,270 16x40
[PT] bx20 frame I
[PT] bx21 frame A 843,249 15x38
[PT] bx21 frame I
[PT] bx22 frame A 488,252 14x34
[PT] bx22 frame I
[PT] bx23 frame A 548,252 24x59
[PT] bx23 frame I
[PT] bx24 frame A 549,257 14x35
[PT] bx24 frame I
[PT] bx25 frame A 896,274 8x20
[PT] bx25 frame I
[PT] bx26 frame A 642,276 5x13
[PT] bx26 frame I
[PT] bx27 frame A 508,284 8x20
[PT] bx27 frame I
[PT] bx28 frame A 442,257 2x5
[PT] bx28 frame I
[PT] bx29 frame A 591,238 14x36
[PT] bx29 frame I
[PT] tick 446 enemies=50
[PT] bx0 frame A 428,248 2x6
[PT] bx0 frame I
[PT] bx1 frame A 505,282 8x20
[PT] bx1 frame I
[PT] bx2 frame A 514,278 2x5
[PT] bx2 frame I
[PT] bx3 frame A 588,272 6x16
[PT] bx3 frame I
[PT] bx4 frame A 572,272 6x16
[PT] bx4 frame I
[PT] bx5 frame A 557,272 6x15
[PT] bx5 frame I
[PT] bx6 frame A 529,272 6x14
[PT] bx6 frame I
[PT] bx7 frame A 523,272 5x13
[PT] bx7 frame I
[PT] bx8 frame A 532,272 5x13
[PT] bx8 frame I
[PT] bx9 frame A 704,249 8x19
[PT] bx9 frame I
[PT] bx10 frame A 394,278 7x17
[PT] bx10 frame I
[PT] bx11 frame A 15,-4 3x6
[PT] bx11 frame I
[PT] bx12 frame A 831,273 1x3
[PT] bx12 frame I
[PT] bx13 frame A 350,274 5x12
[PT] bx13 frame I
[PT] bx14 frame A 831,271 1x3
[PT] bx14 frame I
[PT] bx15 frame A 345,274 5x12
[PT] bx15 frame I
[PT] bx16 frame A 519,249 14x35
[PT] bx16 frame I
[PT] bx17 frame A 873,274 11x27
[PT] bx17 frame I
[PT] bx18 frame A 583,258 14x36
[PT] bx18 frame I
[PT] bx19 frame A 703,265 8x19
[PT] bx19 frame I
[PT] bx20 frame A 655,261 16x39
[PT] bx20 frame I
[PT] bx21 frame A 839,247 15x38
[PT] bx21 frame I
[PT] bx22 frame A 486,249 14x34
[PT] bx22 frame I
[PT] bx23 frame A 537,250 24x60
[PT] bx23 frame I
[PT] bx24 frame A 547,255 14x35
[PT] bx24 frame I
[PT] bx25 frame A 887,271 8x20
[PT] bx25 frame I
[PT] bx26 frame A 639,274 5x13
[PT] bx26 frame I
[PT] bx27 frame A 505,282 8x20
[PT] bx27 frame I
[PT] bx28 frame A 440,254 2x5
[PT] bx28 frame I
[PT] bx29 frame A 589,235 14x36
[PT] bx29 frame I
[PT] tick 447 enemies=50
[PT] bx0 frame A 426,246 2x6
[PT] bx0 frame I
[PT] bx1 frame A 503,279 8x20
[PT] bx1 frame I
[PT] bx2 frame A 512,275 2x5
[PT] bx2 frame I
[PT] bx3 frame A 586,270 6x16
[PT] bx3 frame I
[PT] bx4 frame A 570,270 6x16
[PT] bx4 frame I
[PT] bx5 frame A 555,270 6x15
[PT] bx5 frame I
[PT] bx6 frame A 527,270 6x14
[PT] bx6 frame I
[PT] bx7 frame A 522,270 5x13
[PT] bx7 frame I
[PT] bx8 frame A 530,270 5x13
[PT] bx8 frame I
[PT] bx9 frame A 702,247 8x19
[PT] bx9 frame I
[PT] bx10 frame A 393,276 7x17
[PT] bx10 frame I
[PT] bx11 frame A 831,271 1x3
[PT] bx11 frame I
[PT] ds11 text A 375m
[PT] ds11 text I
[PT] bx12 frame A 348,272 5x12
[PT] bx12 frame I
[PT] ds12 text A 67m
[PT] ds12 text I
[PT] bx13 frame A 830,268 1x3
[PT] bx13 frame I
[PT] ds13 text A 375m
[PT] ds13 text I
[PT] bx14 frame A 343,272 5x12
[PT] bx14 frame I
[PT] ds14 text A 67m
[PT] ds14 text I
[PT] bx15 frame A 517,247 14x35
[PT] bx15 frame I
[PT] ds15 text A 21m
[PT] ds15 text I
[PT] bx16 frame A 863,271 11x26
[PT] bx16 frame I
[PT] ds16 text A 40m
[PT] ds16 text I
[PT] bx17 frame A 582,256 14x36
[PT] bx17 frame I
[PT] ds17 text A 22m
[PT] ds17 text I
[PT] bx18 frame A 701,263 8x19
[PT] bx18 frame I
[PT] ds18 text A 46m
[PT] ds18 text I
[PT] bx19 frame A 653,259 16x39
[PT] bx19 frame I
[PT] ds19 text A 21m
[PT] ds19 text I
[PT] bx20 frame A 836,244 15x38
[PT] bx20 frame I
[PT] ds20 text A 26m
[PT] ds20 text I
[PT] bx21 frame A 485,247 14x34
[PT] bx21 frame I
[PT] ds21 text A 22m
[PT] ds21 text I
[PT] bx22 frame A 527,247 25x61
[PT] bx22 frame I
[PT] ds22 text A 11m
[PT] ds22 text I
[PT] bx23 frame A 547,252 14x35
[PT] bx23 frame I
[PT] ds23 text A 22m
[PT] ds23 text I
[PT] bx24 frame A 881,269 8x19
[PT] bx24 frame I
[PT] ds24 text A 56m
[PT] ds24 text I
[PT] bx25 frame A 637,271 5x13
[PT] bx25 frame I
[PT] ds25 text A 64m
[PT] ds25 text I
[PT] bx26 frame A 503,279 8x20
[PT] bx26 frame I
[PT] nm26 text A BOT
[PT] nm26 text I
[PT] ds26 text A 39m
[PT] ds26 text I
[PT] bx27 frame A 438,252 2x5
[PT] bx27 frame I
[PT] ds27 text A 150m
[PT] ds27 text I
[PT] bx28 frame A 588,234 14x36
[PT] bx28 frame I
[PT] nm28 text A Player
[PT] nm28 text I
[PT] ds28 text A 22m
[PT] ds28 text I
[PT] bx29 hide A
[PT] nm29 hide A
[PT] ds29 hide A
[PT] tick 448 enemies=50
[PT] bx0 frame A 425,243 2x6
[PT] bx0 frame I
[PT] bx1 frame A 502,277 8x20
[PT] bx1 frame I
[PT] bx2 frame A 510,273 2x5
[PT] bx2 frame I
[PT] bx3 frame A 584,268 6x16
[PT] bx3 frame I
[PT] bx4 frame A 568,268 6x15
[PT] bx4 frame I
[PT] bx5 frame A 553,268 6x15
[PT] bx5 frame I
[PT] bx6 frame A 525,268 6x14
[PT] bx6 frame I
[PT] bx7 frame A 520,267 5x13
[PT] bx7 frame I
[PT] bx8 frame A 528,267 5x13
[PT] bx8 frame I
[PT] bx9 frame A 698,244 8x19
[PT] bx9 frame I
[PT] bx10 frame A 391,273 7x17
[PT] bx10 frame I
[PT] bx11 frame A 831,268 1x3
[PT] bx11 frame I
[PT] bx12 frame A 346,269 5x12
[PT] bx12 frame I
[PT] bx13 frame A 831,266 1x3
[PT] bx13 frame I
[PT] bx14 frame A 341,269 5x12
[PT] bx14 frame I
[PT] bx15 frame A 516,245 14x35
[PT] bx15 frame I
[PT] bx16 frame A 847,265 10x26
[PT] bx16 frame I
[PT] bx17 frame A 582,254 14x36
[PT] bx17 frame I
[PT] bx18 frame A 699,261 8x19
[PT] bx18 frame I
[PT] bx19 frame A 641,254 16x40
[PT] bx19 frame I
[PT] ds19 text A 20m
[PT] ds19 text I
[PT] bx20 frame A 833,242 15x38
[PT] bx20 frame I
[PT] bx21 frame A 483,245 14x34
[PT] bx21 frame I
[PT] bx22 frame A 513,245 25x63
[PT] bx22 frame I
[PT] bx23 frame A 547,250 14x35
[PT] bx23 frame I
[PT] bx24 frame A 891,267 8x19
[PT] bx24 frame I
[PT] bx25 frame A 635,269 5x13
[PT] bx25 frame I
[PT] bx26 frame A 502,277 8x20
[PT] bx26 frame I
[PT] bx27 frame A 437,249 2x5
[PT] bx27 frame I
[PT] bx28 frame A 588,231 14x36
[PT] bx28 frame I
[PT] tick 449 enemies=48
[PT] bx0 frame A 516,405 3x7
[PT] bx0 frame I
[PT] bx1 frame A 838,413 10x26
[PT] bx1 frame I
[PT] nm1 text A Player
[PT] nm1 text I
[PT] ds1 text A 46m
[PT] ds1 text I
[PT] bx2 frame A 150,189 2x5
[PT] bx2 frame I
[PT] nm2 text A Player
[PT] nm2 text I
[PT] ds2 text A 172m
[PT] ds2 text I
[PT] bx3 frame A 610,391 17x43
[PT] bx3 frame I
[PT] ds3 text A 21m
[PT] ds3 text I
[PT] bx4 frame A 889,425 11x28
[PT] bx4 frame I
[PT] ds4 text A 46m
[PT] ds4 text I
[PT] bx5 frame A 756,405 19x49
[PT] bx5 frame I
[PT] ds5 text A 22m
[PT] ds5 text I
[PT] bx6 frame A 852,417 10x26
[PT] bx6 frame I
[PT] ds6 text A 46m
[PT] ds6 text I
[PT] bx7 frame A 850,413 22x56
[PT] bx7 frame I
[PT] ds7 text A 21m
[PT] ds7 text I
[PT] bx8 frame A 573,392 17x42
[PT] bx8 frame I
[PT] ds8 text A 22m
[PT] ds8 text I
[PT] bx9 frame A 718,403 19x47
[PT] bx9 frame I
[PT] ds9 text A 22m
[PT] ds9 text I
[PT] bx10 frame A 530,412 3x6
[PT] bx10 frame I
[PT] nm10 text A BOT
[PT] nm10 text I
[PT] ds10 text A 150m
[PT] ds10 text I
[PT] bx11 frame A 783,376 19x48
[PT] bx11 frame I
[PT] ds11 text A 22m
[PT] ds11 text I
[PT] bx12 hide A
[PT] nm12 hide A
[PT] ds12 hide A
[PT] bx13 hide A
[PT] nm13 hide A
[PT] ds13 hide A
[PT] bx14 hide A
[PT] nm14 hide A
[PT] ds14 hide A
[PT] bx15 hide A
[PT] nm15 hide A
[PT] ds15 hide A
[PT] bx16 hide A
[PT] nm16 hide A
[PT] ds16 hide A
[PT] bx17 hide A
[PT] nm17 hide A
[PT] ds17 hide A
[PT] bx18 hide A
[PT] nm18 hide A
[PT] ds18 hide A
[PT] bx19 hide A
[PT] nm19 hide A
[PT] ds19 hide A
[PT] bx20 hide A
[PT] nm20 hide A
[PT] ds20 hide A
[PT] bx21 hide A
[PT] nm21 hide A
[PT] ds21 hide A
[PT] bx22 hide A
[PT] nm22 hide A
[PT] ds22 hide A
[PT] bx23 hide A
[PT] nm23 hide A
[PT] ds23 hide A
[PT] bx24 hide A
[PT] nm24 hide A
[PT] ds24 hide A
[PT] bx25 hide A
[PT] nm25 hide A
[PT] ds25 hide A
[PT] bx26 hide A
[PT] nm26 hide A
[PT] ds26 hide A
[PT] bx27 hide A
[PT] nm27 hide A
[PT] ds27 hide A
[PT] bx28 hide A
[PT] nm28 hide A
[PT] ds28 hide A
[PT] tick 450 enemies=48
[PT] bx0 frame A 226,-54 36x91
[PT] bx0 frame I
[PT] nm0 text A Player
[PT] nm0 text I
[PT] ds0 text A 10m
[PT] ds0 text I
[PT] bx1 hide A
[PT] nm1 hide A
[PT] ds1 hide A
[PT] bx2 hide A
[PT] nm2 hide A
[PT] ds2 hide A
[PT] bx3 hide A
[PT] nm3 hide A
[PT] ds3 hide A
[PT] bx4 hide A
[PT] nm4 hide A
[PT] ds4 hide A
[PT] bx5 hide A
[PT] nm5 hide A
[PT] ds5 hide A
[PT] bx6 hide A
[PT] nm6 hide A
[PT] ds6 hide A
[PT] bx7 hide A
[PT] nm7 hide A
[PT] ds7 hide A
[PT] bx8 hide A
[PT] nm8 hide A
[PT] ds8 hide A
[PT] bx9 hide A
[PT] nm9 hide A
[PT] ds9 hide A
[PT] bx10 hide A
[PT] nm10 hide A
[PT] ds10 hide A
[PT] bx11 hide A
[PT] nm11 hide A
[PT] ds11 hide A
00:35:33.842  [PE] 绘制诊断：actors=48 w2s=33 onscreen=1 visibleViews=1
[PT] tick 451 enemies=48
[PT] bx0 frame A 221,-73 38x95
[PT] bx0 frame I
[PT] ds0 text A 9m
[PT] ds0 text I
[PT] tick 452 enemies=48
[PT] bx0 frame A 197,-84 40x99
[PT] bx0 frame I
[PT] tick 453 enemies=48
[PT] bx0 frame A 174,-94 41x103
[PT] bx0 frame I
[PT] tick 454 enemies=48
[PT] bx0 frame A 149,-98 43x108
[PT] bx0 frame I
[PT] tick 455 enemies=48
[PT] bx0 frame A 143,-88 44x110
[PT] bx0 frame I
[PT] tick 456 enemies=48
[PT] bx0 frame A 150,-81 44x109
[PT] bx0 frame I
[PT] tick 457 enemies=48
[PT] bx0 frame A 279,-54 39x97
[PT] bx0 frame I
[PT] tick 458 enemies=48
[PT] bx0 frame A 513,-3 34x85
[PT] bx0 frame I
[PT] tick 459 enemies=48
[PT] bx0 frame A 354,11 11x27
[PT] bx0 frame I
[PT] nm0 text A BOT
[PT] nm0 text I
[PT] ds0 text A 34m
[PT] ds0 text I
[PT] bx1 frame A 460,-3 2x6
[PT] bx1 frame I
[PT] bx1 show A
[PT] nm1 text A BOT
[PT] nm1 text I
[PT] nm1 show A
[PT] ds1 text A 165m
[PT] ds1 text I
[PT] ds1 show A
[PT] bx2 frame A 482,-4 8x21
[PT] bx2 frame I
[PT] bx2 show A
[PT] nm2 show A
[PT] ds2 text A 45m
[PT] ds2 text I
[PT] ds2 show A
[PT] bx3 frame A 466,-4 8x20
[PT] bx3 frame I
[PT] bx3 show A
[PT] nm3 show A
[PT] ds3 text A 46m
[PT] ds3 text I
[PT] ds3 show A
[PT] bx4 frame A 450,-4 8x20
[PT] bx4 frame I
[PT] bx4 show A
[PT] nm4 show A
[PT] ds4 text A 47m
[PT] ds4 text I
[PT] ds4 show A
[PT] bx5 frame A 421,-5 8x19
[PT] bx5 frame I
[PT] bx5 show A
[PT] nm5 show A
[PT] ds5 text A 50m
[PT] ds5 text I
[PT] ds5 show A
[PT] bx6 frame A 422,-5 7x17
[PT] bx6 frame I
[PT] bx6 show A
[PT] nm6 show A
[PT] ds6 text A 55m
[PT] ds6 text I
[PT] ds6 show A
[PT] bx7 frame A 434,-6 7x17
[PT] bx7 frame I
[PT] bx7 show A
[PT] nm7 show A
[PT] ds7 text A 57m
[PT] ds7 text I
[PT] ds7 show A
[PT] bx8 frame A 792,84 38x95
[PT] bx8 frame I
[PT] bx8 show A
[PT] nm8 show A
[PT] ds8 text A 9m
[PT] ds8 text I
[PT] ds8 show A
[PT] bx9 frame A 574,-4 10x26
[PT] bx9 frame I
[PT] bx9 show A
[PT] nm9 show A
[PT] ds9 text A 37m
[PT] ds9 text I
[PT] ds9 show A
[PT] bx10 frame A 235,5 9x23
[PT] bx10 frame I
[PT] bx10 show A
[PT] nm10 text A Player
[PT] nm10 text I
[PT] nm10 show A
[PT] ds10 text A 44m
[PT] ds10 text I
[PT] ds10 show A
[PT] bx11 frame A 904,-2 7x18
[PT] bx11 frame I
[PT] bx11 show A
[PT] nm11 show A
[PT] ds11 text A 71m
[PT] ds11 text I
[PT] ds11 show A
[PT] bx12 frame A 214,-3 6x16
[PT] bx12 frame I
[PT] bx12 show A
[PT] nm12 show A
[PT] ds12 text A 65m
[PT] ds12 text I
[PT] ds12 show A
[PT] bx13 frame A 207,-3 7x16
[PT] bx13 frame I
[PT] bx13 show A
[PT] nm13 show A
[PT] ds13 text A 65m
[PT] ds13 text I
[PT] ds13 show A
[PT] bx14 frame A 288,-15 23x58
[PT] bx14 frame I
[PT] bx14 show A
[PT] nm14 show A
[PT] ds14 text A 16m
[PT] ds14 text I
[PT] ds14 show A
[PT] bx15 frame A 619,-4 10x26
[PT] bx15 frame I
[PT] bx15 show A
[PT] nm15 show A
[PT] ds15 text A 37m
[PT] ds15 text I
[PT] ds15 show A
[PT] bx16 frame A 452,-3 23x58
[PT] bx16 frame I
[PT] bx16 show A
[PT] nm16 show A
[PT] ds16 text A 14m
[PT] ds16 text I
[PT] ds16 show A
[PT] bx17 frame A 605,-12 10x26
[PT] bx17 frame I
[PT] bx17 show A
[PT] nm17 show A
[PT] ds17 text A 38m
[PT] ds17 text I
[PT] ds17 show A
[PT] bx18 frame A 482,-3 25x62
[PT] bx18 frame I
[PT] bx18 show A
[PT] nm18 show A
[PT] ds18 text A 13m
[PT] ds18 text I
[PT] ds18 show A
[PT] bx19 frame A 693,-32 23x59
[PT] bx19 frame I
[PT] bx19 show A
[PT] nm19 show A
[PT] ds19 text A 17m
[PT] ds19 text I
[PT] ds19 show A
[PT] bx20 frame A 200,-30 22x55
[PT] bx20 frame I
[PT] bx20 show A
[PT] nm20 show A
[PT] ds20 text A 18m
[PT] ds20 text I
[PT] ds20 show A
[PT] bx21 frame A 410,-6 22x56
[PT] bx21 frame I
[PT] bx21 show A
[PT] nm21 show A
[PT] ds21 text A 15m
[PT] ds21 text I
[PT] ds21 show A
[PT] bx22 frame A 833,-4 10x25
[PT] bx22 frame I
[PT] bx22 show A
[PT] nm22 show A
[PT] ds22 text A 46m
[PT] ds22 text I
[PT] ds22 show A
[PT] bx23 frame A 582,-12 7x18
[PT] bx23 frame I
[PT] bx23 show A
[PT] nm23 show A
[PT] ds23 text A 55m
[PT] ds23 text I
[PT] ds23 show A
[PT] bx24 frame A 354,11 11x27
[PT] bx24 frame I
[PT] bx24 show A
[PT] nm24 text A BOT
[PT] nm24 text I
[PT] nm24 show A
[PT] ds24 text A 34m
[PT] ds24 text I
[PT] ds24 show A
[PT] bx25 frame A 872,37 21x53
[PT] bx25 frame I
[PT] bx25 show A
[PT] nm25 show A
[PT] ds25 text A 20m
[PT] ds25 text I
[PT] ds25 show A
[PT] bx26 frame A 466,-40 25x62
[PT] bx26 frame I
[PT] bx26 show A
[PT] nm26 text A Player
[PT] nm26 text I
[PT] nm26 show A
[PT] ds26 text A 14m
[PT] ds26 text I
[PT] ds26 show A
[PT] tick 460 enemies=48
[PT] bx0 frame A 618,115 3x7
[PT] bx0 frame I
[PT] ds0 text A 133m
[PT] ds0 text I
[PT] bx1 frame A 603,153 9x24
[PT] bx1 frame I
[PT] ds1 text A 34m
[PT] ds1 text I
[PT] bx2 frame A 732,148 2x6
[PT] bx2 frame I
[PT] nm2 text A BOT
[PT] nm2 text I
[PT] ds2 text A 165m
[PT] ds2 text I
[PT] bx3 frame A 750,142 8x21
[PT] bx3 frame I
[PT] ds3 text A 45m
[PT] ds3 text I
[PT] bx4 frame A 730,142 8x20
[PT] bx4 frame I
[PT] ds4 text A 46m
[PT] ds4 text I
[PT] bx5 frame A 711,142 8x19
[PT] bx5 frame I
[PT] ds5 text A 47m
[PT] ds5 text I
[PT] bx6 frame A 679,142 7x17
[PT] bx6 frame I
[PT] ds6 text A 50m
[PT] ds6 text I
[PT] bx7 frame A 681,142 6x16
[PT] bx7 frame I
[PT] ds7 text A 55m
[PT] ds7 text I
[PT] bx8 frame A 695,142 6x16
[PT] bx8 frame I
[PT] ds8 text A 57m
[PT] ds8 text I
[PT] bx9 frame A 879,140 12x29
[PT] bx9 frame I
[PT] ds9 text A 36m
[PT] ds9 text I
[PT] bx10 frame A 108,152 8x21
[PT] bx10 frame I
[PT] ds10 text A 47m
[PT] ds10 text I
[PT] bx11 frame A 506,148 7x18
[PT] bx11 frame I
[PT] ds11 text A 44m
[PT] ds11 text I
[PT] bx12 frame A 145,146 4x9
[PT] bx12 frame I
[PT] ds12 text A 104m
[PT] ds12 text I
[PT] bx13 frame A 495,144 5x12
[PT] bx13 frame I
[PT] bx14 frame A 489,144 5x12
[PT] bx14 frame I
[PT] ds14 text A 65m
[PT] ds14 text I
[PT] bx15 frame A 544,123 19x48
[PT] bx15 frame I
[PT] ds15 text A 15m
[PT] ds15 text I
[PT] bx16 frame A 691,129 23x57
[PT] bx16 frame I
[PT] bx17 frame A 720,127 25x63
[PT] bx17 frame I
[PT] ds17 text A 13m
[PT] ds17 text I
[PT] bx18 frame A 472,114 16x41
[PT] bx18 frame I
[PT] ds18 text A 18m
[PT] ds18 text I
[PT] bx19 frame A 648,128 21x52
[PT] bx19 frame I
[PT] ds19 text A 15m
[PT] ds19 text I
[PT] bx20 frame A 909,130 8x20
[PT] bx20 frame I
[PT] ds20 text A 55m
[PT] ds20 text I
[PT] bx21 frame A 603,153 9x24
[PT] bx21 frame I
[PT] nm21 text A BOT
[PT] nm21 text I
[PT] ds21 text A 34m
[PT] ds21 text I
[PT] bx22 frame A 636,122 2x6
[PT] bx22 frame I
[PT] nm22 text A BOT
[PT] nm22 text I
[PT] ds22 text A 145m
[PT] ds22 text I
[PT] bx23 frame A 707,90 24x59
[PT] bx23 frame I
[PT] ds23 text A 14m
[PT] ds23 text I
[PT] bx24 hide A
[PT] nm24 hide A
[PT] ds24 hide A
[PT] bx25 hide A
[PT] nm25 hide A
[PT] ds25 hide A
[PT] bx26 hide A
[PT] nm26 hide A
[PT] ds26 hide A
[PT] tick 461 enemies=48
[PT] bx0 frame A 654,171 3x7
[PT] bx0 frame I
[PT] bx1 frame A 638,206 10x24
[PT] bx1 frame I
[PT] bx2 frame A 776,205 2x6
[PT] bx2 frame I
[PT] bx3 frame A 794,195 9x21
[PT] bx3 frame I
[PT] bx4 frame A 772,196 8x20
[PT] bx4 frame I
[PT] bx5 frame A 752,196 8x19
[PT] bx5 frame I
[PT] bx6 frame A 717,196 7x18
[PT] bx6 frame I
[PT] bx7 frame A 720,196 6x16
[PT] bx7 frame I
[PT] bx8 frame A 735,196 6x16
[PT] bx8 frame I
[PT] bx9 frame A 161,205 8x20
[PT] bx9 frame I
[PT] ds9 text A 47m
[PT] ds9 text I
[PT] bx10 frame A 538,202 7x18
[PT] bx10 frame I
[PT] ds10 text A 44m
[PT] ds10 text I
[PT] bx11 frame A 195,201 4x9
[PT] bx11 frame I
[PT] ds11 text A 104m
[PT] ds11 text I
[PT] bx12 frame A 527,199 5x12
[PT] bx12 frame I
[PT] ds12 text A 65m
[PT] ds12 text I
[PT] bx13 frame A 522,199 5x12
[PT] bx13 frame I
[PT] bx14 frame A 588,173 20x50
[PT] bx14 frame I
[PT] ds14 text A 15m
[PT] ds14 text I
[PT] bx15 frame A 728,176 23x58
[PT] bx15 frame I
[PT] ds15 text A 14m
[PT] ds15 text I
[PT] bx16 frame A 756,174 26x65
[PT] bx16 frame I
[PT] ds16 text A 13m
[PT] ds16 text I
[PT] bx17 frame A 502,165 16x40
[PT] bx17 frame I
[PT] ds17 text A 18m
[PT] ds17 text I
[PT] bx18 frame A 683,177 21x53
[PT] bx18 frame I
[PT] ds18 text A 15m
[PT] ds18 text I
[PT] bx19 frame A 638,206 10x24
[PT] bx19 frame I
[PT] nm19 text A BOT
[PT] nm19 text I
[PT] ds19 text A 34m
[PT] ds19 text I
[PT] bx20 frame A 672,177 2x6
[PT] bx20 frame I
[PT] nm20 text A BOT
[PT] nm20 text I
[PT] ds20 text A 145m
[PT] ds20 text I
[PT] bx21 frame A 739,140 24x60
[PT] bx21 frame I
[PT] nm21 text A Player
[PT] nm21 text I
[PT] ds21 text A 14m
[PT] ds21 text I
[PT] bx22 hide A
[PT] nm22 hide A
[PT] ds22 hide A
[PT] bx23 hide A
[PT] nm23 hide A
[PT] ds23 hide A
[PT] tick 462 enemies=48
[PT] bx0 frame A 649,177 3x6
[PT] bx0 frame I
[PT] bx1 frame A 633,212 10x24
[PT] bx1 frame I
[PT] bx2 frame A 770,211 2x6
[PT] bx2 frame I
[PT] bx3 frame A 788,201 9x21
[PT] bx3 frame I
[PT] bx4 frame A 766,202 8x20
[PT] bx4 frame I
[PT] bx5 frame A 747,202 8x19
[PT] bx5 frame I
[PT] bx6 frame A 712,202 7x18
[PT] bx6 frame I
[PT] bx7 frame A 715,202 6x16
[PT] bx7 frame I
[PT] bx8 frame A 729,202 6x16
[PT] bx8 frame I
[PT] bx9 frame A 155,211 8x20
[PT] bx9 frame I
[PT] bx10 frame A 534,208 7x18
[PT] bx10 frame I
[PT] bx11 frame A 190,207 4x9
[PT] bx11 frame I
[PT] bx12 frame A 264,0 2x5
[PT] bx12 frame I
[PT] nm12 text A BOT
[PT] nm12 text I
[PT] ds12 text A 176m
[PT] ds12 text I
[PT] bx13 frame A 523,205 5x12
[PT] bx13 frame I
[PT] bx14 frame A 518,205 5x12
[PT] bx14 frame I
[PT] ds14 text A 65m
[PT] ds14 text I
[PT] bx15 frame A 596,179 20x51
[PT] bx15 frame I
[PT] ds15 text A 15m
[PT] ds15 text I
[PT] bx16 frame A 726,181 23x58
[PT] bx16 frame I
[PT] ds16 text A 14m
[PT] ds16 text I
[PT] bx17 frame A 750,179 26x64
[PT] bx17 frame I
[PT] ds17 text A 13m
[PT] ds17 text I
[PT] bx18 frame A 499,171 16x40
[PT] bx18 frame I
[PT] ds18 text A 18m
[PT] ds18 text I
[PT] bx19 frame A 680,183 21x53
[PT] bx19 frame I
[PT] nm19 text A Player
[PT] nm19 text I
[PT] ds19 text A 15m
[PT] ds19 text I
[PT] bx20 frame A 633,212 10x24
[PT] bx20 frame I
[PT] ds20 text A 34m
[PT] ds20 text I
[PT] bx21 frame A 667,184 2x6
[PT] bx21 frame I
[PT] nm21 text A BOT
[PT] nm21 text I
[PT] ds21 text A 145m
[PT] ds21 text I
[PT] bx22 frame A 735,143 24x60
[PT] bx22 frame I
[PT] bx22 show A
[PT] nm22 text A Player
[PT] nm22 text I
[PT] nm22 show A
[PT] ds22 text A 14m
[PT] ds22 text I
[PT] ds22 show A
[PT] tick 463 enemies=48
[PT] bx0 frame A 611,150 3x6
[PT] bx0 frame I
[PT] bx1 frame A 597,185 9x23
[PT] bx1 frame I
[PT] bx2 frame A 723,183 2x6
[PT] bx2 frame I
[PT] bx3 frame A 741,175 8x20
[PT] bx3 frame I
[PT] bx4 frame A 721,175 8x19
[PT] bx4 frame I
[PT] bx5 frame A 703,175 7x19
[PT] bx5 frame I
[PT] bx6 frame A 671,175 7x17
[PT] bx6 frame I
[PT] bx7 frame A 673,175 6x16
[PT] bx7 frame I
[PT] bx8 frame A 687,175 6x15
[PT] bx8 frame I
[PT] bx9 frame A 882,172 11x28
[PT] bx9 frame I
[PT] ds9 text A 37m
[PT] ds9 text I
[PT] bx10 frame A 104,184 8x21
[PT] bx10 frame I
[PT] ds10 text A 47m
[PT] ds10 text I
[PT] bx11 frame A 501,181 7x17
[PT] bx11 frame I
[PT] ds11 text A 44m
[PT] ds11 text I
[PT] bx12 frame A 141,180 4x9
[PT] bx12 frame I
[PT] nm12 text A Player
[PT] nm12 text I
[PT] ds12 text A 104m
[PT] ds12 text I
[PT] bx13 frame A 489,177 5x12
[PT] bx13 frame I
[PT] bx14 frame A 484,177 5x12
[PT] bx14 frame I
[PT] bx15 frame A 576,148 21x52
[PT] bx15 frame I
[PT] ds15 text A 14m
[PT] ds15 text I
[PT] bx16 frame A 690,158 23x56
[PT] bx16 frame I
[PT] bx17 frame A 912,163 12x29
[PT] bx17 frame I
[PT] ds17 text A 38m
[PT] ds17 text I
[PT] bx18 frame A 711,157 25x62
[PT] bx18 frame I
[PT] ds18 text A 13m
[PT] ds18 text I
[PT] bx19 frame A 468,146 16x40
[PT] bx19 frame I
[PT] ds19 text A 18m
[PT] ds19 text I
[PT] bx20 frame A 647,159 21x51
[PT] bx20 frame I
[PT] nm20 text A Player
[PT] nm20 text I
[PT] ds20 text A 15m
[PT] ds20 text I
[PT] bx21 frame A 917,164 8x20
[PT] bx21 frame I
[PT] nm21 text A Player
[PT] nm21 text I
[PT] ds21 text A 56m
[PT] ds21 text I
[PT] bx22 frame A 597,185 9x23
[PT] bx22 frame I
[PT] nm22 text A BOT
[PT] nm22 text I
[PT] ds22 text A 34m
[PT] ds22 text I
[PT] bx23 frame A 628,156 2x6
[PT] bx23 frame I
[PT] bx23 show A
[PT] nm23 text A BOT
[PT] nm23 text I
[PT] nm23 show A
[PT] ds23 text A 145m
[PT] ds23 text I
[PT] ds23 show A
[PT] bx24 frame A 702,122 23x59
[PT] bx24 frame I
[PT] bx24 show A
[PT] nm24 text A Player
[PT] nm24 text I
[PT] nm24 show A
[PT] ds24 text A 14m
[PT] ds24 text I
[PT] ds24 show A
[PT] tick 464 enemies=48
[PT] bx0 frame A 613,136 3x6
[PT] bx0 frame I
[PT] bx1 frame A 599,172 9x23
[PT] bx1 frame I
[PT] bx2 frame A 726,168 2x6
[PT] bx2 frame I
[PT] bx3 frame A 744,161 8x20
[PT] bx3 frame I
[PT] bx4 frame A 724,161 8x20
[PT] bx4 frame I
[PT] bx5 frame A 706,161 7x19
[PT] bx5 frame I
[PT] bx6 frame A 674,161 7x17
[PT] bx6 frame I
[PT] bx7 frame A 676,161 6x16
[PT] bx7 frame I
[PT] bx8 frame A 689,161 6x15
[PT] bx8 frame I
[PT] bx9 frame A 899,159 12x29
[PT] bx9 frame I
[PT] bx10 frame A 105,171 8x21
[PT] bx10 frame I
[PT] bx11 frame A 502,167 7x18
[PT] bx11 frame I
[PT] bx12 frame A 142,166 4x9
[PT] bx12 frame I
[PT] bx13 frame A 491,163 5x12
[PT] bx13 frame I
[PT] bx14 frame A 486,163 5x12
[PT] bx14 frame I
[PT] bx15 frame A 597,136 22x54
[PT] bx15 frame I
[PT] bx16 frame A 695,146 23x57
[PT] bx16 frame I
[PT] bx17 frame A 917,150 12x29
[PT] bx17 frame I
[PT] bx18 frame A 714,144 25x62
[PT] bx18 frame I
[PT] bx19 frame A 469,133 16x40
[PT] bx19 frame I
[PT] bx20 frame A 651,147 21x52
[PT] bx20 frame I
[PT] bx21 frame A 599,172 9x23
[PT] bx21 frame I
[PT] nm21 text A BOT
[PT] nm21 text I
[PT] ds21 text A 34m
[PT] ds21 text I
[PT] bx22 frame A 631,142 2x6
[PT] bx22 frame I
[PT] ds22 text A 145m
[PT] ds22 text I
[PT] bx23 frame A 711,112 24x59
[PT] bx23 frame I
[PT] nm23 text A Player
[PT] nm23 text I
[PT] ds23 text A 14m
[PT] ds23 text I
[PT] bx24 hide A
[PT] nm24 hide A
[PT] ds24 hide A
[PT] tick 465 enemies=48
[PT] bx0 frame A 826,176 3x8
[PT] bx0 frame I
[PT] bx1 frame A 797,217 11x28
[PT] bx1 frame I
[PT] bx2 frame A 913,205 9x22
[PT] bx2 frame I
[PT] nm2 text A Player
[PT] nm2 text I
[PT] ds2 text A 50m
[PT] ds2 text I
[PT] bx3 frame A 918,205 8x20
[PT] bx3 frame I
[PT] ds3 text A 55m
[PT] ds3 text I
[PT] bx4 frame A 314,213 7x17
[PT] bx4 frame I
[PT] ds4 text A 47m
[PT] ds4 text I
[PT] bx5 frame A 674,212 8x19
[PT] bx5 frame I
[PT] ds5 text A 44m
[PT] ds5 text I
[PT] bx6 frame A 344,210 3x8
[PT] bx6 frame I
[PT] ds6 text A 104m
[PT] ds6 text I
[PT] bx7 frame A 406,21 2x5
[PT] bx7 frame I
[PT] nm7 text A BOT
[PT] nm7 text I
[PT] ds7 text A 176m
[PT] ds7 text I
[PT] bx8 frame A 663,208 5x13
[PT] bx8 frame I
[PT] ds8 text A 65m
[PT] ds8 text I
[PT] bx9 frame A 657,208 5x13
[PT] bx9 frame I
[PT] ds9 text A 65m
[PT] ds9 text I
[PT] bx10 frame A 789,171 26x65
[PT] bx10 frame I
[PT] ds10 text A 14m
[PT] ds10 text I
[PT] bx11 frame A 923,179 30x74
[PT] bx11 frame I
[PT] ds11 text A 14m
[PT] ds11 text I
[PT] bx12 frame A 624,172 17x42
[PT] bx12 frame I
[PT] ds12 text A 18m
[PT] ds12 text I
[PT] bx13 frame A 857,182 26x64
[PT] bx13 frame I
[PT] ds13 text A 15m
[PT] ds13 text I
[PT] bx14 frame A 797,217 11x28
[PT] bx14 frame I
[PT] nm14 text A BOT
[PT] nm14 text I
[PT] ds14 text A 34m
[PT] ds14 text I
[PT] bx15 frame A 852,183 3x7
[PT] bx15 frame I
[PT] nm15 text A BOT
[PT] nm15 text I
[PT] ds15 text A 145m
[PT] ds15 text I
[PT] bx16 hide A
[PT] nm16 hide A
[PT] ds16 hide A
[PT] bx17 hide A
[PT] nm17 hide A
[PT] ds17 hide A
[PT] bx18 hide A
[PT] nm18 hide A
[PT] ds18 hide A
[PT] bx19 hide A
[PT] nm19 hide A
[PT] ds19 hide A
[PT] bx20 hide A
[PT] nm20 hide A
[PT] ds20 hide A
[PT] bx21 hide A
[PT] nm21 hide A
[PT] ds21 hide A
[PT] bx22 hide A
[PT] nm22 hide A
[PT] ds22 hide A
[PT] bx23 hide A
[PT] nm23 hide A
[PT] ds23 hide A
[PT] tick 466 enemies=48
[PT] bx0 frame A 793,170 3x7
[PT] bx0 frame I
[PT] bx1 frame A 766,210 11x27
[PT] bx1 frame I
[PT] bx2 frame A 923,198 9x23
[PT] bx2 frame I
[PT] ds2 text A 47m
[PT] ds2 text I
[PT] bx3 frame A 874,198 8x21
[PT] bx3 frame I
[PT] ds3 text A 50m
[PT] ds3 text I
[PT] bx4 frame A 878,199 8x19
[PT] bx4 frame I
[PT] ds4 text A 55m
[PT] ds4 text I
[PT] bx5 frame A 899,199 8x19
[PT] bx5 frame I
[PT] ds5 text A 57m
[PT] ds5 text I
[PT] bx6 frame A 291,207 7x18
[PT] bx6 frame I
[PT] ds6 text A 47m
[PT] ds6 text I
[PT] bx7 frame A 649,205 8x19
[PT] bx7 frame I
[PT] nm7 text A Player
[PT] nm7 text I
[PT] ds7 text A 44m
[PT] ds7 text I
[PT] bx8 frame A 321,204 3x8
[PT] bx8 frame I
[PT] ds8 text A 104m
[PT] ds8 text I
[PT] bx9 frame A 383,12 2x5
[PT] bx9 frame I
[PT] nm9 text A BOT
[PT] nm9 text I
[PT] ds9 text A 176m
[PT] ds9 text I
[PT] bx10 frame A 639,202 5x13
[PT] bx10 frame I
[PT] ds10 text A 65m
[PT] ds10 text I
[PT] bx11 frame A 633,202 5x13
[PT] bx11 frame I
[PT] ds11 text A 65m
[PT] ds11 text I
[PT] bx12 frame A 782,167 26x66
[PT] bx12 frame I
[PT] ds12 text A 13m
[PT] ds12 text I
[PT] bx13 frame A 889,174 28x71
[PT] bx13 frame I
[PT] ds13 text A 14m
[PT] ds13 text I
[PT] bx14 frame A 911,172 31x78
[PT] bx14 frame I
[PT] nm14 text A Player
[PT] nm14 text I
[PT] ds14 text A 13m
[PT] ds14 text I
[PT] bx15 frame A 603,167 17x42
[PT] bx15 frame I
[PT] nm15 text A Player
[PT] nm15 text I
[PT] ds15 text A 18m
[PT] ds15 text I
[PT] bx16 frame A 827,178 25x62
[PT] bx16 frame I
[PT] bx16 show A
[PT] nm16 show A
[PT] ds16 text A 15m
[PT] ds16 text I
[PT] ds16 show A
[PT] bx17 frame A 766,210 11x27
[PT] bx17 frame I
[PT] bx17 show A
[PT] nm17 text A BOT
[PT] nm17 text I
[PT] nm17 show A
[PT] ds17 text A 34m
[PT] ds17 text I
[PT] ds17 show A
[PT] bx18 frame A 817,177 3x7
[PT] bx18 frame I
[PT] bx18 show A
[PT] nm18 text A BOT
[PT] nm18 text I
[PT] nm18 show A
[PT] ds18 text A 145m
[PT] ds18 text I
[PT] ds18 show A
[PT] bx19 frame A 912,128 29x73
[PT] bx19 frame I
[PT] bx19 show A
[PT] nm19 show A
[PT] ds19 text A 14m
[PT] ds19 text I
[PT] ds19 show A
[PT] tick 467 enemies=48
[PT] bx0 frame A 757,167 3x7
[PT] bx0 frame I
[PT] bx1 frame A 734,205 10x26
[PT] bx1 frame I
[PT] bx2 frame A 912,204 3x7
[PT] bx2 frame I
[PT] nm2 text A BOT
[PT] nm2 text I
[PT] ds2 text A 165m
[PT] ds2 text I
[PT] bx3 frame A 903,194 9x24
[PT] bx3 frame I
[PT] ds3 text A 46m
[PT] ds3 text I
[PT] bx4 frame A 877,194 9x22
[PT] bx4 frame I
[PT] ds4 text A 47m
[PT] ds4 text I
[PT] bx5 frame A 833,194 8x20
[PT] bx5 frame I
[PT] ds5 text A 50m
[PT] ds5 text I
[PT] bx6 frame A 837,194 7x18
[PT] bx6 frame I
[PT] ds6 text A 55m
[PT] ds6 text I
[PT] bx7 frame A 855,194 7x18
[PT] bx7 frame I
[PT] ds7 text A 57m
[PT] ds7 text I
[PT] bx8 frame A 263,202 7x18
[PT] bx8 frame I
[PT] ds8 text A 47m
[PT] ds8 text I
[PT] bx9 frame A 622,200 7x18
[PT] bx9 frame I
[PT] nm9 text A Player
[PT] nm9 text I
[PT] ds9 text A 44m
[PT] ds9 text I
[PT] bx10 frame A 294,199 3x8
[PT] bx10 frame I
[PT] ds10 text A 104m
[PT] ds10 text I
[PT] bx11 frame A 356,4 2x5
[PT] bx11 frame I
[PT] nm11 text A BOT
[PT] nm11 text I
[PT] ds11 text A 176m
[PT] ds11 text I
[PT] bx12 frame A 612,197 5x13
[PT] bx12 frame I
[PT] ds12 text A 65m
[PT] ds12 text I
[PT] bx13 frame A 606,197 5x13
[PT] bx13 frame I
[PT] ds13 text A 65m
[PT] ds13 text I
[PT] bx14 frame A 785,165 27x68
[PT] bx14 frame I
[PT] bx15 frame A 853,171 27x68
[PT] bx15 frame I
[PT] ds15 text A 14m
[PT] ds15 text I
[PT] bx16 frame A 870,169 30x74
[PT] bx16 frame I
[PT] ds16 text A 13m
[PT] ds16 text I
[PT] bx17 frame A 579,163 16x41
[PT] bx17 frame I
[PT] nm17 text A Player
[PT] nm17 text I
[PT] ds17 text A 18m
[PT] ds17 text I
[PT] bx18 frame A 796,175 24x60
[PT] bx18 frame I
[PT] nm18 text A Player
[PT] nm18 text I
[PT] ds18 text A 15m
[PT] ds18 text I
[PT] bx19 frame A 734,205 10x26
[PT] bx19 frame I
[PT] nm19 text A BOT
[PT] nm19 text I
[PT] ds19 text A 34m
[PT] ds19 text I
[PT] bx20 frame A 780,174 3x7
[PT] bx20 frame I
[PT] bx20 show A
[PT] nm20 text A BOT
[PT] nm20 text I
[PT] nm20 show A
[PT] ds20 text A 145m
[PT] ds20 text I
[PT] ds20 show A
[PT] bx21 frame A 877,127 28x70
[PT] bx21 frame I
[PT] bx21 show A
[PT] nm21 text A Player
[PT] nm21 text I
[PT] nm21 show A
[PT] ds21 text A 14m
[PT] ds21 text I
[PT] ds21 show A
[PT] tick 468 enemies=48
[PT] bx0 frame A 741,170 3x7
[PT] bx0 frame I
[PT] bx1 frame A 718,207 10x26
[PT] bx1 frame I
[PT] bx2 frame A 889,206 3x7
[PT] bx2 frame I
[PT] bx3 frame A 909,196 10x24
[PT] bx3 frame I
[PT] ds3 text A 45m
[PT] ds3 text I
[PT] bx4 frame A 881,196 9x23
[PT] bx4 frame I
[PT] ds4 text A 46m
[PT] ds4 text I
[PT] bx5 frame A 856,196 9x22
[PT] bx5 frame I
[PT] ds5 text A 47m
[PT] ds5 text I
[PT] bx6 frame A 814,196 8x20
[PT] bx6 frame I
[PT] ds6 text A 50m
[PT] ds6 text I
[PT] bx7 frame A 817,196 7x18
[PT] bx7 frame I
[PT] ds7 text A 55m
[PT] ds7 text I
[PT] bx8 frame A 835,196 7x18
[PT] bx8 frame I
[PT] ds8 text A 57m
[PT] ds8 text I
[PT] bx9 frame A 249,205 7x18
[PT] bx9 frame I
[PT] ds9 text A 47m
[PT] ds9 text I
[PT] bx10 frame A 609,203 7x18
[PT] bx10 frame I
[PT] ds10 text A 44m
[PT] ds10 text I
[PT] bx11 frame A 280,201 3x8
[PT] bx11 frame I
[PT] nm11 text A Player
[PT] nm11 text I
[PT] ds11 text A 104m
[PT] ds11 text I
[PT] bx12 frame A 343,6 2x5
[PT] bx12 frame I
[PT] nm12 text A BOT
[PT] nm12 text I
[PT] ds12 text A 176m
[PT] ds12 text I
[PT] bx13 frame A 599,199 5x13
[PT] bx13 frame I
[PT] bx14 frame A 593,199 5x13
[PT] bx14 frame I
[PT] ds14 text A 65m
[PT] ds14 text I
[PT] bx15 frame A 791,169 28x70
[PT] bx15 frame I
[PT] ds15 text A 13m
[PT] ds15 text I
[PT] bx16 frame A 837,174 27x67
[PT] bx16 frame I
[PT] ds16 text A 14m
[PT] ds16 text I
[PT] bx17 frame A 851,172 29x72
[PT] bx17 frame I
[PT] ds17 text A 13m
[PT] ds17 text I
[PT] bx18 frame A 567,165 16x41
[PT] bx18 frame I
[PT] ds18 text A 18m
[PT] ds18 text I
[PT] bx19 frame A 782,177 24x59
[PT] bx19 frame I
[PT] nm19 text A Player
[PT] nm19 text I
[PT] ds19 text A 15m
[PT] ds19 text I
[PT] bx20 frame A 718,207 10x26
[PT] bx20 frame I
[PT] ds20 text A 34m
[PT] ds20 text I
[PT] bx21 frame A 762,176 3x7
[PT] bx21 frame I
[PT] nm21 text A BOT
[PT] nm21 text I
[PT] ds21 text A 145m
[PT] ds21 text I
[PT] bx22 frame A 861,133 28x69
[PT] bx22 frame I
[PT] bx22 show A
[PT] nm22 text A Player
[PT] nm22 text I
[PT] nm22 show A
[PT] ds22 text A 14m
[PT] ds22 text I
[PT] ds22 show A
[PT] tick 469 enemies=48
[PT] bx0 frame A 700,165 3x7
[PT] bx0 frame I
[PT] bx1 frame A 681,202 10x25
[PT] bx1 frame I
[PT] bx2 frame A 835,200 3x6
[PT] bx2 frame I
[PT] bx3 frame A 854,191 9x23
[PT] bx3 frame I
[PT] bx4 frame A 829,191 9x22
[PT] bx4 frame I
[PT] bx5 frame A 807,191 8x21
[PT] bx5 frame I
[PT] bx6 frame A 768,191 7x19
[PT] bx6 frame I
[PT] bx7 frame A 771,191 7x17
[PT] bx7 frame I
[PT] bx8 frame A 788,191 7x17
[PT] bx8 frame I
[PT] bx9 frame A 211,200 8x19
[PT] bx9 frame I
[PT] bx10 frame A 576,197 7x18
[PT] bx10 frame I
[PT] bx11 frame A 243,196 3x8
[PT] bx11 frame I
[PT] bx12 frame A 307,-4 2x5
[PT] bx12 frame I
[PT] bx13 frame A 566,194 5x12
[PT] bx13 frame I
[PT] bx14 frame A 561,194 5x12
[PT] bx14 frame I
[PT] bx15 frame A 749,166 27x66
[PT] bx15 frame I
[PT] bx16 frame A 796,171 26x64
[PT] bx16 frame I
[PT] bx17 frame A 806,168 27x68
[PT] bx17 frame I
[PT] bx18 frame A 538,161 16x40
[PT] bx18 frame I
[PT] bx19 frame A 744,173 23x57
[PT] bx19 frame I
[PT] bx20 frame A 681,202 10x25
[PT] bx20 frame I
[PT] bx21 frame A 720,172 3x6
[PT] bx21 frame I
[PT] bx22 frame A 819,130 26x66
[PT] bx22 frame I
[PT] tick 470 enemies=48
[PT] bx0 frame A 543,153 2x6
[PT] bx0 frame I
[PT] bx1 frame A 532,187 9x23
[PT] bx1 frame I
[PT] bx2 frame A 645,184 2x5
[PT] bx2 frame I
[PT] bx3 frame A 662,177 8x19
[PT] bx3 frame I
[PT] bx4 frame A 644,177 7x18
[PT] bx4 frame I
[PT] bx5 frame A 628,177 7x18
[PT] bx5 frame I
[PT] bx6 frame A 599,177 7x16
[PT] bx6 frame I
[PT] bx7 frame A 601,177 6x15
[PT] bx7 frame I
[PT] bx8 frame A 613,177 6x15
[PT] bx8 frame I
[PT] bx9 frame A 800,175 10x26
[PT] bx9 frame I
[PT] ds9 text A 37m
[PT] ds9 text I
[PT] bx10 frame A 438,183 7x17
[PT] bx10 frame I
[PT] bx11 frame A 36,182 4x10
[PT] bx11 frame I
[PT] bx12 frame A 426,179 5x12
[PT] bx12 frame I
[PT] nm12 text A Player
[PT] nm12 text I
[PT] ds12 text A 65m
[PT] ds12 text I
[PT] bx13 frame A 421,179 5x12
[PT] bx13 frame I
[PT] bx14 frame A 595,156 23x58
[PT] bx14 frame I
[PT] ds14 text A 13m
[PT] ds14 text I
[PT] bx15 frame A 823,175 11x27
[PT] bx15 frame I
[PT] ds15 text A 37m
[PT] ds15 text I
[PT] bx16 frame A 630,161 22x54
[PT] bx16 frame I
[PT] bx17 frame A 803,167 10x26
[PT] bx17 frame I
[PT] ds17 text A 38m
[PT] ds17 text I
[PT] bx18 frame A 637,160 23x58
[PT] bx18 frame I
[PT] ds18 text A 13m
[PT] ds18 text I
[PT] bx19 frame A 902,130 25x63
[PT] bx19 frame I
[PT] ds19 text A 17m
[PT] ds19 text I
[PT] bx20 frame A 406,147 16x40
[PT] bx20 frame I
[PT] nm20 text A Player
[PT] nm20 text I
[PT] ds20 text A 18m
[PT] ds20 text I
[PT] bx21 frame A 591,163 20x50
[PT] bx21 frame I
[PT] nm21 text A Player
[PT] nm21 text I
[PT] ds21 text A 15m
[PT] ds21 text I
[PT] bx22 frame A 836,176 7x19
[PT] bx22 frame I
[PT] ds22 text A 55m
[PT] ds22 text I
[PT] bx23 frame A 532,187 9x23
[PT] bx23 frame I
[PT] bx23 show A
[PT] nm23 text A BOT
[PT] nm23 text I
[PT] nm23 show A
[PT] ds23 text A 34m
[PT] ds23 text I
[PT] ds23 show A
[PT] bx24 frame A 559,159 2x6
[PT] bx24 frame I
[PT] bx24 show A
[PT] nm24 text A BOT
[PT] nm24 text I
[PT] nm24 show A
[PT] ds24 text A 145m
[PT] ds24 text I
[PT] ds24 show A
[PT] bx25 frame A 648,128 22x56
[PT] bx25 frame I
[PT] bx25 show A
[PT] nm25 show A
[PT] ds25 text A 14m
[PT] ds25 text I
[PT] ds25 show A
[PT] tick 471 enemies=48
[PT] bx0 frame A 440,139 2x6
[PT] bx0 frame I
[PT] bx1 frame A 433,173 9x22
[PT] bx1 frame I
[PT] bx2 frame A 535,170 2x5
[PT] bx2 frame I
[PT] bx3 frame A 552,163 7x18
[PT] bx3 frame I
[PT] bx4 frame A 537,163 7x17
[PT] bx4 frame I
[PT] bx5 frame A 522,163 7x17
[PT] bx5 frame I
[PT] bx6 frame A 496,163 6x16
[PT] bx6 frame I
[PT] bx7 frame A 497,163 6x14
[PT] bx7 frame I
[PT] bx8 frame A 508,163 6x14
[PT] bx8 frame I
[PT] bx9 frame A 859,212 43x107
[PT] bx9 frame I
[PT] ds9 text A 9m
[PT] ds9 text I
[PT] bx10 frame A 659,156 9x23
[PT] bx10 frame I
[PT] ds10 text A 37m
[PT] ds10 text I
[PT] bx11 frame A 335,169 7x18
[PT] bx11 frame I
[PT] ds11 text A 44m
[PT] ds11 text I
[PT] bx12 frame A 321,165 5x13
[PT] bx12 frame I
[PT] bx13 frame A 316,165 5x13
[PT] bx13 frame I
[PT] bx14 frame A 500,145 22x56
[PT] bx14 frame I
[PT] bx15 frame A 685,162 9x23
[PT] bx15 frame I
[PT] bx16 frame A 533,150 21x52
[PT] bx16 frame I
[PT] bx17 frame A 670,155 9x23
[PT] bx17 frame I
[PT] bx18 frame A 539,148 22x54
[PT] bx18 frame I
[PT] bx19 frame A 748,125 21x53
[PT] bx19 frame I
[PT] bx20 frame A 305,133 17x42
[PT] bx20 frame I
[PT] bx21 frame A 497,151 19x48
[PT] bx21 frame I
[PT] bx22 frame A 922,161 10x24
[PT] bx22 frame I
[PT] ds22 text A 46m
[PT] ds22 text I
[PT] bx23 frame A 697,165 6x16
[PT] bx23 frame I
[PT] nm23 text A Player
[PT] nm23 text I
[PT] ds23 text A 55m
[PT] ds23 text I
[PT] bx24 frame A 433,173 9x22
[PT] bx24 frame I
[PT] ds24 text A 34m
[PT] ds24 text I
[PT] bx25 frame A 455,145 2x6
[PT] bx25 frame I
[PT] nm25 text A BOT
[PT] nm25 text I
[PT] ds25 text A 145m
[PT] ds25 text I
[PT] bx26 frame A 549,122 21x53
[PT] bx26 frame I
[PT] bx26 show A
[PT] nm26 show A
[PT] ds26 show A
[PT] tick 472 enemies=48
[PT] bx0 frame A 399,136 2x6
[PT] bx0 frame I
[PT] bx1 frame A 394,171 9x23
[PT] bx1 frame I
[PT] bx2 frame A 495,167 2x5
[PT] bx2 frame I
[PT] bx3 frame A 513,161 7x18
[PT] bx3 frame I
[PT] bx4 frame A 497,161 7x17
[PT] bx4 frame I
[PT] bx5 frame A 483,161 7x17
[PT] bx5 frame I
[PT] bx6 frame A 457,161 6x16
[PT] bx6 frame I
[PT] bx7 frame A 458,161 6x14
[PT] bx7 frame I
[PT] bx8 frame A 469,161 6x14
[PT] bx8 frame I
[PT] bx9 frame A 803,207 40x100
[PT] bx9 frame I
[PT] bx10 frame A 610,150 9x22
[PT] bx10 frame I
[PT] bx11 frame A 292,167 7x19
[PT] bx11 frame I
[PT] bx12 frame A 910,164 6x15
[PT] bx12 frame I
[PT] ds12 text A 74m
[PT] ds12 text I
[PT] bx13 frame A 277,163 5x13
[PT] bx13 frame I
[PT] bx14 frame A 271,163 5x13
[PT] bx14 frame I
[PT] ds14 text A 65m
[PT] ds14 text I
[PT] bx15 frame A 465,143 22x55
[PT] bx15 frame I
[PT] ds15 text A 13m
[PT] ds15 text I
[PT] bx16 frame A 640,159 9x22
[PT] bx16 frame I
[PT] ds16 text A 37m
[PT] ds16 text I
[PT] bx17 frame A 498,147 20x51
[PT] bx17 frame I
[PT] ds17 text A 14m
[PT] ds17 text I
[PT] bx18 frame A 625,152 9x22
[PT] bx18 frame I
[PT] ds18 text A 38m
[PT] ds18 text I
[PT] bx19 frame A 503,146 22x54
[PT] bx19 frame I
[PT] ds19 text A 13m
[PT] ds19 text I
[PT] bx20 frame A 700,124 20x50
[PT] bx20 frame I
[PT] ds20 text A 17m
[PT] ds20 text I
[PT] bx21 frame A 263,129 17x44
[PT] bx21 frame I
[PT] ds21 text A 18m
[PT] ds21 text I
[PT] bx22 frame A 462,149 19x48
[PT] bx22 frame I
[PT] ds22 text A 15m
[PT] ds22 text I
[PT] bx23 frame A 851,159 9x22
[PT] bx23 frame I
[PT] ds23 text A 46m
[PT] ds23 text I
[PT] bx24 frame A 653,160 6x16
[PT] bx24 frame I
[PT] nm24 text A Player
[PT] nm24 text I
[PT] ds24 text A 55m
[PT] ds24 text I
[PT] bx25 frame A 394,171 9x23
[PT] bx25 frame I
[PT] ds25 text A 34m
[PT] ds25 text I
[PT] bx26 frame A 893,184 21x52
[PT] bx26 frame I
[PT] ds26 text A 20m
[PT] ds26 text I
[PT] bx27 frame A 415,142 2x6
[PT] bx27 frame I
[PT] bx27 show A
[PT] nm27 show A
[PT] ds27 text A 145m
[PT] ds27 text I
[PT] ds27 show A
[PT] bx28 frame A 511,118 21x53
[PT] bx28 frame I
[PT] bx28 show A
[PT] nm28 show A
[PT] ds28 text A 14m
[PT] ds28 text I
[PT] ds28 show A
[PT] tick 473 enemies=50
[PT] bx0 frame A 390,127 2x6
[PT] bx0 frame I
[PT] bx1 frame A 385,163 9x23
[PT] bx1 frame I
[PT] bx2 frame A 486,158 2x5
[PT] bx2 frame I
[PT] bx3 frame A 504,152 7x18
[PT] bx3 frame I
[PT] bx4 frame A 489,152 7x17
[PT] bx4 frame I
[PT] bx5 frame A 474,152 7x17
[PT] bx5 frame I
[PT] bx6 frame A 448,152 6x16
[PT] bx6 frame I
[PT] bx7 frame A 449,152 6x14
[PT] bx7 frame I
[PT] bx8 frame A 460,152 6x14
[PT] bx8 frame I
[PT] bx9 frame A 791,200 39x98
[PT] bx9 frame I
[PT] bx10 frame A 594,139 9x22
[PT] bx10 frame I
[PT] bx11 frame A 282,159 8x19
[PT] bx11 frame I
[PT] bx12 frame A 894,155 6x15
[PT] bx12 frame I
[PT] bx13 frame A 266,155 5x13
[PT] bx13 frame I
[PT] bx14 frame A 260,155 5x13
[PT] bx14 frame I
[PT] bx15 frame A 457,135 22x55
[PT] bx15 frame I
[PT] bx16 frame A 630,151 9x22
[PT] bx16 frame I
[PT] bx17 frame A 492,140 20x51
[PT] bx17 frame I
[PT] bx18 frame A 616,144 9x22
[PT] bx18 frame I
[PT] bx19 frame A 494,139 22x54
[PT] bx19 frame I
[PT] bx20 frame A 690,117 20x50
[PT] bx20 frame I
[PT] bx21 frame A 252,121 18x44
[PT] bx21 frame I
[PT] bx22 frame A 456,142 19x48
[PT] bx22 frame I
[PT] bx23 frame A 837,151 9x22
[PT] bx23 frame I
[PT] bx24 frame A 646,151 6x16
[PT] bx24 frame I
[PT] ds24 text A 54m
[PT] ds24 text I
[PT] bx25 frame A 385,163 9x23
[PT] bx25 frame I
[PT] bx26 frame A 878,176 20x51
[PT] bx26 frame I
[PT] bx27 frame A 406,134 2x6
[PT] bx27 frame I
[PT] bx28 frame A 501,106 21x53
[PT] bx28 frame I
[PT] tick 474 enemies=50
[PT] bx0 frame A 404,130 2x6
[PT] bx0 frame I
[PT] bx1 frame A 399,165 9x23
[PT] bx1 frame I
[PT] bx2 frame A 500,161 2x5
[PT] bx2 frame I
[PT] bx3 frame A 517,155 7x18
[PT] bx3 frame I
[PT] bx4 frame A 502,155 7x17
[PT] bx4 frame I
[PT] bx5 frame A 488,155 7x17
[PT] bx5 frame I
[PT] bx6 frame A 461,155 6x16
[PT] bx6 frame I
[PT] bx7 frame A 463,155 6x14
[PT] bx7 frame I
[PT] bx8 frame A 474,155 6x14
[PT] bx8 frame I
[PT] bx9 frame A 809,203 40x100
[PT] bx9 frame I
[PT] bx10 frame A 595,143 9x21
[PT] bx10 frame I
[PT] ds10 text A 38m
[PT] ds10 text I
[PT] bx11 frame A 297,161 7x19
[PT] bx11 frame I
[PT] bx12 frame A 920,158 6x15
[PT] bx12 frame I
[PT] bx13 frame A 282,157 5x13
[PT] bx13 frame I
[PT] bx14 frame A 276,157 5x13
[PT] bx14 frame I
[PT] bx15 frame A 512,140 23x57
[PT] bx15 frame I
[PT] ds15 text A 12m
[PT] ds15 text I
[PT] bx16 frame A 645,153 9x23
[PT] bx16 frame I
[PT] bx17 frame A 505,142 21x51
[PT] bx17 frame I
[PT] bx18 frame A 631,147 9x22
[PT] bx18 frame I
[PT] bx19 frame A 507,141 22x54
[PT] bx19 frame I
[PT] bx20 frame A 706,119 20x51
[PT] bx20 frame I
[PT] bx21 frame A 268,124 17x44
[PT] bx21 frame I
[PT] bx22 frame A 473,143 19x48
[PT] bx22 frame I
[PT] bx23 frame A 860,153 9x23
[PT] bx23 frame I
[PT] bx24 frame A 674,154 6x16
[PT] bx24 frame I
[PT] bx25 frame A 399,165 9x23
[PT] bx25 frame I
[PT] bx26 frame A 902,179 21x52
[PT] bx26 frame I
[PT] bx27 frame A 420,136 2x6
[PT] bx27 frame I
[PT] bx28 frame A 510,109 21x53
[PT] bx28 frame I
[PT] tick 475 enemies=50
[PT] bx0 frame A 394,140 2x6
[PT] bx0 frame I
[PT] bx1 frame A 389,175 9x23
[PT] bx1 frame I
[PT] bx2 frame A 489,171 2x5
[PT] bx2 frame I
[PT] bx3 frame A 507,165 7x17
[PT] bx3 frame I
[PT] bx4 frame A 492,165 7x17
[PT] bx4 frame I
[PT] bx5 frame A 478,165 7x16
[PT] bx5 frame I
[PT] bx6 frame A 451,165 6x16
[PT] bx6 frame I
[PT] bx7 frame A 453,165 6x14
[PT] bx7 frame I
[PT] bx8 frame A 464,165 6x14
[PT] bx8 frame I
[PT] bx9 frame A 795,209 40x99
[PT] bx9 frame I
[PT] bx10 frame A 579,156 8x21
[PT] bx10 frame I
[PT] bx11 frame A 286,171 7x19
[PT] bx11 frame I
[PT] bx12 frame A 899,168 6x15
[PT] bx12 frame I
[PT] bx13 frame A 271,167 5x13
[PT] bx13 frame I
[PT] bx14 frame A 265,167 5x13
[PT] bx14 frame I
[PT] bx15 frame A 500,150 23x57
[PT] bx15 frame I
[PT] bx16 frame A 633,163 9x22
[PT] bx16 frame I
[PT] bx17 frame A 496,151 20x51
[PT] bx17 frame I
[PT] bx18 frame A 619,156 9x22
[PT] bx18 frame I
[PT] bx19 frame A 497,150 21x54
[PT] bx19 frame I
[PT] bx20 frame A 693,128 20x50
[PT] bx20 frame I
[PT] bx21 frame A 260,134 17x44
[PT] bx21 frame I
[PT] bx22 frame A 466,152 19x48
[PT] bx22 frame I
[PT] bx23 frame A 841,163 9x22
[PT] bx23 frame I
[PT] bx24 frame A 668,164 6x16
[PT] bx24 frame I
[PT] bx25 frame A 389,175 9x23
[PT] bx25 frame I
[PT] bx26 frame A 883,187 20x51
[PT] bx26 frame I
[PT] bx27 frame A 409,147 2x6
[PT] bx27 frame I
[PT] bx28 frame A 502,118 21x53
[PT] bx28 frame I
[PT] tick 476 enemies=50
[PT] bx0 frame A 386,139 2x6
[PT] bx0 frame I
[PT] bx1 frame A 382,174 9x23
[PT] bx1 frame I
[PT] bx2 frame A 482,170 2x5
[PT] bx2 frame I
[PT] bx3 frame A 500,164 7x17
[PT] bx3 frame I
[PT] bx4 frame A 485,164 7x17
[PT] bx4 frame I
[PT] bx5 frame A 471,164 7x16
[PT] bx5 frame I
[PT] bx6 frame A 444,164 6x16
[PT] bx6 frame I
[PT] bx7 frame A 446,164 6x14
[PT] bx7 frame I
[PT] bx8 frame A 457,164 6x14
[PT] bx8 frame I
[PT] bx9 frame A 786,208 39x98
[PT] bx9 frame I
[PT] bx10 frame A 568,159 8x21
[PT] bx10 frame I
[PT] bx11 frame A 278,170 8x19
[PT] bx11 frame I
[PT] bx12 frame A 886,167 6x15
[PT] bx12 frame I
[PT] bx13 frame A 262,166 5x13
[PT] bx13 frame I
[PT] bx14 frame A 256,166 5x13
[PT] bx14 frame I
[PT] bx15 frame A 494,149 23x57
[PT] bx15 frame I
[PT] bx16 frame A 625,162 9x22
[PT] bx16 frame I
[PT] bx17 frame A 489,151 20x51
[PT] bx17 frame I
[PT] bx18 frame A 611,156 9x22
[PT] bx18 frame I
[PT] bx19 frame A 491,149 21x54
[PT] bx19 frame I
[PT] bx20 frame A 685,128 20x50
[PT] bx20 frame I
[PT] bx21 frame A 253,133 18x44
[PT] bx21 frame I
[PT] bx22 frame A 460,151 19x48
[PT] bx22 frame I
[PT] bx23 frame A 830,162 9x22
[PT] bx23 frame I
[PT] bx24 frame A 662,163 6x16
[PT] bx24 frame I
[PT] bx25 frame A 382,174 9x23
[PT] bx25 frame I
[PT] bx26 frame A 871,186 20x50
[PT] bx26 frame I
[PT] bx27 frame A 402,146 2x6
[PT] bx27 frame I
[PT] bx28 frame A 497,119 21x53
[PT] bx28 frame I
[PT] tick 477 enemies=50
[PT] bx0 frame A 372,121 3x6
[PT] bx0 frame I
[PT] bx1 frame A 369,157 9x23
[PT] bx1 frame I
[PT] bx2 frame A 469,153 2x5
[PT] bx2 frame I
[PT] bx3 frame A 488,147 7x18
[PT] bx3 frame I
[PT] bx4 frame A 473,147 7x17
[PT] bx4 frame I
[PT] bx5 frame A 458,147 7x17
[PT] bx5 frame I
[PT] bx6 frame A 432,147 6x16
[PT] bx6 frame I
[PT] bx7 frame A 433,147 6x14
[PT] bx7 frame I
[PT] bx8 frame A 444,147 6x14
[PT] bx8 frame I
[PT] bx9 frame A 771,194 38x95
[PT] bx9 frame I
[PT] bx10 frame A 553,145 8x21
[PT] bx10 frame I
[PT] bx11 frame A 263,153 8x19
[PT] bx11 frame I
[PT] bx12 frame A 865,150 6x14
[PT] bx12 frame I
[PT] bx13 frame A 247,149 5x13
[PT] bx13 frame I
[PT] bx14 frame A 240,149 5x14
[PT] bx14 frame I
[PT] bx15 frame A 481,135 23x57
[PT] bx15 frame I
[PT] bx16 frame A 612,145 9x22
[PT] bx16 frame I
[PT] bx17 frame A 478,135 20x51
[PT] bx17 frame I
[PT] bx18 frame A 598,139 9x22
[PT] bx18 frame I
[PT] bx19 frame A 480,134 22x54
[PT] bx19 frame I
[PT] bx20 frame A 672,112 20x49
[PT] bx20 frame I
[PT] bx21 frame A 238,116 18x45
[PT] bx21 frame I
[PT] bx22 frame A 450,135 19x49
[PT] bx22 frame I
[PT] bx23 frame A 812,146 9x22
[PT] bx23 frame I
[PT] bx24 frame A 649,148 6x16
[PT] bx24 frame I
[PT] bx25 frame A 369,157 9x23
[PT] bx25 frame I
[PT] bx26 frame A 851,170 20x49
[PT] bx26 frame I
[PT] bx27 frame A 389,128 2x6
[PT] bx27 frame I
[PT] bx28 frame A 487,104 21x53
[PT] bx28 frame I
[PT] tick 478 enemies=50
[PT] bx0 frame A 358,120 3x6
[PT] bx0 frame I
[PT] bx1 frame A 356,156 9x23
[PT] bx1 frame I
[PT] bx2 frame A 456,152 2x5
[PT] bx2 frame I
[PT] bx3 frame A 475,146 7x18
[PT] bx3 frame I
[PT] bx4 frame A 460,146 7x17
[PT] bx4 frame I
[PT] bx5 frame A 445,146 7x17
[PT] bx5 frame I
[PT] bx6 frame A 419,146 6x16
[PT] bx6 frame I
[PT] bx7 frame A 420,146 6x14
[PT] bx7 frame I
[PT] bx8 frame A 431,146 6x14
[PT] bx8 frame I
[PT] bx9 frame A 755,193 37x93
[PT] bx9 frame I
[PT] bx10 frame A 538,144 8x21
[PT] bx10 frame I
[PT] bx11 frame A 248,152 8x19
[PT] bx11 frame I
[PT] bx12 frame A 842,148 6x14
[PT] bx12 frame I
[PT] bx13 frame A 230,148 5x14
[PT] bx13 frame I
[PT] bx14 frame A 224,148 6x14
[PT] bx14 frame I
[PT] bx15 frame A 468,134 23x57
[PT] bx15 frame I
[PT] bx16 frame A 598,144 9x22
[PT] bx16 frame I
[PT] bx17 frame A 467,134 20x51
[PT] bx17 frame I
[PT] bx18 frame A 585,138 9x22
[PT] bx18 frame I
[PT] bx19 frame A 468,133 22x54
[PT] bx19 frame I
[PT] bx20 frame A 657,112 20x49
[PT] bx20 frame I
[PT] bx21 frame A 224,115 18x45
[PT] bx21 frame I
[PT] bx22 frame A 440,134 19x49
[PT] bx22 frame I
[PT] bx23 frame A 792,144 8x21
[PT] bx23 frame I
[PT] bx24 frame A 638,147 6x16
[PT] bx24 frame I
[PT] ds24 text A 53m
[PT] ds24 text I
[PT] bx25 frame A 356,156 9x23
[PT] bx25 frame I
[PT] bx26 frame A 831,169 19x48
[PT] bx26 frame I
[PT] bx27 frame A 375,127 2x6
[PT] bx27 frame I
[PT] bx28 frame A 476,101 21x53
[PT] bx28 frame I
[PT] tick 479 enemies=50
[PT] bx0 frame A 352,124 3x6
[PT] bx0 frame I
[PT] bx1 frame A 349,160 9x23
[PT] bx1 frame I
[PT] bx2 frame A 449,155 2x5
[PT] bx2 frame I
[PT] bx3 frame A 468,149 7x18
[PT] bx3 frame I
[PT] bx4 frame A 453,149 7x17
[PT] bx4 frame I
[PT] bx5 frame A 439,149 7x17
[PT] bx5 frame I
[PT] bx6 frame A 412,149 6x16
[PT] bx6 frame I
[PT] bx7 frame A 414,149 6x14
[PT] bx7 frame I
[PT] bx8 frame A 425,149 6x14
[PT] bx8 frame I
[PT] bx9 frame A 747,195 37x93
[PT] bx9 frame I
[PT] bx10 frame A 532,148 8x21
[PT] bx10 frame I
[PT] bx11 frame A 240,156 8x19
[PT] bx11 frame I
[PT] bx12 frame A 831,152 6x14
[PT] bx12 frame I
[PT] bx13 frame A 223,151 5x14
[PT] bx13 frame I
[PT] bx14 frame A 216,151 6x14
[PT] bx14 frame I
[PT] bx15 frame A 464,137 23x57
[PT] bx15 frame I
[PT] bx16 frame A 591,148 9x22
[PT] bx16 frame I
[PT] bx17 frame A 461,137 20x51
[PT] bx17 frame I
[PT] bx18 frame A 578,141 9x21
[PT] bx18 frame I
[PT] bx19 frame A 463,136 21x54
[PT] bx19 frame I
[PT] bx20 frame A 650,115 19x48
[PT] bx20 frame I
[PT] bx21 frame A 218,118 18x46
[PT] bx21 frame I
[PT] bx22 frame A 436,137 19x49
[PT] bx22 frame I
[PT] bx23 frame A 782,148 8x21
[PT] bx23 frame I
[PT] bx24 frame A 635,151 6x16
[PT] bx24 frame I
[PT] ds24 text A 54m
[PT] ds24 text I
[PT] bx25 frame A 349,160 9x23
[PT] bx25 frame I
[PT] bx26 frame A 821,172 19x47
[PT] bx26 frame I
[PT] bx27 frame A 368,130 2x6
[PT] bx27 frame I
[PT] bx28 frame A 470,102 21x53
[PT] bx28 frame I
[PT] bx29 frame A 924,152 1x3
[PT] bx29 frame I
[PT] bx29 show A
[PT] nm29 show A
[PT] ds29 text A 339m
[PT] ds29 text I
[PT] ds29 show A
[PT] bx30 frame A 924,155 1x3
[PT] bx30 frame I
[PT] bx30 show A
[PT] nm30 show A
[PT] ds30 text A 338m
[PT] ds30 text I
[PT] ds30 show A
[PT] tick 480 enemies=50
[PT] bx0 frame A 353,124 3x6
[PT] bx0 frame I
[PT] bx1 frame A 350,161 9x23
[PT] bx1 frame I
[PT] bx2 frame A 450,156 2x5
[PT] bx2 frame I
[PT] bx3 frame A 470,150 7x18
[PT] bx3 frame I
[PT] bx4 frame A 454,150 7x17
[PT] bx4 frame I
[PT] bx5 frame A 440,150 7x17
[PT] bx5 frame I
[PT] bx6 frame A 413,150 6x16
[PT] bx6 frame I
[PT] bx7 frame A 415,150 6x14
[PT] bx7 frame I
[PT] bx8 frame A 426,150 6x14
[PT] bx8 frame I
[PT] bx9 frame A 748,196 37x93
[PT] bx9 frame I
[PT] bx10 frame A 537,149 8x21
[PT] bx10 frame I
[PT] bx11 frame A 241,157 8x19
[PT] bx11 frame I
[PT] bx12 frame A 833,153 6x14
[PT] bx12 frame I
[PT] bx13 frame A 224,152 5x14
[PT] bx13 frame I
[PT] bx14 frame A 217,152 6x14
[PT] bx14 frame I
[PT] bx16 frame A 593,149 9x22
[PT] bx16 frame I
[PT] bx18 frame A 579,142 9x21
[PT] bx18 frame I
[PT] bx20 frame A 651,116 19x48
[PT] bx20 frame I
[PT] bx21 frame A 221,119 18x45
[PT] bx21 frame I
[PT] bx22 frame A 438,138 19x49
[PT] bx22 frame I
[PT] bx23 frame A 783,149 8x21
[PT] bx23 frame I
[PT] bx24 frame A 639,151 6x16
[PT] bx24 frame I
[PT] bx25 frame A 350,161 9x23
[PT] bx25 frame I
[PT] bx26 frame A 822,172 19x47
[PT] bx26 frame I
[PT] bx27 frame A 369,131 2x6
[PT] bx27 frame I
[PT] bx28 frame A 472,105 21x53
[PT] bx28 frame I
[PT] bx29 hide A
[PT] nm29 hide A
[PT] ds29 hide A
[PT] bx30 hide A
[PT] nm30 hide A
[PT] ds30 hide A
[PT] tick 481 enemies=50
[PT] bx0 frame A 363,120 3x6
[PT] bx0 frame I
[PT] bx1 frame A 360,156 9x23
[PT] bx1 frame I
[PT] bx2 frame A 460,151 2x5
[PT] bx2 frame I
[PT] bx3 frame A 479,145 7x18
[PT] bx3 frame I
[PT] bx4 frame A 464,145 7x17
[PT] bx4 frame I
[PT] bx5 frame A 450,145 7x17
[PT] bx5 frame I
[PT] bx6 frame A 423,145 6x16
[PT] bx6 frame I
[PT] bx7 frame A 424,145 6x14
[PT] bx7 frame I
[PT] bx8 frame A 435,145 6x14
[PT] bx8 frame I
[PT] bx9 frame A 760,193 38x94
[PT] bx9 frame I
[PT] bx10 frame A 553,140 8x21
[PT] bx10 frame I
[PT] bx11 frame A 253,152 8x19
[PT] bx11 frame I
[PT] bx12 frame A 850,148 6x14
[PT] bx12 frame I
[PT] bx13 frame A 236,148 5x14
[PT] bx13 frame I
[PT] bx14 frame A 229,148 5x14
[PT] bx14 frame I
[PT] bx15 frame A 473,134 23x57
[PT] bx15 frame I
[PT] bx16 frame A 603,144 9x22
[PT] bx16 frame I
[PT] bx17 frame A 470,134 20x51
[PT] bx17 frame I
[PT] bx18 frame A 589,137 9x22
[PT] bx18 frame I
[PT] bx19 frame A 472,132 22x54
[PT] bx19 frame I
[PT] bx20 frame A 662,111 20x49
[PT] bx20 frame I
[PT] bx21 frame A 232,115 18x45
[PT] bx21 frame I
[PT] bx22 frame A 449,134 20x49
[PT] bx22 frame I
[PT] bx23 frame A 798,144 9x21
[PT] bx23 frame I
[PT] bx24 frame A 652,147 6x16
[PT] bx24 frame I
[PT] bx25 frame A 360,156 9x23
[PT] bx25 frame I
[PT] bx26 frame A 838,169 19x48
[PT] bx26 frame I
[PT] bx27 frame A 379,126 2x6
[PT] bx27 frame I
[PT] bx28 frame A 481,109 21x53
[PT] bx28 frame I
[PT] tick 482 enemies=50
[PT] bx0 frame A 365,143 2x6
[PT] bx0 frame I
[PT] bx1 frame A 362,178 9x23
[PT] bx1 frame I
[PT] bx2 frame A 462,174 2x5
[PT] bx2 frame I
[PT] bx3 frame A 480,168 7x17
[PT] bx3 frame I
[PT] bx4 frame A 465,168 7x17
[PT] bx4 frame I
[PT] bx5 frame A 451,168 7x16
[PT] bx5 frame I
[PT] bx6 frame A 424,168 6x16
[PT] bx6 frame I
[PT] bx7 frame A 426,168 6x14
[PT] bx7 frame I
[PT] bx8 frame A 437,168 6x14
[PT] bx8 frame I
[PT] bx9 frame A 761,210 38x95
[PT] bx9 frame I
[PT] bx10 frame A 558,159 8x21
[PT] bx10 frame I
[PT] bx11 frame A 255,174 8x19
[PT] bx11 frame I
[PT] bx12 frame A 850,171 6x14
[PT] bx12 frame I
[PT] bx13 frame A 239,170 5x13
[PT] bx13 frame I
[PT] bx14 frame A 232,170 5x14
[PT] bx14 frame I
[PT] bx15 frame A 474,154 23x56
[PT] bx15 frame I
[PT] bx16 frame A 603,166 9x22
[PT] bx16 frame I
[PT] bx17 frame A 470,154 20x51
[PT] bx17 frame I
[PT] bx18 frame A 590,159 9x21
[PT] bx18 frame I
[PT] bx19 frame A 473,153 21x53
[PT] bx19 frame I
[PT] bx20 frame A 662,132 19x48
[PT] bx20 frame I
[PT] bx21 frame A 238,136 18x44
[PT] bx21 frame I
[PT] bx22 frame A 451,154 19x48
[PT] bx22 frame I
[PT] bx23 frame A 798,166 8x21
[PT] bx23 frame I
[PT] bx24 frame A 651,169 6x16
[PT] bx24 frame I
[PT] bx25 frame A 362,178 9x23
[PT] bx25 frame I
[PT] bx26 frame A 838,189 19x48
[PT] bx26 frame I
[PT] bx27 frame A 381,149 2x6
[PT] bx27 frame I
[PT] bx28 frame A 480,136 21x52
[PT] bx28 frame I
[PT] tick 483 enemies=50
[PT] bx0 frame A 368,137 3x6
[PT] bx0 frame I
[PT] bx1 frame A 364,172 9x23
[PT] bx1 frame I
[PT] bx2 frame A 464,169 2x5
[PT] bx2 frame I
[PT] bx3 frame A 483,162 7x17
[PT] bx3 frame I
[PT] bx4 frame A 468,162 7x17
[PT] bx4 frame I
[PT] bx5 frame A 453,162 7x17
[PT] bx5 frame I
[PT] bx6 frame A 427,162 6x16
[PT] bx6 frame I
[PT] bx7 frame A 428,162 6x14
[PT] bx7 frame I
[PT] bx8 frame A 439,162 6x14
[PT] bx8 frame I
[PT] bx9 frame A 764,206 38x95
[PT] bx9 frame I
[PT] bx10 frame A 565,151 8x21
[PT] bx10 frame I
[PT] bx11 frame A 258,169 8x19
[PT] bx11 frame I
[PT] bx12 frame A 854,165 6x14
[PT] bx12 frame I
[PT] bx13 frame A 241,165 5x13
[PT] bx13 frame I
[PT] bx14 frame A 235,165 5x14
[PT] bx14 frame I
[PT] bx15 frame A 476,149 23x56
[PT] bx15 frame I
[PT] bx16 frame A 606,161 9x22
[PT] bx16 frame I
[PT] bx17 frame A 472,149 20x51
[PT] bx17 frame I
[PT] bx18 frame A 592,154 9x22
[PT] bx18 frame I
[PT] bx19 frame A 475,148 21x54
[PT] bx19 frame I
[PT] bx20 frame A 665,127 19x49
[PT] bx20 frame I
[PT] bx21 frame A 241,131 18x44
[PT] bx21 frame I
[PT] bx22 frame A 454,149 19x48
[PT] bx22 frame I
[PT] bx23 frame A 802,161 8x21
[PT] bx23 frame I
[PT] bx24 frame A 654,164 6x16
[PT] bx24 frame I
[PT] bx25 frame A 364,172 9x23
[PT] bx25 frame I
[PT] bx26 frame A 842,184 19x49
[PT] bx26 frame I
[PT] bx27 frame A 384,144 2x6
[PT] bx27 frame I
[PT] bx28 frame A 481,136 21x52
[PT] bx28 frame I
[PT] tick 484 enemies=50
[PT] bx0 frame A 373,135 2x6
[PT] bx0 frame I
[PT] bx1 frame A 371,170 9x23
[PT] bx1 frame I
[PT] bx2 frame A 469,166 2x5
[PT] bx2 frame I
[PT] bx3 frame A 489,160 7x17
[PT] bx3 frame I
[PT] bx4 frame A 474,160 7x17
[PT] bx4 frame I
[PT] bx5 frame A 460,160 7x17
[PT] bx5 frame I
[PT] bx6 frame A 433,160 6x16
[PT] bx6 frame I
[PT] bx7 frame A 434,160 6x14
[PT] bx7 frame I
[PT] bx8 frame A 445,160 6x14
[PT] bx8 frame I
[PT] bx9 frame A 780,204 38x96
[PT] bx9 frame I
[PT] bx10 frame A 578,147 9x21
[PT] bx10 frame I
[PT] bx11 frame A 265,167 8x19
[PT] bx11 frame I
[PT] bx12 frame A 864,163 6x14
[PT] bx12 frame I
[PT] bx13 frame A 248,162 5x13
[PT] bx13 frame I
[PT] bx14 frame A 242,162 5x13
[PT] bx14 frame I
[PT] bx15 frame A 486,147 23x57
[PT] bx15 frame I
[PT] bx16 frame A 614,159 9x22
[PT] bx16 frame I
[PT] bx17 frame A 481,147 20x51
[PT] bx17 frame I
[PT] bx18 frame A 600,152 9x22
[PT] bx18 frame I
[PT] bx19 frame A 485,146 21x54
[PT] bx19 frame I
[PT] bx20 frame A 675,125 20x49
[PT] bx20 frame I
[PT] bx21 frame A 251,129 18x44
[PT] bx21 frame I
[PT] bx22 frame A 463,148 19x48
[PT] bx22 frame I
[PT] bx23 frame A 812,159 9x21
[PT] bx23 frame I
[PT] bx24 frame A 662,162 6x16
[PT] bx24 frame I
[PT] bx25 frame A 371,170 9x23
[PT] bx25 frame I
[PT] bx26 frame A 855,182 20x49
[PT] bx26 frame I
[PT] bx27 frame A 389,142 2x6
[PT] bx27 frame I
[PT] bx28 frame A 490,140 21x52
[PT] bx28 frame I
[PT] tick 485 enemies=50
[PT] bx0 frame A 376,132 3x6
[PT] bx0 frame I
[PT] bx1 frame A 374,168 9x23
[PT] bx1 frame I
[PT] bx2 frame A 472,163 2x5
[PT] bx2 frame I
[PT] bx3 frame A 492,157 7x17
[PT] bx3 frame I
[PT] bx4 frame A 477,157 7x17
[PT] bx4 frame I
[PT] bx5 frame A 462,157 7x17
[PT] bx5 frame I
[PT] bx6 frame A 436,157 6x16
[PT] bx6 frame I
[PT] bx7 frame A 437,157 6x14
[PT] bx7 frame I
[PT] bx8 frame A 448,157 6x14
[PT] bx8 frame I
[PT] bx9 frame A 787,202 38x96
[PT] bx9 frame I
[PT] bx10 frame A 587,143 9x21
[PT] bx10 frame I
[PT] bx11 frame A 269,164 8x19
[PT] bx11 frame I
[PT] bx12 frame A 869,160 6x14
[PT] bx12 frame I
[PT] bx13 frame A 251,159 5x13
[PT] bx13 frame I
[PT] bx14 frame A 245,160 5x13
[PT] bx14 frame I
[PT] bx15 frame A 491,144 23x57
[PT] bx15 frame I
[PT] bx16 frame A 617,156 9x22
[PT] bx16 frame I
[PT] bx17 frame A 486,145 20x51
[PT] bx17 frame I
[PT] bx18 frame A 603,149 9x22
[PT] bx18 frame I
[PT] bx19 frame A 489,143 21x54
[PT] bx19 frame I
[PT] bx20 frame A 680,122 20x49
[PT] bx20 frame I
[PT] bx21 frame A 257,127 18x44
[PT] bx21 frame I
[PT] bx22 frame A 466,145 19x48
[PT] bx22 frame I
[PT] bx23 frame A 816,156 9x22
[PT] bx23 frame I
[PT] bx24 frame A 665,159 6x16
[PT] bx24 frame I
[PT] bx25 frame A 374,168 9x23
[PT] bx25 frame I
[PT] bx26 frame A 861,180 20x49
[PT] bx26 frame I
[PT] bx27 frame A 392,139 2x6
[PT] bx27 frame I
[PT] bx28 frame A 494,144 21x52
[PT] bx28 frame I
[PT] tick 486 enemies=50
[PT] bx0 frame A 374,135 2x6
[PT] bx0 frame I
[PT] bx1 frame A 373,170 9x23
[PT] bx1 frame I
[PT] bx2 frame A 470,166 2x5
[PT] bx2 frame I
[PT] bx3 frame A 491,160 7x17
[PT] bx3 frame I
[PT] bx4 frame A 476,160 7x17
[PT] bx4 frame I
[PT] bx5 frame A 461,160 7x17
[PT] bx5 frame I
[PT] bx6 frame A 435,160 6x16
[PT] bx6 frame I
[PT] bx7 frame A 436,160 6x14
[PT] bx7 frame I
[PT] bx8 frame A 447,160 6x14
[PT] bx8 frame I
[PT] bx9 frame A 787,204 38x96
[PT] bx9 frame I
[PT] bx10 frame A 590,146 9x22
[PT] bx10 frame I
[PT] ds10 text A 37m
[PT] ds10 text I
[PT] bx11 frame A 267,166 8x19
[PT] bx11 frame I
[PT] bx12 frame A 866,163 6x14
[PT] bx12 frame I
[PT] bx13 frame A 250,162 5x13
[PT] bx13 frame I
[PT] bx14 frame A 244,162 5x13
[PT] bx14 frame I
[PT] bx15 frame A 490,147 23x57
[PT] bx15 frame I
[PT] bx16 frame A 616,158 9x22
[PT] bx16 frame I
[PT] bx17 frame A 485,147 20x51
[PT] bx17 frame I
[PT] bx18 frame A 602,152 9x22
[PT] bx18 frame I
[PT] bx19 frame A 489,145 21x54
[PT] bx19 frame I
[PT] bx20 frame A 679,124 20x49
[PT] bx20 frame I
[PT] bx21 frame A 257,129 18x44
[PT] bx21 frame I
[PT] bx22 frame A 465,147 19x48
[PT] bx22 frame I
[PT] bx23 frame A 814,158 9x21
[PT] bx23 frame I
[PT] bx24 frame A 663,161 6x16
[PT] bx24 frame I
[PT] bx25 frame A 373,170 9x23
[PT] bx25 frame I
[PT] bx26 frame A 859,182 20x49
[PT] bx26 frame I
[PT] bx27 frame A 390,141 2x6
[PT] bx27 frame I
[PT] bx28 frame A 495,150 21x52
[PT] bx28 frame I
[PT] tick 487 enemies=50
[PT] bx0 frame A 376,141 2x6
[PT] bx0 frame I
[PT] bx1 frame A 375,175 9x23
[PT] bx1 frame I
[PT] bx2 frame A 472,172 2x5
[PT] bx2 frame I
[PT] bx3 frame A 492,165 7x17
[PT] bx3 frame I
[PT] bx4 frame A 477,165 7x17
[PT] bx4 frame I
[PT] bx5 frame A 463,165 7x16
[PT] bx5 frame I
[PT] bx6 frame A 436,165 6x16
[PT] bx6 frame I
[PT] bx7 frame A 437,165 6x14
[PT] bx7 frame I
[PT] bx8 frame A 448,165 6x14
[PT] bx8 frame I
[PT] bx9 frame A 789,208 38x96
[PT] bx9 frame I
[PT] bx10 frame A 593,152 9x22
[PT] bx10 frame I
[PT] bx11 frame A 269,172 8x19
[PT] bx11 frame I
[PT] bx12 frame A 869,168 6x14
[PT] bx12 frame I
[PT] bx13 frame A 252,168 5x13
[PT] bx13 frame I
[PT] bx14 frame A 246,168 5x13
[PT] bx14 frame I
[PT] bx15 frame A 492,151 23x56
[PT] bx15 frame I
[PT] bx16 frame A 617,164 9x22
[PT] bx16 frame I
[PT] bx17 frame A 487,152 20x51
[PT] bx17 frame I
[PT] bx18 frame A 603,157 9x22
[PT] bx18 frame I
[PT] bx19 frame A 491,150 21x54
[PT] bx19 frame I
[PT] bx20 frame A 681,129 20x49
[PT] bx20 frame I
[PT] bx21 frame A 261,134 18x44
[PT] bx21 frame I
[PT] bx22 frame A 467,152 19x48
[PT] bx22 frame I
[PT] bx23 frame A 816,164 9x21
[PT] bx23 frame I
[PT] bx24 frame A 665,167 6x16
[PT] bx24 frame I
[PT] bx25 frame A 375,175 9x23
[PT] bx25 frame I
[PT] bx26 frame A 862,187 20x49
[PT] bx26 frame I
[PT] bx27 frame A 918,161 13x32
[PT] bx27 frame I
[PT] nm27 text A Player
[PT] nm27 text I
[PT] ds27 text A 34m
[PT] ds27 text I
[PT] bx28 frame A 392,147 2x6
[PT] bx28 frame I
[PT] nm28 text A BOT
[PT] nm28 text I
[PT] ds28 text A 145m
[PT] ds28 text I
[PT] bx29 frame A 497,153 21x52
[PT] bx29 frame I
[PT] bx29 show A
[PT] nm29 show A
[PT] ds29 text A 14m
[PT] ds29 text I
[PT] ds29 show A
[PT] tick 488 enemies=50
[PT] bx0 frame A 373,138 2x6
[PT] bx0 frame I
[PT] bx1 frame A 372,173 9x23
[PT] bx1 frame I
[PT] bx2 frame A 469,169 2x5
[PT] bx2 frame I
[PT] bx3 frame A 490,163 7x17
[PT] bx3 frame I
[PT] bx4 frame A 474,163 7x17
[PT] bx4 frame I
[PT] bx5 frame A 460,163 7x16
[PT] bx5 frame I
[PT] bx6 frame A 434,163 6x16
[PT] bx6 frame I
[PT] bx7 frame A 435,163 6x14
[PT] bx7 frame I
[PT] bx8 frame A 445,163 6x14
[PT] bx8 frame I
[PT] bx9 frame A 786,206 38x96
[PT] bx9 frame I
[PT] bx10 frame A 591,152 9x22
[PT] bx10 frame I
[PT] bx11 frame A 266,169 8x19
[PT] bx11 frame I
[PT] bx12 frame A 864,166 6x14
[PT] bx12 frame I
[PT] bx13 frame A 249,165 5x13
[PT] bx13 frame I
[PT] bx14 frame A 242,165 5x13
[PT] bx14 frame I
[PT] bx15 frame A 489,149 23x56
[PT] bx15 frame I
[PT] bx16 frame A 614,161 9x22
[PT] bx16 frame I
[PT] bx17 frame A 484,150 20x51
[PT] bx17 frame I
[PT] bx18 frame A 600,155 9x22
[PT] bx18 frame I
[PT] bx19 frame A 488,148 21x54
[PT] bx19 frame I
[PT] bx20 frame A 678,127 20x49
[PT] bx20 frame I
[PT] bx21 frame A 258,132 18x44
[PT] bx21 frame I
[PT] bx22 frame A 464,150 19x47
[PT] bx22 frame I
[PT] bx23 frame A 812,161 9x21
[PT] bx23 frame I
[PT] bx24 frame A 662,164 6x16
[PT] bx24 frame I
[PT] bx25 frame A 372,173 9x23
[PT] bx25 frame I
[PT] bx26 frame A 857,185 20x49
[PT] bx26 frame I
[PT] bx27 frame A 900,159 13x31
[PT] bx27 frame I
[PT] bx28 frame A 389,145 2x6
[PT] bx28 frame I
[PT] bx29 frame A 495,147 21x52
[PT] bx29 frame I
[PT] tick 489 enemies=50
[PT] bx0 frame A 375,139 2x6
[PT] bx0 frame I
[PT] bx1 frame A 374,174 9x23
[PT] bx1 frame I
[PT] bx2 frame A 470,170 2x5
[PT] bx2 frame I
[PT] bx3 frame A 491,164 7x17
[PT] bx3 frame I
[PT] bx4 frame A 476,164 7x17
[PT] bx4 frame I
[PT] bx5 frame A 462,164 7x16
[PT] bx5 frame I
[PT] bx6 frame A 435,164 6x16
[PT] bx6 frame I
[PT] bx7 frame A 436,164 6x14
[PT] bx7 frame I
[PT] bx8 frame A 447,164 6x14
[PT] bx8 frame I
[PT] bx9 frame A 788,207 38x96
[PT] bx9 frame I
[PT] bx10 frame A 593,156 9x22
[PT] bx10 frame I
[PT] bx11 frame A 268,170 8x19
[PT] bx11 frame I
[PT] bx12 frame A 866,167 6x14
[PT] bx12 frame I
[PT] bx13 frame A 250,166 5x13
[PT] bx13 frame I
[PT] bx14 frame A 244,166 5x13
[PT] bx14 frame I
[PT] bx15 frame A 491,150 23x56
[PT] bx15 frame I
[PT] bx16 frame A 616,162 9x22
[PT] bx16 frame I
[PT] bx17 frame A 486,151 20x51
[PT] bx17 frame I
[PT] bx18 frame A 602,156 9x22
[PT] bx18 frame I
[PT] bx19 frame A 489,149 21x54
[PT] bx19 frame I
[PT] bx20 frame A 679,128 20x49
[PT] bx20 frame I
[PT] bx21 frame A 261,133 18x44
[PT] bx21 frame I
[PT] bx23 frame A 814,162 9x21
[PT] bx23 frame I
[PT] bx24 frame A 664,165 6x16
[PT] bx24 frame I
[PT] bx25 frame A 374,174 9x23
[PT] bx25 frame I
[PT] bx26 frame A 859,186 20x49
[PT] bx26 frame I
[PT] bx27 frame A 892,160 12x31
[PT] bx27 frame I
[PT] bx28 frame A 390,146 2x6
[PT] bx28 frame I
[PT] bx29 frame A 499,146 21x52
[PT] bx29 frame I
[PT] ds29 text A 13m
[PT] ds29 text I
[PT] tick 490 enemies=50
[PT] bx0 frame A 371,141 2x6
[PT] bx0 frame I
[PT] bx1 frame A 370,176 9x23
[PT] bx1 frame I
[PT] bx2 frame A 467,172 2x5
[PT] bx2 frame I
[PT] bx3 frame A 488,166 7x17
[PT] bx3 frame I
[PT] bx4 frame A 473,166 7x17
[PT] bx4 frame I
[PT] bx5 frame A 458,166 7x16
[PT] bx5 frame I
[PT] bx6 frame A 432,166 6x16
[PT] bx6 frame I
[PT] bx7 frame A 433,166 6x14
[PT] bx7 frame I
[PT] bx8 frame A 444,166 6x14
[PT] bx8 frame I
[PT] bx9 frame A 783,208 38x95
[PT] bx9 frame I
[PT] bx10 frame A 590,162 9x22
[PT] bx10 frame I
[PT] ds10 text A 36m
[PT] ds10 text I
[PT] bx11 frame A 264,172 8x19
[PT] bx11 frame I
[PT] bx12 frame A 860,169 6x14
[PT] bx12 frame I
[PT] bx13 frame A 246,168 5x13
[PT] bx13 frame I
[PT] bx14 frame A 240,168 5x13
[PT] bx14 frame I
[PT] bx15 frame A 488,152 23x56
[PT] bx15 frame I
[PT] bx16 frame A 612,164 9x22
[PT] bx16 frame I
[PT] bx17 frame A 483,152 20x51
[PT] bx17 frame I
[PT] bx18 frame A 598,157 9x22
[PT] bx18 frame I
[PT] bx19 frame A 487,151 21x53
[PT] bx19 frame I
[PT] bx20 frame A 675,130 19x49
[PT] bx20 frame I
[PT] bx21 frame A 259,134 18x44
[PT] bx21 frame I
[PT] bx22 frame A 461,153 19x47
[PT] bx22 frame I
[PT] bx23 frame A 809,164 9x21
[PT] bx23 frame I
[PT] bx24 frame A 660,167 6x16
[PT] bx24 frame I
[PT] bx25 frame A 370,176 9x23
[PT] bx25 frame I
[PT] bx26 frame A 854,187 20x49
[PT] bx26 frame I
[PT] bx27 frame A 873,162 12x30
[PT] bx27 frame I
[PT] bx28 frame A 387,147 2x6
[PT] bx28 frame I
[PT] bx29 frame A 498,145 21x53
[PT] bx29 frame I
[PT] tick 491 enemies=50
[PT] bx0 frame A 366,140 3x6
[PT] bx0 frame I
[PT] bx1 frame A 365,175 9x23
[PT] bx1 frame I
[PT] bx2 frame A 462,171 2x5
[PT] bx2 frame I
[PT] bx3 frame A 483,165 7x17
[PT] bx3 frame I
[PT] bx4 frame A 468,165 7x17
[PT] bx4 frame I
[PT] bx5 frame A 453,165 7x16
[PT] bx5 frame I
[PT] bx6 frame A 427,165 6x16
[PT] bx6 frame I
[PT] bx7 frame A 428,165 6x14
[PT] bx7 frame I
[PT] bx8 frame A 439,165 6x14
[PT] bx8 frame I
[PT] bx9 frame A 777,207 38x95
[PT] bx9 frame I
[PT] bx10 frame A 586,163 9x22
[PT] bx10 frame I
[PT] bx11 frame A 258,171 8x19
[PT] bx11 frame I
[PT] bx12 frame A 852,168 6x14
[PT] bx12 frame I
[PT] bx13 frame A 240,167 5x13
[PT] bx13 frame I
[PT] bx14 frame A 234,167 5x14
[PT] bx14 frame I
[PT] bx15 frame A 483,151 23x56
[PT] bx15 frame I
[PT] bx16 frame A 607,163 9x22
[PT] bx16 frame I
[PT] bx17 frame A 478,151 20x51
[PT] bx17 frame I
[PT] bx18 frame A 593,157 9x21
[PT] bx18 frame I
[PT] bx19 frame A 482,150 21x53
[PT] bx19 frame I
[PT] bx20 frame A 670,129 19x48
[PT] bx20 frame I
[PT] bx21 frame A 254,134 18x44
[PT] bx21 frame I
[PT] bx22 frame A 457,152 19x47
[PT] bx22 frame I
[PT] bx23 frame A 801,163 8x21
[PT] bx23 frame I
[PT] bx24 frame A 654,166 6x16
[PT] bx24 frame I
[PT] bx25 frame A 365,175 9x23
[PT] bx25 frame I
[PT] bx26 frame A 846,186 19x48
[PT] bx26 frame I
[PT] bx27 frame A 858,161 12x30
[PT] bx27 frame I
[PT] bx28 frame A 382,146 2x6
[PT] bx28 frame I
[PT] bx29 frame A 494,140 21x53
[PT] bx29 frame I
[PT] tick 492 enemies=50
[PT] bx0 frame A 363,142 3x6
[PT] bx0 frame I
[PT] bx1 frame A 363,176 9x23
[PT] bx1 frame I
[PT] bx2 frame A 460,173 2x5
[PT] bx2 frame I
[PT] bx3 frame A 480,166 7x17
[PT] bx3 frame I
[PT] bx4 frame A 465,166 7x17
[PT] bx4 frame I
[PT] bx5 frame A 451,166 7x16
[PT] bx5 frame I
[PT] bx6 frame A 424,166 6x16
[PT] bx6 frame I
[PT] bx7 frame A 425,166 6x14
[PT] bx7 frame I
[PT] bx8 frame A 436,166 6x14
[PT] bx8 frame I
[PT] bx9 frame A 774,208 38x94
[PT] bx9 frame I
[PT] bx10 frame A 583,165 9x22
[PT] bx10 frame I
[PT] bx11 frame A 255,173 8x19
[PT] bx11 frame I
[PT] bx12 frame A 847,169 6x14
[PT] bx12 frame I
[PT] bx13 frame A 237,169 5x13
[PT] bx13 frame I
[PT] bx14 frame A 231,169 5x14
[PT] bx14 frame I
[PT] bx15 frame A 481,143 23x57
[PT] bx15 frame I
[PT] bx16 frame A 604,165 9x22
[PT] bx16 frame I
[PT] bx17 frame A 476,153 20x51
[PT] bx17 frame I
[PT] bx18 frame A 590,158 9x21
[PT] bx18 frame I
[PT] bx19 frame A 480,151 21x53
[PT] bx19 frame I
[PT] bx20 frame A 667,131 19x48
[PT] bx20 frame I
[PT] bx21 frame A 252,135 18x44
[PT] bx21 frame I
[PT] bx22 frame A 454,154 19x47
[PT] bx22 frame I
[PT] bx23 frame A 798,165 8x21
[PT] bx23 frame I
[PT] bx24 frame A 651,168 6x16
[PT] bx24 frame I
[PT] bx25 frame A 363,176 9x23
[PT] bx25 frame I
[PT] bx26 frame A 842,187 19x48
[PT] bx26 frame I
[PT] bx27 frame A 843,162 12x29
[PT] bx27 frame I
[PT] bx28 frame A 379,148 2x6
[PT] bx28 frame I
[PT] bx29 frame A 492,139 21x53
[PT] bx29 frame I
[PT] tick 493 enemies=49
[PT] bx0 frame A 362,140 3x6
[PT] bx0 frame I
[PT] bx1 frame A 362,175 9x23
[PT] bx1 frame I
[PT] bx2 frame A 458,171 2x5
[PT] bx2 frame I
[PT] bx3 frame A 479,165 7x17
[PT] bx3 frame I
[PT] bx4 frame A 464,165 7x17
[PT] bx4 frame I
[PT] bx5 frame A 450,165 7x16
[PT] bx5 frame I
[PT] bx6 frame A 423,165 6x16
[PT] bx6 frame I
[PT] bx7 frame A 424,165 6x14
[PT] bx7 frame I
[PT] bx8 frame A 435,165 6x14
[PT] bx8 frame I
[PT] bx9 frame A 773,207 38x94
[PT] bx9 frame I
[PT] bx10 frame A 582,163 9x22
[PT] bx10 frame I
[PT] bx11 frame A 254,171 8x19
[PT] bx11 frame I
[PT] bx12 frame A 845,167 6x14
[PT] bx12 frame I
[PT] bx13 frame A 236,167 5x13
[PT] bx13 frame I
[PT] bx14 frame A 229,167 5x14
[PT] bx14 frame I
[PT] bx15 frame A 480,131 23x57
[PT] bx15 frame I
[PT] bx16 frame A 603,163 9x22
[PT] bx16 frame I
[PT] bx17 frame A 475,151 20x51
[PT] bx17 frame I
[PT] bx18 frame A 589,156 9x21
[PT] bx18 frame I
[PT] bx19 frame A 479,150 21x53
[PT] bx19 frame I
[PT] bx20 frame A 666,129 19x48
[PT] bx20 frame I
[PT] bx21 frame A 252,133 18x45
[PT] bx21 frame I
[PT] bx22 frame A 453,152 19x47
[PT] bx22 frame I
[PT] bx23 frame A 796,163 8x21
[PT] bx23 frame I
[PT] bx24 frame A 650,166 6x16
[PT] bx24 frame I
[PT] bx25 frame A 362,175 9x23
[PT] bx25 frame I
[PT] bx26 frame A 829,161 12x29
[PT] bx26 frame I
[PT] ds26 text A 34m
[PT] ds26 text I
[PT] bx27 frame A 378,146 2x6
[PT] bx27 frame I
[PT] nm27 text A BOT
[PT] nm27 text I
[PT] ds27 text A 145m
[PT] ds27 text I
[PT] bx28 frame A 491,137 21x53
[PT] bx28 frame I
[PT] nm28 text A Player
[PT] nm28 text I
[PT] ds28 text A 13m
[PT] ds28 text I
[PT] bx29 hide A
[PT] nm29 hide A
[PT] ds29 hide A
[PT] tick 494 enemies=49
[PT] bx0 frame A 363,136 3x6
[PT] bx0 frame I
[PT] bx1 frame A 362,172 9x23
[PT] bx1 frame I
[PT] bx2 frame A 460,168 2x5
[PT] bx2 frame I
[PT] bx3 frame A 480,161 7x17
[PT] bx3 frame I
[PT] bx4 frame A 465,161 7x17
[PT] bx4 frame I
[PT] bx5 frame A 450,161 7x17
[PT] bx5 frame I
[PT] bx6 frame A 424,161 6x16
[PT] bx6 frame I
[PT] bx7 frame A 425,161 6x14
[PT] bx7 frame I
[PT] bx8 frame A 436,161 6x14
[PT] bx8 frame I
[PT] bx9 frame A 770,205 38x94
[PT] bx9 frame I
[PT] bx10 frame A 582,158 9x22
[PT] bx10 frame I
[PT] ds10 text A 37m
[PT] ds10 text I
[PT] bx11 frame A 254,168 8x19
[PT] bx11 frame I
[PT] bx12 frame A 848,164 6x14
[PT] bx12 frame I
[PT] bx13 frame A 237,164 5x13
[PT] bx13 frame I
[PT] bx14 frame A 230,164 5x14
[PT] bx14 frame I
[PT] bx15 frame A 479,122 23x57
[PT] bx15 frame I
[PT] bx16 frame A 606,160 9x22
[PT] bx16 frame I
[PT] bx17 frame A 474,148 20x51
[PT] bx17 frame I
[PT] bx18 frame A 590,153 9x21
[PT] bx18 frame I
[PT] bx19 frame A 477,147 21x54
[PT] bx19 frame I
[PT] bx20 frame A 665,126 19x48
[PT] bx20 frame I
[PT] bx21 frame A 252,130 18x45
[PT] bx21 frame I
[PT] bx22 frame A 453,150 19x47
[PT] bx22 frame I
[PT] bx23 frame A 797,160 8x21
[PT] bx23 frame I
[PT] bx24 frame A 651,163 6x16
[PT] bx24 frame I
[PT] bx25 frame A 362,172 9x23
[PT] bx25 frame I
[PT] bx26 frame A 825,158 12x29
[PT] bx26 frame I
[PT] bx27 frame A 379,143 2x6
[PT] bx27 frame I
[PT] bx28 frame A 488,134 21x53
[PT] bx28 frame I
[PT] tick 495 enemies=49
[PT] bx0 frame A 368,135 3x6
[PT] bx0 frame I
[PT] bx1 frame A 365,170 9x23
[PT] bx1 frame I
[PT] bx2 frame A 464,166 2x5
[PT] bx2 frame I
[PT] bx3 frame A 484,160 7x17
[PT] bx3 frame I
[PT] bx4 frame A 468,160 7x17
[PT] bx4 frame I
[PT] bx5 frame A 454,160 7x17
[PT] bx5 frame I
[PT] bx6 frame A 428,160 6x16
[PT] bx6 frame I
[PT] bx7 frame A 429,160 6x14
[PT] bx7 frame I
[PT] bx8 frame A 440,160 6x14
[PT] bx8 frame I
[PT] bx10 frame A 585,152 9x22
[PT] bx10 frame I
[PT] bx11 frame A 259,166 8x19
[PT] bx11 frame I
[PT] bx12 frame A 855,163 6x14
[PT] bx12 frame I
[PT] bx13 frame A 242,162 5x13
[PT] bx13 frame I
[PT] bx14 frame A 236,162 5x14
[PT] bx14 frame I
[PT] bx15 frame A 479,115 23x57
[PT] bx15 frame I
[PT] bx16 frame A 617,158 9x22
[PT] bx16 frame I
[PT] ds16 text A 38m
[PT] ds16 text I
[PT] bx17 frame A 474,147 20x51
[PT] bx17 frame I
[PT] bx18 frame A 594,152 9x22
[PT] bx18 frame I
[PT] bx19 frame A 478,145 21x54
[PT] bx19 frame I
[PT] bx20 frame A 667,125 19x49
[PT] bx20 frame I
[PT] bx21 frame A 255,129 18x44
[PT] bx21 frame I
[PT] bx22 frame A 455,148 19x47
[PT] bx22 frame I
[PT] bx23 frame A 803,158 8x21
[PT] bx23 frame I
[PT] bx24 frame A 655,161 6x16
[PT] bx24 frame I
[PT] bx25 frame A 365,170 9x23
[PT] bx25 frame I
[PT] bx26 frame A 817,156 12x29
[PT] bx26 frame I
[PT] bx27 frame A 384,141 2x6
[PT] bx27 frame I
[PT] bx28 frame A 487,133 21x53
[PT] bx28 frame I
[PT] tick 496 enemies=49
[PT] bx0 frame A 373,130 3x6
[PT] bx0 frame I
[PT] bx1 frame A 370,166 9x23
[PT] bx1 frame I
[PT] bx2 frame A 470,162 2x5
[PT] bx2 frame I
[PT] bx3 frame A 488,155 7x17
[PT] bx3 frame I
[PT] bx4 frame A 473,155 7x17
[PT] bx4 frame I
[PT] bx5 frame A 459,155 7x17
[PT] bx5 frame I
[PT] bx6 frame A 433,155 6x16
[PT] bx6 frame I
[PT] bx7 frame A 434,155 6x14
[PT] bx7 frame I
[PT] bx8 frame A 445,155 6x14
[PT] bx8 frame I
[PT] bx9 frame A 773,201 38x95
[PT] bx9 frame I
[PT] bx10 frame A 586,146 9x22
[PT] bx10 frame I
[PT] bx11 frame A 264,162 8x19
[PT] bx11 frame I
[PT] bx12 frame A 865,158 6x14
[PT] bx12 frame I
[PT] bx13 frame A 248,158 5x13
[PT] bx13 frame I
[PT] bx14 frame A 242,158 5x13
[PT] bx14 frame I
[PT] bx15 frame A 482,109 23x58
[PT] bx15 frame I
[PT] bx16 frame A 629,154 9x22
[PT] bx16 frame I
[PT] bx17 frame A 478,143 20x51
[PT] bx17 frame I
[PT] bx18 frame A 599,147 9x22
[PT] bx18 frame I
[PT] bx19 frame A 481,142 21x54
[PT] bx19 frame I
[PT] bx20 frame A 672,120 20x49
[PT] bx20 frame I
[PT] bx21 frame A 261,125 18x44
[PT] bx21 frame I
[PT] bx22 frame A 459,144 19x46
[PT] bx22 frame I
[PT] bx23 frame A 812,154 9x21
[PT] bx23 frame I
[PT] bx24 frame A 662,157 6x16
[PT] bx24 frame I
[PT] bx25 frame A 370,166 9x23
[PT] bx25 frame I
[PT] bx26 frame A 818,152 12x29
[PT] bx26 frame I
[PT] bx27 frame A 389,137 2x6
[PT] bx27 frame I
[PT] bx28 frame A 489,130 21x53
[PT] bx28 frame I
[PT] ds28 text A 14m
[PT] ds28 text I
[PT] tick 497 enemies=49
[PT] bx0 frame A 373,135 2x6
[PT] bx0 frame I
[PT] bx1 frame A 369,170 9x23
[PT] bx1 frame I
[PT] bx2 frame A 469,166 2x5
[PT] bx2 frame I
[PT] bx3 frame A 488,160 7x17
[PT] bx3 frame I
[PT] bx4 frame A 473,160 7x17
[PT] bx4 frame I
[PT] bx5 frame A 458,160 7x17
[PT] bx5 frame I
[PT] bx6 frame A 432,160 6x16
[PT] bx6 frame I
[PT] bx7 frame A 433,160 6x14
[PT] bx7 frame I
[PT] bx8 frame A 444,160 6x14
[PT] bx8 frame I
[PT] bx9 frame A 771,204 38x96
[PT] bx9 frame I
[PT] bx10 frame A 581,152 9x21
[PT] bx10 frame I
[PT] ds10 text A 38m
[PT] ds10 text I
[PT] bx11 frame A 264,166 8x19
[PT] bx11 frame I
[PT] bx12 frame A 864,163 6x14
[PT] bx12 frame I
[PT] bx13 frame A 247,162 5x13
[PT] bx13 frame I
[PT] bx14 frame A 241,162 5x13
[PT] bx14 frame I
[PT] bx15 frame A 481,114 23x57
[PT] bx15 frame I
[PT] bx16 frame A 632,161 9x22
[PT] bx16 frame I
[PT] bx17 frame A 477,147 20x51
[PT] bx17 frame I
[PT] bx18 frame A 598,152 9x22
[PT] bx18 frame I
[PT] bx19 frame A 480,146 21x54
[PT] bx19 frame I
[PT] bx20 frame A 671,125 20x49
[PT] bx20 frame I
[PT] bx21 frame A 262,129 18x44
[PT] bx21 frame I
[PT] bx22 frame A 458,149 19x46
[PT] bx22 frame I
[PT] bx23 frame A 810,158 9x21
[PT] bx23 frame I
[PT] bx24 frame A 661,161 6x16
[PT] bx24 frame I
[PT] bx25 frame A 369,170 9x23
[PT] bx25 frame I
[PT] bx26 frame A 805,156 11x28
[PT] bx26 frame I
[PT] bx27 frame A 389,142 2x6
[PT] bx27 frame I
[PT] bx28 frame A 487,135 21x52
[PT] bx28 frame I
[PT] tick 498 enemies=49
[PT] bx0 frame A 371,140 2x6
[PT] bx0 frame I
[PT] bx1 frame A 368,175 9x23
[PT] bx1 frame I
[PT] bx2 frame A 467,171 2x5
[PT] bx2 frame I
[PT] bx3 frame A 486,164 7x17
[PT] bx3 frame I
[PT] bx4 frame A 471,164 7x17
[PT] bx4 frame I
[PT] bx5 frame A 457,164 7x16
[PT] bx5 frame I
[PT] bx6 frame A 430,164 6x16
[PT] bx6 frame I
[PT] bx7 frame A 431,165 6x14
[PT] bx7 frame I
[PT] bx8 frame A 442,165 6x14
[PT] bx8 frame I
[PT] bx9 frame A 768,208 38x96
[PT] bx9 frame I
[PT] bx10 frame A 576,157 8x21
[PT] bx10 frame I
[PT] bx11 frame A 262,171 8x19
[PT] bx11 frame I
[PT] bx12 frame A 860,167 6x14
[PT] bx12 frame I
[PT] bx13 frame A 245,167 5x13
[PT] bx13 frame I
[PT] bx14 frame A 239,167 5x13
[PT] bx14 frame I
[PT] bx15 frame A 479,121 23x57
[PT] bx15 frame I
[PT] bx16 frame A 635,163 9x21
[PT] bx16 frame I
[PT] ds16 text A 39m
[PT] ds16 text I
[PT] bx17 frame A 475,151 20x51
[PT] bx17 frame I
[PT] bx18 frame A 596,156 9x22
[PT] bx18 frame I
[PT] bx19 frame A 478,150 21x54
[PT] bx19 frame I
[PT] bx20 frame A 668,129 20x49
[PT] bx20 frame I
[PT] bx21 frame A 261,134 18x44
[PT] bx21 frame I
[PT] bx22 frame A 457,153 18x46
[PT] bx22 frame I
[PT] ds22 text A 16m
[PT] ds22 text I
[PT] bx23 frame A 807,163 9x21
[PT] bx23 frame I
[PT] bx24 frame A 658,166 6x16
[PT] bx24 frame I
[PT] bx25 frame A 368,175 9x23
[PT] bx25 frame I
[PT] bx26 frame A 790,161 11x28
[PT] bx26 frame I
[PT] bx27 frame A 387,146 2x6
[PT] bx27 frame I
[PT] bx28 frame A 485,140 21x52
[PT] bx28 frame I
[PT] tick 499 enemies=49
[PT] bx0 frame A 373,135 2x6
[PT] bx0 frame I
[PT] bx1 frame A 369,170 9x23
[PT] bx1 frame I
[PT] bx2 frame A 469,166 2x5
[PT] bx2 frame I
[PT] bx3 frame A 488,160 7x17
[PT] bx3 frame I
[PT] bx4 frame A 473,160 7x17
[PT] bx4 frame I
[PT] bx5 frame A 458,160 7x17
[PT] bx5 frame I
[PT] bx6 frame A 432,160 6x16
[PT] bx6 frame I
[PT] bx7 frame A 433,160 6x14
[PT] bx7 frame I
[PT] bx8 frame A 444,160 6x14
[PT] bx8 frame I
[PT] bx9 frame A 770,204 38x96
[PT] bx9 frame I
[PT] bx10 frame A 576,153 8x21
[PT] bx10 frame I
[PT] bx11 frame A 264,167 8x19
[PT] bx11 frame I
[PT] bx12 frame A 863,163 6x14
[PT] bx12 frame I
[PT] bx13 frame A 247,162 5x13
[PT] bx13 frame I
[PT] bx14 frame A 241,162 5x13
[PT] bx14 frame I
[PT] bx15 frame A 481,122 23x57
[PT] bx15 frame I
[PT] bx16 frame A 642,159 9x21
[PT] bx16 frame I
[PT] bx17 frame A 477,147 20x51
[PT] bx17 frame I
[PT] bx18 frame A 598,152 9x22
[PT] bx18 frame I
[PT] bx19 frame A 480,146 21x54
[PT] bx19 frame I
[PT] bx20 frame A 671,125 20x49
[PT] bx20 frame I
[PT] bx21 frame A 263,130 18x44
[PT] bx21 frame I
[PT] bx22 frame A 460,149 18x46
[PT] bx22 frame I
[PT] bx23 frame A 810,159 9x21
[PT] bx23 frame I
[PT] bx24 frame A 661,162 6x16
[PT] bx24 frame I
[PT] bx25 frame A 369,170 9x23
[PT] bx25 frame I
[PT] bx26 frame A 783,157 11x28
[PT] bx26 frame I
[PT] bx27 frame A 389,142 2x6
[PT] bx27 frame I
[PT] bx28 frame A 486,136 21x53
[PT] bx28 frame I
[PT] ds28 text A 13m
[PT] ds28 text I
[PT] tick 500 enemies=49
[PT] bx0 frame A 370,130 3x6
[PT] bx0 frame I
[PT] bx1 frame A 367,166 9x23
[PT] bx1 frame I
[PT] bx2 frame A 467,162 2x5
[PT] bx2 frame I
[PT] bx3 frame A 485,156 7x17
[PT] bx3 frame I
[PT] bx4 frame A 470,156 7x17
[PT] bx4 frame I
[PT] bx5 frame A 456,156 7x17
[PT] bx5 frame I
[PT] bx6 frame A 429,156 6x16
[PT] bx6 frame I
[PT] bx7 frame A 431,156 6x14
[PT] bx7 frame I
[PT] bx8 frame A 441,156 6x14
[PT] bx8 frame I
[PT] bx9 frame A 767,201 38x95
[PT] bx9 frame I
[PT] bx10 frame A 571,151 8x21
[PT] bx10 frame I
[PT] ds10 text A 39m
[PT] ds10 text I
[PT] bx11 frame A 261,162 8x19
[PT] bx11 frame I
[PT] bx12 frame A 859,158 6x14
[PT] bx12 frame I
[PT] bx13 frame A 244,158 5x13
[PT] bx13 frame I
[PT] bx14 frame A 238,158 5x14
[PT] bx14 frame I
[PT] bx15 frame A 478,127 23x57
[PT] bx15 frame I
[PT] bx16 frame A 647,154 9x21
[PT] bx16 frame I
[PT] bx17 frame A 474,143 20x51
[PT] bx17 frame I
[PT] bx18 frame A 595,147 9x22
[PT] bx18 frame I
[PT] bx19 frame A 478,142 21x54
[PT] bx19 frame I
[PT] bx20 frame A 668,121 20x49
[PT] bx20 frame I
[PT] bx21 frame A 261,125 18x45
[PT] bx21 frame I
[PT] bx22 frame A 458,145 18x46
[PT] bx22 frame I
[PT] bx23 frame A 807,154 9x21
[PT] bx23 frame I
[PT] bx24 frame A 658,157 6x16
[PT] bx24 frame I
[PT] bx25 frame A 367,166 9x23
[PT] bx25 frame I
[PT] bx26 frame A 768,152 11x27
[PT] bx26 frame I
[PT] bx27 frame A 386,137 2x6
[PT] bx27 frame I
[PT] bx28 frame A 481,129 21x53
[PT] bx28 frame I
[PT] tick 501 enemies=49
[PT] bx0 frame A 373,135 3x6
[PT] bx0 frame I
[PT] bx1 frame A 369,170 9x23
[PT] bx1 frame I
[PT] bx2 frame A 469,166 2x5
[PT] bx2 frame I
[PT] bx3 frame A 488,160 7x17
[PT] bx3 frame I
[PT] bx4 frame A 473,160 7x17
[PT] bx4 frame I
[PT] bx5 frame A 458,160 7x17
[PT] bx5 frame I
[PT] bx6 frame A 432,160 6x16
[PT] bx6 frame I
[PT] bx7 frame A 433,160 6x14
[PT] bx7 frame I
[PT] bx8 frame A 444,160 6x14
[PT] bx8 frame I
[PT] bx9 frame A 770,204 38x96
[PT] bx9 frame I
[PT] bx10 frame A 572,158 8x20
[PT] bx10 frame I
[PT] bx11 frame A 264,166 8x19
[PT] bx11 frame I
[PT] bx12 frame A 863,163 6x14
[PT] bx12 frame I
[PT] bx13 frame A 247,162 5x13
[PT] bx13 frame I
[PT] bx14 frame A 241,162 5x13
[PT] bx14 frame I
[PT] bx15 frame A 479,139 23x57
[PT] bx15 frame I
[PT] bx16 frame A 656,157 9x22
[PT] bx16 frame I
[PT] bx17 frame A 477,147 20x51
[PT] bx17 frame I
[PT] bx18 frame A 598,152 9x22
[PT] bx18 frame I
[PT] bx19 frame A 480,145 21x54
[PT] bx19 frame I
[PT] bx20 frame A 671,124 20x49
[PT] bx20 frame I
[PT] bx21 frame A 264,129 18x44
[PT] bx21 frame I
[PT] bx22 frame A 461,149 18x46
[PT] bx22 frame I
[PT] bx23 frame A 810,158 9x21
[PT] bx23 frame I
[PT] bx24 frame A 661,161 6x16
[PT] bx24 frame I
[PT] bx25 frame A 369,170 9x23
[PT] bx25 frame I
[PT] bx26 frame A 764,156 11x27
[PT] bx26 frame I
[PT] bx27 frame A 389,141 2x6
[PT] bx27 frame I
[PT] bx28 frame A 482,133 21x53
[PT] bx28 frame I
[PT] tick 502 enemies=49
[PT] bx0 frame A 380,125 3x6
[PT] bx0 frame I
[PT] bx1 frame A 376,161 9x23
[PT] bx1 frame I
[PT] bx2 frame A 476,156 2x5
[PT] bx2 frame I
[PT] bx3 frame A 495,150 7x18
[PT] bx3 frame I
[PT] bx4 frame A 480,150 7x17
[PT] bx4 frame I
[PT] bx5 frame A 465,150 7x17
[PT] bx5 frame I
[PT] bx6 frame A 439,150 6x16
[PT] bx6 frame I
[PT] bx7 frame A 440,150 6x14
[PT] bx7 frame I
[PT] bx8 frame A 451,150 6x14
[PT] bx8 frame I
[PT] bx9 frame A 779,198 39x96
[PT] bx9 frame I
[PT] bx10 frame A 580,149 8x20
[PT] bx10 frame I
[PT] bx11 frame A 272,157 8x19
[PT] bx11 frame I
[PT] bx12 frame A 877,153 6x15
[PT] bx12 frame I
[PT] bx13 frame A 255,153 5x13
[PT] bx13 frame I
[PT] bx14 frame A 249,153 5x13
[PT] bx14 frame I
[PT] bx15 frame A 479,137 23x57
[PT] bx15 frame I
[PT] bx16 frame A 671,148 9x22
[PT] bx16 frame I
[PT] bx17 frame A 483,138 20x51
[PT] bx17 frame I
[PT] bx18 frame A 606,142 9x22
[PT] bx18 frame I
[PT] bx19 frame A 486,137 22x54
[PT] bx19 frame I
[PT] bx20 frame A 680,115 20x50
[PT] bx20 frame I
[PT] bx21 frame A 272,121 18x44
[PT] bx21 frame I
[PT] bx22 frame A 468,141 18x46
[PT] bx22 frame I
[PT] bx23 frame A 822,149 9x22
[PT] bx23 frame I
[PT] bx24 frame A 670,152 6x16
[PT] bx24 frame I
[PT] bx25 frame A 376,161 9x23
[PT] bx25 frame I
[PT] bx26 frame A 765,147 11x27
[PT] bx26 frame I
[PT] bx27 frame A 396,132 2x6
[PT] bx27 frame I
[PT] bx28 frame A 490,125 21x53
[PT] bx28 frame I
[PT] tick 503 enemies=49
[PT] bx0 frame A 382,105 3x6
[PT] bx0 frame I
[PT] bx1 frame A 379,142 9x23
[PT] bx1 frame I
[PT] bx2 frame A 479,137 2x5
[PT] bx2 frame I
[PT] bx3 frame A 498,131 7x18
[PT] bx3 frame I
[PT] bx4 frame A 483,131 7x17
[PT] bx4 frame I
[PT] bx5 frame A 468,131 7x17
[PT] bx5 frame I
[PT] bx6 frame A 442,131 6x16
[PT] bx6 frame I
[PT] bx7 frame A 443,131 6x14
[PT] bx7 frame I
[PT] bx8 frame A 454,131 6x14
[PT] bx8 frame I
[PT] bx9 frame A 784,184 38x96
[PT] bx9 frame I
[PT] bx10 frame A 584,130 8x21
[PT] bx10 frame I
[PT] bx11 frame A 274,138 8x19
[PT] bx11 frame I
[PT] bx12 frame A 885,134 6x15
[PT] bx12 frame I
[PT] bx13 frame A 257,133 5x13
[PT] bx13 frame I
[PT] bx14 frame A 251,133 5x14
[PT] bx14 frame I
[PT] bx15 frame A 481,119 23x58
[PT] bx15 frame I
[PT] bx16 frame A 683,130 9x22
[PT] bx16 frame I
[PT] bx17 frame A 486,121 21x52
[PT] bx17 frame I
[PT] bx18 frame A 610,123 9x22
[PT] bx18 frame I
[PT] bx19 frame A 489,120 22x54
[PT] bx19 frame I
[PT] bx20 frame A 685,97 20x51
[PT] bx20 frame I
[PT] bx21 frame A 274,102 18x45
[PT] bx21 frame I
[PT] bx22 frame A 471,123 18x46
[PT] bx22 frame I
[PT] bx23 frame A 829,130 9x22
[PT] bx23 frame I
[PT] bx24 frame A 678,133 7x17
[PT] bx24 frame I
[PT] ds24 text A 53m
[PT] ds24 text I
[PT] bx25 frame A 379,142 9x23
[PT] bx25 frame I
[PT] bx26 frame A 762,129 11x27
[PT] bx26 frame I
[PT] bx27 frame A 399,112 2x6
[PT] bx27 frame I
[PT] bx28 frame A 494,107 22x54
[PT] bx28 frame I
[PT] tick 504 enemies=49
[PT] bx0 frame A 390,85 3x6
[PT] bx0 frame I
[PT] bx1 frame A 386,124 9x23
[PT] bx1 frame I
[PT] bx2 frame A 488,117 2x5
[PT] bx2 frame I
[PT] bx3 frame A 506,112 7x18
[PT] bx3 frame I
[PT] bx4 frame A 491,112 7x18
[PT] bx4 frame I
[PT] bx5 frame A 476,112 7x17
[PT] bx5 frame I
[PT] bx6 frame A 449,112 6x16
[PT] bx6 frame I
[PT] bx7 frame A 451,112 6x15
[PT] bx7 frame I
[PT] bx8 frame A 462,112 6x14
[PT] bx8 frame I
[PT] bx9 frame A 795,170 39x97
[PT] bx9 frame I
[PT] bx10 frame A 593,111 8x21
[PT] bx10 frame I
[PT] bx11 frame A 281,119 8x19
[PT] bx11 frame I
[PT] bx12 frame A 903,115 6x15
[PT] bx12 frame I
[PT] bx13 frame A 265,114 5x14
[PT] bx13 frame I
[PT] bx14 frame A 259,114 5x14
[PT] bx14 frame I
[PT] bx15 frame A 488,103 23x58
[PT] bx15 frame I
[PT] bx16 frame A 705,112 9x23
[PT] bx16 frame I
[PT] bx17 frame A 493,104 21x52
[PT] bx17 frame I
[PT] bx18 frame A 620,104 9x23
[PT] bx18 frame I
[PT] bx19 frame A 496,102 22x55
[PT] bx19 frame I
[PT] bx20 frame A 697,79 21x52
[PT] bx20 frame I
[PT] bx21 frame A 281,85 18x45
[PT] bx21 frame I
[PT] bx22 frame A 479,106 19x47
[PT] bx22 frame I
[PT] bx23 frame A 845,112 9x23
[PT] bx23 frame I
[PT] bx24 frame A 692,111 7x17
[PT] bx24 frame I
[PT] bx25 frame A 386,124 9x23
[PT] bx25 frame I
[PT] bx26 frame A 762,110 11x28
[PT] bx26 frame I
[PT] bx27 frame A 406,92 2x6
[PT] bx27 frame I
[PT] bx28 frame A 502,91 22x54
[PT] bx28 frame I
[PT] tick 505 enemies=49
[PT] bx0 frame A 393,75 3x7
[PT] bx0 frame I
[PT] bx1 frame A 391,115 9x23
[PT] bx1 frame I
[PT] bx2 frame A 491,108 2x5
[PT] bx2 frame I
[PT] bx3 frame A 511,103 7x18
[PT] bx3 frame I
[PT] bx4 frame A 495,103 7x18
[PT] bx4 frame I
[PT] bx5 frame A 481,103 7x17
[PT] bx5 frame I
[PT] bx6 frame A 454,103 7x16
[PT] bx6 frame I
[PT] bx7 frame A 455,103 6x15
[PT] bx7 frame I
[PT] bx8 frame A 466,103 6x14
[PT] bx8 frame I
[PT] bx9 frame A 810,164 39x97
[PT] bx9 frame I
[PT] bx10 frame A 604,102 9x22
[PT] bx10 frame I
[PT] bx11 frame A 286,110 8x19
[PT] bx11 frame I
[PT] bx12 frame A 912,106 6x16
[PT] bx12 frame I
[PT] bx13 frame A 269,105 5x14
[PT] bx13 frame I
[PT] bx14 frame A 263,105 5x14
[PT] bx14 frame I
[PT] bx15 frame A 479,92 24x59
[PT] bx15 frame I
[PT] bx16 frame A 708,102 9x23
[PT] bx16 frame I
[PT] bx17 frame A 501,95 21x53
[PT] bx17 frame I
[PT] bx18 frame A 626,95 9x23
[PT] bx18 frame I
[PT] bx19 frame A 505,94 22x56
[PT] bx19 frame I
[PT] bx20 frame A 707,70 21x52
[PT] bx20 frame I
[PT] bx21 frame A 288,76 18x46
[PT] bx21 frame I
[PT] bx22 frame A 487,97 19x47
[PT] bx22 frame I
[PT] bx23 frame A 854,102 9x23
[PT] bx23 frame I
[PT] bx24 frame A 699,102 7x18
[PT] bx24 frame I
[PT] ds24 text A 52m
[PT] ds24 text I
[PT] bx25 frame A 391,115 9x23
[PT] bx25 frame I
[PT] bx26 frame A 761,101 11x28
[PT] bx26 frame I
[PT] bx27 frame A 410,82 2x6
[PT] bx27 frame I
[PT] bx28 frame A 512,84 22x55
[PT] bx28 frame I
[PT] ds28 text A 14m
[PT] ds28 text I
[PT] tick 506 enemies=49
[PT] bx0 frame A 391,70 3x7
[PT] bx0 frame I
[PT] bx1 frame A 389,110 9x23
[PT] bx1 frame I
[PT] bx2 frame A 489,102 2x5
[PT] bx2 frame I
[PT] bx3 frame A 509,98 7x18
[PT] bx3 frame I
[PT] bx4 frame A 494,98 7x18
[PT] bx4 frame I
[PT] bx5 frame A 479,98 7x17
[PT] bx5 frame I
[PT] bx6 frame A 452,98 7x16
[PT] bx6 frame I
[PT] bx7 frame A 453,97 6x15
[PT] bx7 frame I
[PT] bx8 frame A 464,97 6x15
[PT] bx8 frame I
[PT] bx9 frame A 812,160 39x97
[PT] bx9 frame I
[PT] bx10 frame A 606,97 9x22
[PT] bx10 frame I
[PT] ds10 text A 38m
[PT] ds10 text I
[PT] bx11 frame A 283,105 8x19
[PT] bx11 frame I
[PT] bx12 frame A 909,101 6x16
[PT] bx12 frame I
[PT] bx13 frame A 266,100 5x14
[PT] bx13 frame I
[PT] bx14 frame A 260,100 6x14
[PT] bx14 frame I
[PT] bx15 frame A 457,76 24x59
[PT] bx15 frame I
[PT] bx16 frame A 707,97 9x23
[PT] bx16 frame I
[PT] bx17 frame A 501,90 21x53
[PT] bx17 frame I
[PT] bx18 frame A 625,90 9x23
[PT] bx18 frame I
[PT] bx19 frame A 505,89 22x56
[PT] bx19 frame I
[PT] bx20 frame A 707,65 21x53
[PT] bx20 frame I
[PT] bx21 frame A 288,71 18x46
[PT] bx21 frame I
[PT] bx22 frame A 488,92 19x47
[PT] bx22 frame I
[PT] bx23 frame A 852,97 9x23
[PT] bx23 frame I
[PT] bx24 frame A 699,97 7x18
[PT] bx24 frame I
[PT] bx25 frame A 389,110 9x23
[PT] bx25 frame I
[PT] bx26 frame A 749,96 11x28
[PT] bx26 frame I
[PT] bx27 frame A 407,77 2x6
[PT] bx27 frame I
[PT] bx28 frame A 513,78 22x55
[PT] bx28 frame I
[PT] tick 507 enemies=49
[PT] bx0 frame A 388,68 3x7
[PT] bx0 frame I
[PT] bx1 frame A 387,108 9x24
[PT] bx1 frame I
[PT] bx2 frame A 486,101 2x5
[PT] bx2 frame I
[PT] bx3 frame A 507,97 7x18
[PT] bx3 frame I
[PT] bx4 frame A 491,97 7x18
[PT] bx4 frame I
[PT] bx5 frame A 477,96 7x17
[PT] bx5 frame I
[PT] bx6 frame A 449,96 7x16
[PT] bx6 frame I
[PT] bx7 frame A 451,96 6x15
[PT] bx7 frame I
[PT] bx8 frame A 462,96 6x15
[PT] bx8 frame I
[PT] bx9 frame A 810,159 39x96
[PT] bx9 frame I
[PT] bx10 frame A 603,96 9x22
[PT] bx10 frame I
[PT] bx11 frame A 280,104 8x20
[PT] bx11 frame I
[PT] bx12 frame A 905,99 6x15
[PT] bx12 frame I
[PT] bx13 frame A 263,98 5x14
[PT] bx13 frame I
[PT] bx14 frame A 257,98 6x14
[PT] bx14 frame I
[PT] bx15 frame A 440,66 24x60
[PT] bx15 frame I
[PT] bx16 frame A 704,96 9x23
[PT] bx16 frame I
[PT] bx17 frame A 500,89 21x53
[PT] bx17 frame I
[PT] bx18 frame A 622,89 9x23
[PT] bx18 frame I
[PT] bx19 frame A 504,88 22x56
[PT] bx19 frame I
[PT] bx20 frame A 705,64 21x53
[PT] bx20 frame I
[PT] bx21 frame A 286,70 19x46
[PT] bx21 frame I
[PT] bx22 frame A 487,91 19x47
[PT] bx22 frame I
[PT] bx23 frame A 848,96 9x23
[PT] bx23 frame I
[PT] bx24 frame A 697,95 7x18
[PT] bx24 frame I
[PT] ds24 text A 51m
[PT] ds24 text I
[PT] bx25 frame A 387,108 9x24
[PT] bx25 frame I
[PT] bx26 frame A 741,95 11x28
[PT] bx26 frame I
[PT] bx27 frame A 404,75 2x6
[PT] bx27 frame I
[PT] bx28 frame A 513,75 22x55
[PT] bx28 frame I
[PT] tick 508 enemies=49
[PT] bx0 frame A 386,85 3x7
[PT] bx0 frame I
[PT] bx1 frame A 385,124 9x23
[PT] bx1 frame I
[PT] bx2 frame A 484,117 2x5
[PT] bx2 frame I
[PT] bx3 frame A 504,112 7x18
[PT] bx3 frame I
[PT] bx4 frame A 489,112 7x18
[PT] bx4 frame I
[PT] bx5 frame A 474,112 7x17
[PT] bx5 frame I
[PT] bx6 frame A 447,112 6x16
[PT] bx6 frame I
[PT] bx7 frame A 448,112 6x15
[PT] bx7 frame I
[PT] bx8 frame A 459,112 6x14
[PT] bx8 frame I
[PT] bx9 frame A 806,170 38x96
[PT] bx9 frame I
[PT] bx10 frame A 598,111 9x22
[PT] bx10 frame I
[PT] bx11 frame A 279,119 8x19
[PT] bx11 frame I
[PT] bx12 frame A 896,115 6x15
[PT] bx12 frame I
[PT] bx13 frame A 262,114 5x14
[PT] bx13 frame I
[PT] bx14 frame A 255,114 5x14
[PT] bx14 frame I
[PT] bx15 frame A 421,74 24x59
[PT] bx15 frame I
[PT] bx16 frame A 699,112 9x23
[PT] bx16 frame I
[PT] bx17 frame A 497,104 21x52
[PT] bx17 frame I
[PT] bx18 frame A 618,104 9x23
[PT] bx18 frame I
[PT] bx19 frame A 501,102 22x55
[PT] bx19 frame I
[PT] bx20 frame A 700,79 21x52
[PT] bx20 frame I
[PT] bx21 frame A 286,85 18x46
[PT] bx21 frame I
[PT] bx22 frame A 485,106 18x46
[PT] bx22 frame I
[PT] bx23 frame A 841,111 9x23
[PT] bx23 frame I
[PT] bx24 frame A 694,111 7x18
[PT] bx24 frame I
[PT] bx25 frame A 385,124 9x23
[PT] bx25 frame I
[PT] bx26 frame A 725,110 11x27
[PT] bx26 frame I
[PT] ds26 text A 33m
[PT] ds26 text I
[PT] bx27 frame A 402,92 2x6
[PT] bx27 frame I
[PT] bx28 frame A 512,89 22x54
[PT] bx28 frame I
[PT] tick 509 enemies=49
[PT] bx0 frame A 379,116 3x6
[PT] bx0 frame I
[PT] bx1 frame A 378,153 9x23
[PT] bx1 frame I
[PT] bx2 frame A 475,148 2x5
[PT] bx2 frame I
[PT] bx3 frame A 496,142 7x18
[PT] bx3 frame I
[PT] bx4 frame A 481,142 7x17
[PT] bx4 frame I
[PT] bx5 frame A 466,142 7x17
[PT] bx5 frame I
[PT] bx6 frame A 439,142 6x16
[PT] bx6 frame I
[PT] bx7 frame A 440,142 6x14
[PT] bx7 frame I
[PT] bx8 frame A 451,142 6x14
[PT] bx8 frame I
[PT] bx9 frame A 794,191 38x96
[PT] bx9 frame I
[PT] bx10 frame A 590,141 9x22
[PT] bx10 frame I
[PT] ds10 text A 37m
[PT] ds10 text I
[PT] bx11 frame A 272,149 8x19
[PT] bx11 frame I
[PT] bx12 frame A 877,145 6x15
[PT] bx12 frame I
[PT] bx13 frame A 255,144 5x13
[PT] bx13 frame I
[PT] bx14 frame A 248,144 5x14
[PT] bx14 frame I
[PT] bx15 frame A 388,94 23x58
[PT] bx15 frame I
[PT] ds15 text A 13m
[PT] ds15 text I
[PT] bx16 frame A 687,141 9x22
[PT] bx16 frame I
[PT] bx17 frame A 490,131 21x51
[PT] bx17 frame I
[PT] bx18 frame A 608,134 9x22
[PT] bx18 frame I
[PT] bx19 frame A 494,129 22x54
[PT] bx19 frame I
[PT] bx20 frame A 687,108 20x50
[PT] bx20 frame I
[PT] bx21 frame A 282,113 18x45
[PT] bx21 frame I
[PT] bx22 frame A 478,134 18x45
[PT] bx22 frame I
[PT] bx23 frame A 824,141 9x22
[PT] bx23 frame I
[PT] bx24 frame A 685,141 7x17
[PT] bx24 frame I
[PT] bx25 frame A 378,153 9x23
[PT] bx25 frame I
[PT] bx26 frame A 703,139 11x26
[PT] bx26 frame I
[PT] bx27 frame A 395,123 2x6
[PT] bx27 frame I
[PT] bx28 frame A 505,116 21x53
[PT] bx28 frame I
[PT] tick 510 enemies=49
[PT] bx0 frame A 369,135 3x6
[PT] bx0 frame I
[PT] bx1 frame A 368,170 9x23
[PT] bx1 frame I
[PT] bx2 frame A 465,166 2x5
[PT] bx2 frame I
[PT] bx3 frame A 486,160 7x17
[PT] bx3 frame I
[PT] bx4 frame A 471,160 7x17
[PT] bx4 frame I
[PT] bx5 frame A 456,160 7x17
[PT] bx5 frame I
[PT] bx6 frame A 430,160 6x16
[PT] bx6 frame I
[PT] bx7 frame A 431,160 6x14
[PT] bx7 frame I
[PT] bx8 frame A 442,160 6x14
[PT] bx8 frame I
[PT] bx9 frame A 781,204 38x95
[PT] bx9 frame I
[PT] bx10 frame A 581,158 9x22
[PT] bx10 frame I
[PT] bx11 frame A 261,166 8x19
[PT] bx11 frame I
[PT] bx12 frame A 857,163 6x14
[PT] bx12 frame I
[PT] bx13 frame A 244,162 5x13
[PT] bx13 frame I
[PT] bx14 frame A 237,162 5x14
[PT] bx14 frame I
[PT] bx15 frame A 362,108 23x57
[PT] bx15 frame I
[PT] bx16 frame A 674,158 9x22
[PT] bx16 frame I
[PT] bx17 frame A 481,147 20x51
[PT] bx17 frame I
[PT] bx18 frame A 596,151 9x22
[PT] bx18 frame I
[PT] bx19 frame A 485,145 21x54
[PT] bx19 frame I
[PT] bx20 frame A 674,124 20x49
[PT] bx20 frame I
[PT] bx21 frame A 273,129 18x45
[PT] bx21 frame I
[PT] bx22 frame A 470,151 18x45
[PT] bx22 frame I
[PT] bx23 frame A 806,158 8x21
[PT] bx23 frame I
[PT] bx24 frame A 677,158 7x17
[PT] bx24 frame I
[PT] bx25 frame A 368,170 9x23
[PT] bx25 frame I
[PT] bx26 frame A 680,156 10x26
[PT] bx26 frame I
[PT] bx27 frame A 385,141 2x6
[PT] bx27 frame I
[PT] bx28 frame A 495,133 21x52
[PT] bx28 frame I
[PT] tick 511 enemies=49
[PT] bx0 frame A 354,137 3x6
[PT] bx0 frame I
[PT] bx1 frame A 355,172 9x23
[PT] bx1 frame I
[PT] bx2 frame A 451,168 2x5
[PT] bx2 frame I
[PT] bx3 frame A 473,162 7x17
[PT] bx3 frame I
[PT] bx4 frame A 457,162 7x17
[PT] bx4 frame I
[PT] bx5 frame A 443,162 7x17
[PT] bx5 frame I
[PT] bx6 frame A 416,162 6x16
[PT] bx6 frame I
[PT] bx7 frame A 417,162 6x14
[PT] bx7 frame I
[PT] bx8 frame A 428,162 6x14
[PT] bx8 frame I
[PT] bx9 frame A 765,205 37x93
[PT] bx9 frame I
[PT] bx10 frame A 571,160 9x22
[PT] bx10 frame I
[PT] bx11 frame A 246,169 8x19
[PT] bx11 frame I
[PT] bx12 frame A 834,165 6x14
[PT] bx12 frame I
[PT] bx13 frame A 227,164 5x14
[PT] bx13 frame I
[PT] bx14 frame A 221,164 5x14
[PT] bx14 frame I
[PT] bx15 frame A 339,110 23x58
[PT] bx15 frame I
[PT] bx16 frame A 658,160 9x22
[PT] bx16 frame I
[PT] bx17 frame A 469,149 20x51
[PT] bx17 frame I
[PT] bx18 frame A 582,154 9x21
[PT] bx18 frame I
[PT] bx19 frame A 473,148 21x53
[PT] bx19 frame I
[PT] bx20 frame A 659,127 19x48
[PT] bx20 frame I
[PT] bx21 frame A 259,131 18x46
[PT] bx21 frame I
[PT] bx22 frame A 458,154 18x44
[PT] bx22 frame I
[PT] bx23 frame A 786,161 8x21
[PT] bx23 frame I
[PT] bx24 frame A 664,161 7x17
[PT] bx24 frame I
[PT] bx25 frame A 355,172 9x23
[PT] bx25 frame I
[PT] bx26 frame A 660,159 10x25
[PT] bx26 frame I
[PT] bx27 frame A 371,144 2x6
[PT] bx27 frame I
[PT] bx28 frame A 481,137 21x52
[PT] bx28 frame I
[PT] tick 512 enemies=49
[PT] bx0 frame A 352,137 3x6
[PT] bx0 frame I
[PT] bx1 frame A 352,173 9x23
[PT] bx1 frame I
[PT] bx2 frame A 449,169 2x5
[PT] bx2 frame I
[PT] bx3 frame A 470,162 7x17
[PT] bx3 frame I
[PT] bx4 frame A 455,162 7x17
[PT] bx4 frame I
[PT] bx5 frame A 441,162 7x17
[PT] bx5 frame I
[PT] bx6 frame A 414,162 6x16
[PT] bx6 frame I
[PT] bx7 frame A 415,162 6x14
[PT] bx7 frame I
[PT] bx8 frame A 426,163 6x14
[PT] bx8 frame I
[PT] bx9 frame A 762,205 37x93
[PT] bx9 frame I
[PT] bx10 frame A 574,159 9x22
[PT] bx10 frame I
[PT] ds10 text A 36m
[PT] ds10 text I
[PT] bx11 frame A 243,169 8x19
[PT] bx11 frame I
[PT] bx12 frame A 831,165 6x14
[PT] bx12 frame I
[PT] bx13 frame A 224,165 5x14
[PT] bx13 frame I
[PT] bx14 frame A 218,165 6x14
[PT] bx14 frame I
[PT] bx15 frame A 313,114 23x57
[PT] bx15 frame I
[PT] bx16 frame A 655,161 9x22
[PT] bx16 frame I
[PT] bx17 frame A 467,149 20x51
[PT] bx17 frame I
[PT] bx18 frame A 580,154 9x21
[PT] bx18 frame I
[PT] bx19 frame A 471,148 21x53
[PT] bx19 frame I
[PT] bx20 frame A 656,128 19x48
[PT] bx20 frame I
[PT] bx21 frame A 258,132 18x46
[PT] bx21 frame I
[PT] bx22 frame A 457,156 18x44
[PT] bx22 frame I
[PT] bx23 frame A 783,161 8x21
[PT] bx23 frame I
[PT] bx24 frame A 665,161 7x17
[PT] bx24 frame I
[PT] ds24 text A 52m
[PT] ds24 text I
[PT] bx25 frame A 352,173 9x23
[PT] bx25 frame I
[PT] bx26 frame A 644,159 10x25
[PT] bx26 frame I
[PT] bx27 frame A 368,144 2x6
[PT] bx27 frame I
[PT] bx28 frame A 477,139 21x52
[PT] bx28 frame I
[PT] tick 513 enemies=49
[PT] bx0 frame A 350,141 3x6
[PT] bx0 frame I
[PT] bx1 frame A 351,176 9x23
[PT] bx1 frame I
[PT] bx2 frame A 447,172 2x5
[PT] bx2 frame I
[PT] bx3 frame A 469,165 7x17
[PT] bx3 frame I
[PT] bx4 frame A 454,165 7x17
[PT] bx4 frame I
[PT] bx5 frame A 439,165 7x17
[PT] bx5 frame I
[PT] bx6 frame A 412,165 6x16
[PT] bx6 frame I
[PT] bx7 frame A 413,166 6x14
[PT] bx7 frame I
[PT] bx8 frame A 424,166 6x14
[PT] bx8 frame I
[PT] bx9 frame A 760,207 37x93
[PT] bx9 frame I
[PT] bx10 frame A 576,158 9x22
[PT] bx10 frame I
[PT] bx11 frame A 241,172 8x19
[PT] bx11 frame I
[PT] bx12 frame A 828,168 6x14
[PT] bx12 frame I
[PT] bx13 frame A 222,168 5x14
[PT] bx13 frame I
[PT] bx14 frame A 216,168 6x14
[PT] bx14 frame I
[PT] bx15 frame A 294,122 23x57
[PT] bx15 frame I
[PT] bx16 frame A 653,164 9x22
[PT] bx16 frame I
[PT] bx17 frame A 465,152 20x51
[PT] bx17 frame I
[PT] bx18 frame A 578,157 9x21
[PT] bx18 frame I
[PT] bx19 frame A 469,151 21x53
[PT] bx19 frame I
[PT] bx20 frame A 654,131 19x48
[PT] bx20 frame I
[PT] bx21 frame A 257,134 18x46
[PT] bx21 frame I
[PT] bx22 frame A 456,159 18x44
[PT] bx22 frame I
[PT] bx23 frame A 780,164 8x21
[PT] bx23 frame I
[PT] bx24 frame A 666,164 7x17
[PT] bx24 frame I
[PT] bx25 frame A 351,176 9x23
[PT] bx25 frame I
[PT] bx26 frame A 638,162 10x25
[PT] bx26 frame I
[PT] bx27 frame A 367,147 2x6
[PT] bx27 frame I
[PT] bx28 frame A 474,142 21x52
[PT] bx28 frame I
[PT] ds28 text A 13m
[PT] ds28 text I
[PT] tick 514 enemies=49
[PT] bx0 frame A 346,140 3x6
[PT] bx0 frame I
[PT] bx1 frame A 346,175 9x23
[PT] bx1 frame I
[PT] bx2 frame A 443,171 2x5
[PT] bx2 frame I
[PT] bx3 frame A 465,165 7x17
[PT] bx3 frame I
[PT] bx4 frame A 449,165 7x17
[PT] bx4 frame I
[PT] bx5 frame A 435,165 7x17
[PT] bx5 frame I
[PT] bx6 frame A 408,165 6x16
[PT] bx6 frame I
[PT] bx7 frame A 409,165 6x14
[PT] bx7 frame I
[PT] bx8 frame A 420,165 6x14
[PT] bx8 frame I
[PT] bx9 frame A 755,206 37x92
[PT] bx9 frame I
[PT] bx10 frame A 576,155 9x22
[PT] bx10 frame I
[PT] bx11 frame A 236,171 8x19
[PT] bx11 frame I
[PT] bx12 frame A 821,168 5x14
[PT] bx12 frame I
[PT] bx13 frame A 217,167 5x14
[PT] bx13 frame I
[PT] bx14 frame A 210,167 6x14
[PT] bx14 frame I
[PT] bx15 frame A 272,123 23x57
[PT] bx15 frame I
[PT] bx16 frame A 648,163 9x21
[PT] bx16 frame I
[PT] bx17 frame A 462,151 20x51
[PT] bx17 frame I
[PT] bx18 frame A 574,157 8x21
[PT] bx18 frame I
[PT] bx19 frame A 466,150 21x53
[PT] bx19 frame I
[PT] bx20 frame A 650,130 19x48
[PT] bx20 frame I
[PT] bx21 frame A 254,134 18x46
[PT] bx21 frame I
[PT] bx22 frame A 452,158 18x44
[PT] bx22 frame I
[PT] bx23 frame A 774,163 8x21
[PT] bx23 frame I
[PT] bx24 frame A 661,164 7x17
[PT] bx24 frame I
[PT] bx25 frame A 346,175 9x23
[PT] bx25 frame I
[PT] bx26 frame A 624,162 10x25
[PT] bx26 frame I
[PT] bx27 frame A 362,146 2x6
[PT] bx27 frame I
[PT] bx28 frame A 468,140 21x52
[PT] bx28 frame I
[PT] tick 515 enemies=49
[PT] bx0 frame A 343,143 3x6
[PT] bx0 frame I
[PT] bx1 frame A 344,178 9x23
[PT] bx1 frame I
[PT] bx2 frame A 440,174 2x5
[PT] bx2 frame I
[PT] bx3 frame A 462,167 7x17
[PT] bx3 frame I
[PT] bx4 frame A 447,167 7x17
[PT] bx4 frame I
[PT] bx5 frame A 432,167 7x17
[PT] bx5 frame I
[PT] bx6 frame A 406,167 6x16
[PT] bx6 frame I
[PT] bx7 frame A 406,168 6x14
[PT] bx7 frame I
[PT] bx8 frame A 417,168 6x14
[PT] bx8 frame I
[PT] bx9 frame A 752,208 37x92
[PT] bx9 frame I
[PT] bx10 frame A 579,154 9x22
[PT] bx10 frame I
[PT] bx11 frame A 233,174 8x20
[PT] bx11 frame I
[PT] bx12 frame A 816,170 5x14
[PT] bx12 frame I
[PT] bx13 frame A 214,170 5x14
[PT] bx13 frame I
[PT] bx14 frame A 207,170 6x14
[PT] bx14 frame I
[PT] bx15 frame A 274,126 23x57
[PT] bx15 frame I
[PT] bx16 frame A 645,166 9x21
[PT] bx16 frame I
[PT] bx17 frame A 459,154 20x51
[PT] bx17 frame I
[PT] bx18 frame A 571,159 8x21
[PT] bx18 frame I
[PT] bx19 frame A 463,152 21x53
[PT] bx19 frame I
[PT] bx20 frame A 646,133 19x47
[PT] bx20 frame I
[PT] bx21 frame A 251,136 18x46
[PT] bx21 frame I
[PT] bx22 frame A 450,161 18x44
[PT] bx22 frame I
[PT] bx23 frame A 770,166 8x20
[PT] bx23 frame I
[PT] bx24 frame A 658,166 7x16
[PT] bx24 frame I
[PT] bx25 frame A 344,178 9x23
[PT] bx25 frame I
[PT] bx26 frame A 613,164 10x25
[PT] bx26 frame I
[PT] bx27 frame A 359,149 2x6
[PT] bx27 frame I
[PT] bx28 frame A 462,141 21x53
[PT] bx28 frame I
[PT] tick 516 enemies=49
[PT] bx10 frame A 583,153 9x23
[PT] bx10 frame I
[PT] ds10 text A 35m
[PT] ds10 text I
[PT] bx15 frame A 275,128 22x55
[PT] bx15 frame I
[PT] ds15 text A 14m
[PT] ds15 text I
[PT] bx21 frame A 252,137 18x46
[PT] bx21 frame I
[PT] bx26 frame A 607,166 10x24
[PT] bx26 frame I
[PT] bx28 frame A 460,139 21x53
[PT] bx28 frame I
[PT] tick 517 enemies=49
[PT] bx0 frame A 344,142 3x6
[PT] bx0 frame I
[PT] bx1 frame A 345,177 9x23
[PT] bx1 frame I
[PT] bx2 frame A 442,173 2x5
[PT] bx2 frame I
[PT] bx3 frame A 463,167 7x17
[PT] bx3 frame I
[PT] bx4 frame A 448,167 7x17
[PT] bx4 frame I
[PT] bx5 frame A 433,167 7x17
[PT] bx5 frame I
[PT] bx6 frame A 407,167 6x16
[PT] bx6 frame I
[PT] bx7 frame A 408,167 6x14
[PT] bx7 frame I
[PT] bx8 frame A 419,167 6x14
[PT] bx8 frame I
[PT] bx9 frame A 753,208 37x92
[PT] bx9 frame I
[PT] bx10 frame A 589,152 9x23
[PT] bx10 frame I
[PT] bx11 frame A 234,174 8x20
[PT] bx11 frame I
[PT] bx12 frame A 818,170 5x14
[PT] bx12 frame I
[PT] bx13 frame A 215,169 5x14
[PT] bx13 frame I
[PT] bx14 frame A 209,169 6x14
[PT] bx14 frame I
[PT] bx15 frame A 277,128 22x54
[PT] bx15 frame I
[PT] bx16 frame A 646,165 9x21
[PT] bx16 frame I
[PT] bx17 frame A 460,153 20x51
[PT] bx17 frame I
[PT] bx18 frame A 572,159 8x21
[PT] bx18 frame I
[PT] bx19 frame A 464,152 21x53
[PT] bx19 frame I
[PT] bx20 frame A 648,132 19x48
[PT] bx20 frame I
[PT] bx21 frame A 254,136 18x46
[PT] bx21 frame I
[PT] bx22 frame A 452,161 17x44
[PT] bx22 frame I
[PT] bx23 frame A 771,165 8x20
[PT] bx23 frame I
[PT] bx24 frame A 659,166 7x17
[PT] bx24 frame I
[PT] bx25 frame A 345,177 9x23
[PT] bx25 frame I
[PT] bx26 frame A 603,165 10x24
[PT] bx26 frame I
[PT] bx27 frame A 361,149 2x6
[PT] bx27 frame I
[PT] tick 518 enemies=49
[PT] bx0 frame A 346,142 3x6
[PT] bx0 frame I
[PT] bx1 frame A 346,177 9x23
[PT] bx1 frame I
[PT] bx2 frame A 443,174 2x5
[PT] bx2 frame I
[PT] bx3 frame A 465,167 7x17
[PT] bx3 frame I
[PT] bx4 frame A 449,167 7x17
[PT] bx4 frame I
[PT] bx5 frame A 435,167 7x16
[PT] bx5 frame I
[PT] bx6 frame A 408,167 6x16
[PT] bx6 frame I
[PT] bx7 frame A 409,167 6x14
[PT] bx7 frame I
[PT] bx8 frame A 420,167 6x14
[PT] bx8 frame I
[PT] bx9 frame A 755,208 37x92
[PT] bx9 frame I
[PT] bx10 frame A 594,153 9x23
[PT] bx10 frame I
[PT] bx11 frame A 236,174 8x19
[PT] bx11 frame I
[PT] bx12 frame A 821,170 5x14
[PT] bx12 frame I
[PT] bx13 frame A 217,169 5x14
[PT] bx13 frame I
[PT] bx14 frame A 210,169 6x14
[PT] bx14 frame I
[PT] bx15 frame A 280,130 21x52
[PT] bx15 frame I
[PT] ds15 text A 15m
[PT] ds15 text I
[PT] bx16 frame A 648,165 9x21
[PT] bx16 frame I
[PT] bx17 frame A 462,153 20x51
[PT] bx17 frame I
[PT] bx18 frame A 574,159 8x21
[PT] bx18 frame I
[PT] bx19 frame A 466,152 21x53
[PT] bx19 frame I
[PT] bx20 frame A 649,132 19x48
[PT] bx20 frame I
[PT] bx21 frame A 257,137 18x46
[PT] bx21 frame I
[PT] bx22 frame A 454,161 17x43
[PT] bx22 frame I
[PT] ds22 text A 17m
[PT] ds22 text I
[PT] bx23 frame A 774,166 8x20
[PT] bx23 frame I
[PT] bx24 frame A 661,166 7x17
[PT] bx24 frame I
[PT] bx25 frame A 346,177 9x23
[PT] bx25 frame I
[PT] bx26 frame A 598,165 10x24
[PT] bx26 frame I
[PT] bx27 frame A 362,149 2x6
[PT] bx27 frame I
[PT] bx28 frame A 462,140 21x53
[PT] bx28 frame I
[PT] tick 519 enemies=49
[PT] bx0 frame A 343,140 3x6
[PT] bx0 frame I
[PT] bx1 frame A 343,176 9x23
[PT] bx1 frame I
[PT] bx2 frame A 440,172 2x5
[PT] bx2 frame I
[PT] bx3 frame A 461,165 7x17
[PT] bx3 frame I
[PT] bx4 frame A 446,165 7x17
[PT] bx4 frame I
[PT] bx5 frame A 432,165 7x17
[PT] bx5 frame I
[PT] bx6 frame A 405,165 6x16
[PT] bx6 frame I
[PT] bx7 frame A 406,165 6x14
[PT] bx7 frame I
[PT] bx8 frame A 417,165 6x14
[PT] bx8 frame I
[PT] bx9 frame A 749,207 37x92
[PT] bx9 frame I
[PT] bx11 frame A 232,172 8x20
[PT] bx11 frame I
[PT] bx12 frame A 816,168 5x14
[PT] bx12 frame I
[PT] bx13 frame A 213,168 5x14
[PT] bx13 frame I
[PT] bx14 frame A 207,168 6x14
[PT] bx14 frame I
[PT] bx15 frame A 276,117 20x50
[PT] bx15 frame I
[PT] ds15 text A 16m
[PT] ds15 text I
[PT] bx16 frame A 641,164 9x22
[PT] bx16 frame I
[PT] ds16 text A 38m
[PT] ds16 text I
[PT] bx17 frame A 458,152 20x51
[PT] bx17 frame I
[PT] bx18 frame A 570,157 8x21
[PT] bx18 frame I
[PT] bx19 frame A 462,151 21x53
[PT] bx19 frame I
[PT] bx20 frame A 645,131 19x48
[PT] bx20 frame I
[PT] bx21 frame A 254,136 18x46
[PT] bx21 frame I
[PT] bx22 frame A 451,159 17x43
[PT] bx22 frame I
[PT] bx23 frame A 769,164 8x20
[PT] bx23 frame I
[PT] bx24 frame A 657,164 7x16
[PT] bx24 frame I
[PT] bx25 frame A 343,176 9x23
[PT] bx25 frame I
[PT] bx26 frame A 588,164 9x24
[PT] bx26 frame I
[PT] ds26 text A 34m
[PT] ds26 text I
[PT] bx27 frame A 359,147 2x6
[PT] bx27 frame I
[PT] bx28 frame A 459,139 21x53
[PT] bx28 frame I
[PT] tick 520 enemies=49
[PT] bx0 frame A 343,138 3x6
[PT] bx0 frame I
[PT] bx1 frame A 342,174 9x23
[PT] bx1 frame I
[PT] bx2 frame A 441,170 2x5
[PT] bx2 frame I
[PT] bx3 frame A 461,163 7x17
[PT] bx3 frame I
[PT] bx4 frame A 446,163 7x17
[PT] bx4 frame I
[PT] bx5 frame A 431,163 7x17
[PT] bx5 frame I
[PT] bx6 frame A 404,163 6x16
[PT] bx6 frame I
[PT] bx7 frame A 406,163 6x14
[PT] bx7 frame I
[PT] bx8 frame A 417,163 6x14
[PT] bx8 frame I
[PT] bx9 frame A 742,205 37x92
[PT] bx9 frame I
[PT] bx10 frame A 599,153 9x23
[PT] bx10 frame I
[PT] bx11 frame A 231,170 8x20
[PT] bx11 frame I
[PT] bx12 frame A 816,166 5x14
[PT] bx12 frame I
[PT] bx13 frame A 213,166 5x14
[PT] bx13 frame I
[PT] bx14 frame A 206,166 6x14
[PT] bx14 frame I
[PT] bx15 frame A 273,110 20x49
[PT] bx15 frame I
[PT] bx16 frame A 638,165 9x22
[PT] bx16 frame I
[PT] bx17 frame A 454,150 20x51
[PT] bx17 frame I
[PT] bx18 frame A 569,155 8x21
[PT] bx18 frame I
[PT] bx19 frame A 458,149 21x53
[PT] bx19 frame I
[PT] bx20 frame A 642,129 19x48
[PT] bx20 frame I
[PT] bx21 frame A 252,135 18x46
[PT] bx21 frame I
[PT] bx22 frame A 449,157 17x43
[PT] bx22 frame I
[PT] bx23 frame A 769,162 8x20
[PT] bx23 frame I
[PT] bx24 frame A 657,162 7x17
[PT] bx24 frame I
[PT] bx25 frame A 342,174 9x23
[PT] bx25 frame I
[PT] bx26 frame A 579,162 9x23
[PT] bx26 frame I
[PT] bx27 frame A 359,145 2x6
[PT] bx27 frame I
[PT] bx28 frame A 457,136 21x53
[PT] bx28 frame I
[PT] tick 521 enemies=49
[PT] bx0 frame A 342,140 3x6
[PT] bx0 frame I
[PT] bx1 frame A 341,175 9x23
[PT] bx1 frame I
[PT] bx2 frame A 440,171 2x5
[PT] bx2 frame I
[PT] bx3 frame A 460,165 7x17
[PT] bx3 frame I
[PT] bx4 frame A 445,165 7x17
[PT] bx4 frame I
[PT] bx5 frame A 430,165 7x17
[PT] bx5 frame I
[PT] bx6 frame A 404,165 6x16
[PT] bx6 frame I
[PT] bx7 frame A 405,165 6x14
[PT] bx7 frame I
[PT] bx8 frame A 416,165 6x14
[PT] bx8 frame I
[PT] bx9 frame A 738,206 37x92
[PT] bx9 frame I
[PT] bx10 frame A 602,157 9x23
[PT] bx10 frame I
[PT] bx11 frame A 230,171 8x20
[PT] bx11 frame I
[PT] bx12 frame A 815,168 5x14
[PT] bx12 frame I
[PT] bx13 frame A 212,167 5x14
[PT] bx13 frame I
[PT] bx14 frame A 205,167 6x14
[PT] bx14 frame I
[PT] bx15 frame A 272,108 19x48
[PT] bx15 frame I
[PT] ds15 text A 17m
[PT] ds15 text I
[PT] bx16 frame A 636,167 9x22
[PT] bx16 frame I
[PT] bx17 frame A 452,151 20x51
[PT] bx17 frame I
[PT] bx18 frame A 568,157 8x21
[PT] bx18 frame I
[PT] bx19 frame A 456,150 21x53
[PT] bx19 frame I
[PT] bx20 frame A 640,130 19x48
[PT] bx20 frame I
[PT] bx21 frame A 251,136 18x46
[PT] bx21 frame I
[PT] ds21 text A 17m
[PT] ds21 text I
[PT] bx22 frame A 448,159 17x43
[PT] bx22 frame I
[PT] bx23 frame A 768,163 8x20
[PT] bx23 frame I
[PT] bx24 frame A 656,164 7x17
[PT] bx24 frame I
[PT] bx25 frame A 341,175 9x23
[PT] bx25 frame I
[PT] bx26 frame A 572,163 9x23
[PT] bx26 frame I
[PT] bx27 frame A 359,146 2x6
[PT] bx27 frame I
[PT] bx28 frame A 457,138 21x53
[PT] bx28 frame I
[PT] tick 522 enemies=49
[PT] bx9 frame A 737,207 37x92
[PT] bx9 frame I
[PT] bx10 frame A 606,164 9x23
[PT] bx10 frame I
[PT] bx15 frame A 273,107 18x46
[PT] bx15 frame I
[PT] bx16 frame A 633,164 9x22
[PT] bx16 frame I
[PT] bx21 frame A 252,138 18x46
[PT] bx21 frame I
[PT] bx26 frame A 565,164 9x23
[PT] bx26 frame I
[PT] ds26 text A 35m
[PT] ds26 text I
[PT] bx28 frame A 459,140 21x52
[PT] bx28 frame I
[PT] tick 523 enemies=49
[PT] bx0 frame A 342,143 3x6
[PT] bx0 frame I
[PT] bx1 frame A 340,178 9x23
[PT] bx1 frame I
[PT] bx2 frame A 439,174 2x5
[PT] bx2 frame I
[PT] bx3 frame A 459,168 7x17
[PT] bx3 frame I
[PT] bx4 frame A 444,168 7x17
[PT] bx4 frame I
[PT] bx5 frame A 429,168 7x17
[PT] bx5 frame I
[PT] bx6 frame A 403,168 6x16
[PT] bx6 frame I
[PT] bx7 frame A 404,168 6x14
[PT] bx7 frame I
[PT] bx8 frame A 415,168 6x14
[PT] bx8 frame I
[PT] bx9 frame A 736,208 37x92
[PT] bx9 frame I
[PT] bx10 frame A 607,166 9x23
[PT] bx10 frame I
[PT] bx11 frame A 229,174 8x20
[PT] bx11 frame I
[PT] bx12 frame A 814,171 5x14
[PT] bx12 frame I
[PT] bx13 frame A 211,170 5x14
[PT] bx13 frame I
[PT] bx14 frame A 205,170 6x14
[PT] bx14 frame I
[PT] bx15 frame A 274,110 18x45
[PT] bx15 frame I
[PT] ds15 text A 18m
[PT] ds15 text I
[PT] bx16 frame A 629,165 9x22
[PT] bx16 frame I
[PT] ds16 text A 37m
[PT] ds16 text I
[PT] bx17 frame A 451,154 20x51
[PT] bx17 frame I
[PT] bx18 frame A 567,160 8x21
[PT] bx18 frame I
[PT] bx19 frame A 454,153 21x53
[PT] bx19 frame I
[PT] bx20 frame A 638,133 19x47
[PT] bx20 frame I
[PT] bx21 frame A 252,139 18x46
[PT] bx21 frame I
[PT] bx22 frame A 447,161 17x43
[PT] bx22 frame I
[PT] bx23 frame A 766,166 8x20
[PT] bx23 frame I
[PT] bx24 frame A 655,167 7x16
[PT] bx24 frame I
[PT] bx25 frame A 340,178 9x23
[PT] bx25 frame I
[PT] bx26 frame A 561,166 9x23
[PT] bx26 frame I
[PT] bx27 frame A 358,149 2x6
[PT] bx27 frame I
[PT] bx28 frame A 460,142 21x52
[PT] bx28 frame I
[PT] ds28 text A 14m
[PT] ds28 text I
[PT] tick 524 enemies=49
[PT] bx9 frame A 735,208 37x92
[PT] bx9 frame I
[PT] bx10 frame A 605,165 9x23
[PT] bx10 frame I
[PT] bx12 frame A 813,170 5x14
[PT] bx12 frame I
[PT] bx13 frame A 210,169 5x14
[PT] bx13 frame I
[PT] bx14 frame A 204,169 6x14
[PT] bx14 frame I
[PT] bx15 frame A 276,112 18x44
[PT] bx15 frame I
[PT] bx16 frame A 626,164 9x22
[PT] bx16 frame I
[PT] bx23 frame A 765,165 8x20
[PT] bx23 frame I
[PT] bx26 frame A 556,165 9x22
[PT] bx26 frame I
[PT] bx28 frame A 461,140 21x52
[PT] bx28 frame I
[PT] tick 525 enemies=49
[PT] bx0 frame A 339,140 3x6
[PT] bx0 frame I
[PT] bx1 frame A 337,175 9x23
[PT] bx1 frame I
[PT] bx2 frame A 436,171 2x5
[PT] bx2 frame I
[PT] bx3 frame A 456,165 7x17
[PT] bx3 frame I
[PT] bx4 frame A 441,165 7x17
[PT] bx4 frame I
[PT] bx5 frame A 427,165 7x17
[PT] bx5 frame I
[PT] bx6 frame A 400,165 6x16
[PT] bx6 frame I
[PT] bx7 frame A 401,165 6x14
[PT] bx7 frame I
[PT] bx8 frame A 412,165 6x14
[PT] bx8 frame I
[PT] bx9 frame A 735,206 37x91
[PT] bx9 frame I
[PT] bx10 frame A 601,163 9x23
[PT] bx10 frame I
[PT] bx11 frame A 226,171 8x20
[PT] bx11 frame I
[PT] bx12 frame A 810,168 5x14
[PT] bx12 frame I
[PT] bx13 frame A 207,167 6x14
[PT] bx13 frame I
[PT] bx14 frame A 201,167 6x14
[PT] bx14 frame I
[PT] bx15 frame A 277,114 17x43
[PT] bx15 frame I
[PT] ds15 text A 19m
[PT] ds15 text I
[PT] bx16 frame A 622,166 9x22
[PT] bx16 frame I
[PT] bx17 frame A 449,151 20x51
[PT] bx17 frame I
[PT] bx18 frame A 565,157 8x21
[PT] bx18 frame I
[PT] bx19 frame A 453,150 21x53
[PT] bx19 frame I
[PT] bx20 frame A 636,130 19x47
[PT] bx20 frame I
[PT] bx21 frame A 251,137 18x46
[PT] bx21 frame I
[PT] bx22 frame A 447,159 17x43
[PT] bx22 frame I
[PT] bx23 frame A 763,163 8x20
[PT] bx23 frame I
[PT] bx24 frame A 652,164 7x16
[PT] bx24 frame I
[PT] bx25 frame A 337,175 9x23
[PT] bx25 frame I
[PT] bx26 frame A 549,163 9x22
[PT] bx26 frame I
[PT] bx27 frame A 355,146 2x6
[PT] bx27 frame I
[PT] bx28 frame A 461,137 21x52
[PT] bx28 frame I
[PT] tick 526 enemies=49
[PT] bx0 frame A 338,142 3x6
[PT] bx0 frame I
[PT] bx1 frame A 338,177 9x23
[PT] bx1 frame I
[PT] bx2 frame A 436,173 2x5
[PT] bx2 frame I
[PT] bx3 frame A 457,167 7x17
[PT] bx3 frame I
[PT] bx4 frame A 442,167 7x17
[PT] bx4 frame I
[PT] bx5 frame A 427,167 7x17
[PT] bx5 frame I
[PT] bx6 frame A 400,167 6x16
[PT] bx6 frame I
[PT] bx7 frame A 401,167 6x14
[PT] bx7 frame I
[PT] bx8 frame A 412,167 6x14
[PT] bx8 frame I
[PT] bx9 frame A 741,207 37x91
[PT] bx9 frame I
[PT] bx10 frame A 598,165 9x23
[PT] bx10 frame I
[PT] bx11 frame A 226,173 8x20
[PT] bx11 frame I
[PT] bx12 frame A 809,170 5x14
[PT] bx12 frame I
[PT] bx13 frame A 207,169 6x14
[PT] bx13 frame I
[PT] bx14 frame A 201,169 6x14
[PT] bx14 frame I
[PT] bx15 frame A 283,121 17x42
[PT] bx15 frame I
[PT] bx16 frame A 620,168 9x22
[PT] bx16 frame I
[PT] ds16 text A 36m
[PT] ds16 text I
[PT] bx17 frame A 453,153 20x51
[PT] bx17 frame I
[PT] bx18 frame A 565,159 8x21
[PT] bx18 frame I
[PT] bx19 frame A 456,152 21x53
[PT] bx19 frame I
[PT] bx20 frame A 639,132 19x47
[PT] bx20 frame I
[PT] bx21 frame A 256,139 18x46
[PT] bx21 frame I
[PT] bx22 frame A 450,161 17x43
[PT] bx22 frame I
[PT] bx23 frame A 763,165 8x20
[PT] bx23 frame I
[PT] bx24 frame A 652,166 7x16
[PT] bx24 frame I
[PT] bx25 frame A 338,177 9x23
[PT] bx25 frame I
[PT] bx26 frame A 547,165 9x22
[PT] bx26 frame I
[PT] ds26 text A 36m
[PT] ds26 text I
[PT] bx27 frame A 354,148 2x6
[PT] bx27 frame I
[PT] bx28 frame A 464,139 21x51
[PT] bx28 frame I
[PT] tick 527 enemies=49
[PT] bx0 frame A 333,140 3x6
[PT] bx0 frame I
[PT] bx1 frame A 334,176 9x23
[PT] bx1 frame I
[PT] bx2 frame A 431,172 2x5
[PT] bx2 frame I
[PT] bx3 frame A 453,165 7x17
[PT] bx3 frame I
[PT] bx4 frame A 438,165 7x17
[PT] bx4 frame I
[PT] bx5 frame A 423,165 7x17
[PT] bx5 frame I
[PT] bx6 frame A 396,165 6x16
[PT] bx6 frame I
[PT] bx7 frame A 397,165 6x14
[PT] bx7 frame I
[PT] bx8 frame A 408,165 6x14
[PT] bx8 frame I
[PT] bx9 frame A 739,206 36x91
[PT] bx9 frame I
[PT] bx10 frame A 586,164 9x23
[PT] bx10 frame I
[PT] bx11 frame A 221,172 8x20
[PT] bx11 frame I
[PT] bx12 frame A 802,168 5x13
[PT] bx12 frame I
[PT] bx13 frame A 202,168 6x14
[PT] bx13 frame I
[PT] bx14 frame A 195,168 6x14
[PT] bx14 frame I
[PT] bx15 frame A 281,126 16x41
[PT] bx15 frame I
[PT] ds15 text A 20m
[PT] ds15 text I
[PT] bx16 frame A 614,163 9x23
[PT] bx16 frame I
[PT] bx17 frame A 450,152 20x51
[PT] bx17 frame I
[PT] bx18 frame A 561,157 8x21
[PT] bx18 frame I
[PT] bx19 frame A 454,150 21x53
[PT] bx19 frame I
[PT] bx20 frame A 636,131 19x47
[PT] bx20 frame I
[PT] bx21 frame A 253,137 18x46
[PT] bx21 frame I
[PT] bx22 frame A 448,159 17x42
[PT] bx22 frame I
[PT] bx23 frame A 757,164 8x20
[PT] bx23 frame I
[PT] bx24 frame A 647,164 7x16
[PT] bx24 frame I
[PT] bx25 frame A 334,176 9x23
[PT] bx25 frame I
[PT] bx26 frame A 543,164 9x21
[PT] bx26 frame I
[PT] ds26 text A 37m
[PT] ds26 text I
[PT] bx27 frame A 350,147 2x6
[PT] bx27 frame I
[PT] bx28 frame A 461,138 20x51
[PT] bx28 frame I
[PT] tick 528 enemies=49
[PT] bx0 frame A 321,143 3x6
[PT] bx0 frame I
[PT] bx1 frame A 323,179 9x23
[PT] bx1 frame I
[PT] bx2 frame A 420,175 2x5
[PT] bx2 frame I
[PT] bx3 frame A 442,168 7x17
[PT] bx3 frame I
[PT] bx4 frame A 427,168 7x17
[PT] bx4 frame I
[PT] bx5 frame A 412,168 7x17
[PT] bx5 frame I
[PT] bx6 frame A 385,169 6x16
[PT] bx6 frame I
[PT] bx7 frame A 386,169 6x14
[PT] bx7 frame I
[PT] bx8 frame A 397,169 6x14
[PT] bx8 frame I
[PT] bx9 frame A 728,208 36x90
[PT] bx9 frame I
[PT] bx10 frame A 569,165 9x22
[PT] bx10 frame I
[PT] bx11 frame A 208,175 8x20
[PT] bx11 frame I
[PT] bx12 frame A 786,171 5x13
[PT] bx12 frame I
[PT] bx13 frame A 187,171 6x14
[PT] bx13 frame I
[PT] bx14 frame A 180,171 6x14
[PT] bx14 frame I
[PT] bx15 frame A 273,139 16x40
[PT] bx15 frame I
[PT] bx16 frame A 603,166 9x22
[PT] bx16 frame I
[PT] bx17 frame A 441,155 20x51
[PT] bx17 frame I
[PT] bx18 frame A 550,160 8x21
[PT] bx18 frame I
[PT] bx19 frame A 445,153 21x53
[PT] bx19 frame I
[PT] bx20 frame A 625,134 19x47
[PT] bx20 frame I
[PT] bx21 frame A 243,140 19x47
[PT] bx21 frame I
[PT] bx22 frame A 439,162 17x42
[PT] bx22 frame I
[PT] bx23 frame A 742,167 8x20
[PT] bx23 frame I
[PT] bx24 frame A 635,167 6x16
[PT] bx24 frame I
[PT] bx25 frame A 323,179 9x23
[PT] bx25 frame I
[PT] bx26 frame A 531,167 8x21
[PT] bx26 frame I
[PT] bx27 frame A 338,150 2x6
[PT] bx27 frame I
[PT] bx28 frame A 451,141 20x51
[PT] bx28 frame I
[PT] tick 529 enemies=49
[PT] bx0 frame A 315,139 3x6
[PT] bx0 frame I
[PT] bx1 frame A 317,175 9x23
[PT] bx1 frame I
[PT] bx2 frame A 414,171 2x5
[PT] bx2 frame I
[PT] bx3 frame A 437,165 7x17
[PT] bx3 frame I
[PT] bx4 frame A 422,165 7x17
[PT] bx4 frame I
[PT] bx5 frame A 407,165 7x17
[PT] bx5 frame I
[PT] bx6 frame A 380,165 6x16
[PT] bx6 frame I
[PT] bx7 frame A 381,165 6x14
[PT] bx7 frame I
[PT] bx8 frame A 392,165 6x14
[PT] bx8 frame I
[PT] bx9 frame A 723,205 36x89
[PT] bx9 frame I
[PT] bx10 frame A 556,157 9x22
[PT] bx10 frame I
[PT] bx11 frame A 200,172 8x20
[PT] bx11 frame I
[PT] bx12 frame A 778,167 5x13
[PT] bx12 frame I
[PT] bx13 frame A 180,167 6x14
[PT] bx13 frame I
[PT] bx14 frame A 173,167 6x14
[PT] bx14 frame I
[PT] bx15 frame A 268,143 16x39
[PT] bx15 frame I
[PT] ds15 text A 21m
[PT] ds15 text I
[PT] bx16 frame A 597,162 9x22
[PT] bx16 frame I
[PT] bx17 frame A 436,151 20x51
[PT] bx17 frame I
[PT] bx18 frame A 545,157 8x21
[PT] bx18 frame I
[PT] bx19 frame A 441,150 21x53
[PT] bx19 frame I
[PT] bx20 frame A 620,131 19x47
[PT] bx20 frame I
[PT] bx21 frame A 238,137 19x47
[PT] bx21 frame I
[PT] bx22 frame A 434,159 17x42
[PT] bx22 frame I
[PT] bx23 frame A 735,163 8x20
[PT] bx23 frame I
[PT] bx24 frame A 629,164 6x16
[PT] bx24 frame I
[PT] bx25 frame A 317,175 9x23
[PT] bx25 frame I
[PT] bx26 frame A 524,163 8x21
[PT] bx26 frame I
[PT] ds26 text A 38m
[PT] ds26 text I
[PT] bx27 frame A 332,146 2x6
[PT] bx27 frame I
[PT] bx28 frame A 446,137 20x51
[PT] bx28 frame I
[PT] tick 530 enemies=49
[PT] bx0 frame A 293,129 3x7
[PT] bx0 frame I
[PT] bx1 frame A 297,166 10x24
[PT] bx1 frame I
[PT] bx2 frame A 395,162 2x5
[PT] bx2 frame I
[PT] bx3 frame A 418,156 7x18
[PT] bx3 frame I
[PT] bx4 frame A 403,156 7x17
[PT] bx4 frame I
[PT] bx5 frame A 388,156 7x17
[PT] bx5 frame I
[PT] bx6 frame A 360,156 6x16
[PT] bx6 frame I
[PT] bx7 frame A 361,156 6x15
[PT] bx7 frame I
[PT] bx8 frame A 372,156 6x14
[PT] bx8 frame I
[PT] bx9 frame A 703,197 35x87
[PT] bx9 frame I
[PT] bx10 frame A 529,144 9x22
[PT] bx10 frame I
[PT] ds10 text A 36m
[PT] ds10 text I
[PT] bx11 frame A 175,163 8x21
[PT] bx11 frame I
[PT] bx12 frame A 752,158 5x13
[PT] bx12 frame I
[PT] bx13 frame A 153,158 6x15
[PT] bx13 frame I
[PT] bx14 frame A 145,158 6x15
[PT] bx14 frame I
[PT] bx15 frame A 247,145 15x39
[PT] bx15 frame I
[PT] bx16 frame A 578,153 9x22
[PT] bx16 frame I
[PT] bx17 frame A 420,143 20x51
[PT] bx17 frame I
[PT] bx18 frame A 526,148 8x21
[PT] bx18 frame I
[PT] bx19 frame A 424,142 22x54
[PT] bx19 frame I
[PT] bx20 frame A 601,123 18x46
[PT] bx20 frame I
[PT] bx21 frame A 217,128 19x48
[PT] bx21 frame I
[PT] bx22 frame A 418,151 17x42
[PT] bx22 frame I
[PT] bx23 frame A 711,154 8x19
[PT] bx23 frame I
[PT] bx24 frame A 609,155 6x16
[PT] bx24 frame I
[PT] bx25 frame A 297,166 10x24
[PT] bx25 frame I
[PT] bx26 frame A 504,154 8x20
[PT] bx26 frame I
[PT] bx27 frame A 903,115 8x19
[PT] bx27 frame I
[PT] nm27 text A Player
[PT] nm27 text I
[PT] ds27 text A 58m
[PT] ds27 text I
[PT] bx28 frame A 310,136 2x6
[PT] bx28 frame I
[PT] nm28 text A BOT
[PT] nm28 text I
[PT] ds28 text A 145m
[PT] ds28 text I
[PT] bx29 frame A 429,130 20x51
[PT] bx29 frame I
[PT] bx29 show A
[PT] nm29 show A
[PT] ds29 text A 14m
[PT] ds29 text I
[PT] ds29 show A
[PT] tick 531 enemies=49
[PT] bx0 frame A 262,127 3x7
[PT] bx0 frame I
[PT] bx1 frame A 268,165 10x24
[PT] bx1 frame I
[PT] bx2 frame A 368,160 2x5
[PT] bx2 frame I
[PT] bx3 frame A 393,154 7x18
[PT] bx3 frame I
[PT] bx4 frame A 377,154 7x17
[PT] bx4 frame I
[PT] bx5 frame A 362,154 7x17
[PT] bx5 frame I
[PT] bx6 frame A 333,154 7x16
[PT] bx6 frame I
[PT] bx7 frame A 334,154 6x15
[PT] bx7 frame I
[PT] bx8 frame A 346,154 6x14
[PT] bx8 frame I
[PT] bx9 frame A 677,194 34x84
[PT] bx9 frame I
[PT] bx10 frame A 498,141 9x22
[PT] bx10 frame I
[PT] bx11 frame A 139,161 9x21
[PT] bx11 frame I
[PT] bx12 frame A 717,156 5x12
[PT] bx12 frame I
[PT] bx13 frame A 114,157 6x15
[PT] bx13 frame I
[PT] bx14 frame A 106,157 6x15
[PT] bx14 frame I
[PT] bx15 frame A 216,143 16x40
[PT] bx15 frame I
[PT] bx16 frame A 552,152 9x22
[PT] bx16 frame I
[PT] bx17 frame A 396,141 21x51
[PT] bx17 frame I
[PT] bx18 frame A 501,146 8x21
[PT] bx18 frame I
[PT] bx19 frame A 401,140 22x54
[PT] bx19 frame I
[PT] bx20 frame A 576,122 18x45
[PT] bx20 frame I
[PT] bx21 frame A 187,126 20x49
[PT] bx21 frame I
[PT] bx22 frame A 394,150 17x43
[PT] bx22 frame I
[PT] bx23 frame A 680,153 8x19
[PT] bx23 frame I
[PT] bx24 frame A 581,153 6x16
[PT] bx24 frame I
[PT] bx25 frame A 268,165 10x24
[PT] bx25 frame I
[PT] bx26 frame A 476,153 8x20
[PT] bx26 frame I
[PT] ds26 text A 39m
[PT] ds26 text I
[PT] bx27 frame A 857,116 7x18
[PT] bx27 frame I
[PT] bx28 frame A 281,134 2x6
[PT] bx28 frame I
[PT] bx29 frame A 410,126 21x52
[PT] bx29 frame I
[PT] tick 532 enemies=49
[PT] bx0 frame A 254,127 3x7
[PT] bx0 frame I
[PT] bx1 frame A 260,165 10x25
[PT] bx1 frame I
[PT] bx2 frame A 360,160 2x5
[PT] bx2 frame I
[PT] bx3 frame A 385,154 7x18
[PT] bx3 frame I
[PT] bx4 frame A 369,154 7x17
[PT] bx4 frame I
[PT] bx5 frame A 354,154 7x17
[PT] bx5 frame I
[PT] bx6 frame A 326,154 7x16
[PT] bx6 frame I
[PT] bx7 frame A 326,154 6x15
[PT] bx7 frame I
[PT] bx8 frame A 338,154 6x14
[PT] bx8 frame I
[PT] bx9 frame A 670,194 34x84
[PT] bx9 frame I
[PT] bx10 frame A 484,140 9x22
[PT] bx10 frame I
[PT] bx11 frame A 128,161 9x22
[PT] bx11 frame I
[PT] bx12 frame A 708,156 5x12
[PT] bx12 frame I
[PT] bx13 frame A 103,157 6x15
[PT] bx13 frame I
[PT] bx14 frame A 94,157 6x16
[PT] bx14 frame I
[PT] bx15 frame A 207,143 16x40
[PT] bx15 frame I
[PT] bx16 frame A 545,152 9x22
[PT] bx16 frame I
[PT] bx17 frame A 390,141 21x52
[PT] bx17 frame I
[PT] bx18 frame A 494,146 8x21
[PT] bx18 frame I
[PT] bx19 frame A 394,140 22x54
[PT] bx19 frame I
[PT] bx20 frame A 569,122 18x45
[PT] bx20 frame I
[PT] bx21 frame A 179,126 20x50
[PT] bx21 frame I
[PT] bx22 frame A 388,151 17x43
[PT] bx22 frame I
[PT] bx23 frame A 671,153 7x19
[PT] bx23 frame I
[PT] bx24 frame A 574,153 6x16
[PT] bx24 frame I
[PT] bx25 frame A 260,165 10x25
[PT] bx25 frame I
[PT] bx26 frame A 467,153 8x20
[PT] bx26 frame I
[PT] bx27 frame A 844,116 7x18
[PT] bx27 frame I
[PT] bx28 frame A 272,134 2x6
[PT] bx28 frame I
[PT] bx29 frame A 405,121 21x52
[PT] bx29 frame I
[PT] bx30 frame A 916,148 1x4
[PT] bx30 frame I
[PT] bx30 show A
[PT] nm30 show A
[PT] ds30 text A 323m
[PT] ds30 text I
[PT] ds30 show A
[PT] bx31 frame A 916,151 1x4
[PT] bx31 frame I
[PT] bx31 show A
[PT] nm31 show A
[PT] ds31 text A 323m
[PT] ds31 text I
[PT] ds31 show A
[PT] tick 533 enemies=49
[PT] bx0 frame A 256,119 3x7
[PT] bx0 frame I
[PT] bx1 frame A 262,158 10x25
[PT] bx1 frame I
[PT] bx2 frame A 363,152 2x5
[PT] bx2 frame I
[PT] bx3 frame A 387,146 7x18
[PT] bx3 frame I
[PT] bx4 frame A 372,146 7x17
[PT] bx4 frame I
[PT] bx5 frame A 356,146 7x17
[PT] bx5 frame I
[PT] bx6 frame A 328,146 7x16
[PT] bx6 frame I
[PT] bx7 frame A 328,146 6x15
[PT] bx7 frame I
[PT] bx8 frame A 340,146 6x14
[PT] bx8 frame I
[PT] bx9 frame A 672,188 34x84
[PT] bx9 frame I
[PT] bx10 frame A 479,133 9x22
[PT] bx10 frame I
[PT] bx11 frame A 131,154 9x22
[PT] bx11 frame I
[PT] bx12 frame A 712,149 5x12
[PT] bx12 frame I
[PT] bx13 frame A 105,149 6x15
[PT] bx13 frame I
[PT] bx14 frame A 97,149 6x16
[PT] bx14 frame I
[PT] bx15 frame A 205,134 16x41
[PT] bx15 frame I
[PT] bx16 frame A 547,144 9x22
[PT] bx16 frame I
[PT] bx17 frame A 391,134 21x52
[PT] bx17 frame I
[PT] bx18 frame A 496,139 8x21
[PT] bx18 frame I
[PT] bx19 frame A 396,133 22x54
[PT] bx19 frame I
[PT] bx20 frame A 572,114 18x46
[PT] bx20 frame I
[PT] bx21 frame A 182,119 20x50
[PT] bx21 frame I
[PT] bx22 frame A 391,144 17x42
[PT] bx22 frame I
[PT] bx23 frame A 674,145 8x19
[PT] bx23 frame I
[PT] bx24 frame A 576,145 6x16
[PT] bx24 frame I
[PT] bx25 frame A 262,158 10x25
[PT] bx25 frame I
[PT] bx26 frame A 466,145 8x20
[PT] bx26 frame I
[PT] ds26 text A 40m
[PT] ds26 text I
[PT] bx27 frame A 850,108 7x18
[PT] bx27 frame I
[PT] bx28 frame A 274,126 2x6
[PT] bx28 frame I
[PT] bx29 frame A 406,106 21x53
[PT] bx29 frame I
[PT] bx30 hide A
[PT] nm30 hide A
[PT] ds30 hide A
[PT] bx31 hide A
[PT] nm31 hide A
[PT] ds31 hide A
[PT] tick 534 enemies=49
[PT] bx0 frame A 277,110 3x7
[PT] bx0 frame I
[PT] bx1 frame A 282,149 10x24
[PT] bx1 frame I
[PT] bx2 frame A 382,143 2x5
[PT] bx2 frame I
[PT] bx3 frame A 406,138 7x18
[PT] bx3 frame I
[PT] bx4 frame A 390,138 7x17
[PT] bx4 frame I
[PT] bx5 frame A 375,138 7x17
[PT] bx5 frame I
[PT] bx6 frame A 347,137 7x16
[PT] bx6 frame I
[PT] bx7 frame A 348,137 6x15
[PT] bx7 frame I
[PT] bx8 frame A 359,137 6x14
[PT] bx8 frame I
[PT] bx9 frame A 691,182 34x85
[PT] bx9 frame I
[PT] bx10 frame A 492,125 9x22
[PT] bx10 frame I
[PT] bx11 frame A 157,145 8x21
[PT] bx11 frame I
[PT] bx12 frame A 737,140 5x13
[PT] bx12 frame I
[PT] bx13 frame A 133,140 6x15
[PT] bx13 frame I
[PT] bx14 frame A 125,140 6x15
[PT] bx14 frame I
[PT] bx15 frame A 219,123 17x42
[PT] bx15 frame I
[PT] ds15 text A 20m
[PT] ds15 text I
[PT] bx16 frame A 566,135 9x22
[PT] bx16 frame I
[PT] bx17 frame A 408,126 21x52
[PT] bx17 frame I
[PT] bx18 frame A 515,130 8x21
[PT] bx18 frame I
[PT] bx19 frame A 413,125 22x54
[PT] bx19 frame I
[PT] bx20 frame A 590,106 19x46
[PT] bx20 frame I
[PT] bx21 frame A 205,111 20x49
[PT] bx21 frame I
[PT] bx22 frame A 408,136 17x42
[PT] bx22 frame I
[PT] bx23 frame A 698,136 8x19
[PT] bx23 frame I
[PT] bx24 frame A 596,136 6x16
[PT] bx24 frame I
[PT] bx25 frame A 282,149 10x24
[PT] bx25 frame I
[PT] bx26 frame A 482,136 8x20
[PT] bx26 frame I
[PT] bx27 frame A 884,98 8x19
[PT] bx27 frame I
[PT] bx28 frame A 295,117 2x6
[PT] bx28 frame I
[PT] bx29 frame A 420,94 21x53
[PT] bx29 frame I
[PT] tick 535 enemies=49
[PT] bx0 frame A 280,108 3x7
[PT] bx0 frame I
[PT] bx1 frame A 285,147 10x24
[PT] bx1 frame I
[PT] bx2 frame A 384,141 2x5
[PT] bx2 frame I
[PT] bx3 frame A 408,135 7x18
[PT] bx3 frame I
[PT] bx4 frame A 392,135 7x17
[PT] bx4 frame I
[PT] bx5 frame A 377,135 7x17
[PT] bx5 frame I
[PT] bx6 frame A 349,135 7x16
[PT] bx6 frame I
[PT] bx7 frame A 350,135 6x15
[PT] bx7 frame I
[PT] bx8 frame A 361,135 6x14
[PT] bx8 frame I
[PT] bx9 frame A 693,180 34x85
[PT] bx9 frame I
[PT] bx10 frame A 488,126 9x21
[PT] bx10 frame I
[PT] ds10 text A 37m
[PT] ds10 text I
[PT] bx11 frame A 159,143 8x21
[PT] bx11 frame I
[PT] bx12 frame A 740,138 5x13
[PT] bx12 frame I
[PT] bx13 frame A 136,138 6x15
[PT] bx13 frame I
[PT] bx14 frame A 128,138 6x15
[PT] bx14 frame I
[PT] bx15 frame A 218,119 17x43
[PT] bx15 frame I
[PT] bx16 frame A 569,133 9x22
[PT] bx16 frame I
[PT] bx17 frame A 410,124 21x52
[PT] bx17 frame I
[PT] bx18 frame A 517,128 8x21
[PT] bx18 frame I
[PT] bx19 frame A 415,123 22x54
[PT] bx19 frame I
[PT] bx20 frame A 593,104 19x47
[PT] bx20 frame I
[PT] bx21 frame A 210,110 20x49
[PT] bx21 frame I
[PT] bx22 frame A 411,134 17x42
[PT] bx22 frame I
[PT] bx23 frame A 700,134 8x19
[PT] bx23 frame I
[PT] bx24 frame A 599,134 6x16
[PT] bx24 frame I
[PT] bx25 frame A 285,147 10x24
[PT] bx25 frame I
[PT] bx26 frame A 481,134 8x19
[PT] bx26 frame I
[PT] ds26 text A 41m
[PT] ds26 text I
[PT] bx27 frame A 889,95 8x19
[PT] bx27 frame I
[PT] bx28 frame A 298,115 2x6
[PT] bx28 frame I
[PT] bx29 frame A 418,90 22x54
[PT] bx29 frame I
[PT] tick 536 enemies=49
[PT] bx0 frame A 282,81 3x7
[PT] bx0 frame I
[PT] bx1 frame A 288,122 10x25
[PT] bx1 frame I
[PT] bx2 frame A 388,115 2x5
[PT] bx2 frame I
[PT] bx3 frame A 412,110 7x18
[PT] bx3 frame I
[PT] bx4 frame A 396,110 7x18
[PT] bx4 frame I
[PT] bx5 frame A 381,110 7x17
[PT] bx5 frame I
[PT] bx6 frame A 352,110 7x17
[PT] bx6 frame I
[PT] bx7 frame A 353,110 6x15
[PT] bx7 frame I
[PT] bx8 frame A 365,110 6x15
[PT] bx8 frame I
[PT] bx9 frame A 699,161 34x86
[PT] bx9 frame I
[PT] bx10 frame A 488,104 9x22
[PT] bx10 frame I
[PT] bx11 frame A 162,118 9x21
[PT] bx11 frame I
[PT] bx12 frame A 749,112 5x13
[PT] bx12 frame I
[PT] bx13 frame A 139,112 6x15
[PT] bx13 frame I
[PT] bx14 frame A 131,113 6x15
[PT] bx14 frame I
[PT] bx15 frame A 215,93 18x45
[PT] bx15 frame I
[PT] ds15 text A 19m
[PT] ds15 text I
[PT] bx16 frame A 574,108 9x23
[PT] bx16 frame I
[PT] bx17 frame A 413,102 21x52
[PT] bx17 frame I
[PT] bx18 frame A 522,103 9x22
[PT] bx18 frame I
[PT] bx19 frame A 418,100 22x55
[PT] bx19 frame I
[PT] bx20 frame A 599,80 19x48
[PT] bx20 frame I
[PT] bx21 frame A 212,86 20x50
[PT] bx21 frame I
[PT] bx22 frame A 415,111 17x43
[PT] bx22 frame I
[PT] bx23 frame A 708,109 8x20
[PT] bx23 frame I
[PT] bx24 frame A 605,109 7x16
[PT] bx24 frame I
[PT] bx25 frame A 288,122 10x25
[PT] bx25 frame I
[PT] bx26 frame A 482,109 8x19
[PT] bx26 frame I
[PT] bx27 frame A 904,69 8x20
[PT] bx27 frame I
[PT] bx28 frame A 300,89 2x6
[PT] bx28 frame I
[PT] bx29 frame A 417,63 22x56
[PT] bx29 frame I
[PT] tick 537 enemies=49
[PT] bx0 frame A 311,38 3x7
[PT] bx0 frame I
[PT] bx1 frame A 315,82 10x25
[PT] bx1 frame I
[PT] bx2 frame A 416,73 2x5
[PT] bx2 frame I
[PT] bx3 frame A 440,69 8x19
[PT] bx3 frame I
[PT] bx4 frame A 424,69 7x18
[PT] bx4 frame I
[PT] bx5 frame A 408,69 7x18
[PT] bx5 frame I
[PT] bx6 frame A 380,69 7x17
[PT] bx6 frame I
[PT] bx7 frame A 381,69 6x16
[PT] bx7 frame I
[PT] bx8 frame A 393,69 6x15
[PT] bx8 frame I
[PT] bx9 frame A 733,132 35x88
[PT] bx9 frame I
[PT] ds9 text A 8m
[PT] ds9 text I
[PT] bx10 frame A 512,68 9x23
[PT] bx10 frame I
[PT] bx11 frame A 195,78 9x21
[PT] bx11 frame I
[PT] bx12 frame A 797,71 6x14
[PT] bx12 frame I
[PT] bx13 frame A 173,71 6x15
[PT] bx13 frame I
[PT] bx14 frame A 166,71 6x15
[PT] bx14 frame I
[PT] bx15 frame A 236,52 19x47
[PT] bx15 frame I
[PT] bx16 frame A 607,68 10x24
[PT] bx16 frame I
[PT] bx17 frame A 439,64 22x54
[PT] bx17 frame I
[PT] bx18 frame A 553,62 9x23
[PT] bx18 frame I
[PT] ds18 text A 37m
[PT] ds18 text I
[PT] bx19 frame A 443,63 23x57
[PT] bx19 frame I
[PT] bx20 frame A 633,40 20x51
[PT] bx20 frame I
[PT] bx21 frame A 241,49 20x50
[PT] bx21 frame I
[PT] bx22 frame A 441,72 18x44
[PT] bx22 frame I
[PT] ds22 text A 18m
[PT] ds22 text I
[PT] bx23 frame A 752,69 9x21
[PT] bx23 frame I
[PT] bx24 frame A 641,68 7x17
[PT] bx24 frame I
[PT] bx25 frame A 315,82 10x25
[PT] bx25 frame I
[PT] bx26 frame A 508,68 8x20
[PT] bx26 frame I
[PT] ds26 text A 42m
[PT] ds26 text I
[PT] bx27 frame A 329,46 3x6
[PT] bx27 frame I
[PT] nm27 text A BOT
[PT] nm27 text I
[PT] ds27 text A 145m
[PT] ds27 text I
[PT] bx28 frame A 440,23 23x59
[PT] bx28 frame I
[PT] nm28 text A Player
[PT] nm28 text I
[PT] ds28 text A 13m
[PT] ds28 text I
[PT] bx29 hide A
[PT] nm29 hide A
[PT] ds29 hide A
[PT] tick 538 enemies=49
[PT] bx0 frame A 304,65 3x7
[PT] bx0 frame I
[PT] bx1 frame A 308,107 10x25
[PT] bx1 frame I
[PT] bx2 frame A 409,98 2x5
[PT] bx2 frame I
[PT] ds2 text A 164m
[PT] ds2 text I
[PT] bx3 frame A 432,94 7x18
[PT] bx3 frame I
[PT] ds3 text A 44m
[PT] ds3 text I
[PT] bx4 frame A 416,94 7x18
[PT] bx4 frame I
[PT] ds4 text A 45m
[PT] ds4 text I
[PT] bx5 frame A 401,94 7x18
[PT] bx5 frame I
[PT] bx6 frame A 373,94 7x17
[PT] bx6 frame I
[PT] bx7 frame A 374,94 6x15
[PT] bx7 frame I
[PT] bx8 frame A 385,94 6x15
[PT] bx8 frame I
[PT] ds8 text A 56m
[PT] ds8 text I
[PT] bx9 frame A 738,154 37x91
[PT] bx9 frame I
[PT] bx10 frame A 503,93 9x22
[PT] bx10 frame I
[PT] bx11 frame A 186,102 9x21
[PT] bx11 frame I
[PT] bx12 frame A 783,96 6x14
[PT] bx12 frame I
[PT] ds12 text A 73m
[PT] ds12 text I
[PT] bx13 frame A 164,96 6x15
[PT] bx13 frame I
[PT] bx14 frame A 156,96 6x15
[PT] bx14 frame I
[PT] bx15 frame A 218,72 20x49
[PT] bx15 frame I
[PT] ds15 text A 18m
[PT] ds15 text I
[PT] bx16 frame A 599,93 9x24
[PT] bx16 frame I
[PT] bx17 frame A 432,87 22x54
[PT] bx17 frame I
[PT] ds17 text A 13m
[PT] ds17 text I
[PT] bx18 frame A 545,86 9x22
[PT] bx18 frame I
[PT] bx19 frame A 437,86 23x57
[PT] bx19 frame I
[PT] bx20 frame A 627,64 20x50
[PT] bx20 frame I
[PT] ds20 text A 16m
[PT] ds20 text I
[PT] bx21 frame A 233,72 20x50
[PT] bx21 frame I
[PT] bx22 frame A 435,96 18x44
[PT] bx22 frame I
[PT] ds22 text A 17m
[PT] ds22 text I
[PT] bx23 frame A 741,93 8x21
[PT] bx23 frame I
[PT] bx24 frame A 631,96 7x17
[PT] bx24 frame I
[PT] ds24 text A 51m
[PT] ds24 text I
[PT] bx25 frame A 308,107 10x25
[PT] bx25 frame I
[PT] bx26 frame A 498,93 8x19
[PT] bx26 frame I
[PT] bx27 frame A 322,72 3x6
[PT] bx27 frame I
[PT] bx28 frame A 433,47 23x58
[PT] bx28 frame I
[PT] tick 539 enemies=49
[PT] bx0 frame A 290,99 3x7
[PT] bx0 frame I
[PT] ds0 text A 132m
[PT] ds0 text I
[PT] bx1 frame A 292,140 10x25
[PT] bx1 frame I
[PT] ds1 text A 33m
[PT] ds1 text I
[PT] bx2 frame A 395,132 2x5
[PT] bx2 frame I
[PT] bx3 frame A 418,127 7x18
[PT] bx3 frame I
[PT] bx4 frame A 403,127 7x18
[PT] bx4 frame I
[PT] bx5 frame A 387,127 7x17
[PT] bx5 frame I
[PT] ds5 text A 46m
[PT] ds5 text I
[PT] bx6 frame A 359,127 7x17
[PT] bx6 frame I
[PT] ds6 text A 49m
[PT] ds6 text I
[PT] bx7 frame A 360,127 6x15
[PT] bx7 frame I
[PT] ds7 text A 54m
[PT] ds7 text I
[PT] bx8 frame A 371,127 6x15
[PT] bx8 frame I
[PT] bx9 frame A 742,187 39x96
[PT] bx9 frame I
[PT] bx10 frame A 489,127 9x22
[PT] bx10 frame I
[PT] ds10 text A 36m
[PT] ds10 text I
[PT] bx11 frame A 166,135 9x22
[PT] bx11 frame I
[PT] bx12 frame A 761,129 5x13
[PT] bx12 frame I
[PT] bx13 frame A 146,130 6x15
[PT] bx13 frame I
[PT] bx14 frame A 136,130 6x15
[PT] bx14 frame I
[PT] ds14 text A 64m
[PT] ds14 text I
[PT] bx15 frame A 187,102 21x51
[PT] bx15 frame I
[PT] ds15 text A 17m
[PT] ds15 text I
[PT] bx16 frame A 585,126 9x23
[PT] bx16 frame I
[PT] ds16 text A 35m
[PT] ds16 text I
[PT] bx17 frame A 419,119 22x55
[PT] bx17 frame I
[PT] bx18 frame A 531,120 9x22
[PT] bx18 frame I
[PT] ds18 text A 36m
[PT] ds18 text I
[PT] bx19 frame A 424,118 23x58
[PT] bx19 frame I
[PT] ds19 text A 12m
[PT] ds19 text I
[PT] bx20 frame A 616,96 20x50
[PT] bx20 frame I
[PT] bx21 frame A 214,104 21x51
[PT] bx21 frame I
[PT] ds21 text A 16m
[PT] ds21 text I
[PT] bx22 frame A 423,128 18x44
[PT] bx22 frame I
[PT] bx23 frame A 722,126 8x20
[PT] bx23 frame I
[PT] ds23 text A 45m
[PT] ds23 text I
[PT] bx24 frame A 614,129 7x17
[PT] bx24 frame I
[PT] bx25 frame A 292,140 10x25
[PT] bx25 frame I
[PT] ds25 text A 33m
[PT] ds25 text I
[PT] bx26 frame A 481,126 8x19
[PT] bx26 frame I
[PT] bx27 frame A 924,85 8x20
[PT] bx27 frame I
[PT] nm27 text A Player
[PT] nm27 text I
[PT] ds27 text A 58m
[PT] ds27 text I
[PT] bx28 frame A 308,106 2x6
[PT] bx28 frame I
[PT] nm28 text A BOT
[PT] nm28 text I
[PT] ds28 text A 144m
[PT] ds28 text I
[PT] bx29 frame A 418,80 23x58
[PT] bx29 frame I
[PT] bx29 show A
[PT] nm29 show A
[PT] ds29 text A 13m
[PT] ds29 text I
[PT] ds29 show A
[PT] tick 540 enemies=49
[PT] bx0 frame A 282,102 3x7
[PT] bx0 frame I
[PT] bx1 frame A 282,148 10x25
[PT] bx1 frame I
[PT] bx2 frame A 388,135 2x5
[PT] bx2 frame I
[PT] ds2 text A 163m
[PT] ds2 text I
[PT] bx3 frame A 412,133 7x18
[PT] bx3 frame I
[PT] ds3 text A 43m
[PT] ds3 text I
[PT] bx4 frame A 395,133 7x18
[PT] bx4 frame I
[PT] ds4 text A 44m
[PT] ds4 text I
[PT] bx5 frame A 380,133 7x18
[PT] bx5 frame I
[PT] bx6 frame A 351,133 7x17
[PT] bx6 frame I
[PT] ds6 text A 48m
[PT] ds6 text I
[PT] bx7 frame A 352,132 6x15
[PT] bx7 frame I
[PT] bx8 frame A 364,132 6x15
[PT] bx8 frame I
[PT] ds8 text A 55m
[PT] ds8 text I
[PT] bx9 frame A 756,216 41x101
[PT] bx9 frame I
[PT] ds9 text A 7m
[PT] ds9 text I
[PT] bx10 frame A 486,133 9x22
[PT] bx10 frame I
[PT] ds10 text A 35m
[PT] ds10 text I
[PT] bx11 frame A 153,142 9x22
[PT] bx11 frame I
[PT] ds11 text A 43m
[PT] ds11 text I
[PT] bx12 frame A 755,134 5x13
[PT] bx12 frame I
[PT] ds12 text A 72m
[PT] ds12 text I
[PT] bx13 frame A 133,135 6x15
[PT] bx13 frame I
[PT] ds13 text A 64m
[PT] ds13 text I
[PT] bx14 frame A 122,135 6x16
[PT] bx14 frame I
[PT] bx15 frame A 172,123 21x53
[PT] bx15 frame I
[PT] ds15 text A 16m
[PT] ds15 text I
[PT] bx16 frame A 581,133 9x23
[PT] bx16 frame I
[PT] bx17 frame A 412,133 23x57
[PT] bx17 frame I
[PT] ds17 text A 12m
[PT] ds17 text I
[PT] bx18 frame A 525,126 9x22
[PT] bx18 frame I
[PT] bx19 frame A 417,133 24x61
[PT] bx19 frame I
[PT] ds19 text A 11m
[PT] ds19 text I
[PT] bx20 frame A 615,108 21x51
[PT] bx20 frame I
[PT] ds20 text A 15m
[PT] ds20 text I
[PT] bx21 frame A 199,117 21x53
[PT] bx21 frame I
[PT] bx22 frame A 417,140 18x45
[PT] bx22 frame I
[PT] ds22 text A 16m
[PT] ds22 text I
[PT] bx23 frame A 718,133 8x20
[PT] bx23 frame I
[PT] bx24 frame A 606,134 7x17
[PT] bx24 frame I
[PT] ds24 text A 50m
[PT] ds24 text I
[PT] bx25 frame A 282,148 10x25
[PT] bx25 frame I
[PT] bx26 frame A 471,128 8x19
[PT] bx26 frame I
[PT] ds26 text A 41m
[PT] ds26 text I
[PT] bx27 frame A 917,92 8x20
[PT] bx27 frame I
[PT] ds27 text A 57m
[PT] ds27 text I
[PT] bx28 frame A 300,109 2x6
[PT] bx28 frame I
[PT] bx29 frame A 413,93 24x59
[PT] bx29 frame I
[PT] ds29 text A 12m
[PT] ds29 text I
[PT] tick 541 enemies=49
[PT] bx0 frame A 277,108 3x7
[PT] bx0 frame I
[PT] ds0 text A 131m
[PT] ds0 text I
[PT] bx1 frame A 275,157 10x26
[PT] bx1 frame I
[PT] ds1 text A 32m
[PT] ds1 text I
[PT] bx2 frame A 384,141 2x5
[PT] bx2 frame I
[PT] ds2 text A 162m
[PT] ds2 text I
[PT] bx3 frame A 407,141 7x19
[PT] bx3 frame I
[PT] ds3 text A 42m
[PT] ds3 text I
[PT] bx4 frame A 391,141 7x18
[PT] bx4 frame I
[PT] bx5 frame A 375,141 7x18
[PT] bx5 frame I
[PT] ds5 text A 45m
[PT] ds5 text I
[PT] bx6 frame A 346,140 7x17
[PT] bx6 frame I
[PT] bx7 frame A 347,139 6x15
[PT] bx7 frame I
[PT] ds7 text A 53m
[PT] ds7 text I
[PT] bx8 frame A 359,139 6x15
[PT] bx8 frame I
[PT] ds8 text A 54m
[PT] ds8 text I
[PT] bx9 frame A 779,245 43x108
[PT] bx9 frame I
[PT] bx10 frame A 489,142 9x23
[PT] bx10 frame I
[PT] ds10 text A 34m
[PT] ds10 text I
[PT] bx11 frame A 144,151 9x22
[PT] bx11 frame I
[PT] ds11 text A 42m
[PT] ds11 text I
[PT] bx12 frame A 752,141 5x13
[PT] bx12 frame I
[PT] bx13 frame A 124,142 6x16
[PT] bx13 frame I
[PT] ds13 text A 63m
[PT] ds13 text I
[PT] bx14 frame A 112,142 6x16
[PT] bx14 frame I
[PT] ds14 text A 63m
[PT] ds14 text I
[PT] bx15 frame A 157,136 22x55
[PT] bx15 frame I
[PT] bx16 frame A 589,141 9x24
[PT] bx16 frame I
[PT] ds16 text A 34m
[PT] ds16 text I
[PT] bx17 frame A 408,147 24x59
[PT] bx17 frame I
[PT] bx18 frame A 523,134 9x22
[PT] bx18 frame I
[PT] ds18 text A 35m
[PT] ds18 text I
[PT] bx19 frame A 413,147 25x63
[PT] bx19 frame I
[PT] bx20 frame A 617,120 21x53
[PT] bx20 frame I
[PT] ds20 text A 14m
[PT] ds20 text I
[PT] bx21 frame A 188,130 22x55
[PT] bx21 frame I
[PT] ds21 text A 15m
[PT] ds21 text I
[PT] bx22 frame A 413,152 19x46
[PT] bx22 frame I
[PT] ds22 text A 15m
[PT] ds22 text I
[PT] bx23 frame A 716,141 8x20
[PT] bx23 frame I
[PT] ds23 text A 44m
[PT] ds23 text I
[PT] bx24 frame A 601,142 7x17
[PT] bx24 frame I
[PT] bx25 frame A 275,157 10x26
[PT] bx25 frame I
[PT] ds25 text A 32m
[PT] ds25 text I
[PT] bx26 frame A 463,133 8x19
[PT] bx26 frame I
[PT] bx27 frame A 915,99 8x20
[PT] bx27 frame I
[PT] bx28 frame A 296,115 2x6
[PT] bx28 frame I
[PT] ds28 text A 143m
[PT] ds28 text I
[PT] bx29 frame A 413,106 24x61
[PT] bx29 frame I
[PT] tick 542 enemies=49
[PT] bx0 frame A 259,103 3x7
[PT] bx0 frame I
[PT] ds0 text A 130m
[PT] ds0 text I
[PT] bx1 frame A 255,156 11x27
[PT] bx1 frame I
[PT] ds1 text A 31m
[PT] ds1 text I
[PT] bx2 frame A 369,137 2x5
[PT] bx2 frame I
[PT] bx3 frame A 393,139 8x19
[PT] bx3 frame I
[PT] bx4 frame A 376,139 7x19
[PT] bx4 frame I
[PT] ds4 text A 43m
[PT] ds4 text I
[PT] bx5 frame A 360,139 7x18
[PT] bx5 frame I
[PT] ds5 text A 44m
[PT] ds5 text I
[PT] bx6 frame A 330,138 7x17
[PT] bx6 frame I
[PT] ds6 text A 47m
[PT] ds6 text I
[PT] bx7 frame A 331,137 6x16
[PT] bx7 frame I
[PT] ds7 text A 52m
[PT] ds7 text I
[PT] bx8 frame A 343,137 6x15
[PT] bx8 frame I
[PT] bx9 frame A 793,263 46x114
[PT] bx9 frame I
[PT] bx10 frame A 482,135 9x24
[PT] bx10 frame I
[PT] ds10 text A 33m
[PT] ds10 text I
[PT] bx11 frame A 117,150 9x23
[PT] bx11 frame I
[PT] bx12 frame A 736,138 5x13
[PT] bx12 frame I
[PT] ds12 text A 71m
[PT] ds12 text I
[PT] bx13 frame A 98,140 6x16
[PT] bx13 frame I
[PT] bx14 frame A 84,140 7x17
[PT] bx14 frame I
[PT] bx15 frame A 125,139 23x59
[PT] bx15 frame I
[PT] ds15 text A 15m
[PT] ds15 text I
[PT] bx16 frame A 584,139 9x24
[PT] bx16 frame I
[PT] bx17 frame A 394,151 25x62
[PT] bx17 frame I
[PT] ds17 text A 11m
[PT] ds17 text I
[PT] bx18 frame A 510,133 9x23
[PT] bx18 frame I
[PT] bx19 frame A 399,152 26x66
[PT] bx19 frame I
[PT] ds19 text A 10m
[PT] ds19 text I
[PT] bx20 frame A 610,122 22x54
[PT] bx20 frame I
[PT] bx21 frame A 160,132 23x59
[PT] bx21 frame I
[PT] bx22 frame A 400,154 19x48
[PT] bx22 frame I
[PT] bx23 frame A 703,139 8x20
[PT] bx23 frame I
[PT] bx24 frame A 585,136 7x17
[PT] bx24 frame I
[PT] ds24 text A 49m
[PT] ds24 text I
[PT] bx25 frame A 255,156 11x27
[PT] bx25 frame I
[PT] ds25 text A 31m
[PT] ds25 text I
[PT] bx26 frame A 445,128 8x19
[PT] bx26 frame I
[PT] bx27 frame A 895,97 8x20
==== rein.log session ====
00:35:50.890  [ReinBridge] backgrounding: keepalive playing=1 preference=1 espRunning=0 -> keep session





{"app_name":"SpringBoard","timestamp":"2026-09-08 00:35:44.00 +0800","app_version":"1.0","slice_uuid":"1d42efc8-322d-3af8-b4c9-32eae2706b3e","build_version":"50","platform":2,"bundleID":"com.apple.springboard","share_with_app_devs":1,"is_first_party":1,"bug_type":"309","os_version":"iPhone OS 18.6 (22G86)","roots_installed":0,"name":"SpringBoard","incident_id":"9EFF5D78-C077-489B-AAF6-E82BFF1382A7"}
{
  "uptime" : 5000,
  "procRole" : "Foreground",
  "version" : 2,
  "userID" : 501,
  "deployVersion" : 210,
  "modelCode" : "iPhone13,4",
  "coalitionID" : 9,
  "osVersion" : {
    "isEmbedded" : true,
    "train" : "iPhone OS 18.6",
    "releaseType" : "User",
    "build" : "22G86"
  },
  "captureTime" : "2026-09-08 00:35:42.3019 +0800",
  "codeSigningMonitor" : 1,
  "incident" : "9EFF5D78-C077-489B-AAF6-E82BFF1382A7",
  "pid" : 855,
  "translated" : false,
  "cpuType" : "ARM-64",
  "roots_installed" : 0,
  "bug_type" : "309",
  "procLaunch" : "2026-09-07 23:43:32.0857 +0800",
  "procStartAbsTime" : 45536177527,
  "procExitAbsTime" : 120660704217,
  "procName" : "SpringBoard",
  "procPath" : "\/System\/Library\/CoreServices\/SpringBoard.app\/SpringBoard",
  "bundleInfo" : {"CFBundleShortVersionString":"1.0","CFBundleVersion":"50","CFBundleIdentifier":"com.apple.springboard"},
  "storeInfo" : {"deviceIdentifierForVendor":"21D46813-41DF-4579-945D-EF7BCA4D06D8"},
  "parentProc" : "launchd",
  "parentPid" : 1,
  "coalitionName" : "com.apple.springboard",
  "crashReporterKey" : "dc83b62ce82c78719bc7523bc1c6c30018a3a28b",
  "appleIntelligenceStatus" : {"state":"unavailable","reasons":["countryLocationIneligible","regionIneligible","deviceNotCapable"]},
  "wasUnlockedSinceBoot" : 1,
  "isLocked" : 0,
  "consecutiveCrashCount" : 2,
  "throttleTimeout" : 5,
  "codeSigningID" : "com.apple.springboard",
  "codeSigningTeamID" : "",
  "codeSigningFlags" : 570434305,
  "codeSigningValidationCategory" : 1,
  "codeSigningTrustLevel" : 9,
  "codeSigningAuxiliaryInfo" : 505533525475795294,
  "bootSessionUUID" : "25C5ABF4-4A1D-433A-ADD7-D35DC8F6A004",
  "basebandVersion" : "5.70.01",
  "vmRegionInfo" : "0x401 is not in any region.  Bytes before following region: 4297178111\n      REGION TYPE                 START - END      [ VSIZE] PRT\/MAX SHRMOD  REGION DETAIL\n      UNUSED SPACE AT START\n--->  \n      __TEXT                   10021c000-100220000 [   16K] r-x\/r-x SM=COW  \/System\/Library\/CoreServices\/SpringBoard.app\/SpringBoard",
  "exception" : {"codes":"0x0000000000000101, 0x0000000000000401","rawCodes":[257,1025],"type":"EXC_BAD_ACCESS","signal":"SIGBUS","subtype":"EXC_ARM_DA_ALIGN at 0x0000000000000401"},
  "termination" : {"flags":0,"code":10,"namespace":"SIGNAL","indicator":"Bus error: 10","byProc":"exc handler","byPid":855},
  "vmregioninfo" : "0x401 is not in any region.  Bytes before following region: 4297178111\n      REGION TYPE                 START - END      [ VSIZE] PRT\/MAX SHRMOD  REGION DETAIL\n      UNUSED SPACE AT START\n--->  \n      __TEXT                   10021c000-100220000 [   16K] r-x\/r-x SM=COW  \/System\/Library\/CoreServices\/SpringBoard.app\/SpringBoard",
  "faultingThread" : 8,
  "threads" : [{"id":65527,"threadState":{"x":[{"value":268451845},{"value":21592279046},{"value":8589934592,"symbolLocation":7164,"symbol":"nrPacketToTLV"},{"value":161675453923328},{"value":0},{"value":161675453923328},{"value":2},{"value":4294967295},{"value":0},{"value":0},{"value":2},{"value":0},{"value":0},{"value":37643},{"value":1037568},{"value":0},{"value":18446744073709551569},{"value":4456320628413698},{"value":0},{"value":4294967295},{"value":2},{"value":161675453923328},{"value":0},{"value":161675453923328},{"value":6169697832},{"value":8589934592,"symbolLocation":7164,"symbol":"nrPacketToTLV"},{"value":21592279046},{"value":18446744073709550527},{"value":8724172800,"symbolLocation":192,"symbol":"CppObjectLocks"}],"flavor":"ARM_THREAD_STATE64","lr":{"value":8291193756},"cpsr":{"value":4096},"fp":{"value":6169697680},"sp":{"value":6169697600},"esr":{"value":1442840704,"description":" Address size fault"},"pc":{"value":8291179748},"far":{"value":0}},"queue":"com.apple.main-thread","frames":[{"imageOffset":3300,"symbol":"mach_msg2_trap","symbolLocation":8,"imageIndex":8},{"imageOffset":17308,"symbol":"mach_msg2_internal","symbolLocation":76,"imageIndex":8},{"imageOffset":17080,"symbol":"mach_msg_overwrite","symbolLocation":428,"imageIndex":8},{"imageOffset":16640,"symbol":"mach_msg","symbolLocation":24,"imageIndex":8},{"imageOffset":71584,"symbol":"__CFRunLoopServiceMachPort","symbolLocation":160,"imageIndex":9},{"imageOffset":65680,"symbol":"__CFRunLoopRun","symbolLocation":1208,"imageIndex":9},{"imageOffset":72412,"symbol":"CFRunLoopRunSpecific","symbolLocation":572,"imageIndex":9},{"imageOffset":5204,"symbol":"GSEventRunModal","symbolLocation":168,"imageIndex":10},{"imageOffset":1266292,"symbol":"-[UIApplication _run]","symbolLocation":816,"imageIndex":11},{"imageOffset":1051176,"symbol":"UIApplicationMain","symbolLocation":336,"imageIndex":11},{"imageOffset":1343092,"symbol":"SBSystemAppMain","symbolLocation":5288,"imageIndex":12},{"imageOffset":257800,"symbol":"start","symbolLocation":6040,"imageIndex":13}]},{"id":65826,"name":"com.apple.uikit.eventfetch-thread","threadState":{"x":[{"value":268451845},{"value":21592279046},{"value":8589934592,"symbolLocation":7164,"symbol":"nrPacketToTLV"},{"value":335363931373568},{"value":0},{"value":335363931373568},{"value":2},{"value":4294967295},{"value":0},{"value":0},{"value":2},{"value":0},{"value":0},{"value":78083},{"value":0},{"value":0},{"value":18446744073709551569},{"value":2},{"value":0},{"value":4294967295},{"value":2},{"value":335363931373568},{"value":0},{"value":335363931373568},{"value":6180003208},{"value":8589934592,"symbolLocation":7164,"symbol":"nrPacketToTLV"},{"value":21592279046},{"value":18446744073709550527},{"value":8724172800,"symbolLocation":192,"symbol":"CppObjectLocks"}],"flavor":"ARM_THREAD_STATE64","lr":{"value":8291193756},"cpsr":{"value":4096},"fp":{"value":6180003056},"sp":{"value":6180002976},"esr":{"value":1442840704,"description":" Address size fault"},"pc":{"value":8291179748},"far":{"value":0}},"frames":[{"imageOffset":3300,"symbol":"mach_msg2_trap","symbolLocation":8,"imageIndex":8},{"imageOffset":17308,"symbol":"mach_msg2_internal","symbolLocation":76,"imageIndex":8},{"imageOffset":17080,"symbol":"mach_msg_overwrite","symbolLocation":428,"imageIndex":8},{"imageOffset":16640,"symbol":"mach_msg","symbolLocation":24,"imageIndex":8},{"imageOffset":71584,"symbol":"__CFRunLoopServiceMachPort","symbolLocation":160,"imageIndex":9},{"imageOffset":65680,"symbol":"__CFRunLoopRun","symbolLocation":1208,"imageIndex":9},{"imageOffset":72412,"symbol":"CFRunLoopRunSpecific","symbolLocation":572,"imageIndex":9},{"imageOffset":63388,"symbol":"-[NSRunLoop(NSRunLoop) runMode:beforeDate:]","symbolLocation":212,"imageIndex":16},{"imageOffset":86048,"symbol":"-[NSRunLoop(NSRunLoop) runUntilDate:]","symbolLocation":64,"imageIndex":16},{"imageOffset":1176940,"symbol":"-[UIEventFetcher threadMain]","symbolLocation":424,"imageIndex":11},{"imageOffset":481284,"symbol":"__NSThread__start__","symbolLocation":732,"imageIndex":16},{"imageOffset":13124,"symbol":"_pthread_start","symbolLocation":136,"imageIndex":17},{"imageOffset":2744,"symbol":"thread_start","symbolLocation":8,"imageIndex":17}]},{"id":65841,"name":"com.apple.CoreMotion.MotionThread","threadState":{"x":[{"value":268451845},{"value":21592279046},{"value":8589934592,"symbolLocation":7164,"symbol":"nrPacketToTLV"},{"value":398036094156800},{"value":0},{"value":398036094156800},{"value":2},{"value":4294967295},{"value":0},{"value":0},{"value":2},{"value":0},{"value":0},{"value":92675},{"value":46336},{"value":0},{"value":18446744073709551569},{"value":199011604673794},{"value":0},{"value":4294967295},{"value":2},{"value":398036094156800},{"value":0},{"value":398036094156800},{"value":6180575528},{"value":8589934592,"symbolLocation":7164,"symbol":"nrPacketToTLV"},{"value":21592279046},{"value":18446744073709550527},{"value":8724172800,"symbolLocation":192,"symbol":"CppObjectLocks"}],"flavor":"ARM_THREAD_STATE64","lr":{"value":8291193756},"cpsr":{"value":4096},"fp":{"value":6180575376},"sp":{"value":6180575296},"esr":{"value":1442840704,"description":" Address size fault"},"pc":{"value":8291179748},"far":{"value":0}},"frames":[{"imageOffset":3300,"symbol":"mach_msg2_trap","symbolLocation":8,"imageIndex":8},{"imageOffset":17308,"symbol":"mach_msg2_internal","symbolLocation":76,"imageIndex":8},{"imageOffset":17080,"symbol":"mach_msg_overwrite","symbolLocation":428,"imageIndex":8},{"imageOffset":16640,"symbol":"mach_msg","symbolLocation":24,"imageIndex":8},{"imageOffset":71584,"symbol":"__CFRunLoopServiceMachPort","symbolLocation":160,"imageIndex":9},{"imageOffset":65680,"symbol":"__CFRunLoopRun","symbolLocation":1208,"imageIndex":9},{"imageOffset":72412,"symbol":"CFRunLoopRunSpecific","symbolLocation":572,"imageIndex":9},{"imageOffset":574740,"symbol":"CFRunLoopRun","symbolLocation":64,"imageIndex":9},{"imageOffset":28236,"imageIndex":18},{"imageOffset":13124,"symbol":"_pthread_start","symbolLocation":136,"imageIndex":17},{"imageOffset":2744,"symbol":"thread_start","symbolLocation":8,"imageIndex":17}]},{"id":65928,"name":"SBWiFiManager callback thread","threadState":{"x":[{"value":268451845},{"value":21592279046},{"value":8589934592,"symbolLocation":7164,"symbol":"nrPacketToTLV"},{"value":685008629006336},{"value":0},{"value":685008629006336},{"value":2},{"value":4294967295},{"value":0},{"value":0},{"value":2},{"value":0},{"value":0},{"value":159491},{"value":256},{"value":0},{"value":18446744073709551569},{"value":1099511628034},{"value":0},{"value":4294967295},{"value":2},{"value":685008629006336},{"value":0},{"value":685008629006336},{"value":6181723544},{"value":8589934592,"symbolLocation":7164,"symbol":"nrPacketToTLV"},{"value":21592279046},{"value":18446744073709550527},{"value":8724172800,"symbolLocation":192,"symbol":"CppObjectLocks"}],"flavor":"ARM_THREAD_STATE64","lr":{"value":8291193756},"cpsr":{"value":4096},"fp":{"value":6181723392},"sp":{"value":6181723312},"esr":{"value":1442840704,"description":" Address size fault"},"pc":{"value":8291179748},"far":{"value":0}},"frames":[{"imageOffset":3300,"symbol":"mach_msg2_trap","symbolLocation":8,"imageIndex":8},{"imageOffset":17308,"symbol":"mach_msg2_internal","symbolLocation":76,"imageIndex":8},{"imageOffset":17080,"symbol":"mach_msg_overwrite","symbolLocation":428,"imageIndex":8},{"imageOffset":16640,"symbol":"mach_msg","symbolLocation":24,"imageIndex":8},{"imageOffset":71584,"symbol":"__CFRunLoopServiceMachPort","symbolLocation":160,"imageIndex":9},{"imageOffset":65680,"symbol":"__CFRunLoopRun","symbolLocation":1208,"imageIndex":9},{"imageOffset":72412,"symbol":"CFRunLoopRunSpecific","symbolLocation":572,"imageIndex":9},{"imageOffset":63388,"symbol":"-[NSRunLoop(NSRunLoop) runMode:beforeDate:]","symbolLocation":212,"imageIndex":16},{"imageOffset":82184,"symbol":"-[NSRunLoop(NSRunLoop) run]","symbolLocation":64,"imageIndex":16},{"imageOffset":2584964,"symbol":"-[SBWiFiManager _runManagerCallbackThread]","symbolLocation":184,"imageIndex":12},{"imageOffset":481284,"symbol":"__NSThread__start__","symbolLocation":732,"imageIndex":16},{"imageOffset":13124,"symbol":"_pthread_start","symbolLocation":136,"imageIndex":17},{"imageOffset":2744,"symbol":"thread_start","symbolLocation":8,"imageIndex":17}]},{"id":65977,"name":"CommonUtilities-WiFi-Thread","threadState":{"x":[{"value":268451845},{"value":21592279046},{"value":8589934592,"symbolLocation":7164,"symbol":"nrPacketToTLV"},{"value":1090728419655680},{"value":0},{"value":1090728419655680},{"value":2},{"value":4294967295},{"value":0},{"value":0},{"value":2},{"value":0},{"value":0},{"value":253955},{"value":0},{"value":0},{"value":18446744073709551569},{"value":2},{"value":0},{"value":4294967295},{"value":2},{"value":1090728419655680},{"value":0},{"value":1090728419655680},{"value":6186311032},{"value":8589934592,"symbolLocation":7164,"symbol":"nrPacketToTLV"},{"value":21592279046},{"value":18446744073709550527},{"value":8724172800,"symbolLocation":192,"symbol":"CppObjectLocks"}],"flavor":"ARM_THREAD_STATE64","lr":{"value":8291193756},"cpsr":{"value":4096},"fp":{"value":6186310880},"sp":{"value":6186310800},"esr":{"value":1442840704,"description":" Address size fault"},"pc":{"value":8291179748},"far":{"value":0}},"frames":[{"imageOffset":3300,"symbol":"mach_msg2_trap","symbolLocation":8,"imageIndex":8},{"imageOffset":17308,"symbol":"mach_msg2_internal","symbolLocation":76,"imageIndex":8},{"imageOffset":17080,"symbol":"mach_msg_overwrite","symbolLocation":428,"imageIndex":8},{"imageOffset":16640,"symbol":"mach_msg","symbolLocation":24,"imageIndex":8},{"imageOffset":71584,"symbol":"__CFRunLoopServiceMachPort","symbolLocation":160,"imageIndex":9},{"imageOffset":65680,"symbol":"__CFRunLoopRun","symbolLocation":1208,"imageIndex":9},{"imageOffset":72412,"symbol":"CFRunLoopRunSpecific","symbolLocation":572,"imageIndex":9},{"imageOffset":574740,"symbol":"CFRunLoopRun","symbolLocation":64,"imageIndex":9},{"imageOffset":39224,"imageIndex":19},{"imageOffset":481284,"symbol":"__NSThread__start__","symbolLocation":732,"imageIndex":16},{"imageOffset":13124,"symbol":"_pthread_start","symbolLocation":136,"imageIndex":17},{"imageOffset":2744,"symbol":"thread_start","symbolLocation":8,"imageIndex":17}]},{"id":65990,"name":"WFWiFiStateMonitor callback thread","threadState":{"x":[{"value":268451845},{"value":21592279046},{"value":8589934592,"symbolLocation":7164,"symbol":"nrPacketToTLV"},{"value":810352954572800},{"value":0},{"value":810352954572800},{"value":2},{"value":4294967295},{"value":0},{"value":0},{"value":2},{"value":0},{"value":0},{"value":188675},{"value":0},{"value":0},{"value":18446744073709551569},{"value":2},{"value":0},{"value":4294967295},{"value":2},{"value":810352954572800},{"value":0},{"value":810352954572800},{"value":6186884504},{"value":8589934592,"symbolLocation":7164,"symbol":"nrPacketToTLV"},{"value":21592279046},{"value":18446744073709550527},{"value":8724172800,"symbolLocation":192,"symbol":"CppObjectLocks"}],"flavor":"ARM_THREAD_STATE64","lr":{"value":8291193756},"cpsr":{"value":4096},"fp":{"value":6186884352},"sp":{"value":6186884272},"esr":{"value":1442840704,"description":" Address size fault"},"pc":{"value":8291179748},"far":{"value":0}},"frames":[{"imageOffset":3300,"symbol":"mach_msg2_trap","symbolLocation":8,"imageIndex":8},{"imageOffset":17308,"symbol":"mach_msg2_internal","symbolLocation":76,"imageIndex":8},{"imageOffset":17080,"symbol":"mach_msg_overwrite","symbolLocation":428,"imageIndex":8},{"imageOffset":16640,"symbol":"mach_msg","symbolLocation":24,"imageIndex":8},{"imageOffset":71584,"symbol":"__CFRunLoopServiceMachPort","symbolLocation":160,"imageIndex":9},{"imageOffset":65680,"symbol":"__CFRunLoopRun","symbolLocation":1208,"imageIndex":9},{"imageOffset":72412,"symbol":"CFRunLoopRunSpecific","symbolLocation":572,"imageIndex":9},{"imageOffset":63388,"symbol":"-[NSRunLoop(NSRunLoop) runMode:beforeDate:]","symbolLocation":212,"imageIndex":16},{"imageOffset":82184,"symbol":"-[NSRunLoop(NSRunLoop) run]","symbolLocation":64,"imageIndex":16},{"imageOffset":40432,"symbol":"-[WFWiFiStateMonitor _runManagerCallbackThread]","symbolLocation":192,"imageIndex":20},{"imageOffset":481284,"symbol":"__NSThread__start__","symbolLocation":732,"imageIndex":16},{"imageOffset":13124,"symbol":"_pthread_start","symbolLocation":136,"imageIndex":17},{"imageOffset":2744,"symbol":"thread_start","symbolLocation":8,"imageIndex":17}]},{"id":65991,"name":"WFPersonalHotspotStateMonitor callback thread","threadState":{"x":[{"value":268451845},{"value":21592279046},{"value":8589934592,"symbolLocation":7164,"symbol":"nrPacketToTLV"},{"value":1062141117333504},{"value":0},{"value":1062141117333504},{"value":2},{"value":4294967295},{"value":0},{"value":0},{"value":2},{"value":0},{"value":0},{"value":247299},{"value":0},{"value":0},{"value":18446744073709551569},{"value":2},{"value":0},{"value":4294967295},{"value":2},{"value":1062141117333504},{"value":0},{"value":1062141117333504},{"value":6187457912},{"value":8589934592,"symbolLocation":7164,"symbol":"nrPacketToTLV"},{"value":21592279046},{"value":18446744073709550527},{"value":8724172800,"symbolLocation":192,"symbol":"CppObjectLocks"}],"flavor":"ARM_THREAD_STATE64","lr":{"value":8291193756},"cpsr":{"value":4096},"fp":{"value":6187457760},"sp":{"value":6187457680},"esr":{"value":1442840704,"description":" Address size fault"},"pc":{"value":8291179748},"far":{"value":0}},"frames":[{"imageOffset":3300,"symbol":"mach_msg2_trap","symbolLocation":8,"imageIndex":8},{"imageOffset":17308,"symbol":"mach_msg2_internal","symbolLocation":76,"imageIndex":8},{"imageOffset":17080,"symbol":"mach_msg_overwrite","symbolLocation":428,"imageIndex":8},{"imageOffset":16640,"symbol":"mach_msg","symbolLocation":24,"imageIndex":8},{"imageOffset":71584,"symbol":"__CFRunLoopServiceMachPort","symbolLocation":160,"imageIndex":9},{"imageOffset":65680,"symbol":"__CFRunLoopRun","symbolLocation":1208,"imageIndex":9},{"imageOffset":72412,"symbol":"CFRunLoopRunSpecific","symbolLocation":572,"imageIndex":9},{"imageOffset":63388,"symbol":"-[NSRunLoop(NSRunLoop) runMode:beforeDate:]","symbolLocation":212,"imageIndex":16},{"imageOffset":82184,"symbol":"-[NSRunLoop(NSRunLoop) run]","symbolLocation":64,"imageIndex":16},{"imageOffset":426624,"symbol":"-[WFPersonalHotspotStateMonitor _runManagerCallbackThread]","symbolLocation":352,"imageIndex":20},{"imageOffset":481284,"symbol":"__NSThread__start__","symbolLocation":732,"imageIndex":16},{"imageOffset":13124,"symbol":"_pthread_start","symbolLocation":136,"imageIndex":17},{"imageOffset":2744,"symbol":"thread_start","symbolLocation":8,"imageIndex":17}]},{"id":66030,"frames":[{"imageOffset":3168,"symbol":"semaphore_wait_trap","symbolLocation":8,"imageIndex":8},{"imageOffset":14560,"symbol":"_dispatch_sema4_wait","symbolLocation":28,"imageIndex":21},{"imageOffset":16016,"symbol":"_dispatch_semaphore_wait_slow","symbolLocation":132,"imageIndex":21},{"imageOffset":5963856,"imageIndex":11},{"imageOffset":133072,"imageIndex":11},{"imageOffset":481284,"symbol":"__NSThread__start__","symbolLocation":732,"imageIndex":16},{"imageOffset":13124,"symbol":"_pthread_start","symbolLocation":136,"imageIndex":17},{"imageOffset":2744,"symbol":"thread_start","symbolLocation":8,"imageIndex":17}],"threadState":{"x":[{"value":14},{"value":18446744073709551615},{"value":8724241888,"symbolLocation":0,"symbol":"OBJC_CLASS_$_NSRunLoop"},{"value":8757806448,"symbolLocation":0,"symbol":"_NSConstantDateDistantFuture"},{"value":0},{"value":2},{"value":34359738371},{"value":2},{"value":230915},{"value":18446744073709551615},{"value":9028305200},{"value":15},{"value":7401856},{"value":0},{"value":14544348536404968,"symbolLocation":14544339812220928,"symbol":"OBJC_CLASS_$_OS_dispatch_semaphore"},{"value":8724184040,"symbolLocation":0,"symbol":"OBJC_CLASS_$_OS_dispatch_semaphore"},{"value":18446744073709551580},{"value":8751884696},{"value":0},{"value":58551063376},{"value":58551063312},{"value":18446744073709551615},{"value":8953643008,"objc-selector":""},{"value":8966647808,"objc-selector":"rchiveClassName:"},{"value":0},{"value":0},{"value":0},{"value":0},{"value":0}],"flavor":"ARM_THREAD_STATE64","lr":{"value":7067699424},"cpsr":{"value":1610616832},"fp":{"value":6188035280},"sp":{"value":6188035264},"esr":{"value":1442840704,"description":" Address size fault"},"pc":{"value":8291179616},"far":{"value":0}}},{"triggered":true,"id":108901,"threadState":{"x":[{"value":11335230415538135408,"symbolLocation":11335230408603205724,"symbol":"-[__NSSingleObjectArrayI dealloc]"},{"value":18446744072367374336},{"value":88},{"value":18446726483666796544},{"value":0},{"value":0},{"value":0},{"value":0},{"value":3936466473846112484},{"value":3936466473846112484},{"value":0},{"value":0},{"value":2763946675583357834},{"value":2763929076954860514},{"value":299008},{"value":2},{"value":10749247944191604896},{"value":24930900952064994},{"value":0},{"value":6175420416},{"value":0},{"value":0},{"value":0},{"value":0},{"value":0},{"value":0},{"value":0},{"value":0},{"value":0}],"flavor":"ARM_THREAD_STATE64","lr":{"value":6583756330111075329},"cpsr":{"value":1610616832},"fp":{"value":6175420384},"sp":{"value":6175420368},"esr":{"value":2315255808,"description":"(PC alignment)"},"pc":{"value":1025,"matchesCrashFrame":1},"far":{"value":1025}},"frames":[{"imageOffset":1025,"imageIndex":14},{"imageOffset":2744,"symbol":"thread_start","symbolLocation":8,"imageIndex":17}]},{"id":143687,"frames":[{"imageOffset":2724,"symbol":"start_wqthread","symbolLocation":0,"imageIndex":17}],"threadState":{"x":[{"value":6171979776},{"value":389407},{"value":6171443200},{"value":0},{"value":409604},{"value":18446744073709551615},{"value":0},{"value":0},{"value":0},{"value":0},{"value":0},{"value":0},{"value":0},{"value":0},{"value":0},{"value":0},{"value":0},{"value":0},{"value":0},{"value":0},{"value":0},{"value":0},{"value":0},{"value":0},{"value":0},{"value":0},{"value":0},{"value":0},{"value":0}],"flavor":"ARM_THREAD_STATE64","lr":{"value":0},"cpsr":{"value":4096},"fp":{"value":0},"sp":{"value":6171979776},"esr":{"value":1442840704,"description":" Address size fault"},"pc":{"value":9253997220},"far":{"value":0}}},{"id":143727,"frames":[{"imageOffset":2724,"symbol":"start_wqthread","symbolLocation":0,"imageIndex":17}],"threadState":{"x":[{"value":6176567296},{"value":374643},{"value":6176030720},{"value":0},{"value":409604},{"value":18446744073709551615},{"value":0},{"value":0},{"value":0},{"value":0},{"value":0},{"value":0},{"value":0},{"value":0},{"value":0},{"value":0},{"value":0},{"value":0},{"value":0},{"value":0},{"value":0},{"value":0},{"value":0},{"value":0},{"value":0},{"value":0},{"value":0},{"value":0},{"value":0}],"flavor":"ARM_THREAD_STATE64","lr":{"value":0},"cpsr":{"value":4096},"fp":{"value":0},"sp":{"value":6176567296},"esr":{"value":1442840704,"description":" Address size fault"},"pc":{"value":9253997220},"far":{"value":0}}},{"id":144347,"frames":[{"imageOffset":2724,"symbol":"start_wqthread","symbolLocation":0,"imageIndex":17}],"threadState":{"x":[{"value":6174273536},{"value":500063},{"value":6173736960},{"value":0},{"value":409604},{"value":18446744073709551615},{"value":0},{"value":0},{"value":0},{"value":0},{"value":0},{"value":0},{"value":0},{"value":0},{"value":0},{"value":0},{"value":0},{"value":0},{"value":0},{"value":0},{"value":0},{"value":0},{"value":0},{"value":0},{"value":0},{"value":0},{"value":0},{"value":0},{"value":0}],"flavor":"ARM_THREAD_STATE64","lr":{"value":0},"cpsr":{"value":4096},"fp":{"value":0},"sp":{"value":6174273536},"esr":{"value":1442840704,"description":" Address size fault"},"pc":{"value":9253997220},"far":{"value":0}}},{"id":144348,"frames":[{"imageOffset":2724,"symbol":"start_wqthread","symbolLocation":0,"imageIndex":17}],"threadState":{"x":[{"value":6177140736},{"value":299195},{"value":6176604160},{"value":0},{"value":409603},{"value":18446744073709551615},{"value":0},{"value":0},{"value":0},{"value":0},{"value":0},{"value":0},{"value":0},{"value":0},{"value":0},{"value":0},{"value":0},{"value":0},{"value":0},{"value":0},{"value":0},{"value":0},{"value":0},{"value":0},{"value":0},{"value":0},{"value":0},{"value":0},{"value":0}],"flavor":"ARM_THREAD_STATE64","lr":{"value":0},"cpsr":{"value":4096},"fp":{"value":0},"sp":{"value":6177140736},"esr":{"value":1442840704,"description":" Address size fault"},"pc":{"value":9253997220},"far":{"value":0}}},{"id":174706,"frames":[{"imageOffset":2724,"symbol":"start_wqthread","symbolLocation":0,"imageIndex":17}],"threadState":{"x":[{"value":6170259456},{"value":0},{"value":6169722880},{"value":0},{"value":278532},{"value":18446744073709551615},{"value":0},{"value":0},{"value":0},{"value":0},{"value":0},{"value":0},{"value":0},{"value":0},{"value":0},{"value":0},{"value":0},{"value":0},{"value":0},{"value":0},{"value":0},{"value":0},{"value":0},{"value":0},{"value":0},{"value":0},{"value":0},{"value":0},{"value":0}],"flavor":"ARM_THREAD_STATE64","lr":{"value":0},"cpsr":{"value":4096},"fp":{"value":0},"sp":{"value":6170259456},"esr":{"value":0,"description":" Address size fault"},"pc":{"value":9253997220},"far":{"value":0}}}],
  "usedImages" : [
  {
    "source" : "P",
    "arch" : "arm64e",
    "base" : 4297179136,
    "size" : 16384,
    "uuid" : "1d42efc8-322d-3af8-b4c9-32eae2706b3e",
    "path" : "\/System\/Library\/CoreServices\/SpringBoard.app\/SpringBoard",
    "name" : "SpringBoard"
  },
  {
    "source" : "P",
    "arch" : "arm64e",
    "base" : 4298506240,
    "size" : 49152,
    "uuid" : "def9fca0-6da1-3327-9690-3b879ffc755c",
    "path" : "\/private\/preboot\/Cryptexes\/OS\/usr\/lib\/libobjc-trampolines.dylib",
    "name" : "libobjc-trampolines.dylib"
  },
  {
    "source" : "P",
    "arch" : "arm64e",
    "base" : 4309958656,
    "size" : 163840,
    "uuid" : "4cf614ce-504b-3cd9-be48-c6812462ac80",
    "path" : "\/System\/Library\/AccessibilityBundles\/GAXSpringboardServer.bundle\/GAXSpringboardServer",
    "name" : "GAXSpringboardServer"
  },
  {
    "source" : "P",
    "arch" : "arm64e",
    "base" : 4313530368,
    "size" : 49152,
    "uuid" : "6342e211-5949-3ad0-9d26-5d85979e3c1a",
    "path" : "\/System\/Library\/ControlCenter\/Bundles\/FocusUIModule.bundle\/FocusUIModule",
    "name" : "FocusUIModule"
  },
  {
    "source" : "P",
    "arch" : "arm64e",
    "base" : 4313645056,
    "size" : 114688,
    "uuid" : "fbfb1f99-0468-3ecc-8363-767b974a1eae",
    "path" : "\/System\/Library\/ControlCenter\/Bundles\/ReplayKitModule.bundle\/ReplayKitModule",
    "name" : "ReplayKitModule"
  },
  {
    "source" : "P",
    "arch" : "arm64e",
    "base" : 4324212736,
    "size" : 163840,
    "uuid" : "1d9c436c-3cbe-3314-93c9-a7d16ddccdd2",
    "path" : "\/System\/Library\/ControlCenter\/Bundles\/AudioConferenceControlCenterModule.bundle\/AudioConferenceControlCenterModule",
    "name" : "AudioConferenceControlCenterModule"
  },
  {
    "source" : "P",
    "arch" : "arm64e",
    "base" : 4324474880,
    "size" : 425984,
    "uuid" : "88c58c62-b20c-3306-92a2-c5b045a964cf",
    "path" : "\/System\/Library\/ControlCenter\/Bundles\/VideoConferenceControlCenterModule.bundle\/VideoConferenceControlCenterModule",
    "name" : "VideoConferenceControlCenterModule"
  },
  {
    "source" : "P",
    "arch" : "arm64e",
    "base" : 4314398720,
    "size" : 98304,
    "uuid" : "44d458a3-375a-368f-a858-8ed1a54f4150",
    "path" : "\/System\/Library\/SpringBoardPlugins\/StoreDemoPlugin.servicebundle\/StoreDemoPlugin",
    "name" : "StoreDemoPlugin"
  },
  {
    "source" : "P",
    "arch" : "arm64e",
    "base" : 8291176448,
    "size" : 237248,
    "uuid" : "a9a7ecbd-24dd-37e6-bb23-ecbfd9a87e33",
    "path" : "\/usr\/lib\/system\/libsystem_kernel.dylib",
    "name" : "libsystem_kernel.dylib"
  },
  {
    "source" : "P",
    "arch" : "arm64e",
    "base" : 6933880832,
    "size" : 5754880,
    "uuid" : "ae3c9338-0166-397a-9643-356b14f6ee58",
    "path" : "\/System\/Library\/Frameworks\/CoreFoundation.framework\/CoreFoundation",
    "name" : "CoreFoundation"
  },
  {
    "source" : "P",
    "arch" : "arm64e",
    "base" : 8223850496,
    "size" : 35968,
    "uuid" : "d372e13f-7505-3add-ae13-062656f0b1f6",
    "path" : "\/System\/Library\/PrivateFrameworks\/GraphicsServices.framework\/GraphicsServices",
    "name" : "GraphicsServices"
  },
  {
    "source" : "P",
    "arch" : "arm64e",
    "base" : 6976864256,
    "size" : 32777568,
    "uuid" : "5e794caa-4162-3ff6-861e-45f29f6b8ac0",
    "path" : "\/System\/Library\/PrivateFrameworks\/UIKitCore.framework\/UIKitCore",
    "name" : "UIKitCore"
  },
  {
    "source" : "P",
    "arch" : "arm64e",
    "base" : 8370241536,
    "size" : 15270720,
    "uuid" : "e6fdffb9-b614-38e1-a511-2714161b5cb9",
    "path" : "\/System\/Library\/PrivateFrameworks\/SpringBoard.framework\/SpringBoard",
    "name" : "SpringBoard"
  },
  {
    "source" : "P",
    "arch" : "arm64e",
    "base" : 7582314496,
    "size" : 632956,
    "uuid" : "cd2e758d-e1a2-3b92-aae7-75d38f66ec54",
    "path" : "\/usr\/lib\/dyld",
    "name" : "dyld"
  },
  {
    "size" : 0,
    "source" : "A",
    "base" : 0,
    "uuid" : "00000000-0000-0000-0000-000000000000"
  },
  {
    "source" : "P",
    "arch" : "arm64e",
    "base" : 8589606912,
    "size" : 533184,
    "uuid" : "db2064d0-8ebe-3ec4-b590-66c876b04e1a",
    "path" : "\/System\/Library\/PrivateFrameworks\/NetworkRelay.framework\/NetworkRelay",
    "name" : "NetworkRelay"
  },
  {
    "source" : "P",
    "arch" : "arm64e",
    "base" : 6913404928,
    "size" : 13058144,
    "uuid" : "c031896b-2ef1-3d89-966a-0b52d54bceee",
    "path" : "\/System\/Library\/Frameworks\/Foundation.framework\/Foundation",
    "name" : "Foundation"
  },
  {
    "source" : "P",
    "arch" : "arm64e",
    "base" : 9253994496,
    "size" : 50164,
    "uuid" : "1ee19220-0859-3cbc-bdeb-df37ca2e8e4f",
    "path" : "\/usr\/lib\/system\/libsystem_pthread.dylib",
    "name" : "libsystem_pthread.dylib"
  },
  {
    "source" : "P",
    "arch" : "arm64e",
    "base" : 7160217600,
    "size" : 4316032,
    "uuid" : "f9beb9ab-eb78-3fbc-9de2-46bed35cd59e",
    "path" : "\/System\/Library\/Frameworks\/CoreMotion.framework\/CoreMotion",
    "name" : "CoreMotion"
  },
  {
    "source" : "P",
    "arch" : "arm64e",
    "base" : 7489273856,
    "size" : 104992,
    "uuid" : "c3b4919f-84d8-3b4a-9af0-a8e474efd811",
    "path" : "\/System\/Library\/PrivateFrameworks\/CommonUtilities.framework\/CommonUtilities",
    "name" : "CommonUtilities"
  },
  {
    "source" : "P",
    "arch" : "arm64e",
    "base" : 9665499136,
    "size" : 935456,
    "uuid" : "31cf2eec-1ab2-3d48-9140-3d7da8e14dcc",
    "path" : "\/System\/Library\/PrivateFrameworks\/WiFiKit.framework\/WiFiKit",
    "name" : "WiFiKit"
  },
  {
    "source" : "P",
    "arch" : "arm64e",
    "base" : 7067684864,
    "size" : 285504,
    "uuid" : "b62778f7-5827-3a7b-a96d-a24f7be95416",
    "path" : "\/usr\/lib\/system\/libdispatch.dylib",
    "name" : "libdispatch.dylib"
  }
],
  "sharedCache" : {
  "base" : 6888243200,
  "size" : 4388487168,
  "uuid" : "b23c8907-6187-3f92-a5e1-552c2d0aeb73"
},
  "vmSummary" : "ReadOnly portion of Libraries: Total=1.9G resident=0K(0%) swapped_out_or_unallocated=1.9G(100%)\nWritable regions: Total=152.2M written=2978K(2%) resident=594K(0%) swapped_out=2432K(2%) unallocated=149.2M(98%)\n\n                                VIRTUAL   REGION \nREGION TYPE                        SIZE    COUNT (non-coalesced) \n===========                     =======  ======= \nAccelerate framework               128K        1 \nActivity Tracing                   256K        1 \nAttributeGraph Data               1024K        1 \nAudio                               64K        1 \nCG image                           448K       12 \nCG raster data                    5184K      127 \nColorSync                          560K       29 \nCoreAnimation                     8304K      271 \nCoreUI image data                  160K        1 \nFoundation                         112K        2 \nImage IO                          16.7M       36 \nKernel Alloc Once                   32K        1 \nMALLOC                           116.9M       37 \nMALLOC guard page                   32K        2 \nQuickLook Thumbnails                96K        2 \nSQLite page cache                 1536K       12 \nSTACK GUARD                        224K       14 \nStack                             8080K       14 \nVM_ALLOCATE                        624K        9 \n__AUTH                            10.0M      956 \n__AUTH_CONST                     125.9M     1530 \n__CTF                               824        1 \n__DATA                            50.0M     1483 \n__DATA_CONST                      39.6M     1546 \n__DATA_DIRTY                      13.6M     1359 \n__FONT_DATA                       1482K        2 \n__HIB                             1368K        1 \n__INFO_FILTER                         8        1 \n__LINKEDIT                       178.1M        9 \n__LLVM_COV                         178K        4 \n__OBJC_RO                         81.1M        1 \n__OBJC_RW                         2991K        1 \n__TEXT                             1.7G     1559 \n__TPRO_CONST                       128K        2 \ndyld private memory                160K        2 \nmapped file                      650.2M      317 \npage table in kernel               594K        1 \nshared memory                      176K       10 \n===========                     =======  ======= \nTOTAL                              3.0G     9358 \n",
  "legacyInfo" : {
  "threadTriggered" : {

  }
},
  "logWritingSignature" : "a618423d3c20ed5dc3a7ea9780e34c9dafd71c72",
  "trialInfo" : {
  "rollouts" : [
    {
      "rolloutId" : "60da5e84ab0ca017dace9abf",
      "factorPackIds" : {

      },
      "deploymentId" : 240000008
    },
    {
      "rolloutId" : "645197bf528fbf3c3af54105",
      "factorPackIds" : {
        "SIRI_VALUE_INFERENCE_PERVASIVE_ENTITY_RESOLUTION" : "663e65b4a1526e1ca0e288a1"
      },
      "deploymentId" : 240000002
    }
  ],
  "experiments" : [

  ]
}
}

